# libro	título viejo	título nuevo	motivo (detectar.py A/B; propios en mayúscula; periodo se respeta; títulos ingleses excluidos)
58	Politica economica	Política económica	tildes: B:Politica→Política B:economica→económica
59	Progresos de la economia politica de la politica fiscal	Progresos de la economía política de la política fiscal	tildes: B:economia→economía B:politica→política B:politica→política
60	Teoria banca libre	Teoría banca libre	tildes: B:Teoria→Teoría
71	Economia internacional	Economía internacional	tildes: B:Economia→Economía
76	Nueva sintesis keynesiana	Nueva síntesis keynesiana	tildes: B:sintesis→síntesis
77	Regimenes cambiarios y bienestar	Regímenes cambiarios y bienestar	tildes: B:Regimenes→Regímenes
78	El sistema financiero internacional. Consideraciones sobre el reto de insertar a las economias pequenas al mercado mundial de capitales	El sistema financiero internacional. Consideraciones sobre el reto de insertar a las economías pequenas al mercado mundial de capitales	tildes: B:economias→economías
80	Las crisis bancarias paises emergentes caso latinoamerica	Las crisis bancarias países emergentes caso Latinoamérica	tildes: B:paises→países B:latinoamerica→latinoamérica
81	Mercosur acuerdos cuarta generacion	Mercosur acuerdos cuarta generación	tildes: A:generacion→generación
83	Moviendose modelos equilibrio general estatico dinamico	Moviendose modelos equilibrio general estatico dinámico	tildes: B:dinamico→dinámico
94	Costa rica aspectos teoricos diseno politica monetaria	Costa rica aspectos teoricos diseño política monetaria	tildes: B:diseno→diseño B:politica→política
96	Modelos de equilibrio general dinamico y estocastico egde una introduccion no 2010 47 working paper	Modelos de equilibrio general dinámico y estocastico egde una introducción no 2010 47 working paper	tildes: B:dinamico→dinámico A:introduccion→introducción
97	America latina y su crisis financiera internacional	América latina y su crisis financiera internacional	tildes: B:America→América
103	Conduccion politica monetarias	Conducción política monetarias	tildes: A:Conduccion→Conducción B:politica→política
104	Credibilidad politica monetaria	Credibilidad política monetaria	tildes: B:politica→política
106	Modelos de crecimiento economico	Modelos de crecimiento económico	tildes: B:economico→económico
111	Regimenes cambiarios de facto y de iure	Regímenes cambiarios de facto y de iure	tildes: B:Regimenes→Regímenes
112	Modelos de eleccion intertemporal	Modelos de elección intertemporal	tildes: A:eleccion→elección
118	Venezuela presion cambiaria	Venezuela presión cambiaria	tildes: A:presion→presión
123	El modelo de informacion imperfecta de Lucas	El modelo de información imperfecta de Lucas	tildes: A:informacion→información
130	La sustentabilidad de la politica fiscal bajo incertidumbre	La sustentabilidad de la política fiscal bajo incertidumbre	tildes: B:politica→política
134	Determinacion equilibrio general modelo bienes no transables	Determinación equilibrio general modelo bienes no transables	tildes: A:Determinacion→Determinación
135	El rol del desempleo en la determinacion del salario	El rol del desempleo en la determinación del salario	tildes: A:determinacion→determinación
136	Politica fiscal optima	Política fiscal optima	tildes: B:Politica→Política
140	Politica cambiaria ajuste ordenado	Política cambiaria ajuste ordenado	tildes: B:Politica→Política
141	Politica economica contrarreloj	Política económica contrarreloj	tildes: B:Politica→Política B:economica→económica
143	Crecimiento sostenido "guiado" por las exportaciones. Un modelo tipo AK para una economia abierta	Crecimiento sostenido "guiado" por las exportaciones. Un modelo tipo AK para una economía abierta	tildes: B:economia→economía
147	Guia de ejercicios macroeconomia i	Guía de ejercicios macroeconomía i	tildes: B:Guia→Guía B:macroeconomia→macroeconomía
151	Apuntes de teoria y politica monetaria	Apuntes de teoría y política monetaria	tildes: B:teoria→teoría B:politica→política
154	Notas de macroeconomia avanzada	Notas de macroeconomía avanzada	tildes: B:macroeconomia→macroeconomía
166	Crisis paises emergentes	Crisis países emergentes	tildes: B:paises→países
167	Critica de las teorias monetarista y keynesiana	Crítica de las teorías monetarista y keynesiana	tildes: B:Critica→Crítica B:teorias→teorías
168	Cuadrado politica economica	Cuadrado política económica	tildes: B:politica→política B:economica→económica
169	Seleccion intrumemtos monetarios regla poole	Selección intrumemtos monetarios regla poole	tildes: A:Seleccion→Selección
171	Dos comentarios sobre la teoria monetaria los escolásticos españoles	Dos comentarios sobre la teoría monetaria los escolásticos españoles	tildes: B:teoria→teoría
178	Modelos crecimiento economico dinanmicas complejas	Modelos crecimiento económico dinanmicas complejas	tildes: B:economico→económico
179	Notas de crecimiento y ciclo economico	Notas de crecimiento y ciclo económico	tildes: B:economico→económico
181	Experimentos computacionales y teoria de equilibrio general aplicada	Experimentos computacionales y teoría de equilibrio general aplicada	tildes: B:teoria→teoría
182	Macroeconomia teoria y politica	Macroeconomía teoría y política	tildes: B:Macroeconomia→Macroeconomía B:teoria→teoría B:politica→política
185	Notas de sesion	Notas de sesión	tildes: A:sesion→sesión
186	Politica monetaria bajo incertidumbre	Política monetaria bajo incertidumbre	tildes: B:Politica→Política
187	Riesgos oportunidades dolarizar economia peruana	Riesgos oportunidades dolarizar economía peruana	tildes: B:economia→economía
191	Demanda dinero funcion utilidad	Demanda dinero función utilidad	tildes: A:funcion→función
193	Estado macroeconomia y cuestiones basicas	Estado macroeconomía y cuestiones básicas	tildes: B:macroeconomia→macroeconomía B:basicas→básicas
198	Deficit presupuestario tipo cambio flexible y fijo	Déficit presupuestario tipo cambio flexible y fijo	tildes: B:Deficit→Déficit
204	Macroeconomia avanzada i	Macroeconomía avanzada i	tildes: B:Macroeconomia→Macroeconomía
208	Macroeconomia avanzada i	Macroeconomía avanzada i	tildes: B:Macroeconomia→Macroeconomía
215	Teorias monetarias postkeynesianas	Teorías monetarias postkeynesianas	tildes: B:Teorias→Teorías
220	Teoria y politica monetaria	Teoría y política monetaria	tildes: B:Teoria→Teoría B:politica→política
222	¿Qué influencia ejerce el «pais lider» en la formacion de un area monetaria? el caso del este asiatico	¿Qué influencia ejerce el «pais lider» en la formación de un area monetaria? el caso del este asiatico	tildes: A:formacion→formación
223	Politica fiscal crecimiento	Política fiscal crecimiento	tildes: B:Politica→Política
231	Evaluacion reglas tasa interes economia pequena abierta	Evaluación reglas tasa interés economía pequena abierta	tildes: A:Evaluacion→Evaluación B:interes→interés B:economia→economía
233	Metas inflacionarias estrategia politica monetaria	Metas inflacionarias estrategia política monetaria	tildes: B:politica→política
244	La investigacion en la economia	La investigación en la economía	tildes: A:investigacion→investigación B:economia→economía
246	Conferencia sobre etica	Conferencia sobre ética	tildes: B:etica→ética
249	Webb r distribucion del ingreso en el peru	Webb r distribución del ingreso en el Perú	tildes: A:distribucion→distribución B:peru→perú
258	La pobreza en el peru pucp	La pobreza en el Perú pucp	tildes: B:peru→perú
262	Manual microeconomia intermedia	Manual microeconomía intermedia	tildes: B:microeconomia→microeconomía
265	Valoracion de bonos y acciones	Valoración de bonos y acciones	tildes: A:Valoracion→Valoración
271	Historia economica de la empresa hasta la 351	Historia económica de la empresa hasta la 351	tildes: B:economica→económica
272	Historia economica de la empresa hasta la 251	Historia económica de la empresa hasta la 251	tildes: B:economica→económica
273	Ejercicios de macroeconomia	Ejercicios de macroeconomía	tildes: B:macroeconomia→macroeconomía
274	Una nota sobre la metodologia de la investigacion en teoria economica	Una nota sobre la metodología de la investigación en teoría económica	tildes: B:metodologia→metodología A:investigacion→investigación B:teoria→teoría B:economica→económica
283	Notas tecnicas de microeconomia	Notas técnicas de microeconomía	tildes: B:tecnicas→técnicas B:microeconomia→microeconomía
289	Tipos de cambio multiple en colombia 1932 1967	Tipos de cambio múltiple en colombia 1932 1967	tildes: B:multiple→múltiple
297	Tercera revolucion industrial prefacio breve introduccion	Tercera revolución industrial prefacio breve introducción	tildes: A:revolucion→revolución A:introduccion→introducción
305	Sociologia economica	Sociología económica	tildes: B:Sociologia→Sociología B:economica→económica
311	Filosofia en 11 frases	Filosofía en 11 frases	tildes: B:Filosofia→Filosofía
313	Matematicas para el analisis economico	Matemáticas para el análisis económico	tildes: B:Matematicas→Matemáticas B:analisis→análisis B:economico→económico
328	Etica segun el orden geometrico	Ética según el orden geométrico	tildes: B:Etica→Ética B:segun→según B:geometrico→geométrico
329	Sostenibilidad deuda publica economias emergentes	Sostenibilidad deuda publica economías emergentes	tildes: B:economias→economías
352	Preparcion y evaluacion de proyectos	Preparción y evaluación de proyectos	tildes: A:Preparcion→Preparción A:evaluacion→evaluación
354	Administracion financiera i	Administración financiera i	tildes: A:Administracion→Administración
355	Probabilidad e inferencia estadistica	Probabilidad e inferencia estadística	tildes: B:estadistica→estadística
356	Cien ejercicios resueltos de estadistica basica para economia y empresas	Cien ejercicios resueltos de estadística básica para economía y empresas	tildes: B:estadistica→estadística B:basica→básica B:economia→economía
357	Introduccion a la econometria	Introducción a la econometría	tildes: A:Introduccion→Introducción B:econometria→econometría
358	Microeconomia comportamiento instituciones y evolucion	Microeconomía comportamiento instituciones y evolución	tildes: B:Microeconomia→Microeconomía A:evolucion→evolución
363	Apuntes de crecimiento economico	Apuntes de crecimiento económico	tildes: B:economico→económico
364	El proceso de investigacion	El proceso de investigación	tildes: A:investigacion→investigación
365	Diccionario de economia y finanzas	Diccionario de economía y finanzas	tildes: B:economia→economía
372	Politica monetaria bajo incertidumbre	Política monetaria bajo incertidumbre	tildes: B:Politica→Política
373	Politica cambiaria estabilidad economico	Política cambiaria estabilidad económico	tildes: B:Politica→Política B:economico→económico
374	En que esta la teoria monetaria	En que esta la teoría monetaria	tildes: B:teoria→teoría
377	Macroeconomia avanzada	Macroeconomía avanzada	tildes: B:Macroeconomia→Macroeconomía
380	Ensayo sobre la naturaleza de la ciencia economica	Ensayo sobre la naturaleza de la ciencia económica	tildes: B:economica→económica
383	Introduccion a la probabibidad	Introducción a la probabibidad	tildes: A:Introduccion→Introducción
384	Introduccion a la teoria del riesgo	Introducción a la teoría del riesgo	tildes: A:Introduccion→Introducción B:teoria→teoría
386	Que es la esperanza matematica	Que es la esperanza matemática	tildes: B:matematica→matemática
394	Reforma y modernizacion del estado	Reforma y modernización del estado	tildes: A:modernizacion→modernización
398	Investigacion de operaciones i programacion lineal	Investigación de operaciones i programación lineal	tildes: A:Investigacion→Investigación A:programacion→programación
401	Analisis posmarxista del estado latinoamericano	Análisis posmarxista del estado latinoamericano	tildes: B:Analisis→Análisis
403	Algebra elemental	Álgebra elemental	tildes: B:Algebra→Álgebra
406	Analisis de la implementacion de programas sociales desde el enfoque	Análisis de la implementación de programas sociales desde el enfoque	tildes: B:Analisis→Análisis A:implementacion→implementación
407	Apuntes de macroeconomia i tema 01	Apuntes de macroeconomía i tema 01	tildes: B:macroeconomia→macroeconomía
408	Apuntes de macroeconomia i tema 04 05	Apuntes de macroeconomía i tema 04 05	tildes: B:macroeconomia→macroeconomía
411	Algebra lineal con aplicaciones y python	Álgebra lineal con aplicaciones y python	tildes: B:Algebra→Álgebra
414	¿Que es la politica?	¿Que es la política?	tildes: B:politica→política
416	Microeconomia practica	Microeconomía practica	tildes: B:Microeconomia→Microeconomía
419	Econometria aplicada utilizando r	Econometría aplicada utilizando r	tildes: B:Econometria→Econometría
421	Que es una politica publica	Que es una política publica	tildes: B:politica→política
423	Guia para elaborar modelos econometricos con eviews	Guía para elaborar modelos econometricos con eviews	tildes: B:Guia→Guía
424	Critica de la microeconomia politica teorias del valor y cierre categorial	Crítica de la microeconomía política teorías del valor y cierre categorial	tildes: B:Critica→Crítica B:microeconomia→microeconomía B:politica→política B:teorias→teorías
426	Manual econometria parte 01	Manual econometría parte 01	tildes: B:econometria→econometría
427	Aplicacion de las matrices modelos de entrada y salida de leontief	Aplicación de las matrices modelos de entrada y salida de leontief	tildes: A:Aplicacion→Aplicación
428	Matematica para economia dinamica	Matemática para economía dinámica	tildes: B:Matematica→Matemática B:economia→economía B:dinamica→dinámica
430	Optimizacion dinamica y teoria economica	Optimización dinámica y teoría económica	tildes: A:Optimizacion→Optimización B:dinamica→dinámica B:teoria→teoría B:economica→económica
432	La transmision internacional de politicas monetarias mundell fleming vs obstfeld rogoff	La transmisión internacional de políticas monetarias mundell fleming vs obstfeld rogoff	tildes: A:transmision→transmisión B:politicas→políticas
433	Metodologia de la investigacion economica	Metodología de la investigación económica	tildes: B:Metodologia→Metodología A:investigacion→investigación B:economica→económica
437	La investigacion cientifica	La investigación científica	tildes: A:investigacion→investigación B:cientifica→científica
441	Econometria moderna	Econometría moderna	tildes: B:Econometria→Econometría
446	Microeconomia intermedia problemas y cuestiones	Microeconomía intermedia problemas y cuestiones	tildes: B:Microeconomia→Microeconomía
447	Capitalizacion y actualizacion	Capitalización y actualización	tildes: A:Capitalizacion→Capitalización A:actualizacion→actualización
448	Progresos en organizacion industrial	Progresos en organización industrial	tildes: A:organizacion→organización
449	Comparacion entre el modelo clasico y el de Keynes	Comparación entre el modelo clasico y el de Keynes	tildes: A:Comparacion→Comparación
452	La desigualdad de la distribucion de ingresos en el peru	La desigualdad de la distribución de ingresos en el Perú	tildes: A:distribucion→distribución B:peru→perú
453	Economia publica cosesion de ensayos	Economía publica cosesión de ensayos	tildes: B:Economia→Economía A:cosesion→cosesión
456	Como escribir y publicar trabajo cientificos	Como escribir y publicar trabajo científicos	tildes: B:cientificos→científicos
458	Teoria de la regulacion economica	Teoría de la regulación económica	tildes: B:Teoria→Teoría A:regulacion→regulación B:economica→económica
464	Economia matematica	Economía matemática	tildes: B:Economia→Economía B:matematica→matemática
465	Diccionario akal de filosofia	Diccionario akal de filosofía	tildes: B:filosofia→filosofía
468	Nueva guia para la investigacion cientifica	Nueva guía para la investigación científica	tildes: B:guia→guía A:investigacion→investigación B:cientifica→científica
470	Efectos macro composicion deuda	Efectos macro composición deuda	tildes: A:composicion→composición
472	Emision de acciones de empresas peruanas en el mercado financiero internacional	Emisión de acciones de empresas peruanas en el mercado financiero internacional	tildes: A:Emision→Emisión
476	Econometria espacial aplicada utilizando r	Econometría espacial aplicada utilizando r	tildes: B:Econometria→Econometría
477	Estatica y dinamica	Estatica y dinámica	tildes: B:dinamica→dinámica
480	Modelizacion de los bienes publicos	Modelización de los bienes publicos	tildes: A:Modelizacion→Modelización
485	Teorias economicas del capitalismo	Teorías económicas del capitalismo	tildes: B:Teorias→Teorías B:economicas→económicas
487	Guia de eviews modelos de regresion	Guía de eviews modelos de regresión	tildes: B:Guia→Guía A:regresion→regresión
490	Constitucion politica del perú 1993	Constitución política del Perú 1993	tildes: A:Constitucion→Constitución B:politica→política
494	Plan estrategico de desarrollo nacional plan bicentenario 2011	Plan estratégico de desarrollo nacional plan bicentenario 2011	tildes: B:estrategico→estratégico
495	Indicadores de gestion: herramientas para lograr la competitividad	Indicadores de gestión: herramientas para lograr la competitividad	tildes: B:gestion→gestión
497	Descentralizacion divergencia y desarrollo regional en el peru del 2010	Descentralización divergencia y desarrollo regional en el Perú del 2010	tildes: A:Descentralizacion→Descentralización B:peru→perú
501	Funciones estadisticas de distribucion con eviews	Funciones estadísticas de distribución con eviews	tildes: B:estadisticas→estadísticas A:distribucion→distribución
502	Guia para el planeamiento institucional	Guía para el planeamiento institucional	tildes: B:Guia→Guía
503	Guia de investigacion de economia	Guía de investigación de economía	tildes: B:Guia→Guía A:investigacion→investigación B:economia→economía
504	Guia de citado referenciacion estilo vancouver	Guía de citado referenciación estilo vancouver	tildes: B:Guia→Guía A:referenciacion→referenciación
510	Guia para la elaboracion de indicadores de politicas nacionales y planes estrategicos ceplan	Guía para la elaboración de indicadores de políticas nacionales y planes estrategicos ceplan	tildes: B:Guia→Guía A:elaboracion→elaboración B:politicas→políticas
514	Contribuciones de la organizacion industrial a la direccion estrategica de la empresa	Contribuciones de la organización industrial a la dirección estratégica de la empresa	tildes: A:organizacion→organización A:direccion→dirección B:estrategica→estratégica
524	Introduccion modelos rbc	Introducción modelos rbc	tildes: A:Introduccion→Introducción
525	Microeconomia	Microeconomía	tildes: B:Microeconomia→Microeconomía
528	La filosofia	La filosofía	tildes: B:filosofia→filosofía
529	Ejercicios de macroeconomia avanzada	Ejercicios de macroeconomía avanzada	tildes: B:macroeconomia→macroeconomía
531	Fundamentos de investigacion de operaciones para administracion	Fundamentos de investigación de operaciones para administración	tildes: A:investigacion→investigación A:administracion→administración
532	Historia de la filosofia	Historia de la filosofía	tildes: B:filosofia→filosofía
536	La introduccion no tan corta a latex	La introducción no tan corta a latex	tildes: A:introduccion→introducción
537	Kunhn vrs lakatos de la teoria de las revoluciones cientificas a los programas cientificos de investigacion	Kunhn vrs lakatos de la teoría de las revoluciones cientificas a los programas científicos de investigación	tildes: B:teoria→teoría B:cientificos→científicos A:investigacion→investigación
538	La nueva era de los mercados financieros y su globalizacion	La nueva era de los mercados financieros y su globalización	tildes: A:globalizacion→globalización
539	La ruptura entre economia y politica en el mundo del capital	La ruptura entre economía y política en el mundo del capital	tildes: B:economia→economía B:politica→política
540	Estadisticas y perspectivas comerciales	Estadísticas y perspectivas comerciales	tildes: B:Estadisticas→Estadísticas
544	Legislacion peruana sobre comunidades campesinas 00	Legislación peruana sobre comunidades campesinas 00	tildes: A:Legislacion→Legislación
545	Legislacion peruana sobre comunidades campesinas 01	Legislación peruana sobre comunidades campesinas 01	tildes: A:Legislacion→Legislación
547	Legislacion peruana sobre comunidades campesinas 02	Legislación peruana sobre comunidades campesinas 02	tildes: A:Legislacion→Legislación
548	Legislacion peruana sobre comunidades campesinas 03	Legislación peruana sobre comunidades campesinas 03	tildes: A:Legislacion→Legislación
549	Legislacion peruana sobre comunidades campesinas 04	Legislación peruana sobre comunidades campesinas 04	tildes: A:Legislacion→Legislación
550	Legislacion peruana sobre comunidades campesinas 05	Legislación peruana sobre comunidades campesinas 05	tildes: A:Legislacion→Legislación
551	Economia aplicada	Economía aplicada	tildes: B:Economia→Economía
553	Libro evaluacion de inversiones	Libro evaluación de inversiones	tildes: A:evaluacion→evaluación
556	La investigacion cientifica y su propedeutica en el derecho	La investigación científica y su propedeutica en el derecho	tildes: A:investigacion→investigación B:cientifica→científica
568	Manual de investigacion operativa	Manual de investigación operativa	tildes: A:investigacion→investigación
569	Mariategui defensa del marxismo	Mariátegui defensa del marxismo	tildes: B:Mariategui→Mariátegui
570	Notas sobre econometria con eviews estimacion	Notas sobre econometría con eviews estimación	tildes: B:econometria→econometría A:estimacion→estimación
571	Guia para el analisis estadistico basico pruebas de hipotesis y regresiones en el eviews	Guía para el análisis estadístico básico pruebas de hipótesis y regresiones en el eviews	tildes: B:Guia→Guía B:analisis→análisis B:estadistico→estadístico B:basico→básico B:hipotesis→hipótesis
572	Microeconomia avanzada	Microeconomía avanzada	tildes: B:Microeconomia→Microeconomía
574	Macroeconomia internacional	Macroeconomía internacional	tildes: B:Macroeconomia→Macroeconomía
575	Metodos dinamicos en economia otra busqueda del tiempo perdido	Métodos dinamicos en economía otra búsqueda del tiempo perdido	tildes: B:Metodos→Métodos B:economia→economía B:busqueda→búsqueda
576	Metodologia de la investigacion social	Metodología de la investigación social	tildes: B:Metodologia→Metodología A:investigacion→investigación
579	Microeconomia avanzada ii	Microeconomía avanzada ii	tildes: B:Microeconomia→Microeconomía
580	Metodos numericos solucion modelos no lineales con expectativas racionales	Métodos numéricos solución modelos no lineales con expectativas racionales	tildes: B:Metodos→Métodos B:numericos→numéricos A:solucion→solución
588	Modernizacion gestion publica	Modernización gestión publica	tildes: A:Modernizacion→Modernización B:gestion→gestión
591	Notas de microeconomia i	Notas de microeconomía i	tildes: B:microeconomia→microeconomía
592	Macroeconomia avanzada con metodo computacionales	Macroeconomía avanzada con método computacionales	tildes: B:Macroeconomia→Macroeconomía B:metodo→método
593	Algebra lineal, vectores, rectas y planos en r3 pdf interactivo	Álgebra lineal, vectores, rectas y planos en r3 pdf interactivo	tildes: B:Algebra→Álgebra
594	Notas sobre macroeconomia dinamica	Notas sobre macroeconomía dinámica	tildes: B:macroeconomia→macroeconomía B:dinamica→dinámica
597	Una aplicacion del metodo de mco retornos a escala en la industria electrica	Una aplicación del método de mco retornos a escala en la industria electrica	tildes: A:aplicacion→aplicación B:metodo→método
604	Peirce charles sanders la logica considerada como semiotica	Peirce charles sanders la lógica considerada como semiotica	tildes: B:logica→lógica
607	Panorama de la economia peruana 1950 2015 base 2007	Panorama de la economía peruana 1950 2015 base 2007	tildes: B:economia→economía
609	Apuntes sobre la teoria economica de la regulacion	Apuntes sobre la teoría económica de la regulación	tildes: B:teoria→teoría B:economica→económica A:regulacion→regulación
611	Politica monetaria y tasas de interes	Política monetaria y tasas de interés	tildes: B:Politica→Política B:interes→interés
612	Politica fiscal optima estado cuestion	Política fiscal optima estado cuestion	tildes: B:Politica→Política
614	Indice	Índice	tildes: B:Indice→Índice
616	Estrategia competitiva tecnicas para el analisis de los sectores industriales y de la competencia	Estrategia competitiva técnicas para el análisis de los sectores industriales y de la competencia	tildes: B:tecnicas→técnicas B:analisis→análisis
617	La logica de la investigacion cientifica	La lógica de la investigación científica	tildes: B:logica→lógica A:investigacion→investigación B:cientifica→científica
618	Microeconomia	Microeconomía	tildes: B:Microeconomia→Microeconomía
619	Microeconomia	Microeconomía	tildes: B:Microeconomia→Microeconomía
651	Manual para la evaluacion de impacto de programas de lucha contra la pobreza	Manual para la evaluación de impacto de programas de lucha contra la pobreza	tildes: A:evaluacion→evaluación
653	Pauta metodologica evaluacion de impacto	Pauta metodológica evaluación de impacto	tildes: B:metodologica→metodológica A:evaluacion→evaluación
670	Analisis de eficiencia y productividad	Análisis de eficiencia y productividad	tildes: B:Analisis→Análisis
674	Apuntes de introduccion a los modelos econometricos	Apuntes de introducción a los modelos econometricos	tildes: A:introduccion→introducción
711	Evaluacion de proyectos de inversion, herramientas financieras para analizar la creacion de valor	Evaluación de proyectos de inversión, herramientas financieras para analizar la creación de valor	tildes: A:Evaluacion→Evaluación A:inversion→inversión A:creacion→creación
712	Evaluacion de inversiones	Evaluación de inversiones	tildes: A:Evaluacion→Evaluación
725	Microeconomia. versión para latinoamérica	Microeconomía. versión para Latinoamérica	tildes: B:Microeconomia→Microeconomía
727	Microeconomia	Microeconomía	tildes: B:Microeconomia→Microeconomía
744	Macroeconomia.version para latinoamérica	Macroeconomía.versión para Latinoamérica	tildes: B:Macroeconomia→Macroeconomía A:version→versión
757	Manual de economia politica	Manual de economía política	tildes: B:economia→economía B:politica→política
763	La microeconomia	La microeconomía	tildes: B:microeconomia→microeconomía
764	La logica oculta de la vida: como la economia explica todas nuestras decisiones	La lógica oculta de la vida: como la economía explica todas nuestras decisiones	tildes: B:logica→lógica B:economia→economía
815	Fisica	Física	tildes: B:Fisica→Física
818	Sobre la interpretacion	Sobre la interpretación	tildes: A:interpretacion→interpretación
819	Metafisica	Metafísica	tildes: B:Metafisica→Metafísica
848	La ilusion y la desilusion esteticas	La ilusión y la desilusión esteticas	tildes: A:ilusion→ilusión A:desilusion→desilusión
852	Determinantes crecimiento economico 1960 2000	Determinantes crecimiento económico 1960 2000	tildes: B:economico→económico
854	Indicadores inflacion subyacente	Indicadores inflación subyacente	tildes: A:inflacion→inflación
855	Tendencias analisis politica monetaria	Tendencias análisis política monetaria	tildes: B:analisis→análisis B:politica→política
858	Entorno dolarizacion financiera caso peru 1996 2006	Entorno dolarización financiera caso Perú 1996 2006	tildes: A:dolarizacion→dolarización B:peru→perú
873	Linguistica y gramatologia iii	Lingüística y gramatologia iii	tildes: B:Linguistica→Lingüística
874	Linguistica y gramatologia ii	Lingüística y gramatologia ii	tildes: B:Linguistica→Lingüística
875	Linguistica y gramatologia i	Lingüística y gramatologia i	tildes: B:Linguistica→Lingüística
879	Critica al periodismo	Crítica al periodismo	tildes: B:Critica→Crítica
885	Econometria	Econometría	tildes: B:Econometria→Econometría
889	Sobre la accion politica de la sesion obrera	Sobre la acción política de la sesión obrera	tildes: A:accion→acción B:politica→política A:sesion→sesión
891	Revolucion y contrarevolucion en alemania	Revolución y contrarevolución en alemania	tildes: A:Revolucion→Revolución A:contrarevolucion→contrarevolución
909	Construcciones en el analisis	Construcciones en el análisis	tildes: B:analisis→análisis
915	Nuevas sesion es introductorias al psicoanalisis	Nuevas sesión es introductorias al psicoanalisis	tildes: A:sesion→sesión
921	La interpretacion de los suenos	La interpretación de los suenos	tildes: A:interpretacion→interpretación
923	Introduccion al narcisismo	Introducción al narcisismo	tildes: A:Introduccion→Introducción
929	Algunas sesion es elementales de psicoanalisis	Algunas sesión es elementales de psicoanalisis	tildes: A:sesion→sesión
932	Ethos y etica	Ethos y ética	tildes: B:etica→ética
943	Las venas abiertas de america latina	Las venas abiertas de América latina	tildes: B:america→américa
972	Problemas basicos de la fenomenologia	Problemas básicos de la fenomenologia	tildes: B:basicos→básicos
978	Introduccion a la fenomenologia de hegel	Introducción a la fenomenologia de hegel	tildes: A:Introduccion→Introducción
985	Contribuciones a la filosofia	Contribuciones a la filosofía	tildes: B:filosofia→filosofía
990	Metodologia calculo del empleo	Metodología calculo del empleo	tildes: B:Metodologia→Metodología
991	Desestacionalizacion de series economicas	Desestacionalización de series económicas	tildes: A:Desestacionalizacion→Desestacionalización B:economicas→económicas
993	Liberalizacion reestructuracion productiva y competitividad en la industria peruana de los años 90 economica	Liberalización reestructuración productiva y competitividad en la industria peruana de los años 90 económica	tildes: A:Liberalizacion→Liberalización A:reestructuracion→reestructuración B:economica→económica
995	Crecimiento economico enfoques y modelos	Crecimiento económico enfoques y modelos	tildes: B:economico→económico
996	Notas sobre la determinacion y dinamica del tipo de cambio	Notas sobre la determinación y dinámica del tipo de cambio	tildes: A:determinacion→determinación B:dinamica→dinámica
997	Macroeconomia keynesiana de la determinacion de los niveles de produccion y empleo complemento	Macroeconomía keynesiana de la determinación de los niveles de producción y empleo complemento	tildes: B:Macroeconomia→Macroeconomía A:determinacion→determinación A:produccion→producción
998	Keynesianismo monetarismo y nueva macroeconomia clasica complemento	Keynesianismo monetarismo y nueva macroeconomía clásica complemento	tildes: B:macroeconomia→macroeconomía B:clasica→clásica
999	Elementos de teoria y politica macroeconomica ejercicios	Elementos de teoría y política macroeconómica ejercicios	tildes: B:teoria→teoría B:politica→política B:macroeconomica→macroeconómica
1000	Elementos de teoria y politica macroeconomica teoria	Elementos de teoría y política macroeconómica teoría	tildes: B:teoria→teoría B:politica→política B:macroeconomica→macroeconómica B:teoria→teoría
1007	Sobre determinantes inflacion y sus costos	Sobre determinantes inflación y sus costos	tildes: A:inflacion→inflación
1008	Discucion deficit cuenta corriente estamos frente aun problema	Discución déficit cuenta corriente estamos frente aun problema	tildes: A:Discucion→Discución B:deficit→déficit
1013	Critica de la razon pura	Crítica de la razón pura	tildes: B:Critica→Crítica B:razon→razón
1014	Critica del juicio	Crítica del juicio	tildes: B:Critica→Crítica
1015	Selección de escritos politicos de immanuel kant	Selección de escritos políticos de immanuel kant	tildes: B:politicos→políticos
1018	Pedagogia	Pedagogía	tildes: B:Pedagogia→Pedagogía
1023	Psicoanalisis radiofonia television	Psicoanalisis radiofonia televisión	tildes: A:television→televisión
1049	El analisis estructural en la linguistica y en la antropologia	El análisis estructural en la lingüística y en la antropologia	tildes: B:analisis→análisis B:linguistica→lingüística
1065	La teoria de la justicia	La teoría de la justicia	tildes: B:teoria→teoría
1069	Manuscritos de economia y filosofia	Manuscritos de economía y filosofía	tildes: B:economia→economía B:filosofia→filosofía
1070	Contribucion a la critica de la economia politica	Contribución a la critica de la economía política	tildes: A:Contribucion→Contribución B:economia→economía B:politica→política
1091	Analisis de regresion	Análisis de regresión	tildes: B:Analisis→Análisis A:regresion→regresión
1092	Econometria	Econometría	tildes: B:Econometria→Econometría
1094	Fluctuaciones, shocks, incertidumbre y la eleccion consumo⁄ahorro	Fluctuaciones, shocks, incertidumbre y la elección consumo⁄ahorro	tildes: A:eleccion→elección
1102	Espana invertebrada	España invertebrada	tildes: B:Espana→España
1106	Una vista sobre la situacion del manager en la sociedad actual	Una vista sobre la situación del manager en la sociedad actual	tildes: A:situacion→situación
1108	Que es filosofia	Que es filosofía	tildes: B:filosofia→filosofía
1135	Ciencia y desarrollo el papel de la ciencia economica	Ciencia y desarrollo el papel de la ciencia económica	tildes: B:economica→económica
1136	Empleo y desempleo un analisis de la elaboracion de estadistica	Empleo y desempleo un análisis de la elaboración de estadística	tildes: B:analisis→análisis A:elaboracion→elaboración B:estadistica→estadística
1138	Me005 matematica para economistas	Me005 matemática para economistas	tildes: B:matematica→matemática
1139	Me004 teoria de la regulacion	Me004 teoría de la regulación	tildes: B:teoria→teoría A:regulacion→regulación
1140	Me003 economia publica	Me003 economía publica	tildes: B:economia→economía
1142	Me001 introduccion a la teoria del equilibrio general	Me001 introducción a la teoría del equilibrio general	tildes: A:introduccion→introducción B:teoria→teoría
1143	Econometria de evaluacion de impacto	Econometría de evaluación de impacto	tildes: B:Econometria→Econometría A:evaluacion→evaluación
1144	La economia de ppk promesas y resultados la distancia que los separa	La economía de ppk promesas y resultados la distancia que los separa	tildes: B:economia→economía
1145	Las vacas flacas de la economia peruana	Las vacas flacas de la economía peruana	tildes: B:economia→economía
1146	Microcredito y crecimiento regional en el peru	Microcredito y crecimiento regional en el Perú	tildes: B:peru→perú
1147	Peru 1990 2021 la causa del milagro economico constitucion de 1993 o superciclo de las materias primas	Perú 1990 2021 la causa del milagro económico constitución de 1993 o superciclo de las materias primas	tildes: B:Peru→Perú B:economico→económico A:constitucion→constitución
1148	La ley de okun en el peru lima metropolitana 1971 2016	La ley de okun en el Perú lima metropolitana 1971 2016	tildes: B:peru→perú
1150	Politicas de estabilizacion vs politicas de crecimiento en peru 2011 2018	Políticas de estabilización vs políticas de crecimiento en Perú 2011 2018	tildes: B:Politicas→Políticas A:estabilizacion→estabilización B:politicas→políticas B:peru→perú
1152	La economia peruana en visperas del bicentenario de la independencia	La economía peruana en visperas del bicentenario de la independencia	tildes: B:economia→economía
1154	Dinamica de inversion y competencia en generacion electrica en un escenario de liberalizacion en el peru	Dinámica de inversión y competencia en generación electrica en un escenario de liberalización en el Perú	tildes: B:Dinamica→Dinámica A:inversion→inversión A:generacion→generación A:liberalizacion→liberalización B:peru→perú
1155	Capacidad productiva cambio tecnico y productividad estimaciones alternativas del producto de largo plazo	Capacidad productiva cambio técnico y productividad estimaciones alternativas del producto de largo plazo	tildes: B:tecnico→técnico
1156	Que hubiera pasado en 2014 2016 si un modelo macroeconometrico para el peru	Que hubiera pasado en 2014 2016 si un modelo macroeconometrico para el Perú	tildes: B:peru→perú
1157	Crecimiento y desindustrializacion prematura en peru un analisis kaldoriano	Crecimiento y desindustrialización prematura en Perú un análisis kaldoriano	tildes: A:desindustrializacion→desindustrialización B:peru→perú B:analisis→análisis
1159	Intervencion cambiaria y politica monetaria en el peru	Intervención cambiaria y política monetaria en el Perú	tildes: A:Intervencion→Intervención B:politica→política B:peru→perú
1160	Contratos curva de phillips y politica monetaria	Contratos curva de phillips y política monetaria	tildes: B:politica→política
1162	Aplicacion de la teoria de la produccion	Aplicación de la teoría de la producción	tildes: A:Aplicacion→Aplicación B:teoria→teoría A:produccion→producción
1163	Microeconomia teoria de la empresa	Microeconomía teoría de la empresa	tildes: B:Microeconomia→Microeconomía B:teoria→teoría
1164	Microeconomia aplicaciones de la teoria del consumidor	Microeconomía aplicaciones de la teoría del consumidor	tildes: B:Microeconomia→Microeconomía B:teoria→teoría
1165	Microeconomia preferencias y esesion es	Microeconomía preferencias y esesión es	tildes: B:Microeconomia→Microeconomía A:esesion→esesión
1169	Breve historia de la macroeconomia	Breve historia de la macroeconomía	tildes: B:macroeconomia→macroeconomía
1172	Teoria y politica monetaria	Teoría y política monetaria	tildes: B:Teoria→Teoría B:politica→política
1174	Tendencias actuales de los modelos economicos dinamicos	Tendencias actuales de los modelos económicos dinamicos	tildes: B:economicos→económicos
1176	Las remesas y su incidencia en el nivel produccion a corto plazo	Las remesas y su incidencia en el nivel producción a corto plazo	tildes: A:produccion→producción
1177	La nueva macroeconomía clásica: una version algebraica	La nueva macroeconomía clásica: una versión algebraica	tildes: A:version→versión
1179	Macroeconomia intermedia teorias y modelos	Macroeconomía intermedia teorías y modelos	tildes: B:Macroeconomia→Macroeconomía B:teorias→teorías
1181	Macroeconomia abierta	Macroeconomía abierta	tildes: B:Macroeconomia→Macroeconomía
1183	Macroeconomia 02 (notas de clase preliminares)	Macroeconomía 02 (notas de clase preliminares)	tildes: B:Macroeconomia→Macroeconomía
1185	Lineamientos de politica economica para el peru 2001 2006	Lineamientos de política económica para el Perú 2001 2006	tildes: B:politica→política B:economica→económica B:peru→perú
1186	Lineamientos de politica economica para el perú 2006 2011	Lineamientos de política económica para el Perú 2006 2011	tildes: B:politica→política B:economica→económica
1187	Introduccion a la macroeconomia	Introducción a la macroeconomía	tildes: A:Introduccion→Introducción B:macroeconomia→macroeconomía
1190	Expectativas y políticas de estabilizacion	Expectativas y políticas de estabilización	tildes: A:estabilizacion→estabilización
1191	Las expectativas en la macroeconomia	Las expectativas en la macroeconomía	tildes: B:macroeconomia→macroeconomía
1193	Dolarizacion cajas de convertibilidad	Dolarización cajas de convertibilidad	tildes: A:Dolarizacion→Dolarización
1194	La tradicion clasica	La tradición clásica	tildes: A:tradicion→tradición B:clasica→clásica
1196	El hombre y su economia	El hombre y su economía	tildes: B:economia→economía
1197	Relativismo epistemologico en las ciencias de la accion humana	Relativismo epistemologico en las ciencias de la acción humana	tildes: A:accion→acción
1198	Los cimientos economicos de la libertad	Los cimientos económicos de la libertad	tildes: B:economicos→económicos
1199	Introduccion al liberalismo	Introducción al liberalismo	tildes: A:Introduccion→Introducción
1201	Sociologia de la religion	Sociología de la religion	tildes: B:Sociologia→Sociología
1263	Del socialismo utopico al socialismo cientifico	Del socialismo utopico al socialismo científico	tildes: B:cientifico→científico
1266	El papel del trabajo en la transformacion del mono en hombre	El papel del trabajo en la transformación del mono en hombre	tildes: A:transformacion→transformación
1269	Psicologia de las masas y analisis del yo	Psicología de las masas y análisis del yo	tildes: B:Psicologia→Psicología B:analisis→análisis
1271	Reforma universitaria y revolucion	Reforma universitaria y revolución	tildes: A:revolucion→revolución
1286	Critica de la razon practica	Crítica de la razón práctica	tildes: B:Critica→Crítica B:razon→razón
1287	Fundamentacion de la metafisica de las costumbres	Fundamentación de la metafísica de las costumbres	tildes: A:Fundamentacion→Fundamentación B:metafisica→metafísica
1334	Emilio o la educacion	Emilio o la educación	tildes: A:educacion→educación
1371	La politica como vocacion	La política como vocación	tildes: B:politica→política A:vocacion→vocación
1375	Una mayor integracion economica en el asia oriental	Una mayor integración económica en el asia oriental	tildes: A:integracion→integración B:economica→económica
1376	Trabajo la cepal y la teoria de la industrializacion	Trabajo la cepal y la teoría de la industrialización	tildes: B:teoria→teoría A:industrializacion→industrialización
1393	Los problemas de la economia japonesa	Los problemas de la economía japonesa	tildes: B:economia→economía
1400	Importancia de la participacion del peru en el focalae	Importancia de la participación del Perú en el focalae	tildes: A:participacion→participación B:peru→perú
1403	La economia japonesa bajo el primer ministro abe	La economía japonesa bajo el primer ministro abe	tildes: B:economia→economía
1404	La politica exterior japonesa y la situacion geopolitica en el asia oriental	La política exterior japonesa y la situación geopolitica en el asia oriental	tildes: B:politica→política A:situacion→situación
1493	La relacion sobre la tasa de cambio y caos	La relación sobre la tasa de cambio y caos	tildes: A:relacion→relación
1515	Esquemas filosofia	Esquemas filosofía	tildes: B:filosofia→filosofía
1525	Matematica financiera para toma de decisiones empresariales	Matemática financiera para toma de decisiones empresariales	tildes: B:Matematica→Matemática
1526	Administracion financiera de tesoreria	Administración financiera de tesoreria	tildes: A:Administracion→Administración
1528	Analisis economico y economia	Análisis económico y economía	tildes: B:Analisis→Análisis B:economico→económico B:economia→economía
1531	Modelo microeconometrico para el analisis de la diferenciacion de producto	Modelo microeconometrico para el análisis de la diferenciación de producto	tildes: B:analisis→análisis A:diferenciacion→diferenciación
1532	Macroeconomia avanzada ii	Macroeconomía avanzada ii	tildes: B:Macroeconomia→Macroeconomía
1535	Que es el capitalismo una introduccion a la critica de la economia politica	Que es el capitalismo una introducción a la critica de la economía política	tildes: A:introduccion→introducción B:economia→economía B:politica→política
1541	Perspectivas politica monetaria	Perspectivas política monetaria	tildes: B:politica→política
1550	¿Qué es la teoria de la preferencia revelada?	¿Qué es la teoría de la preferencia revelada?	tildes: B:teoria→teoría
1552	Un enfoque sobre la investigacion cientifica en economia	Un enfoque sobre la investigación científica en economía	tildes: A:investigacion→investigación B:cientifica→científica B:economia→economía
1553	Microeconomia avanzada	Microeconomía avanzada	tildes: B:Microeconomia→Microeconomía
1555	Vision comunista del mundo	Visión comunista del mundo	tildes: A:Vision→Visión
1556	Microeconomia i problemas	Microeconomía i problemas	tildes: B:Microeconomia→Microeconomía
1557	Microeconomia intermedia	Microeconomía intermedia	tildes: B:Microeconomia→Microeconomía
1560	Precios e inflaccion	Precios e inflacción	tildes: A:inflaccion→inflacción
1561	Practicas de macroeconomia i	Prácticas de macroeconomía i	tildes: B:Practicas→Prácticas B:macroeconomia→macroeconomía
1565	Principios elementales de filosofia	Principios elementales de filosofía	tildes: B:filosofia→filosofía
1567	¿Por qué fracasan los paises?	¿Por qué fracasan los países?	tildes: B:paises→países
1569	Politica monetaria expansiva	Política monetaria expansiva	tildes: B:Politica→Política
1570	Psicologia y epistemologia	Psicología y epistemologia	tildes: B:Psicologia→Psicología
1571	Inteligencia y adaptacion biologica	Inteligencia y adaptación biologica	tildes: A:adaptacion→adaptación
1572	Peru posibilidad y problema 70 años despues	Perú posibilidad y problema 70 años después	tildes: B:Peru→Perú B:despues→después
1574	Peru dos enfoques analizar la sostenibilidad fiscal	Perú dos enfoques analizar la sostenibilidad fiscal	tildes: B:Peru→Perú
1580	La politica economica	La política económica	tildes: B:politica→política B:economica→económica
1584	Microeconomia ii	Microeconomía ii	tildes: B:Microeconomia→Microeconomía
1587	Notas de politica monetaria	Notas de política monetaria	tildes: B:politica→política
1590	Evolucion conceptual de la teoria de la regulacion	Evolución conceptual de la teoría de la regulación	tildes: A:Evolucion→Evolución B:teoria→teoría A:regulacion→regulación
1594	Problemas de microeconomia	Problemas de microeconomía	tildes: B:microeconomia→microeconomía
1595	Opciones del sistema monetario y la economia mundial	Opciones del sistema monetario y la economía mundial	tildes: B:economia→economía
1597	Proyectos de inversion en la practica	Proyectos de inversión en la practica	tildes: A:inversion→inversión
1598	Modelos y metodos de investigacion de operaciones	Modelos y métodos de investigación de operaciones	tildes: B:metodos→métodos A:investigacion→investigación
1601	Analisis matematico para economista i	Análisis matemático para economista i	tildes: B:Analisis→Análisis B:matematico→matemático
1602	Modelo barro gordon reglas o discresion	Modelo barro gordon reglas o discresión	tildes: A:discresion→discresión
1603	Miseria de la filosofia	Miseria de la filosofía	tildes: B:filosofia→filosofía
1604	Economia teoria y politica	Economía teoría y política	tildes: B:Economia→Economía B:teoria→teoría B:politica→política
1605	Miriadax modulo 07 tercera edicion	Miriadax módulo 07 tercera edición	tildes: B:modulo→módulo A:edicion→edición
1606	Miriadax modulo 06 tercera edicion	Miriadax módulo 06 tercera edición	tildes: B:modulo→módulo A:edicion→edición
1607	Miriadax modulo 05 tercera edicion	Miriadax módulo 05 tercera edición	tildes: B:modulo→módulo A:edicion→edición
1608	Miriadax modulo 04 tercera edicion	Miriadax módulo 04 tercera edición	tildes: B:modulo→módulo A:edicion→edición
1609	El anarquismo en la revolucion rusa	El anarquismo en la revolución rusa	tildes: A:revolucion→revolución
1610	Critica y accion	Crítica y acción	tildes: B:Critica→Crítica A:accion→acción
1612	El tratamiento de las variables en economia	El tratamiento de las variables en economía	tildes: B:economia→economía
1613	Microeconomia avanzada ejercicios	Microeconomía avanzada ejercicios	tildes: B:Microeconomia→Microeconomía
1614	Metodos numericos resolver modelosmacro dinamico	Métodos numéricos resolver modelosmacro dinámico	tildes: B:Metodos→Métodos B:numericos→numéricos B:dinamico→dinámico
1616	Mecanismo de transmision de la politica monetaria	Mecanismo de transmisión de la política monetaria	tildes: A:transmision→transmisión B:politica→política
1624	Introduccion al eviews 05 01	Introducción al eviews 05 01	tildes: A:Introduccion→Introducción
1625	Guia de manejo del programa eviews 02	Guía de manejo del programa eviews 02	tildes: B:Guia→Guía
1627	Macroeconomia solucion	Macroeconomía solución	tildes: B:Macroeconomia→Macroeconomía A:solucion→solución
1631	Los nuevos instrumento de la gestion publica libro	Los nuevos instrumento de la gestión publica libro	tildes: B:gestion→gestión
1636	Introduccion a la economia positiva	Introducción a la economía positiva	tildes: A:Introduccion→Introducción B:economia→economía
1637	Compendio de economia politica	Compendio de economía política	tildes: B:economia→economía B:politica→política
1638	Marxismo y anarquismo en la revolucion rusa	Marxismo y anarquismo en la revolución rusa	tildes: A:revolucion→revolución
1640	Sociologia de marx	Sociología de marx	tildes: B:Sociologia→Sociología
1641	La significacion de la comuna	La significación de la comuna	tildes: A:significacion→significación
1643	Organizacion industrial miguel pisfil imprimir	Organización industrial miguel pisfil imprimir	tildes: A:Organizacion→Organización
1644	Crisis balanza pagos teoria evidencia	Crisis balanza pagos teoría evidencia	tildes: B:teoria→teoría
1648	La teoria desarrollista de prebisch	La teoría desarrollista de prebisch	tildes: B:teoria→teoría
1649	La politica monetaria teoria y caso colombiano	La política monetaria teoría y caso colombiano	tildes: B:politica→política B:teoria→teoría
1655	Naturaleza de la econometria y de los datos economicos	Naturaleza de la econometría y de los datos económicos	tildes: B:econometria→econometría B:economicos→económicos
1658	Inflacion y tasa de paro	Inflación y tasa de paro	tildes: A:Inflacion→Inflación
1659	Introduccion a la investigacion operativa	Introducción a la investigación operativa	tildes: A:Introduccion→Introducción A:investigacion→investigación
1664	La escuela austriaca moderna frente a la neoclasica	La escuela austriaca moderna frente a la neoclásica	tildes: B:neoclasica→neoclásica
1673	Una expresion matematica del tomo 01 de el capital	Una expresión matemática del tomo 01 de el capital	tildes: A:expresion→expresión B:matematica→matemática
1681	Economia publica	Economía publica	tildes: B:Economia→Economía
1683	Introduccion a la microeconomia	Introducción a la microeconomía	tildes: A:Introduccion→Introducción B:microeconomia→microeconomía
1686	Globalizacion de la economía y el sistema monetario internacional	Globalización de la economía y el sistema monetario internacional	tildes: A:Globalizacion→Globalización
1687	Algebra lineal	Álgebra lineal	tildes: B:Algebra→Álgebra
1688	Los indicadores de gestion	Los indicadores de gestión	tildes: B:gestion→gestión
1689	Monitoreo y evaluacion	Monitoreo y evaluación	tildes: A:evaluacion→evaluación
1692	Definicion de objetivos y prioridades	Definición de objetivos y prioridades	tildes: A:Definicion→Definición
1694	La planificacion estrategica en la gerencia social	La planificación estratégica en la gerencia social	tildes: A:planificacion→planificación B:estrategica→estratégica
1695	Analisis de involucrados las peripecias del niño elian gonzales	Análisis de involucrados las peripecias del niño elian gonzales	tildes: B:Analisis→Análisis
1696	Analisis involucrados stakeholders	Análisis involucrados stakeholders	tildes: B:Analisis→Análisis
1699	Medicion de condiciones de vida	Medición de condiciones de vida	tildes: A:Medicion→Medición
1700	Modelo de formacion de politicas y programas sociales	Modelo de formación de políticas y programas sociales	tildes: A:formacion→formación B:politicas→políticas
1701	Modelos de proteccion social	Modelos de protección social	tildes: A:proteccion→protección
1702	Politica fiscal y politica social	Política fiscal y política social	tildes: B:Politica→Política B:politica→política
1704	Introduccion a la gerencia social	Introducción a la gerencia social	tildes: A:Introduccion→Introducción
1706	De la inversion y mercados financieros la q de tobin y su uso para la valuacion de empresas	De la inversión y mercados financieros la q de tobin y su uso para la valuación de empresas	tildes: A:inversion→inversión A:valuacion→valuación
1707	Economia racionalidad sustantiva o procesal	Economía racionalidad sustantiva o procesal	tildes: B:Economia→Economía
1708	Disyuntivas en la teoria normativa de la regulacion el caso de los monopolios naturales	Disyuntivas en la teoría normativa de la regulación el caso de los monopolios naturales	tildes: B:teoria→teoría A:regulacion→regulación
1712	Relacion entre ingresos y educacion en las regiones geograficas de argentina	Relación entre ingresos y educación en las regiones geograficas de argentina	tildes: A:Relacion→Relación A:educacion→educación
1718	Fundamento de la valoracion de las empresas	Fundamento de la valoración de las empresas	tildes: A:valoracion→valoración
1719	Teoria del crecimiento economico un debate inconcluso estudios de economia 27 01	Teoría del crecimiento económico un debate inconcluso estudios de economía 27 01	tildes: B:Teoria→Teoría B:economico→económico B:economia→economía
1723	Tratado contra el metodo	Tratado contra el método	tildes: B:metodo→método
1726	Politica economica	Política económica	tildes: B:Politica→Política B:economica→económica
1729	Guia para la presentacion de trabajo y ensayos	Guía para la presentación de trabajo y ensayos	tildes: B:Guia→Guía A:presentacion→presentación
1731	El comercio y los efectos de la formacion de uniones aduaneras	El comercio y los efectos de la formación de uniones aduaneras	tildes: A:formacion→formación
1734	Manual del modelo de regresion lineal multiple uso de eviews	Manual del modelo de regresión lineal múltiple uso de eviews	tildes: A:regresion→regresión B:multiple→múltiple
1737	Elementos de teoria monetaria	Elementos de teoría monetaria	tildes: B:teoria→teoría
1738	Entre el diseno y la evaluacion el papel crucial de la implementacion de los programas sociales	Entre el diseño y la evaluación el papel crucial de la implementación de los programas sociales	tildes: B:diseno→diseño A:evaluacion→evaluación A:implementacion→implementación
1740	El pensamiento economico de milton friedman	El pensamiento económico de milton friedman	tildes: B:economico→económico
1746	Efectos crisis financiera internacional en peru	Efectos crisis financiera internacional en Perú	tildes: B:peru→perú
1747	Historia de pensamiento economico economia matematica	Historia de pensamiento económico economía matemática	tildes: B:economico→económico B:economia→economía B:matematica→matemática
1749	Economia alemana	Economía alemana	tildes: B:Economia→Economía
1750	Nociones de econometria intermedia	Nociones de econometría intermedia	tildes: B:econometria→econometría
1751	Dolarizacion causas efectos y retos	Dolarización causas efectos y retos	tildes: A:Dolarizacion→Dolarización
1756	La guia de eduscrum	La guía de eduscrum	tildes: B:guia→guía
1757	Deficit publico e inflacion	Déficit publico e inflación	tildes: B:Deficit→Déficit A:inflacion→inflación
1762	Politica economica	Política económica	tildes: B:Politica→Política B:economica→económica
1770	Apuntes de organizacion industrial parte 02	Apuntes de organización industrial parte 02	tildes: A:organizacion→organización
1771	Apuntes de organizacion industrial parte 01	Apuntes de organización industrial parte 01	tildes: A:organizacion→organización
1775	Investigacion en educacion	Investigación en educación	tildes: A:Investigacion→Investigación A:educacion→educación
1776	Productividad en el peru medicion determinantes e implicancias	Productividad en el Perú medición determinantes e implicancias	tildes: B:peru→perú A:medicion→medición
1777	Econometria aplicada	Econometría aplicada	tildes: B:Econometria→Econometría
1782	La teoria social ante la prueba de la politica: pierre bourdieu y anthony giddens	La teoría social ante la prueba de la política: pierre bourdieu y anthony giddens	tildes: B:teoria→teoría B:politica→política
1784	La ciencia su metodo y su filosofia	La ciencia su método y su filosofía	tildes: B:metodo→método B:filosofia→filosofía
1881	Resumen crisis paises emergentes	Resumen crisis países emergentes	tildes: B:paises→países
1883	Resumen ii crisis tercera generacion	Resumen ii crisis tercera generación	tildes: A:generacion→generación
1896	El mal desafio a la filosofia y la teologia	El mal desafio a la filosofía y la teologia	tildes: B:filosofia→filosofía
1920	La investigacion	La investigación	tildes: A:investigacion→investigación
1931	Introduccion a la metodologia de la investigacion	Introducción a la metodología de la investigación	tildes: A:Introduccion→Introducción B:metodologia→metodología A:investigacion→investigación
1934	Instrumentos no convencionales de politica monetaria	Instrumentos no convencionales de política monetaria	tildes: B:politica→política
1939	La inflacion chilena	La inflación chilena	tildes: A:inflacion→inflación
1941	Cien ejercicios de econometria	Cien ejercicios de econometría	tildes: B:econometria→econometría
1942	Cien ejercicios de econometria	Cien ejercicios de econometría	tildes: B:econometria→econometría
1943	Cien ejercicios de econometria	Cien ejercicios de econometría	tildes: B:econometria→econometría
1944	Cien ejercicios de econometria	Cien ejercicios de econometría	tildes: B:econometria→econometría
1946	Hamlet adaptacion	Hamlet adaptación	tildes: A:adaptacion→adaptación
1949	Normas apa septima edicion	Normas apa séptima edición	tildes: B:septima→séptima A:edicion→edición
1951	Manual para presentacion de trabajo escritos normas apa	Manual para presentación de trabajo escritos normas apa	tildes: A:presentacion→presentación
1953	Fundamento y limite de la estatica comparativa en el analisis economico	Fundamento y limite de la estatica comparativa en el análisis económico	tildes: B:analisis→análisis B:economico→económico
1957	Notas sobre el metodo de la economia	Notas sobre el método de la economía	tildes: B:metodo→método B:economia→economía
1958	Teoria clasica de la renta y de la distribucion	Teoría clásica de la renta y de la distribución	tildes: B:Teoria→Teoría B:clasica→clásica A:distribucion→distribución
1959	Teoria del consumidor dualidad elasticidades restricciones de la demanda y bienestar	Teoría del consumidor dualidad elasticidades restricciones de la demanda y bienestar	tildes: B:Teoria→Teoría
1960	Teoria del consumidor enfoques alternativos	Teoría del consumidor enfoques alternativos	tildes: B:Teoria→Teoría
1961	Teoria del consumidor la demanda individual	Teoría del consumidor la demanda individual	tildes: B:Teoria→Teoría
1962	Teoria del consumidor preferencias y utilidad	Teoría del consumidor preferencias y utilidad	tildes: B:Teoria→Teoría
1963	Teoria general de la selección	Teoría general de la selección	tildes: B:Teoria→Teoría
1968	Guia rapida ratios financieros y matematicas de la mercadotecnia	Guía rápida ratios financieros y matemáticas de la mercadotecnia	tildes: B:Guia→Guía B:rapida→rápida B:matematicas→matemáticas
1969	Manual contabilidad basica i	Manual contabilidad básica i	tildes: B:basica→básica
1970	Manual de contabilidad basica ii	Manual de contabilidad básica ii	tildes: B:basica→básica
1973	Manual de analisis de estados financieros	Manual de análisis de estados financieros	tildes: B:analisis→análisis
1974	Manual formulacion y ajustes de estados financieros	Manual formulación y ajustes de estados financieros	tildes: A:formulacion→formulación
2006	Nuevos y viejos instrumentos de politica ambiental	Nuevos y viejos instrumentos de política ambiental	tildes: B:politica→política
2008	La participacion laboral de las mujeres en el peru 10 mensajes clave y 06 recomendaciones de politica	La participación laboral de las mujeres en el Perú 10 mensajes clave y 06 recomendaciones de política	tildes: A:participacion→participación B:peru→perú B:politica→política
2021	Cinco modelos de crecimiento economico	Cinco modelos de crecimiento económico	tildes: B:economico→económico
2048	Numeros indices y precios constantes economía descriptiva i	Números índices y precios constantes economía descriptiva i	tildes: B:Numeros→Números B:indices→índices
2049	Introduccion al sistema de cuentas nacioanles revisión 1993 economía descriptiva i	Introducción al sistema de cuentas nacioanles revisión 1993 economía descriptiva i	tildes: A:Introduccion→Introducción
2056	Teoria del consumidor final basico	Teoría del consumidor final básico	tildes: B:Teoria→Teoría B:basico→básico
2060	Introduccion a la matematica discreta grado en ingenieria en computadores	Introducción a la matemática discreta grado en ingeniería en computadores	tildes: A:Introduccion→Introducción B:matematica→matemática B:ingenieria→ingeniería
2075	El proyecto y la metodologia de la investigacion	El proyecto y la metodología de la investigación	tildes: B:metodologia→metodología A:investigacion→investigación
2079	Indicadores economicos de region ayacucho	Indicadores económicos de región ayacucho	tildes: B:economicos→económicos B:region→región
2082	Busqueda en la web y el formato apa en los trabajos academicos	Búsqueda en la web y el formato apa en los trabajos académicos	tildes: B:Busqueda→Búsqueda B:academicos→académicos
2088	Stata basico intermedio aplicado a la investigacion economica	Stata básico intermedio aplicado a la investigación económica	tildes: B:basico→básico A:investigacion→investigación B:economica→económica
2092	Programa de introduccion a stata	Programa de introducción a stata	tildes: A:introduccion→introducción
2095	Introduccion a la teoria de juegos	Introducción a la teoría de juegos	tildes: A:Introduccion→Introducción B:teoria→teoría
2096	Elementos de la teoria de los juegos	Elementos de la teoría de los juegos	tildes: B:teoria→teoría
2097	Teoria de juegos	Teoría de juegos	tildes: B:Teoria→Teoría
2099	Una introduccion a la teoria de los juegos	Una introducción a la teoría de los juegos	tildes: A:introduccion→introducción B:teoria→teoría
2103	Economia politica y juegos una introduccion a los juegos no cooperativos	Economía política y juegos una introducción a los juegos no cooperativos	tildes: B:Economia→Economía B:politica→política A:introduccion→introducción
2108	Apuntes n 5 - teoria macroeconomica ii - teoria q	Apuntes n 5 - teoría macroeconómica ii - teoría q	tildes: B:teoria→teoría B:macroeconomica→macroeconómica B:teoria→teoría
2129	Herramientas de politica comercial ii	Herramientas de política comercial ii	tildes: B:politica→política
2130	Exportaciones y ied evidencia empirica	Exportaciones y ied evidencia empírica	tildes: B:empirica→empírica
2131	Herramientas de politica comercial i	Herramientas de política comercial i	tildes: B:politica→política
2132	El modelo de melitz ii inversion extranjera directa	El modelo de melitz ii inversión extranjera directa	tildes: A:inversion→inversión
2141	Ventaja comparativa en el modelo neoclasico a factores especificos	Ventaja comparativa en el modelo neoclásico a factores especificos	tildes: B:neoclasico→neoclásico
2142	Datos sobre la globalizacion y comercio internacional	Datos sobre la globalización y comercio internacional	tildes: A:globalizacion→globalización
2143	Syllabus 11 crecimiento economico	Syllabus 11 crecimiento económico	tildes: B:economico→económico
2148	Analisis empirico	Análisis empirico	tildes: B:Analisis→Análisis
2150	Oferta de trabajo y poblacion	Oferta de trabajo y población	tildes: A:poblacion→población
2151	La difusion de la tecnologia	La difusión de la tecnologia	tildes: A:difusion→difusión
2158	Otras funciones de produccion otras teorias de crecimiento	Otras funciones de producción otras teorías de crecimiento	tildes: A:produccion→producción B:teorias→teorías
2160	Crecimiento economico	Crecimiento económico	tildes: B:economico→económico
2162	El modelo neoclasico de solow y swan ii	El modelo neoclásico de solow y swan ii	tildes: B:neoclasico→neoclásico
2163	El modelo neoclasico de solow y swan i	El modelo neoclásico de solow y swan i	tildes: B:neoclasico→neoclásico
2189	Syllabus 13 econometria i	Syllabus 13 econometría i	tildes: B:econometria→econometría
2190	Introduccion a las series temporales	Introducción a las series temporales	tildes: A:Introduccion→Introducción
2192	Regresion con variables instrumentales	Regresión con variables instrumentales	tildes: A:Regresion→Regresión
2193	Funciones de regresion no lineales	Funciones de regresión no lineales	tildes: A:regresion→regresión
2194	Evaluacion de estudios basados en regresion multiple	Evaluación de estudios basados en regresión múltiple	tildes: A:Evaluacion→Evaluación A:regresion→regresión B:multiple→múltiple
2195	Contrastes de hipotesis e intervalos de confianza en regresion multiple	Contrastes de hipótesis e intervalos de confianza en regresión múltiple	tildes: B:hipotesis→hipótesis A:regresion→regresión B:multiple→múltiple
2196	Principios del modelo de regresion lineal general	Principios del modelo de regresión lineal general	tildes: A:regresion→regresión
2197	Principios del modelo de regresion lineal general	Principios del modelo de regresión lineal general	tildes: A:regresion→regresión
2198	Contrastes de hipotesis e intervalos de confianza en regresion simple	Contrastes de hipótesis e intervalos de confianza en regresión simple	tildes: B:hipotesis→hipótesis A:regresion→regresión
2199	Contrastes de hipotesis e intervalos de confianza en regresion simple	Contrastes de hipótesis e intervalos de confianza en regresión simple	tildes: B:hipotesis→hipótesis A:regresion→regresión
2200	Principios del modelo de regresion lineal simple	Principios del modelo de regresión lineal simple	tildes: A:regresion→regresión
2201	Principios del modelo de regresion lineal simple	Principios del modelo de regresión lineal simple	tildes: A:regresion→regresión
2203	Repaso de estadistica	Repaso de estadística	tildes: B:estadistica→estadística
2204	Introduccion y repaso de probabilidad	Introducción y repaso de probabilidad	tildes: A:Introduccion→Introducción
2232	Syllabus 16 econometria ii	Syllabus 16 econometría ii	tildes: B:econometria→econometría
2235	Estimacion de efectos causales dinamicos ii	Estimación de efectos causales dinamicos ii	tildes: A:Estimacion→Estimación
2236	Estimacion de efectos causales dinamicos i	Estimación de efectos causales dinamicos i	tildes: A:Estimacion→Estimación
2241	Regresion con data de panel ii	Regresión con data de panel ii	tildes: A:Regresion→Regresión
2242	Combinacion de cortes transversales en el tiempo y metodos simples para data de panel	Combinación de cortes transversales en el tiempo y métodos simples para data de panel	tildes: A:Combinacion→Combinación B:metodos→métodos
2243	Regresion con data de panel i	Regresión con data de panel i	tildes: A:Regresion→Regresión
2244	Teoria de la regresion multiple ii	Teoría de la regresión múltiple ii	tildes: B:Teoria→Teoría A:regresion→regresión B:multiple→múltiple
2246	Teoria de la regresion multiple i	Teoría de la regresión múltiple i	tildes: B:Teoria→Teoría A:regresion→regresión B:multiple→múltiple
2247	Teoria de la regresion lineal con regresor unico	Teoría de la regresión lineal con regresor único	tildes: B:Teoria→Teoría A:regresion→regresión B:unico→único
2277	Syllabus 18 economia computacional	Syllabus 18 economía computacional	tildes: B:economia→economía
2280	El modelo neoclasico extensiones	El modelo neoclásico extensiones	tildes: B:neoclasico→neoclásico
2281	El modelo neoclasico	El modelo neoclásico	tildes: B:neoclasico→neoclásico
2282	El modelo neoclasico	El modelo neoclásico	tildes: B:neoclasico→neoclásico
2283	El modelo neoclasico	El modelo neoclásico	tildes: B:neoclasico→neoclásico
2285	Lenguajes de programacion	Lenguajes de programación	tildes: A:programacion→programación
2286	Introduccion a matlab	Introducción a matlab	tildes: A:Introduccion→Introducción
2288	Introduccion	Introducción	tildes: A:Introduccion→Introducción
2302	Syllabus 15 economia de los rrnn y medioambiente	Syllabus 15 economía de los rrnn y medioambiente	tildes: B:economia→economía
2303	Analisis coste beneficio	Análisis coste beneficio	tildes: B:Analisis→Análisis
2304	Valoracion ambiental	Valoración ambiental	tildes: A:Valoracion→Valoración
2305	Estrategias basadas en incentivos y otras politicas	Estrategias basadas en incentivos y otras políticas	tildes: B:politicas→políticas
2306	Estrategias de regulacion directa y soluciones descentralizadas	Estrategias de regulación directa y soluciones descentralizadas	tildes: A:regulacion→regulación
2313	Servicios de los ecosistema s utilizacion de los recursos naturales	Servicios de los ecosistema s utilización de los recursos naturales	tildes: A:utilizacion→utilización
2314	La economia del bienestar y el medio ambiente ii	La economía del bienestar y el medio ambiente ii	tildes: B:economia→economía
2316	La economia del bienestar y el medio ambiente i	La economía del bienestar y el medio ambiente i	tildes: B:economia→economía
2318	Economia medio ambiente y recursos naturales introduccion	Economía medio ambiente y recursos naturales introducción	tildes: B:Economia→Economía A:introduccion→introducción
2329	Syllabus 19 economia del desarrollo	Syllabus 19 economía del desarrollo	tildes: B:economia→economía
2330	Migracion y remesas	Migración y remesas	tildes: A:Migracion→Migración
2331	Economia de la familia y genero ii	Economía de la familia y genero ii	tildes: B:Economia→Economía
2332	Economia de la familia y genero i	Economía de la familia y genero i	tildes: B:Economia→Economía
2333	Salud y educacion ii	Salud y educación ii	tildes: A:educacion→educación
2334	Salud y educacion i	Salud y educación i	tildes: A:educacion→educación
2336	Credito	Crédito	tildes: B:Credito→Crédito
2337	La organizacion de la agricultura y derechos de propiedad ii	La organización de la agricultura y derechos de propiedad ii	tildes: A:organizacion→organización
2338	La organizacion de la agricultura y derechos de propiedad i	La organización de la agricultura y derechos de propiedad i	tildes: A:organizacion→organización
2341	Desarrollo economico y crecimiento modelos teoricos y aplicaciones empiricas ii	Desarrollo económico y crecimiento modelos teoricos y aplicaciones empiricas ii	tildes: B:economico→económico
2343	Desarrollo economico y crecimiento modelos teoricos y aplicaciones empiricas i	Desarrollo económico y crecimiento modelos teoricos y aplicaciones empiricas i	tildes: B:economico→económico
2344	Introduccion	Introducción	tildes: A:Introduccion→Introducción
2370	Syllabus 21 teoria y politica monetaria	Syllabus 21 teoría y política monetaria	tildes: B:teoria→teoría B:politica→política
2374	Tema 05 banca central e implementacion de politica monetaria v	Tema 05 banca central e implementación de política monetaria v	tildes: A:implementacion→implementación B:politica→política
2375	Tema 05 banca central e implementacion de politica monetaria iv	Tema 05 banca central e implementación de política monetaria iv	tildes: A:implementacion→implementación B:politica→política
2376	Tema 05 banca central e implementacion de politica monetaria iii	Tema 05 banca central e implementación de política monetaria iii	tildes: A:implementacion→implementación B:politica→política
2377	Tema 05 banca central e implementacion de politica monetaria i	Tema 05 banca central e implementación de política monetaria i	tildes: A:implementacion→implementación B:politica→política
2378	Tema 05 banca central e implementacion de politica monetaria ii	Tema 05 banca central e implementación de política monetaria ii	tildes: A:implementacion→implementación B:politica→política
2379	Tema 04 reglas de politica monetaria ii	Tema 04 reglas de política monetaria ii	tildes: B:politica→política
2380	Tema 04 reglas de politica monetaria i	Tema 04 reglas de política monetaria i	tildes: B:politica→política
2381	Tema 03 el modelo neo keynesiano basico ii	Tema 03 el modelo neo keynesiano básico ii	tildes: B:basico→básico
2382	Tema 03 el modelo neo keynesiano basico i	Tema 03 el modelo neo keynesiano básico i	tildes: B:basico→básico
2383	Tema 02 el dinero en el modelo neoclasico ii	Tema 02 el dinero en el modelo neoclásico ii	tildes: B:neoclasico→neoclásico
2384	Tema 02 el dinero en el modelo neoclasico iii	Tema 02 el dinero en el modelo neoclásico iii	tildes: B:neoclasico→neoclásico
2385	Tema 02 el dinero en el modelo neoclasico i	Tema 02 el dinero en el modelo neoclásico i	tildes: B:neoclasico→neoclásico
2387	Tema 01 introduccion motivacion y evidencia empirica i	Tema 01 introducción motivación y evidencia empírica i	tildes: A:introduccion→introducción A:motivacion→motivación B:empirica→empírica
2388	Tema 01 introduccion motivacion y evidencia empirica ii	Tema 01 introducción motivación y evidencia empírica ii	tildes: A:introduccion→introducción A:motivacion→motivación B:empirica→empírica
2414	Syllabus 12 economia publica	Syllabus 12 economía publica	tildes: B:economia→economía
2415	Economia del comportamiento y politica publica	Economía del comportamiento y política publica	tildes: B:Economia→Economía B:politica→política
2418	La evasion fiscal teoria y evidencia	La evasión fiscal teoría y evidencia	tildes: A:evasion→evasión B:teoria→teoría
2423	La esesion publica ii	La esesión publica ii	tildes: A:esesion→esesión
2424	La esesion publica i	La esesión publica i	tildes: A:esesion→esesión
2425	Informacion asimetrica e intervencion gubernamental ii	Información asimetrica e intervención gubernamental ii	tildes: A:Informacion→Información A:intervencion→intervención
2426	Informacion asimetrica e intervencion gubernamental i	Información asimetrica e intervención gubernamental i	tildes: A:Informacion→Información A:intervencion→intervención
2429	Introduccion a la economia del sector publico	Introducción a la economía del sector publico	tildes: A:Introduccion→Introducción B:economia→economía
2442	Syllabus 22 evaluacion social de proyectos	Syllabus 22 evaluación social de proyectos	tildes: A:evaluacion→evaluación
2443	Metodologias de esp evaluacion contingente y evaluacion hedonica	Metodologias de esp evaluación contingente y evaluación hedonica	tildes: A:evaluacion→evaluación A:evaluacion→evaluación
2445	Metodologias de esp analisis costo efectividad	Metodologias de esp análisis costo efectividad	tildes: B:analisis→análisis
2446	Metodologias de esp analisis costo beneficio	Metodologias de esp análisis costo beneficio	tildes: B:analisis→análisis
2447	Estimacion de parametros de la economia	Estimación de parámetros de la economía	tildes: A:Estimacion→Estimación B:parametros→parámetros B:economia→economía
2448	Evaluacion social con distorsiones	Evaluación social con distorsiones	tildes: A:Evaluacion→Evaluación
2449	Evaluacion social sin distorsiones	Evaluación social sin distorsiones	tildes: A:Evaluacion→Evaluación
2450	Identificacion y formulacion de proyectos formulacion de proyectos ii	Identificación y formulación de proyectos formulación de proyectos ii	tildes: A:Identificacion→Identificación A:formulacion→formulación A:formulacion→formulación
2451	Identificacion y formulacion de proyectos formulacion de proyectos i	Identificación y formulación de proyectos formulación de proyectos i	tildes: A:Identificacion→Identificación A:formulacion→formulación A:formulacion→formulación
2452	Identificacion y formulacion de proyectos identificacion de proyectos ii	Identificación y formulación de proyectos identificación de proyectos ii	tildes: A:Identificacion→Identificación A:formulacion→formulación A:identificacion→identificación
2453	Identificacion y formulacion de proyectos identificacion de proyectos i	Identificación y formulación de proyectos identificación de proyectos i	tildes: A:Identificacion→Identificación A:formulacion→formulación A:identificacion→identificación
2454	Que es la evaluacion social de proyectos	Que es la evaluación social de proyectos	tildes: A:evaluacion→evaluación
2456	Introduccion a la esp la inversion publica en america latina	Introducción a la esp la inversión publica en América latina	tildes: A:Introduccion→Introducción A:inversion→inversión B:america→américa
2458	Introduccion a la evaluacion social de proyectos esp conceptos basicos	Introducción a la evaluación social de proyectos esp conceptos básicos	tildes: A:Introduccion→Introducción A:evaluacion→evaluación B:basicos→básicos
2506	Syllabus 06 economia financiera i	Syllabus 06 economía financiera i	tildes: B:economia→economía
2507	Valoracion de opciones financieras	Valoración de opciones financieras	tildes: A:Valoracion→Valoración
2510	Del modelo de seleccion al capm	Del modelo de selección al capm	tildes: A:seleccion→selección
2511	El modelo de seleccion de carteras	El modelo de selección de carteras	tildes: A:seleccion→selección
2512	Tratamiento del riesgo en economia financiera	Tratamiento del riesgo en economía financiera	tildes: B:economia→economía
2513	Valoracion de activos de renta variable valoracion por comparables	Valoración de activos de renta variable valoración por comparables	tildes: A:Valoracion→Valoración A:valoracion→valoración
2514	Valoracion de activos de renta variable conceptos basicos y modelos basados en descuento de flujos	Valoración de activos de renta variable conceptos básicos y modelos basados en descuento de flujos	tildes: A:Valoracion→Valoración B:basicos→básicos
2515	La estructura temporal de los tipos de interes (etti)	La estructura temporal de los tipos de interés (etti)	tildes: B:interes→interés
2517	Tipos de interes y precios de los bonos	Tipos de interés y precios de los bonos	tildes: B:interes→interés
2518	Bonos definiciones y valoracion basica	Bonos definiciones y valoración básica	tildes: A:valoracion→valoración B:basica→básica
2521	El valor del dinero en el tiempo y la ecuacion basica	El valor del dinero en el tiempo y la ecuación básica	tildes: A:ecuacion→ecuación B:basica→básica
2522	Introduccion y conceptos basicos	Introducción y conceptos básicos	tildes: A:Introduccion→Introducción B:basicos→básicos
2523	Introduccion del docente	Introducción del docente	tildes: A:Introduccion→Introducción
2544	Syllabus 09 economia financiera ii	Syllabus 09 economía financiera ii	tildes: B:economia→economía
2545	Valoracion de empresas ii	Valoración de empresas ii	tildes: A:Valoracion→Valoración
2546	Valoracion de empresas i	Valoración de empresas i	tildes: A:Valoracion→Valoración
2547	La politica de dividendos	La política de dividendos	tildes: B:politica→política
2550	Decisiones de inversion con opciones reales	Decisiones de inversión con opciones reales	tildes: A:inversion→inversión
2551	El calculo del coste de capital de un proyecto de inversion	El calculo del coste de capital de un proyecto de inversión	tildes: A:inversion→inversión
2552	Riesgo de una decision empresarial y el coste de capital	Riesgo de una decisión empresarial y el coste de capital	tildes: A:decision→decisión
2553	La prevision de los cash flows de un proyecto de inversion empresarial ii	La previsión de los cash flows de un proyecto de inversión empresarial ii	tildes: A:prevision→previsión A:inversion→inversión
2554	La prevision de los cash flows de un proyecto de inversion empresarial i	La previsión de los cash flows de un proyecto de inversión empresarial i	tildes: A:prevision→previsión A:inversion→inversión
2556	Criterios para la toma de decisiones de inversion empresarial	Criterios para la toma de decisiones de inversión empresarial	tildes: A:inversion→inversión
2557	Estructura e informacion de los estados financieros	Estructura e información de los estados financieros	tildes: A:informacion→información
2558	Introduccion a las finanzas corporativas	Introducción a las finanzas corporativas	tildes: A:Introduccion→Introducción
2573	Otras medidas de evaluacion de resultados	Otras medidas de evaluación de resultados	tildes: A:evaluacion→evaluación
2575	Futuros swaps y estrategias de gestion del riesgo	Futuros swaps y estrategias de gestión del riesgo	tildes: B:gestion→gestión
2578	Hipotesis de eficiencia del mercado	Hipótesis de eficiencia del mercado	tildes: B:Hipotesis→Hipótesis
2580	Modelo de valoracion por arbitraje (apt)	Modelo de valoración por arbitraje (apt)	tildes: A:valoracion→valoración
2581	Gestion avanzada de carteras	Gestión avanzada de carteras	tildes: B:Gestion→Gestión
2582	Riesgo de tipo de interes e inmunizacion	Riesgo de tipo de interés e inmunización	tildes: B:interes→interés A:inmunizacion→inmunización
2584	Instituciones de inversion colectiva	Instituciones de inversión colectiva	tildes: A:inversion→inversión
2585	Introduccion	Introducción	tildes: A:Introduccion→Introducción
2610	Introduccion a las matematicas financieras	Introducción a las matemáticas financieras	tildes: A:Introduccion→Introducción B:matematicas→matemáticas
2611	Intervalos de confianza y contrastes de hipotesis	Intervalos de confianza y contrastes de hipótesis	tildes: B:hipotesis→hipótesis
2612	Estimacion	Estimación	tildes: A:Estimacion→Estimación
2617	Conceptos basicos para el analisis macroeconomico	Conceptos básicos para el análisis macroeconómico	tildes: B:basicos→básicos B:analisis→análisis B:macroeconomico→macroeconómico
2618	Optimizacion y el mercado competitivo	Optimización y el mercado competitivo	tildes: A:Optimizacion→Optimización
2619	Principios y practica de la economia	Principios y practica de la economía	tildes: B:economia→economía
2650	Syllabus 14 macroeconomia dinamica	Syllabus 14 macroeconomía dinámica	tildes: B:macroeconomia→macroeconomía B:dinamica→dinámica
2652	Tema 05 valoracion de activos	Tema 05 valoración de activos	tildes: A:valoracion→valoración
2653	Tema 04 ciclos economicos modelo rbc	Tema 04 ciclos económicos modelo rbc	tildes: B:economicos→económicos
2654	Tema 04 ciclos economicos introduccion	Tema 04 ciclos económicos introducción	tildes: B:economicos→económicos A:introduccion→introducción
2659	Tema 02 modelo de equilibrio general dinamico dinamica y analisis de eficiencia	Tema 02 modelo de equilibrio general dinámico dinámica y análisis de eficiencia	tildes: B:dinamico→dinámico B:dinamica→dinámica B:analisis→análisis
2660	Tema 02 modelo de equilibrio general dinamico economia descentralizada	Tema 02 modelo de equilibrio general dinámico economía descentralizada	tildes: B:dinamico→dinámico B:economia→economía
2661	Tema 01 teoria del consumo implicaciones contrastables y extensiones ii	Tema 01 teoría del consumo implicaciones contrastables y extensiones ii	tildes: B:teoria→teoría
2662	Tema 01 teoria del consumo implicaciones contrastables y extensiones i	Tema 01 teoría del consumo implicaciones contrastables y extensiones i	tildes: B:teoria→teoría
2663	Tema 01 teoria del consumo modelo basico ii	Tema 01 teoría del consumo modelo básico ii	tildes: B:teoria→teoría B:basico→básico
2664	Tema 01 teoria del consumo modelo basico i	Tema 01 teoría del consumo modelo básico i	tildes: B:teoria→teoría B:basico→básico
2677	Syllabus 04 macroeconomia i	Syllabus 04 macroeconomía i	tildes: B:macroeconomia→macroeconomía
2680	El largo plazo el ahorro la acumulacion de capital y la produccion	El largo plazo el ahorro la acumulación de capital y la producción	tildes: A:acumulacion→acumulación A:produccion→producción
2683	El medio plazo la curva de phillips la tasa natural de desempleo y la inflacion	El medio plazo la curva de phillips la tasa natural de desempleo y la inflación	tildes: A:inflacion→inflación
2691	El corto plazo introduccion	El corto plazo introducción	tildes: A:introduccion→introducción
2694	Syllabus 07 macroeconomia ii	Syllabus 07 macroeconomía ii	tildes: B:macroeconomia→macroeconomía
2714	La politica fiscal	La política fiscal	tildes: B:politica→política
2715	La politica monetaria	La política monetaria	tildes: B:politica→política
2716	Deben ponerse limites a las autoridades economicas	Deben ponerse limites a las autoridades económicas	tildes: B:economicas→económicas
2718	La produccion el tipo de interes y el tipo de cambio	La producción el tipo de interés y el tipo de cambio	tildes: A:produccion→producción B:interes→interés
2719	El mercado de bienes en una economia abierta	El mercado de bienes en una economía abierta	tildes: B:economia→economía
2721	Las expectativas la produccion y la politica macroeconomica	Las expectativas la producción y la política macroeconómica	tildes: A:produccion→producción B:politica→política B:macroeconomica→macroeconómica
2722	Las expectativas el consumo y la inversion	Las expectativas el consumo y la inversión	tildes: A:inversion→inversión
2724	Las expectativas los instrumentos basicos	Las expectativas los instrumentos básicos	tildes: B:basicos→básicos
2725	Introduccion	Introducción	tildes: A:Introduccion→Introducción
2746	Syllabus 01 matematicas i	Syllabus 01 matemáticas i	tildes: B:matematicas→matemáticas
2747	Reglas de integracion	Reglas de integración	tildes: A:integracion→integración
2748	Integracion	Integración	tildes: A:Integracion→Integración
2749	Guia para hacer graficas	Guía para hacer graficas	tildes: B:Guia→Guía
2751	Informacion de la primera y segunda derivadas	Información de la primera y segunda derivadas	tildes: A:Informacion→Información
2753	Reglas de derivacion	Reglas de derivación	tildes: A:derivacion→derivación
2757	Limites	Límites	tildes: B:Limites→Límites
2760	Introduccion	Introducción	tildes: A:Introduccion→Introducción
2776	Syllabus 03 matematicas ii	Syllabus 03 matemáticas ii	tildes: B:matematicas→matemáticas
2777	Optimizacion con restricciones de desigualdad	Optimización con restricciones de desigualdad	tildes: A:Optimizacion→Optimización
2778	Optimizacion con restricciones de igualdad condiciones de segundo orden	Optimización con restricciones de igualdad condiciones de segundo orden	tildes: A:Optimizacion→Optimización
2779	Optimizacion con restricciones de igualdad condiciones de primer orden	Optimización con restricciones de igualdad condiciones de primer orden	tildes: A:Optimizacion→Optimización
2780	Optimizacion de funciones concavas y convexas	Optimización de funciones concavas y convexas	tildes: A:Optimizacion→Optimización
2782	Optimizacion sin restricciones	Optimización sin restricciones	tildes: A:Optimizacion→Optimización
2784	Aplicaciones a economia elasticidades la elasticidad de sustitucion	Aplicaciones a economía elasticidades la elasticidad de sustitución	tildes: B:economia→economía A:sustitucion→sustitución
2785	Derivacion implicita	Derivación implicita	tildes: A:Derivacion→Derivación
2786	Reglas de derivacion la regla de la cadena	Reglas de derivación la regla de la cadena	tildes: A:derivacion→derivación
2788	Derivacion de funciones de varias variables	Derivación de funciones de varias variables	tildes: A:Derivacion→Derivación
2819	Syllabus 10 matematicas iii	Syllabus 10 matemáticas iii	tildes: B:matematicas→matemáticas
2820	Teoria del control optimo iii	Teoría del control optimo iii	tildes: B:Teoria→Teoría
2821	Teoria del control optimo ii	Teoría del control optimo ii	tildes: B:Teoria→Teoría
2822	Teoria del control optimo i	Teoría del control optimo i	tildes: B:Teoria→Teoría
2823	Calculo de variaciones ii	Cálculo de variaciones ii	tildes: B:Calculo→Cálculo
2824	Calculo de variaciones i	Cálculo de variaciones i	tildes: B:Calculo→Cálculo
2828	Programacion dinamica iii	Programación dinámica iii	tildes: A:Programacion→Programación B:dinamica→dinámica
2829	Programacion dinamica ii	Programación dinámica ii	tildes: A:Programacion→Programación B:dinamica→dinámica
2830	Programacion dinamica i	Programación dinámica i	tildes: A:Programacion→Programación B:dinamica→dinámica
2831	Diagonalizacion de matrices	Diagonalización de matrices	tildes: A:Diagonalizacion→Diagonalización
2866	Regresion discontinua ii	Regresión discontinua ii	tildes: A:Regresion→Regresión
2867	Regresion discontinua i	Regresión discontinua i	tildes: A:Regresion→Regresión
2871	Seleccion en observables matching o emparejamiento ii	Selección en observables matching o emparejamiento ii	tildes: A:Seleccion→Selección
2872	Seleccion en observables matching o emparejamiento i	Selección en observables matching o emparejamiento i	tildes: A:Seleccion→Selección
2873	Seleccion en observables regresion ii	Selección en observables regresión ii	tildes: A:Seleccion→Selección A:regresion→regresión
2874	Seleccion en observables regresion i	Selección en observables regresión i	tildes: A:Seleccion→Selección A:regresion→regresión
2876	El analisis empirico en economia	El análisis empirico en economía	tildes: B:analisis→análisis B:economia→economía
2877	S0 informacion importante practicas microeconometria aplicada	S0 información importante practicas microeconometria aplicada	tildes: A:informacion→información
2878	S0 guia stata	S0 guía stata	tildes: B:guia→guía
2907	Syllabus 02 microeconomia i	Syllabus 02 microeconomía i	tildes: B:microeconomia→microeconomía
2915	Los costes de produccion	Los costes de producción	tildes: A:produccion→producción
2916	La produccion los costes de produccion	La producción los costes de producción	tildes: A:produccion→producción A:produccion→producción
2917	La produccion	La producción	tildes: A:produccion→producción
2921	Prolegomenos los elementos basicos de la oferta y demanda	Prolegomenos los elementos básicos de la oferta y demanda	tildes: B:basicos→básicos
2950	Syllabus 05 microeconomia ii	Syllabus 05 microeconomía ii	tildes: B:microeconomia→microeconomía
2952	Economia del comportamiento	Economía del comportamiento	tildes: B:Economia→Economía
2953	Las decisiones estrategicas introduccion a la teoria de juegos ii	Las decisiones estrategicas introducción a la teoría de juegos ii	tildes: A:introduccion→introducción B:teoria→teoría
2954	Las decisiones estrategicas introduccion a la teoria de juegos i	Las decisiones estrategicas introducción a la teoría de juegos i	tildes: A:introduccion→introducción B:teoria→teoría
2957	Fallos de mercado la informacion asimetrica	Fallos de mercado la información asimetrica	tildes: A:informacion→información
2960	Un analisis de equilibrio general el bienestar	Un análisis de equilibrio general el bienestar	tildes: B:analisis→análisis
2961	Un analisis de equilibrio general la produccion	Un análisis de equilibrio general la producción	tildes: B:analisis→análisis A:produccion→producción
2962	Un analisis de equilibrio general el intercambio	Un análisis de equilibrio general el intercambio	tildes: B:analisis→análisis
2963	La fijacion de precios con poder de mercado	La fijación de precios con poder de mercado	tildes: A:fijacion→fijación
2994	Syllabus 08 organizacion industrial	Syllabus 08 organización industrial	tildes: A:organizacion→organización
2995	Teoria de la empresa	Teoría de la empresa	tildes: B:Teoria→Teoría
2996	Integracion vertical y subcontratacion de bienes y servicios	Integración vertical y subcontratación de bienes y servicios	tildes: A:Integracion→Integración A:subcontratacion→subcontratación
2997	Comportamiento estrategico	Comportamiento estratégico	tildes: B:estrategico→estratégico
2998	Discriminacion de precios de segundo grado ii	Discriminación de precios de segundo grado ii	tildes: A:Discriminacion→Discriminación
2999	Discriminacion de precios de segundo grado i	Discriminación de precios de segundo grado i	tildes: A:Discriminacion→Discriminación
3000	La discriminacion de precios	La discriminación de precios	tildes: A:discriminacion→discriminación
3003	Modelos de diferenciacion endogena	Modelos de diferenciación endogena	tildes: A:diferenciacion→diferenciación
3004	Diferenciacion de producto y competencia monopolistica	Diferenciación de producto y competencia monopolistica	tildes: A:Diferenciacion→Diferenciación
3006	Teoria de juegos	Teoría de juegos	tildes: B:Teoria→Teoría
3007	Colusion y carteles	Colusión y carteles	tildes: A:Colusion→Colusión
3048	200+1 prompts para educacion: guía para docentes innovadores	200+1 prompts para educación: guía para docentes innovadores	tildes: A:educacion→educación
3050	La naturaleza y ambito de la microeconomia	La naturaleza y ambito de la microeconomía	tildes: B:microeconomia→microeconomía
3051	Algunos elementos para el analisis de los mercados desde una perspectiva estratégica	Algunos elementos para el análisis de los mercados desde una perspectiva estratégica	tildes: B:analisis→análisis
3052	Teoria de los mercados competitivos	Teoría de los mercados competitivos	tildes: B:Teoria→Teoría
3053	La teoria de la multiproduccion	La teoría de la multiproducción	tildes: B:teoria→teoría A:multiproduccion→multiproducción
3055	La teoria del consumidor modelos avanzados	La teoría del consumidor modelos avanzados	tildes: B:teoria→teoría
3056	La teoria del consumidor	La teoría del consumidor	tildes: B:teoria→teoría
3057	La teoria del consumidor dualidad	La teoría del consumidor dualidad	tildes: B:teoria→teoría
3059	La economia como parte de la etica	La economía como parte de la ética	tildes: B:economia→economía B:etica→ética
3066	La revolucion marginalista	La revolución marginalista	tildes: A:revolucion→revolución
3072	Las principales corrientes de la nueva economia clasica	Las principales corrientes de la nueva economía clásica	tildes: B:economia→economía B:clasica→clásica
3073	La hipotesis de las expectativas racionales	La hipótesis de las expectativas racionales	tildes: B:hipotesis→hipótesis
3075	Indice general	Índice general	tildes: B:Indice→Índice
3076	Integracion. Calculo de areas	Integración. Calculo de areas	tildes: A:Integracion→Integración
3077	Limites y continuidad de funciones	Límites y continuidad de funciones	tildes: B:Limites→Límites
3082	Inferencia estadistica	Inferencia estadística	tildes: B:estadistica→estadística
3084	Distribucion binomial y distribucion normal	Distribución binomial y distribución normal	tildes: A:Distribucion→Distribución A:distribucion→distribución
3109	Guia didactica para elaborar antecedentes de investigacion	Guía didáctica para elaborar antecedentes de investigación	tildes: B:Guia→Guía B:didactica→didáctica A:investigacion→investigación
3153	Introduccion teoría asintótica	Introducción teoría asintótica	tildes: A:Introduccion→Introducción
3155	Macroeconomia	Macroeconomía	tildes: B:Macroeconomia→Macroeconomía
3166	Introduccion teoria de contratos	Introducción teoría de contratos	tildes: A:Introduccion→Introducción B:teoria→teoría
3173	Presentacion	Presentación	tildes: A:Presentacion→Presentación
3174	Evaluacion del modulo i	Evaluación del módulo i	tildes: A:Evaluacion→Evaluación B:modulo→módulo
3177	Elementos de una planificacion estrategica	Elementos de una planificación estratégica	tildes: A:planificacion→planificación B:estrategica→estratégica
3178	Elementos de una planificacion estrategica	Elementos de una planificación estratégica	tildes: A:planificacion→planificación B:estrategica→estratégica
3179	Elementos de una planificacion estrategica	Elementos de una planificación estratégica	tildes: A:planificacion→planificación B:estrategica→estratégica
3180	Planificacion estrategica para pequenas y medianas empresas	Planificación estratégica para pequenas y medianas empresas	tildes: A:Planificacion→Planificación B:estrategica→estratégica
3181	Elementos de una planificacion estrategica	Elementos de una planificación estratégica	tildes: A:planificacion→planificación B:estrategica→estratégica
3196	Sesion 01	Sesión 01	tildes: A:Sesion→Sesión
3197	Sesion 03	Sesión 03	tildes: A:Sesion→Sesión
3198	Sesion 02	Sesión 02	tildes: A:Sesion→Sesión
3199	Econometria 01 sesion 01	Econometría 01 sesión 01	tildes: B:Econometria→Econometría A:sesion→sesión
3200	Econometria 01 sesion 02	Econometría 01 sesión 02	tildes: B:Econometria→Econometría A:sesion→sesión
3201	Econometria 01 sesion 03	Econometría 01 sesión 03	tildes: B:Econometria→Econometría A:sesion→sesión
3202	Teoria del juego	Teoría del juego	tildes: B:Teoria→Teoría
3259	Introduccion	Introducción	tildes: A:Introduccion→Introducción
3264	La empresa la produccion y los costes	La empresa la producción y los costes	tildes: A:produccion→producción
3267	Introduccion a finanzas corporativas	Introducción a finanzas corporativas	tildes: A:Introduccion→Introducción
3273	Opciones reales gestion	Opciones reales gestión	tildes: B:gestion→gestión
3274	Opcion real de abandonar	Opción real de abandonar	tildes: A:Opcion→Opción
3275	La politica de dividendos	La política de dividendos	tildes: B:politica→política
3276	Opcion real de ampliar y reducir	Opción real de ampliar y reducir	tildes: A:Opcion→Opción
3277	Opcion real compuesta	Opción real compuesta	tildes: A:Opcion→Opción
3278	Opcion real de diferir	Opción real de diferir	tildes: A:Opcion→Opción
3279	Opcion real valoracion metodo binomial	Opción real valoración método binomial	tildes: A:Opcion→Opción A:valoracion→valoración B:metodo→método
3281	Opciones reales: introduccion	Opciones reales: introducción	tildes: A:introduccion→introducción
3282	Introduccion al var	Introducción al var	tildes: A:Introduccion→Introducción
3284	Procesos estocasticos introduccion	Procesos estocasticos introducción	tildes: A:introduccion→introducción
3288	Riesgo economico y financiero	Riesgo económico y financiero	tildes: B:economico→económico
3290	El riesgo de interes	El riesgo de interés	tildes: B:interes→interés
3291	Introduccion al riesgo en la empresa	Introducción al riesgo en la empresa	tildes: A:Introduccion→Introducción
3293	Introduccion a la gestion de riesgos	Introducción a la gestión de riesgos	tildes: A:Introduccion→Introducción B:gestion→gestión
3297	Opciones reales en la valorizacion de proyectos	Opciones reales en la valorización de proyectos	tildes: A:valorizacion→valorización
3299	Gestion pasiva de una cartera de renta fija	Gestión pasiva de una cartera de renta fija	tildes: B:Gestion→Gestión
3300	Gestion activa de una cartera de renta fija	Gestión activa de una cartera de renta fija	tildes: B:Gestion→Gestión
3302	Valoracion de los activos de renta fija	Valoración de los activos de renta fija	tildes: A:Valoracion→Valoración
3304	Estructura temporal de tipos de interes	Estructura temporal de tipos de interés	tildes: B:interes→interés
3305	Modelos de valoracion de activos	Modelos de valoración de activos	tildes: A:valoracion→valoración
3306	Seleccion de carteras	Selección de carteras	tildes: A:Seleccion→Selección
3309	Valoracion de proyectos	Valoración de proyectos	tildes: A:Valoracion→Valoración
3315	Produccion y costos	Producción y costos	tildes: A:Produccion→Producción
3318	Eleccion de condiciones de incertidumbre	Elección de condiciones de incertidumbre	tildes: A:Eleccion→Elección
3319	Eleccion intertemporal	Elección intertemporal	tildes: A:Eleccion→Elección
3320	Eleccion del consumo ocio	Elección del consumo ocio	tildes: A:Eleccion→Elección
3321	Funcion de la demanda	Función de la demanda	tildes: A:Funcion→Función
3322	Eleccion del consumidor	Elección del consumidor	tildes: A:Eleccion→Elección
3323	Restriccion presupuestaria	Restricción presupuestaria	tildes: A:Restriccion→Restricción
3325	Introduccion	Introducción	tildes: A:Introduccion→Introducción
3326	Informacion incompleta: juegos dinamicos o de senalizacion	Información incompleta: juegos dinamicos o de senalización	tildes: A:Informacion→Información A:senalizacion→senalización
3330	Analisis en forma estrategica: juegos estaticos II	Análisis en forma estratégica: juegos estaticos II	tildes: B:Analisis→Análisis B:estrategica→estratégica
3332	Analisis en forma estrategica: juegos estaticos I	Análisis en forma estratégica: juegos estaticos I	tildes: B:Analisis→Análisis B:estrategica→estratégica
3337	El costo del credito en peru revisión de la evolución reciente	El costo del crédito en Perú revisión de la evolución reciente	tildes: B:credito→crédito B:peru→perú
3354	Macroeconomia avanzada	Macroeconomía avanzada	tildes: B:Macroeconomia→Macroeconomía
3355	Teoria ciclos reales	Teoría ciclos reales	tildes: B:Teoria→Teoría
3356	Modelo de inconsistencia dinamica	Modelo de inconsistencia dinámica	tildes: B:dinamica→dinámica
3358	La inversion intertemporal	La inversión intertemporal	tildes: A:inversion→inversión
3360	Las expectativas adaptativas y racionales y la dinamica macroeconomica	Las expectativas adaptativas y racionales y la dinámica macroeconómica	tildes: B:dinamica→dinámica B:macroeconomica→macroeconómica
3361	Macroeconomia dinamica de una economia abierta y la sobre reaccion del tipo de cambio	Macroeconomía dinámica de una economía abierta y la sobre reacción del tipo de cambio	tildes: B:Macroeconomia→Macroeconomía B:dinamica→dinámica B:economia→economía A:reaccion→reacción
3362	Modelo macroeconomico dinamico de argandona para una economia cerrada	Modelo macroeconómico dinámico de argandona para una economía cerrada	tildes: B:macroeconomico→macroeconómico B:dinamico→dinámico B:economia→economía
3363	Modelo is lm dinamico para una economia cerrada	Modelo is lm dinámico para una economía cerrada	tildes: B:dinamico→dinámico B:economia→economía
3364	La teoria keynesiana en la version de sargent	La teoría keynesiana en la versión de sargent	tildes: B:teoria→teoría A:version→versión
3365	La teoria clasica en la version de sargent	La teoría clásica en la versión de sargent	tildes: B:teoria→teoría B:clasica→clásica A:version→versión
3366	Evolucion y estado actual de la macroeconomia	Evolución y estado actual de la macroeconomía	tildes: A:Evolucion→Evolución B:macroeconomia→macroeconomía
3371	Teorias de la inversion	Teorías de la inversión	tildes: B:Teorias→Teorías A:inversion→inversión
3372	Teorias del consumo y el ahorro	Teorías del consumo y el ahorro	tildes: B:Teorias→Teorías
3373	El modelo de demanda y oferta agregada de una economia abierta con tipo de cambio flexible	El modelo de demanda y oferta agregada de una economía abierta con tipo de cambio flexible	tildes: B:economia→economía
3374	El modelo de demanda y oferta agregada de una economia abierta con tipo de cambio fijo	El modelo de demanda y oferta agregada de una economía abierta con tipo de cambio fijo	tildes: B:economia→economía
3375	El modelo is lm bb de una economia abierta con tipo de cambio flexible de corto plazo	El modelo is lm bb de una economía abierta con tipo de cambio flexible de corto plazo	tildes: B:economia→economía
3376	El modelo is lm de una economia abierta con tipo de cambio fijo de corto plazo	El modelo is lm de una economía abierta con tipo de cambio fijo de corto plazo	tildes: B:economia→economía
3377	El modelo de la renta de una economia abierta	El modelo de la renta de una economía abierta	tildes: B:economia→economía
3379	Indice	Índice	tildes: B:Indice→Índice
3380	Las cuentas nacionales de una economia abierta y la balanza de pagos	Las cuentas nacionales de una economía abierta y la balanza de pagos	tildes: B:economia→economía
3382	Historia de la macroeconomia	Historia de la macroeconomía	tildes: B:macroeconomia→macroeconomía
3384	Teoria de los ciclos reales	Teoría de los ciclos reales	tildes: B:Teoria→Teoría
3385	La nueva macroeconomia clasica	La nueva macroeconomía clásica	tildes: B:macroeconomia→macroeconomía B:clasica→clásica
3387	La sintesis neoclasica keynesiana	La síntesis neoclásica keynesiana	tildes: B:sintesis→síntesis B:neoclasica→neoclásica
3388	La teoria keynesiana da oa	La teoría keynesiana da oa	tildes: B:teoria→teoría
3389	La teoria keynesiana is lm	La teoría keynesiana is lm	tildes: B:teoria→teoría
3390	La macroeconomia clasica o neoclasica de corto plazo	La macroeconomía clásica o neoclásica de corto plazo	tildes: B:macroeconomia→macroeconomía B:clasica→clásica B:neoclasica→neoclásica
3392	Introduccion a macroeconomia	Introducción a macroeconomía	tildes: A:Introduccion→Introducción B:macroeconomia→macroeconomía
3393	Indice	Índice	tildes: B:Indice→Índice
3394	Introduccion a la macroeconomia	Introducción a la macroeconomía	tildes: A:Introduccion→Introducción B:macroeconomia→macroeconomía
3396	La sintesis neoclasica	La síntesis neoclásica	tildes: B:sintesis→síntesis B:neoclasica→neoclásica
3400	La teoria del consumidor	La teoría del consumidor	tildes: B:teoria→teoría
3430	Introduccion	Introducción	tildes: A:Introduccion→Introducción
3431	Planificacion	Planificación	tildes: A:Planificacion→Planificación
3432	Tipos de texto academico	Tipos de texto académico	tildes: B:academico→académico
3437	La oracion	La oración	tildes: A:oracion→oración
3454	Nueva economia keynesiana	Nueva economía keynesiana	tildes: B:economia→economía
3455	Rbc en una economia abierta	Rbc en una economía abierta	tildes: B:economia→economía
3485	Estadistica avanzada y analisis de datos	Estadística avanzada y análisis de datos	tildes: B:Estadistica→Estadística B:analisis→análisis
3486	Optimizacion	Optimización	tildes: A:Optimizacion→Optimización
3487	Analisis de componentes principales (pca)	Análisis de componentes principales (pca)	tildes: B:Analisis→Análisis
3489	Contraste de hipotesis para una muestra	Contraste de hipótesis para una muestra	tildes: B:hipotesis→hipótesis
3490	Introduccion a la estadistica multivariante	Introducción a la estadística multivariante	tildes: A:Introduccion→Introducción B:estadistica→estadística
3491	Correlacion	Correlación	tildes: A:Correlacion→Correlación
3492	Regresion lineal simple	Regresión lineal simple	tildes: A:Regresion→Regresión
3493	Calculo de errores	Cálculo de errores	tildes: B:Calculo→Cálculo
3494	Introduccion a la estadistica bayesiana	Introducción a la estadística bayesiana	tildes: A:Introduccion→Introducción B:estadistica→estadística
3495	Introduccion	Introducción	tildes: A:Introduccion→Introducción
3501	Herramientas para el analisis distributivo	Herramientas para el análisis distributivo	tildes: B:analisis→análisis
3503	Analisis conjunto de todos los mercados el modelo oa da	Análisis conjunto de todos los mercados el modelo oa da	tildes: B:Analisis→Análisis
3505	La integracion de los mercados de bienes y financieros	La integración de los mercados de bienes y financieros	tildes: A:integracion→integración
3508	Fundamentos microeconomicos de la inversion	Fundamentos microeconomicos de la inversión	tildes: A:inversion→inversión
3509	Introduccion a los problemas macroeconomicos fundamentales	Introducción a los problemas macroeconomicos fundamentales	tildes: A:Introduccion→Introducción
3524	Modelo general de regresion lineal permitiendo heterocedasticidad en los errores	Modelo general de regresión lineal permitiendo heterocedasticidad en los errores	tildes: A:regresion→regresión
3534	Modelos de seleccion discreta probit y logit bondad de ajuste	Modelos de selección discreta probit y logit bondad de ajuste	tildes: A:seleccion→selección
3535	Modelos de seleccion discreta probit y logit variable dep	Modelos de selección discreta probit y logit variable dep	tildes: A:seleccion→selección
3536	Modelos de seleccion discreta probit y logit modelo de probab	Modelos de selección discreta probit y logit modelo de probab	tildes: A:seleccion→selección
3537	Modelos de seleccion discreta probit y logit modelo d	Modelos de selección discreta probit y logit modelo d	tildes: A:seleccion→selección
3538	Modelos fraccionados definicion	Modelos fraccionados definición	tildes: A:definicion→definición
3540	Modelos fraccionados transformacion log odds	Modelos fraccionados transformación log odds	tildes: A:transformacion→transformación
3542	Modelos multinomiales y ordenados presentacion del modelo multinomial	Modelos multinomiales y ordenados presentación del modelo multinomial	tildes: A:presentacion→presentación
3546	Sesgo de seleccion	Sesgo de selección	tildes: A:seleccion→selección
3547	Sesgo de seleccion definicion	Sesgo de selección definición	tildes: A:seleccion→selección A:definicion→definición
3548	Sesgo de seleccion metodos de estimacion	Sesgo de selección métodos de estimación	tildes: A:seleccion→selección B:metodos→métodos A:estimacion→estimación
3549	Modelos de ecuaciones simultaneas definicion	Modelos de ecuaciones simultaneas definición	tildes: A:definicion→definición
3550	Modelos de ecuaciones simultaneas problema de identificacion	Modelos de ecuaciones simultaneas problema de identificación	tildes: A:identificacion→identificación
3551	Modelos de ecuaciones simultaneas estimacion	Modelos de ecuaciones simultaneas estimación	tildes: A:estimacion→estimación
3552	Modelos de ecuaciones simultaneas presentacion del modelo	Modelos de ecuaciones simultaneas presentación del modelo	tildes: A:presentacion→presentación
3557	Tema 06 teoria de juegos	Tema 06 teoría de juegos	tildes: B:teoria→teoría
3568	Introduccion a la econometria bayesiana	Introducción a la econometría bayesiana	tildes: A:Introduccion→Introducción B:econometria→econometría
3569	Modelo de regresion lineal	Modelo de regresión lineal	tildes: A:regresion→regresión
3570	Simulacion y estimacion bayesiana	Simulación y estimación bayesiana	tildes: A:Simulacion→Simulación A:estimacion→estimación
3571	Introduccion a la evaluacion de impacto	Introducción a la evaluación de impacto	tildes: A:Introduccion→Introducción A:evaluacion→evaluación
3572	Introduccion a los experimentos aleatorios introduccion	Introducción a los experimentos aleatorios introducción	tildes: A:Introduccion→Introducción A:introduccion→introducción
3573	Introduccion a los experimentos aleatorios tamamo de muestra	Introducción a los experimentos aleatorios tamamo de muestra	tildes: A:Introduccion→Introducción
3574	Introduccion a los experimentos aleatorios analisis de regresion	Introducción a los experimentos aleatorios análisis de regresión	tildes: A:Introduccion→Introducción B:analisis→análisis A:regresion→regresión
3575	Introduccion a los experimentos aleatorios introduccion a la inferencia causal	Introducción a los experimentos aleatorios introducción a la inferencia causal	tildes: A:Introduccion→Introducción A:introduccion→introducción
3576	Introduccion a los experimentos aleatorios aleatorizacion	Introducción a los experimentos aleatorios aleatorización	tildes: A:Introduccion→Introducción A:aleatorizacion→aleatorización
3577	Modelo de emparejamiento introduccion al psm	Modelo de emparejamiento introducción al psm	tildes: A:introduccion→introducción
3578	Modelo de emparejamiento implementacion del psm	Modelo de emparejamiento implementación del psm	tildes: A:implementacion→implementación
3579	Modelo de emparejamiento teoria del psm	Modelo de emparejamiento teoría del psm	tildes: B:teoria→teoría
3580	Modelo de emparejamiento implementacion del psm	Modelo de emparejamiento implementación del psm	tildes: A:implementacion→implementación
3581	Regresion discontinua rd	Regresión discontinua rd	tildes: A:Regresion→Regresión
3582	Regresion discontinua sharp vs fuzzy	Regresión discontinua sharp vs fuzzy	tildes: A:Regresion→Regresión
3585	Metodo de control sintetico	Método de control sintetico	tildes: B:Metodo→Método
3586	Metodo de control sintetico resumen	Método de control sintetico resumen	tildes: B:Metodo→Método
3587	Introduccion a la programacion con eviews	Introducción a la programación con eviews	tildes: A:Introduccion→Introducción A:programacion→programación
3589	Conceptos basicos	Conceptos básicos	tildes: B:basicos→básicos
3592	Sesion 01 la empresa y las finanzas 01	Sesión 01 la empresa y las finanzas 01	tildes: A:Sesion→Sesión
3602	Manual de analisis fundamental	Manual de análisis fundamental	tildes: B:analisis→análisis
3605	Introduccion analisis fundamental	Introducción análisis fundamental	tildes: A:Introduccion→Introducción B:analisis→análisis
3606	Como entender los indicadores economicos de estados unidos	Como entender los indicadores económicos de estados unidos	tildes: B:economicos→económicos
3609	Analisis tecnico	Análisis técnico	tildes: B:Analisis→Análisis B:tecnico→técnico
3629	Teoria de portafolio moderna	Teoría de portafolio moderna	tildes: B:Teoria→Teoría
3630	Teoria de portafolio clasica	Teoría de portafolio clásica	tildes: B:Teoria→Teoría B:clasica→clásica
3675	Observacion descripcion	Observación descripción	tildes: A:Observacion→Observación A:descripcion→descripción
3676	Comparacion relacion	Comparación relación	tildes: A:Comparacion→Comparación A:relacion→relación
3677	Introduccion	Introducción	tildes: A:Introduccion→Introducción
3678	Programacion orientado a objetos	Programación orientado a objetos	tildes: A:Programacion→Programación
3679	Metodologia para construir algoritmos	Metodología para construir algoritmos	tildes: B:Metodologia→Metodología
3682	Lenguajes de programacion	Lenguajes de programación	tildes: A:programacion→programación
3687	Introduccion html css java script	Introducción html css java script	tildes: A:Introduccion→Introducción
3688	Introduccion al latex	Introducción al latex	tildes: A:Introduccion→Introducción
3689	Latex y matematica	Latex y matemática	tildes: B:matematica→matemática
3694	Introduccion conceptos basicos	Introducción conceptos básicos	tildes: A:Introduccion→Introducción B:basicos→básicos
3695	Teoria del consumo i	Teoría del consumo i	tildes: B:Teoria→Teoría
3696	Teoria del consumo ii	Teoría del consumo ii	tildes: B:Teoria→Teoría
3697	Teoria del consumo iii	Teoría del consumo iii	tildes: B:Teoria→Teoría
3698	Teoria de la inversion i	Teoría de la inversión i	tildes: B:Teoria→Teoría A:inversion→inversión
3699	Teoria de la inversion ii	Teoría de la inversión ii	tildes: B:Teoria→Teoría A:inversion→inversión
3704	Ciclos economicos reales	Ciclos económicos reales	tildes: B:economicos→económicos
3705	Crecimiento economico i	Crecimiento económico i	tildes: B:economico→económico
3706	Crecimiento economico ii	Crecimiento económico ii	tildes: B:economico→económico
3707	Economia monetaria i	Economía monetaria i	tildes: B:Economia→Economía
3708	Economia monetaria ii	Economía monetaria ii	tildes: B:Economia→Economía
3709	Economia monetaria ii	Economía monetaria ii	tildes: B:Economia→Economía
3710	Economia monetaria i	Economía monetaria i	tildes: B:Economia→Economía
3713	Teoria del consumidor i	Teoría del consumidor i	tildes: B:Teoria→Teoría
3714	Teoria del consumidor	Teoría del consumidor	tildes: B:Teoria→Teoría
3715	Teoria del consumidor	Teoría del consumidor	tildes: B:Teoria→Teoría
3717	Teoria del productor	Teoría del productor	tildes: B:Teoria→Teoría
3718	Teoria del productor	Teoría del productor	tildes: B:Teoria→Teoría
3719	Teoria del productor	Teoría del productor	tildes: B:Teoria→Teoría
3723	Decisiones de consumo y produccion en el tiempo	Decisiones de consumo y producción en el tiempo	tildes: A:produccion→producción
3732	Introduccion al mundo de bi y la suite power conceptos basicos	Introducción al mundo de bi y la suite power conceptos básicos	tildes: A:Introduccion→Introducción B:basicos→básicos
3736	Inteligencia de tiempo dimension de tiempo	Inteligencia de tiempo dimensión de tiempo	tildes: A:dimension→dimensión
3737	Lenguaje de analisis de datos dax columnas campos calculados	Lenguaje de análisis de datos dax columnas campos calculados	tildes: B:analisis→análisis
3738	Vizualizacion de datos	Vizualización de datos	tildes: A:Vizualizacion→Vizualización
3739	Vizualizacion de datos	Vizualización de datos	tildes: A:Vizualizacion→Vizualización
3743	Sesion 01	Sesión 01	tildes: A:Sesion→Sesión
3746	Sesion 05	Sesión 05	tildes: A:Sesion→Sesión
3747	Sesion 04	Sesión 04	tildes: A:Sesion→Sesión
3748	Sesion 02	Sesión 02	tildes: A:Sesion→Sesión
3749	Sesion 03	Sesión 03	tildes: A:Sesion→Sesión
3751	Diseno metodologico de la investigacion	Diseño metodologico de la investigación	tildes: B:Diseno→Diseño A:investigacion→investigación
3754	Sesion 01	Sesión 01	tildes: A:Sesion→Sesión
3755	Marco teorico	Marco teórico	tildes: B:teorico→teórico
3756	Hipotesis	Hipótesis	tildes: B:Hipotesis→Hipótesis
3757	Sesion 02	Sesión 02	tildes: A:Sesion→Sesión
3758	Sesion 03	Sesión 03	tildes: A:Sesion→Sesión
3768	Metodología de la investigacion cualitativa	Metodología de la investigación cualitativa	tildes: A:investigacion→investigación
3776	Fi sesion 7 8	Fi sesión 7 8	tildes: A:sesion→sesión
3777	Fi sesion 5 6	Fi sesión 5 6	tildes: A:sesion→sesión
3778	Fi sesion 3 4	Fi sesión 3 4	tildes: A:sesion→sesión
3779	Fi sesion 1 2	Fi sesión 1 2	tildes: A:sesion→sesión
3799	Flujo de capitales y manejo macroeconomico	Flujo de capitales y manejo macroeconómico	tildes: B:macroeconomico→macroeconómico
3800	Del decoupling al recoupling los canales de transmision de la crisis internacional	Del decoupling al recoupling los canales de transmisión de la crisis internacional	tildes: A:transmision→transmisión
3803	Introduccion	Introducción	tildes: A:Introduccion→Introducción
3804	Syllabus macroeconomia	Syllabus macroeconomía	tildes: B:macroeconomia→macroeconomía
3805	Politicas de estabilizacion	Políticas de estabilización	tildes: B:Politicas→Políticas A:estabilizacion→estabilización
3811	Dinero e inflacion	Dinero e inflación	tildes: A:inflacion→inflación
3818	La inversion	La inversión	tildes: A:inversion→inversión
3825	Teoria econometrica	Teoría econometrica	tildes: B:Teoria→Teoría
3827	Analisis matricial	Análisis matricial	tildes: B:Analisis→Análisis
3828	Introduccion a la econometria	Introducción a la econometría	tildes: A:Introduccion→Introducción B:econometria→econometría
3829	Series tiempo modelos programacion en eviews	Series tiempo modelos programación en eviews	tildes: A:programacion→programación
3830	Modelos arch programacion en eviews	Modelos arch programación en eviews	tildes: A:programacion→programación
3831	Modelo de ecuaciones simultaneas programacion en eviews	Modelo de ecuaciones simultaneas programación en eviews	tildes: A:programacion→programación
3833	Modelos de eleccion discreta (logit y probit)	Modelos de elección discreta (logit y probit)	tildes: A:eleccion→elección
3835	Econometria 02	Econometría 02	tildes: B:Econometria→Econometría
3836	Programacion eviews 02	Programación eviews 02	tildes: A:Programacion→Programación
3837	Programacion eviews 01	Programación eviews 01	tildes: A:Programacion→Programación
3846	Econometria 01	Econometría 01	tildes: B:Econometria→Econometría
3851	Programacion econometrica en eviews	Programación econometrica en eviews	tildes: A:Programacion→Programación
3883	Analisis de estados financieros	Análisis de estados financieros	tildes: B:Analisis→Análisis
3905	Analisis de estados financieros	Análisis de estados financieros	tildes: B:Analisis→Análisis
3906	Analisis y proyeccion de estados financieros	Análisis y proyección de estados financieros	tildes: B:Analisis→Análisis A:proyeccion→proyección
3912	Contrataciones publicas	Contrataciones públicas	tildes: B:publicas→públicas
3913	Amortizacion y depreciacion	Amortización y depreciación	tildes: A:Amortizacion→Amortización A:depreciacion→depreciación
3915	El valor del dinero a traves del tiempo	El valor del dinero a través del tiempo	tildes: B:traves→través
3916	El valor del dinero a traves del tiempo	El valor del dinero a través del tiempo	tildes: B:traves→través
3917	Regimen tributario y laboral	Régimen tributario y laboral	tildes: B:Regimen→Régimen
3923	Costo de produccion	Costo de producción	tildes: A:produccion→producción
3929	Discriminacion	Discriminación	tildes: A:Discriminacion→Discriminación
3948	Practica parcial	Práctica parcial	tildes: B:Practica→Práctica
3955	Interpretacion del subdesarrollo latinoamericano	Interpretación del subdesarrollo latinoamericano	tildes: A:Interpretacion→Interpretación
3956	Regimen tributario de las personas con contrato administrativo de servicios	Régimen tributario de las personas con contrato administrativo de servicios	tildes: B:Regimen→Régimen
3985	La reconstruccion industrial de europa despues de la segunda guerra mundial	La reconstrucción industrial de europa después de la segunda guerra mundial	tildes: A:reconstruccion→reconstrucción B:despues→después
3986	La globalizacion y desarrollo	La globalización y desarrollo	tildes: A:globalizacion→globalización
4000	Exposicion el comienzo de la guerra fria	Exposición el comienzo de la guerra fria	tildes: A:Exposicion→Exposición
4005	Principios de economia trabajo	Principios de economía trabajo	tildes: B:economia→economía
4013	Resumen economia	Resumen economía	tildes: B:economia→economía
4023	Los costos de produccion	Los costos de producción	tildes: A:produccion→producción
4024	Los 10 principios de la economia	Los 10 principios de la economía	tildes: B:economia→economía
4025	Estudio economica latina y el caribe 2006-2007	Estudio económica latina y el caribe 2006-2007	tildes: B:economica→económica
4028	Modelo mundell fleming is lm para una economia abierta	Modelo mundell fleming is lm para una economía abierta	tildes: B:economia→economía
4029	Modelo is lm para una economia cerrada	Modelo is lm para una economía cerrada	tildes: B:economia→economía
4034	Agenda nacional de reformas economicas en perú	Agenda nacional de reformas económicas en Perú	tildes: B:economicas→económicas
4037	Promocion de inversiones	Promoción de inversiones	tildes: A:Promocion→Promoción
4039	Economia regional agraria	Economía regional agraria	tildes: B:Economia→Economía
4043	Economia regional	Economía regional	tildes: B:Economia→Economía
4044	Economia regional	Economía regional	tildes: B:Economia→Economía
4046	Crecimiento economico hechos estilizados del crecimiento economico la contabilidad del crecimiento	Crecimiento económico hechos estilizados del crecimiento económico la contabilidad del crecimiento	tildes: B:economico→económico B:economico→económico
4053	El modelo de solow basico	El modelo de solow básico	tildes: B:basico→básico
4054	Vison general de las teorias de crecimiento economico	Vison general de las teorías de crecimiento económico	tildes: B:teorias→teorías B:economico→económico
4056	El sentido de la etica	El sentido de la ética	tildes: B:etica→ética
4058	Administracion general	Administración general	tildes: A:Administracion→Administración
4061	Gestion empresarial	Gestión empresarial	tildes: B:Gestion→Gestión
4118	Investigacion de mercados de la panaderia raul	Investigación de mercados de la panaderia raul	tildes: A:Investigacion→Investigación
4129	Investigacion de mercados	Investigación de mercados	tildes: A:Investigacion→Investigación
4130	Introduccion a la investigacion de mercados	Introducción a la investigación de mercados	tildes: A:Introduccion→Introducción A:investigacion→investigación
4143	Inversion y costos	Inversión y costos	tildes: A:Inversion→Inversión
4145	Direccionamiento estrategico	Direccionamiento estratégico	tildes: B:estrategico→estratégico
4147	Innovacion y creatividad	Innovación y creatividad	tildes: A:Innovacion→Innovación
4153	Estudio tecnico	Estudio técnico	tildes: B:tecnico→técnico
4156	Analisis de mercados	Análisis de mercados	tildes: B:Analisis→Análisis
4168	Escenarios economicos post elecciones	Escenarios económicos post elecciones	tildes: B:economicos→económicos
4173	Evaluacion de protectos en empresas en marcha ii	Evaluación de protectos en empresas en marcha ii	tildes: A:Evaluacion→Evaluación
4174	Evaluacion de protectos en empresas en marcha i	Evaluación de protectos en empresas en marcha i	tildes: A:Evaluacion→Evaluación
4175	Metodos evaluacion	Métodos evaluación	tildes: B:Metodos→Métodos A:evaluacion→evaluación
4176	Criterio de evaluacion ii	Criterio de evaluación ii	tildes: A:evaluacion→evaluación
4177	Criterio de evaluacion i	Criterio de evaluación i	tildes: A:evaluacion→evaluación
4187	Creacion de valor	Creación de valor	tildes: A:Creacion→Creación
4190	Analisis de riesgo	Análisis de riesgo	tildes: B:Analisis→Análisis
4191	Escenarios en la evaluacion	Escenarios en la evaluación	tildes: A:evaluacion→evaluación
4192	Evaluacion financiera	Evaluación financiera	tildes: A:Evaluacion→Evaluación
4193	Evaluacion economica	Evaluación económica	tildes: A:Evaluacion→Evaluación B:economica→económica
4194	Costo de capital en peru ii	Costo de capital en Perú ii	tildes: B:peru→perú
4195	Costo de capital en peru i	Costo de capital en Perú i	tildes: B:peru→perú
4202	Escenarios de valoracion de proyectos	Escenarios de valoración de proyectos	tildes: A:valoracion→valoración
4203	Metodos de evaluacion de proyectos de inversion	Métodos de evaluación de proyectos de inversión	tildes: B:Metodos→Métodos A:evaluacion→evaluación A:inversion→inversión
4204	Criterios de evaluacion de proyectos	Criterios de evaluación de proyectos	tildes: A:evaluacion→evaluación
4211	Evaluacion de proyectos	Evaluación de proyectos	tildes: A:Evaluacion→Evaluación
4215	Evaluacion social de proyectos	Evaluación social de proyectos	tildes: A:Evaluacion→Evaluación
4217	Evaluacion social	Evaluación social	tildes: A:Evaluacion→Evaluación
4270	Teoria y politica monetaria	Teoría y política monetaria	tildes: B:Teoria→Teoría B:politica→política
4300	Organizacion industrial	Organización industrial	tildes: A:Organizacion→Organización
4317	Geografía, población, e idiomas en el asia oriental introduccion	Geografía, población, e idiomas en el asia oriental introducción	tildes: A:introduccion→introducción
4318	Introducion a la sociologia econonomia y ciencias politicas	Introdución a la sociología econonomia y ciencias políticas	tildes: A:Introducion→Introdución B:sociologia→sociología B:politicas→políticas
4319	Introducion a la sociologia econonomia y ciencias politicas	Introdución a la sociología econonomia y ciencias políticas	tildes: A:Introducion→Introdución B:sociologia→sociología B:politicas→políticas
4320	Introducion a la sociologia econonomia y ciencias politicas	Introdución a la sociología econonomia y ciencias políticas	tildes: A:Introducion→Introdución B:sociologia→sociología B:politicas→políticas
4321	Introducion a la sociologia econonomia y ciencias politicas	Introdución a la sociología econonomia y ciencias políticas	tildes: A:Introducion→Introdución B:sociologia→sociología B:politicas→políticas
4328	Que estudia la teoria del crecimiento	Que estudia la teoría del crecimiento	tildes: B:teoria→teoría
4330	Controversia sobre la teoria del capital y del crecimiento	Controversia sobre la teoría del capital y del crecimiento	tildes: B:teoria→teoría
4331	Teoria del crecimiento dirigido por la demanda	Teoría del crecimiento dirigido por la demanda	tildes: B:Teoria→Teoría
4336	Funciones de produccion contabilidad y determinantes de crecimiento economico	Funciones de producción contabilidad y determinantes de crecimiento económico	tildes: A:produccion→producción B:economico→económico
4338	El modelo neoclasico de solow swan	El modelo neoclásico de solow swan	tildes: B:neoclasico→neoclásico
4339	El modelo neoclasico de dos sectores	El modelo neoclásico de dos sectores	tildes: B:neoclasico→neoclásico
4342	Teoria del crecimiento endogeno	Teoría del crecimiento endogeno	tildes: B:Teoria→Teoría
4343	Teoria del crecimiento endogeno primera generacion	Teoría del crecimiento endogeno primera generación	tildes: B:Teoria→Teoría A:generacion→generación
4344	Teoria del crecimiento dirigido por la demanda	Teoría del crecimiento dirigido por la demanda	tildes: B:Teoria→Teoría
4347	Teoria del crecimiento endogeno segunda generacion	Teoría del crecimiento endogeno segunda generación	tildes: B:Teoria→Teoría A:generacion→generación
4361	Ciclos economicos reales	Ciclos económicos reales	tildes: B:economicos→económicos
4366	Curva phillips, oferta agregada, reglas de politica monetaria	Curva phillips, oferta agregada, reglas de política monetaria	tildes: B:politica→política
4367	Informacion incompleta (asimetria)	Información incompleta (asimetría)	tildes: A:Informacion→Información B:asimetria→asimetría
4368	Evolucion de la economía y politica macroeconomicas	Evolución de la economía y política macroeconomicas	tildes: A:Evolucion→Evolución B:politica→política
4369	Teoria y politica monetaria	Teoría y política monetaria	tildes: B:Teoria→Teoría B:politica→política
4377	Teoria monetaria	Teoría monetaria	tildes: B:Teoria→Teoría
4381	Sistema pagos, mercado monetario y politica monetaria	Sistema pagos, mercado monetario y política monetaria	tildes: B:politica→política
4382	Globalizacion financiera y los mercados emergentes	Globalización financiera y los mercados emergentes	tildes: A:Globalizacion→Globalización
4383	Politica monetaria en chile	Política monetaria en chile	tildes: B:Politica→Política
4384	Perspectivas par america latina en la turbulencia global	Perspectivas par América latina en la turbulencia global	tildes: B:america→américa
4389	Acumulacion de capital y crecimiento (II). El modelo de Solow	Acumulación de capital y crecimiento (II). El modelo de Solow	tildes: A:Acumulacion→Acumulación
4391	Dolarizacion financiera	Dolarización financiera	tildes: A:Dolarizacion→Dolarización
4392	Expectativas y politica macroeconomica	Expectativas y política macroeconómica	tildes: B:politica→política B:macroeconomica→macroeconómica
4395	Teoria de juegos	Teoría de juegos	tildes: B:Teoria→Teoría
4399	Introduccion a teoria de juegos	Introducción a teoría de juegos	tildes: A:Introduccion→Introducción B:teoria→teoría
4404	Teoria del juego	Teoría del juego	tildes: B:Teoria→Teoría
4405	La nueva macroeconomía clasica	La nueva macroeconomía clásica	tildes: B:clasica→clásica
4410	Modelo de la sintesis neoclasica-keynesiana	Modelo de la síntesis neoclásica-keynesiana	tildes: B:sintesis→síntesis B:neoclasica→neoclásica
4415	Coordinacion de políticas económicas	Coordinación de políticas económicas	tildes: A:Coordinacion→Coordinación
4432	Economia de la informacion	Economía de la información	tildes: B:Economia→Economía A:informacion→información
4460	Herramientas gestion sector publico	Herramientas gestión sector publico	tildes: B:gestion→gestión
4462	Guia de politicas nacionales	Guía de políticas nacionales	tildes: B:Guia→Guía B:politicas→políticas
4463	Gestion publica	Gestión publica	tildes: B:Gestion→Gestión
4465	Politica nacional educacion superior tecnico productiva resumen	Política nacional educación superior técnico productiva resumen	tildes: B:Politica→Política A:educacion→educación B:tecnico→técnico
4466	Politica nacional empleo 2021	Política nacional empleo 2021	tildes: B:Politica→Política
4520	Valoracion contingente y coste del viatge en el medio rural	Valoración contingente y coste del viatge en el medio rural	tildes: A:Valoracion→Valoración
4521	Esesion contingente bosques	Esesión contingente bosques	tildes: A:Esesion→Esesión
4523	Introduccion al programa	Introducción al programa	tildes: A:Introduccion→Introducción
4528	Modelos de seleccion discreta	Modelos de selección discreta	tildes: A:seleccion→selección
4533	Modelos de evaluacion de impacto	Modelos de evaluación de impacto	tildes: A:evaluacion→evaluación
4534	Introduccion al lenguaje y editor vba	Introducción al lenguaje y editor vba	tildes: A:Introduccion→Introducción
4546	Finanzas basicas	Finanzas básicas	tildes: B:basicas→básicas
4547	Teoria de portafolio	Teoría de portafolio	tildes: B:Teoria→Teoría
4559	Globalizacion	Globalización	tildes: A:Globalizacion→Globalización
4565	Inversion de matrices por el metodo de gauss y jordan	Inversión de matrices por el método de gauss y jordan	tildes: A:Inversion→Inversión B:metodo→método
4568	No existe solucion optima ejemplo	No existe solución optima ejemplo	tildes: A:solucion→solución
4571	Metodo simplex con tablas	Método simplex con tablas	tildes: B:Metodo→Método
4574	Dualidad y analisis de sensibilidad	Dualidad y análisis de sensibilidad	tildes: B:analisis→análisis
4576	Problemas de asignacion algoritmo	Problemas de asignación algoritmo	tildes: A:asignacion→asignación
8527	Manual procedimiento administrativo general peru	Manual procedimiento administrativo general Perú	tildes: B:peru→perú
8531	Estimacion de los modelos arima	Estimación de los modelos arima	tildes: A:Estimacion→Estimación
8537	Introducion	Introdución	tildes: A:Introducion→Introdución
8540	Inversion y acumulacion de capital	Inversión y acumulación de capital	tildes: A:Inversion→Inversión A:acumulacion→acumulación
8542	Teoria de crecimiento	Teoría de crecimiento	tildes: B:Teoria→Teoría
8544	Introduccion	Introducción	tildes: A:Introduccion→Introducción
8545	Restricciones a la inversion privada y el crecimiento	Restricciones a la inversión privada y el crecimiento	tildes: A:inversion→inversión
8546	Productividad y crecimiento economico	Productividad y crecimiento económico	tildes: B:economico→económico
8547	Repensando las politicas de desarrollo productivo	Repensando las políticas de desarrollo productivo	tildes: B:politicas→políticas
8548	La infraestructura para el crecimiento economico	La infraestructura para el crecimiento económico	tildes: B:economico→económico
8551	Politica monetaria y cambiaria alcances y limitaciones del sistema financiero	Política monetaria y cambiaria alcances y limitaciones del sistema financiero	tildes: B:Politica→Política
8568	Guia del participante	Guía del participante	tildes: B:Guia→Guía
8569	Que es la inversion extranjera directa y por que es importante	Que es la inversión extranjera directa y por que es importante	tildes: A:inversion→inversión
8570	Las politicas nacionales de inversion	Las políticas nacionales de inversión	tildes: B:politicas→políticas A:inversion→inversión
8571	Los impactos de la inversion extranjera directa	Los impactos de la inversión extranjera directa	tildes: A:inversion→inversión
8572	Los acuerdos internacionales de inversion	Los acuerdos internacionales de inversión	tildes: A:inversion→inversión
8573	Las politicas exitosas de ied en america latina y elcaribe	Las políticas exitosas de ied en América latina y elcaribe	tildes: B:politicas→políticas B:america→américa
8577	Metodos de estimacion objeto equatio objeto table	Métodos de estimación objeto equatio objeto table	tildes: B:Metodos→Métodos A:estimacion→estimación
8579	Modelacion	Modelación	tildes: A:Modelacion→Modelación
8580	Manipulacion de datos	Manipulación de datos	tildes: A:Manipulacion→Manipulación
8587	Visualizacion de datos	Visualización de datos	tildes: A:Visualizacion→Visualización
8589	Poblacion	Población	tildes: A:Poblacion→Población
8611	Introduccion al analisis de series de tiempo	Introducción al análisis de series de tiempo	tildes: A:Introduccion→Introducción B:analisis→análisis
8618	Introduccion a la estimación de sistemas de ecuaciones	Introducción a la estimación de sistemas de ecuaciones	tildes: A:Introduccion→Introducción
8634	Metodos de estimacion	Métodos de estimación	tildes: B:Metodos→Métodos A:estimacion→estimación
8679	Sistema de cuentas nacionales 1993: una version simplificada	Sistema de cuentas nacionales 1993: una versión simplificada	tildes: A:version→versión
8687	Números indices y precios constates	Números índices y precios constates	tildes: B:indices→índices
8705	Econometria i con eviews	Econometría i con eviews	tildes: B:Econometria→Econometría
8716	Formulacion y evaluacion de proyectos	Formulación y evaluación de proyectos	tildes: A:Formulacion→Formulación A:evaluacion→evaluación
8717	Monitoreo y evaluacion de proyectos	Monitoreo y evaluación de proyectos	tildes: A:evaluacion→evaluación
8757	Coevaluacion de trabajo de integrantes del equipo	Coevaluación de trabajo de integrantes del equipo	tildes: A:Coevaluacion→Coevaluación
8760	Calculo actuarial o matematica del seguro	Cálculo actuarial o matemática del seguro	tildes: B:Calculo→Cálculo B:matematica→matemática
8762	Presentacion del profesor	Presentación del profesor	tildes: A:Presentacion→Presentación
8769	Presentacion del curso	Presentación del curso	tildes: A:Presentacion→Presentación
8770	Lineamientos de evaluacion de proyecto	Lineamientos de evaluación de proyecto	tildes: A:evaluacion→evaluación
8773	Criterios de evaluacion de exposicion	Criterios de evaluación de exposición	tildes: A:evaluacion→evaluación A:exposicion→exposición
8774	Criterios de evaluacion del proyecto	Criterios de evaluación del proyecto	tildes: A:evaluacion→evaluación
8775	Ficha de evaluacion del trabajo de equipo	Ficha de evaluación del trabajo de equipo	tildes: A:evaluacion→evaluación
8787	Sesion 1	Sesión 1	tildes: A:Sesion→Sesión
8788	Sesion 2	Sesión 2	tildes: A:Sesion→Sesión
8794	Introduccion a la gestion por procesos y mejora continua	Introducción a la gestión por procesos y mejora continua	tildes: A:Introduccion→Introducción B:gestion→gestión
8795	Gestion por procesos y mejora contínua	Gestión por procesos y mejora contínua	tildes: B:Gestion→Gestión
8796	Herramientas para el analisis de procesos	Herramientas para el análisis de procesos	tildes: B:analisis→análisis
8799	Syllabus gestion por procesos	Syllabus gestión por procesos	tildes: B:gestion→gestión
8807	Simbolos matematicos en latex	Simbolos matemáticos en latex	tildes: B:matematicos→matemáticos
8811	El modelo de regresion lineal	El modelo de regresión lineal	tildes: A:regresion→regresión
8814	El rol del sector público en una economia mixta	El rol del sector público en una economía mixta	tildes: B:economia→economía
8816	Analisis y perspectivas de las finanzas públicas en el perú	Análisis y perspectivas de las finanzas públicas en el Perú	tildes: B:Analisis→Análisis
8820	Guia metodologica balanza de pagos	Guía metodológica balanza de pagos	tildes: B:Guia→Guía B:metodologica→metodológica
8822	Guia metodologica sector publico no financiero	Guía metodológica sector publico no financiero	tildes: B:Guia→Guía B:metodologica→metodológica
8823	Guia metodologica finanzas publicas	Guía metodológica finanzas públicas	tildes: B:Guia→Guía B:metodologica→metodológica B:publicas→públicas
8829	Fase de ejecución del ciclo de inversion	Fase de ejecución del ciclo de inversión	tildes: A:inversion→inversión
8833	Políticas publicas: manejo de las variables fiscales	Políticas públicas: manejo de las variables fiscales	tildes: B:publicas→públicas
8834	Deficit fiscal y politicas publicas	Déficit fiscal y políticas públicas	tildes: B:Deficit→Déficit B:politicas→políticas B:publicas→públicas
8835	Organizacion y funcionamiento de los gobiernos sub nacionales	Organización y funcionamiento de los gobiernos sub nacionales	tildes: A:Organizacion→Organización
8849	Metodologia de calculo del indice de precios al consumidor de lima metropolitana	Metodología de calculo del indice de precios al consumidor de lima metropolitana	tildes: B:Metodologia→Metodología
8850	Resumen metodologico para la medicion del pbi por departamentos	Resumen metodologico para la medición del pbi por departamentos	tildes: A:medicion→medición
8853	Matriz insumo producto de la economia peruana	Matriz insumo producto de la economía peruana	tildes: B:economia→economía
8855	Medir la economia de los paises segun el sistema de cuentas nacionales	Medir la economía de los países según el sistema de cuentas nacionales	tildes: B:economia→economía B:paises→países B:segun→según
8856	Metodologia de estimacion del balance de pagos	Metodología de estimación del balance de pagos	tildes: B:Metodologia→Metodología A:estimacion→estimación
8863	Introduccion y matriz de transacciones intersectoriales sin gobierno	Introducción y matriz de transacciones intersectoriales sin gobierno	tildes: A:Introduccion→Introducción
8870	Introduccion a las cuentas nacionales	Introducción a las cuentas nacionales	tildes: A:Introduccion→Introducción
8872	Matriz de transacciones economicas	Matriz de transacciones económicas	tildes: B:economicas→económicas
8874	El mercado de bienes en una economia abierta	El mercado de bienes en una economía abierta	tildes: B:economia→economía
8875	Modelo basico insumo-producto	Modelo básico insumo-producto	tildes: B:basico→básico
8877	Numeros indice	Números indice	tildes: B:Numeros→Números
8883	Que estudia la macroeconomia	Que estudia la macroeconomía	tildes: B:macroeconomia→macroeconomía
8884	Modelos de descripcion	Modelos de descripción	tildes: A:descripcion→descripción
8885	Sesion 2017	Sesión 2017	tildes: A:Sesion→Sesión
8886	Sesion 2018	Sesión 2018	tildes: A:Sesion→Sesión
8887	Modelos de descripcion agregados	Modelos de descripción agregados	tildes: A:descripcion→descripción
8888	Teorias del consumo y el ahorro y la inversion	Teorías del consumo y el ahorro y la inversión	tildes: B:Teorias→Teorías A:inversion→inversión
8889	Version simplificada del scn 93	Versión simplificada del scn 93	tildes: A:Version→Versión
8907	Analisis combinatorio	Análisis combinatorio	tildes: B:Analisis→Análisis
8908	Teoria combinatoria	Teoría combinatoria	tildes: B:Teoria→Teoría
8917	Discriminacion de precios	Discriminación de precios	tildes: A:Discriminacion→Discriminación
8928	Conceptos basicos	Conceptos básicos	tildes: B:basicos→básicos
8929	Teoria de la empresa: costo de transaccion	Teoría de la empresa: costo de transacción	tildes: B:Teoria→Teoría A:transaccion→transacción
8930	Teoria de la empresa	Teoría de la empresa	tildes: B:Teoria→Teoría
8931	Teoria de la empresa: ecuaciones	Teoría de la empresa: ecuaciones	tildes: B:Teoria→Teoría
8947	Introduccion	Introducción	tildes: A:Introduccion→Introducción
8948	El metodo en las ciencias sociales y en la economia	El método en las ciencias sociales y en la economía	tildes: B:metodo→método B:economia→economía
8949	La metodologia de la politica economica i	La metodología de la política económica i	tildes: B:metodologia→metodología B:politica→política B:economica→económica
8950	La metodologia de la politica economica ii	La metodología de la política económica ii	tildes: B:metodologia→metodología B:politica→política B:economica→económica
8951	La teoria de la politica economica	La teoría de la política económica	tildes: B:teoria→teoría B:politica→política B:economica→económica
8957	Metas de inflacion y efectividad de la politica monetaria en el perú	Metas de inflación y efectividad de la política monetaria en el Perú	tildes: A:inflacion→inflación B:politica→política
8958	Tasas de interes de política monetaria y los requerimientos de encaje	Tasas de interés de política monetaria y los requerimientos de encaje	tildes: B:interes→interés
8959	Intervencion cambiaria en el peru 2007 a 2013	Intervención cambiaria en el Perú 2007 a 2013	tildes: A:Intervencion→Intervención B:peru→perú
8961	Flujo de capitales politica monetaria e intervencion cambiaria en el perú	Flujo de capitales política monetaria e intervención cambiaria en el Perú	tildes: B:politica→política A:intervencion→intervención
8962	Encaje como instrumento no convencional de politica monetaria	Encaje como instrumento no convencional de política monetaria	tildes: B:politica→política
8964	La crisis global 2007 - 2009 y la politica monetaria del banco central de reserva del perú	La crisis global 2007 - 2009 y la política monetaria del banco central de reserva del Perú	tildes: B:politica→política
8965	Politica monetaria y el ciclo económico	Política monetaria y el ciclo económico	tildes: B:Politica→Política
8967	Politicas de estabilizacion y reformas estructurales: peru	Políticas de estabilización y reformas estructurales: Perú	tildes: B:Politicas→Políticas A:estabilizacion→estabilización B:peru→perú
8970	Reformas estructurales politica macroeconomica peru: 1990-96	Reformas estructurales política macroeconómica Perú: 1990-96	tildes: B:politica→política B:macroeconomica→macroeconómica B:peru→perú
8982	Panorama laboral 2019 america latina y el caribe	Panorama laboral 2019 América latina y el caribe	tildes: B:america→américa
8987	Teorias alternativas del empleo	Teorías alternativas del empleo	tildes: B:Teorias→Teorías
8990	Inflacion y desempleo unión europea: por qué la inflación no es la solucion al problema del empleo	Inflación y desempleo unión europea: por qué la inflación no es la solución al problema del empleo	tildes: A:Inflacion→Inflación A:solucion→solución
8991	Desempleo involuntario sintesis neoclasica: la teoría de patinkin	Desempleo involuntario síntesis neoclásica: la teoría de patinkin	tildes: B:sintesis→síntesis B:neoclasica→neoclásica
8993	La ley de okun en el peru: 1970-2000	La ley de okun en el Perú: 1970-2000	tildes: B:peru→perú
8994	Cambios en la legislacion laboral y desempleo	Cambios en la legislación laboral y desempleo	tildes: A:legislacion→legislación
9006	La inflacion i	La inflación i	tildes: A:inflacion→inflación
9017	La inflacion ii	La inflación ii	tildes: A:inflacion→inflación
9019	La inflacion: aproximacion a un problema. aspectos metodologicos, teoricos y empiricos	La inflación: aproximación a un problema. aspectos metodologicos, teoricos y empiricos	tildes: A:inflacion→inflación A:aproximacion→aproximación
9031	Paro e inflacion	Paro e inflación	tildes: A:inflacion→inflación
9032	La politica economica y las expectativas racionales	La política económica y las expectativas racionales	tildes: B:politica→política B:economica→económica
9036	Ejercicios crecimiento economico	Ejercicios crecimiento económico	tildes: B:economico→económico
9038	Valoracion de empresas valoracion relativa (multiplos) valoracion por flujo de caja descontado	Valoración de empresas valoración relativa (multiplos) valoración por flujo de caja descontado	tildes: A:Valoracion→Valoración A:valoracion→valoración A:valoracion→valoración
9039	Valoracion de empresas	Valoración de empresas	tildes: A:Valoracion→Valoración
9040	Valoracion	Valoración	tildes: A:Valoracion→Valoración
9041	Analisis financiero y valoracion	Análisis financiero y valoración	tildes: B:Analisis→Análisis A:valoracion→valoración
9042	Introducción analisis horizontal análisis vertical	Introducción análisis horizontal análisis vertical	tildes: B:analisis→análisis
9043	Introduccion a las finanzas	Introducción a las finanzas	tildes: A:Introduccion→Introducción
9044	Introduccion a las finanzas	Introducción a las finanzas	tildes: A:Introduccion→Introducción
9052	Investigacion operativa	Investigación operativa	tildes: A:Investigacion→Investigación
9053	Sesion excel	Sesión excel	tildes: A:Sesion→Sesión
9056	Sesion 01	Sesión 01	tildes: A:Sesion→Sesión
9057	Investigacion operativa	Investigación operativa	tildes: A:Investigacion→Investigación
9058	Investigacion operativa	Investigación operativa	tildes: A:Investigacion→Investigación
9061	Investigacion operativa	Investigación operativa	tildes: A:Investigacion→Investigación
9063	Teoria del crecimiento economico	Teoría del crecimiento económico	tildes: B:Teoria→Teoría B:economico→económico
9065	Crecimiento economico	Crecimiento económico	tildes: B:economico→económico
9068	Microeconomia i	Microeconomía i	tildes: B:Microeconomia→Microeconomía
9073	Microeconomia i completo	Microeconomía i completo	tildes: B:Microeconomia→Microeconomía
9074	Microeconomia i	Microeconomía i	tildes: B:Microeconomia→Microeconomía
9075	Economia y financiamiento en salud	Economía y financiamiento en salud	tildes: B:Economia→Economía
9076	Economia para la gestion empresarial	Economía para la gestión empresarial	tildes: B:Economia→Economía B:gestion→gestión
9083	Manual de ejercicios microeconomia	Manual de ejercicios microeconomía	tildes: B:microeconomia→microeconomía
9084	¿Puede el internet potenciar el aprendizaje en america latina?	¿Puede el internet potenciar el aprendizaje en América latina?	tildes: B:america→américa
9091	Politica fiscal y deuda publica en peru	Política fiscal y deuda publica en Perú	tildes: B:Politica→Política B:peru→perú
9094	Historia y situacion actual de la macroeconomia	Historia y situación actual de la macroeconomía	tildes: A:situacion→situación B:macroeconomia→macroeconomía
9111	Siga sensibilizacion	Siga sensibilización	tildes: A:sensibilizacion→sensibilización
9112	Siga catalogacion	Siga catalogación	tildes: A:catalogacion→catalogación
9113	Aplicaciones siaf en la gestion presupuestaria	Aplicaciones siaf en la gestión presupuestaria	tildes: B:gestion→gestión
9114	Aplicaciones siaf en la gestion financiera	Aplicaciones siaf en la gestión financiera	tildes: B:gestion→gestión
9116	Aplicaciones siaf en la gestion financiera	Aplicaciones siaf en la gestión financiera	tildes: B:gestion→gestión
9117	Aplicaicones en el siaf para la gestion presupuestaria	Aplicaicones en el siaf para la gestión presupuestaria	tildes: B:gestion→gestión
9118	Aplicaciones siaf para la gestion financiera	Aplicaciones siaf para la gestión financiera	tildes: B:gestion→gestión
9123	Centralizacion de los rdr en la cut	Centralización de los rdr en la cut	tildes: A:Centralizacion→Centralización
9124	Aplicaciones en el modulo contable	Aplicaciones en el módulo contable	tildes: B:modulo→módulo
9125	Gestion de pagos	Gestión de pagos	tildes: B:Gestion→Gestión
9126	Aplicaciones en el siaf para la gestion financiera y presupuestaria	Aplicaciones en el siaf para la gestión financiera y presupuestaria	tildes: B:gestion→gestión
9127	Instalacion de siga demo	Instalación de siga demo	tildes: A:Instalacion→Instalación
9128	Acreditacion de responsables de devengados en el aeraf y autorización de devengados en web	Acreditación de responsables de devengados en el aeraf y autorización de devengados en web	tildes: A:Acreditacion→Acreditación
9132	Valoracion de opciones reales	Valoración de opciones reales	tildes: A:Valoracion→Valoración
9133	Opcion reales	Opción reales	tildes: A:Opcion→Opción
9134	Opciones reales valoracion por el modelo binomial	Opciones reales valoración por el modelo binomial	tildes: A:valoracion→valoración
9136	Opciones reales en las decisiones de inversion	Opciones reales en las decisiones de inversión	tildes: A:inversion→inversión
9143	Evaluacion socioeconomica de proyectos por opciones reales	Evaluación socioeconomica de proyectos por opciones reales	tildes: A:Evaluacion→Evaluación
9146	Evaluacion de inversiones bajo incertidumbre teoria y aplicaciones en chile	Evaluación de inversiones bajo incertidumbre teoría y aplicaciones en chile	tildes: A:Evaluacion→Evaluación B:teoria→teoría
9147	Aplicacion de opciones reales en las telecomunicaciones caso banda ancha	Aplicación de opciones reales en las telecomunicaciones caso banda ancha	tildes: A:Aplicacion→Aplicación
9149	Evaluacion de un seguro agrario por opciones reales	Evaluación de un seguro agrario por opciones reales	tildes: A:Evaluacion→Evaluación
9150	Valoracion de un proyecto de inversion a traves de opciones reales para una empresa de telecomunicaciones	Valoración de un proyecto de inversión a través de opciones reales para una empresa de telecomunicaciones	tildes: A:Valoracion→Valoración A:inversion→inversión B:traves→través
9151	Valoracion de opciones reales dificultades problemas y errores	Valoración de opciones reales dificultades problemas y errores	tildes: A:Valoracion→Valoración
9152	La valoracion de opciones reales dependientes de procesos discontinuos aplicacion a la industria de automovil	La valoración de opciones reales dependientes de procesos discontinuos aplicación a la industria de automovil	tildes: A:valoracion→valoración A:aplicacion→aplicación
9153	Valoracion de la flexibilidad de proyectos de inversion van ampliado	Valoración de la flexibilidad de proyectos de inversión van ampliado	tildes: A:Valoracion→Valoración A:inversion→inversión
9157	Opciones reales y su influencia en la valoracion de empresas	Opciones reales y su influencia en la valoración de empresas	tildes: A:valoracion→valoración
9159	Opciones reales en la valoracion de proyectos de inversion	Opciones reales en la valoración de proyectos de inversión	tildes: A:valoracion→valoración A:inversion→inversión
9162	Las opciones reales y la simulacion por monte carlo	Las opciones reales y la simulación por monte carlo	tildes: A:simulacion→simulación
9163	Evaluacion de concesiones de autopista con opciones reales	Evaluación de concesiones de autopista con opciones reales	tildes: A:Evaluacion→Evaluación
9164	Valuacion financiera de proyectos de tecnologia con opciones reales	Valuación financiera de proyectos de tecnologia con opciones reales	tildes: A:Valuacion→Valuación
9167	Opciones reales de infraestructura en la evaluacion	Opciones reales de infraestructura en la evaluación	tildes: A:evaluacion→evaluación
9174	Teoria de la regulacion	Teoría de la regulación	tildes: B:Teoria→Teoría A:regulacion→regulación
9176	Teoria de regulacion anotaciones	Teoría de regulación anotaciones	tildes: B:Teoria→Teoría A:regulacion→regulación
9194	Introduccion a lenguaje r	Introducción a lenguaje r	tildes: A:Introduccion→Introducción
9196	Estadistica descriptiva con r	Estadística descriptiva con r	tildes: B:Estadistica→Estadística
9211	Republica libro iv	República libro iv	tildes: B:Republica→República
9212	Dialogos iv republica	Dialogos iv república	tildes: B:republica→república
9215	Notas de sesion de optimizacion dinamica	Notas de sesión de optimización dinámica	tildes: A:sesion→sesión A:optimizacion→optimización B:dinamica→dinámica
9216	Notas de sesion de optimizacion dinamica curso de metodos cuantitativos	Notas de sesión de optimización dinámica curso de métodos cuantitativos	tildes: A:sesion→sesión A:optimizacion→optimización B:dinamica→dinámica B:metodos→métodos
9217	Metodos matematicos en macroeconomia	Métodos matemáticos en macroeconomía	tildes: B:Metodos→Métodos B:matematicos→matemáticos B:macroeconomia→macroeconomía
9219	Aspectos generales de la economia internacional	Aspectos generales de la economía internacional	tildes: B:economia→economía
9220	Integracion economica	Integración económica	tildes: A:Integracion→Integración B:economica→económica
9222	Integracion económica	Integración económica	tildes: A:Integracion→Integración
9237	Documentos de exportacion	Documentos de exportación	tildes: A:exportacion→exportación
9256	Modelo estandar del comercio	Modelo estándar del comercio	tildes: B:estandar→estándar
9265	Los instrumentos de la politica comercial	Los instrumentos de la política comercial	tildes: B:politica→política
9267	Controversias de la politica comercial	Controversias de la política comercial	tildes: B:politica→política
9274	Normas apa 7ma edicion	Normas apa 7ma edición	tildes: A:edicion→edición
9276	Normas de redaccion segun estilo apa 7ma edicion	Normas de redacción según estilo apa 7ma edición	tildes: A:redaccion→redacción B:segun→según A:edicion→edición
9277	Modulo 01	Módulo 01	tildes: B:Modulo→Módulo
9280	Modulo 07 08	Módulo 07 08	tildes: B:Modulo→Módulo
9281	Modulo 04 05 06	Módulo 04 05 06	tildes: B:Modulo→Módulo
9282	Modulo 02	Módulo 02	tildes: B:Modulo→Módulo
9283	Modulo 03	Módulo 03	tildes: B:Modulo→Módulo
9590	Numeros indices	Números índices	tildes: B:Numeros→Números B:indices→índices
9594	Analisis de regresion	Análisis de regresión	tildes: B:Analisis→Análisis A:regresion→regresión
9599	Evaluacion econometrica	Evaluación econometrica	tildes: A:Evaluacion→Evaluación
9623	Análisis de datos cualitativos en investigacion cuantitativa	Análisis de datos cualitativos en investigación cuantitativa	tildes: A:investigacion→investigación
9725	Por la emancipacion de America latina, artículos, mensajes, discuros (1923-1927)	Por la emancipación de América latina, artículos, mensajes, discuros (1923-1927)	tildes: A:emancipacion→emancipación B:America→América
9732	Sobre la teoria de la relatividad	Sobre la teoría de la relatividad	tildes: B:teoria→teoría
9822	Matematicas basicas para economistas: algebra lineal	Matemáticas básicas para economistas: álgebra lineal	tildes: B:Matematicas→Matemáticas B:basicas→básicas B:algebra→álgebra
9833	La introduccion no-tan-corta a LaTeX 2ε: o LaTeX 2ε en 147 minutos	La introducción no-tan-corta a LaTeX 2ε: o LaTeX 2ε en 147 minutos	tildes: A:introduccion→introducción
9834	El diablo de los numeros: un libro para todos aquellos que temen a las matematicas	El diablo de los numeros: un libro para todos aquellos que temen a las matemáticas	tildes: B:matematicas→matemáticas
9835	Matematicas simplificadas	Matemáticas simplificadas	tildes: B:Matematicas→Matemáticas
9836	Algebra y trigonometria con geometria analitica	Álgebra y trigonometría con geometría analítica	tildes: B:Algebra→Álgebra B:trigonometria→trigonometría B:geometria→geometría B:analitica→analítica
9838	Calculo de varias variables: trascendentes tempranas	Cálculo de varias variables: trascendentes tempranas	tildes: B:Calculo→Cálculo
9847	Algebra lineal	Álgebra lineal	tildes: B:Algebra→Álgebra
9877	Guia rapida de Markdown	Guía rápida de Markdown	tildes: B:Guia→Guía B:rapida→rápida
9878	Guia rapida de fundamentos en Python	Guía rápida de fundamentos en Python	tildes: B:Guia→Guía B:rapida→rápida
9880	Manual de matematica financiera: texto, problemas y casos	Manual de matemática financiera: texto, problemas y casos	tildes: B:matematica→matemática
9881	Proyectos de inversion: formulacion y evaluacion	Proyectos de inversión: formulación y evaluación	tildes: A:inversion→inversión A:formulacion→formulación A:evaluacion→evaluación
9882	Evaluacion de proyectos: con ejemplos	Evaluación de proyectos: con ejemplos	tildes: A:Evaluacion→Evaluación
9883	Estadistica no parametrica aplicada a la investigacion cientifica con software SPSS, MINITAB y Excel: enfoque practico	Estadística no parametrica aplicada a la investigación científica con software SPSS, MINITAB y Excel: enfoque práctico	tildes: B:Estadistica→Estadística A:investigacion→investigación B:cientifica→científica B:practico→práctico
9884	Notas de tecnicas de muestreo	Notas de técnicas de muestreo	tildes: B:tecnicas→técnicas
9885	El poder de leer: tecnicas, procedimientos y orientaciones para la ensenanza y aprendizaje de la lectura	El poder de leer: técnicas, procedimientos y orientaciones para la ensenanza y aprendizaje de la lectura	tildes: B:tecnicas→técnicas
9888	Preparacion y evaluacion de proyectos	Preparación y evaluación de proyectos	tildes: A:Preparacion→Preparación A:evaluacion→evaluación
9890	Evaluacion financiera de proyectos de inversion: metodos y aplicaciones	Evaluación financiera de proyectos de inversión: métodos y aplicaciones	tildes: A:Evaluacion→Evaluación A:inversion→inversión B:metodos→métodos
9891	Ejercicios de evaluacion privada de proyectos	Ejercicios de evaluación privada de proyectos	tildes: A:evaluacion→evaluación
9892	Cuentos para educar: dirigido a ninos y ninas de entre 6 y 12 anos para promover los valores en el deporte	Cuentos para educar: dirigido a ninos y ninas de entre 6 y 12 años para promover los valores en el deporte	tildes: B:anos→años
9893	Tecnicas, actividades y cuentos para educar las emociones de los ninos	Técnicas, actividades y cuentos para educar las emociones de los ninos	tildes: B:Tecnicas→Técnicas
9897	Cuentos para educar en valores: actividades para animacion a la lectura, educacion para la ciudadania, etica y tutorias	Cuentos para educar en valores: actividades para animación a la lectura, educación para la ciudadania, ética y tutorias	tildes: A:animacion→animación A:educacion→educación B:etica→ética
9898	Cuentos para educar en familia: dirigido a ninos y ninas de entre 6 y 12 anos para fomentar la educacion sexual	Cuentos para educar en familia: dirigido a ninos y ninas de entre 6 y 12 años para fomentar la educación sexual	tildes: B:anos→años A:educacion→educación
9906	Turismo: guia para la formulacion de proyectos de inversion exitosos	Turismo: guía para la formulación de proyectos de inversión exitosos	tildes: B:guia→guía A:formulacion→formulación A:inversion→inversión
9914	Decreto Legislativo N.° 1280. Ley marco gestion servicios saneamiento	Decreto Legislativo N.° 1280. Ley marco gestión servicios saneamiento	tildes: B:gestion→gestión
9917	Ley N.° 28832. Desarrollo eficiente generacion electrica	Ley N.° 28832. Desarrollo eficiente generación electrica	tildes: A:generacion→generación
9920	Ley N.° 30852. Exoneracion requisitos damnificados bfh	Ley N.° 30852. Exoneración requisitos damnificados bfh	tildes: A:Exoneracion→Exoneración
10011	Ley N.° 28806. Ley general de inspeccion del trabajo	Ley N.° 28806. Ley general de inspección del trabajo	tildes: A:inspeccion→inspección
10012	Ley N.° 28806. General de inspeccion del trabajo	Ley N.° 28806. General de inspección del trabajo	tildes: A:inspeccion→inspección
10018	Decreto Legislativo N.° 1192. Ley marco adquisicion y expropiacion	Decreto Legislativo N.° 1192. Ley marco adquisición y expropiación	tildes: A:adquisicion→adquisición A:expropiacion→expropiación
10022	Ley N.° 30230. Medidas tributarias simplificacion inversión	Ley N.° 30230. Medidas tributarias simplificación inversión	tildes: A:simplificacion→simplificación
10024	Decreto Supremo N.° 011-2012-ED. Reglamento ley general de educacion	Decreto Supremo N.° 011-2012-ED. Reglamento ley general de educación	tildes: A:educacion→educación
10025	Ley N.° 30512. Institutos escuelas educacion superior	Ley N.° 30512. Institutos escuelas educación superior	tildes: A:educacion→educación
10028	Ley N.° 28044. General de educacion	Ley N.° 28044. General de educación	tildes: A:educacion→educación
10035	Decreto Legislativo N.° 1694. Modifica ley 27658 innovacion pública	Decreto Legislativo N.° 1694. Modifica ley 27658 innovación pública	tildes: A:innovacion→innovación
10039	Ley N.° 27815. Código etica funcion pública y reglamento	Ley N.° 27815. Código ética función pública y reglamento	tildes: B:etica→ética A:funcion→función
10044	Normas generales de control gubernamental version integrada	Normas generales de control gubernamental versión integrada	tildes: A:version→versión
10045	Reglamento pas responsabilidad administrativa funcional version integrada	Reglamento pas responsabilidad administrativa funcional versión integrada	tildes: A:version→versión
10054	Decreto Legislativo N.° 1267. Ley policia nacional del Perú	Decreto Legislativo N.° 1267. Ley policía nacional del Perú	tildes: B:policia→policía
10058	Ley N.° 31307. Nuevo codigo procesal constitucional	Ley N.° 31307. Nuevo código procesal constitucional	tildes: B:codigo→código
10079	Decreto Legislativo N.° 1400. Regimen de garantia mobiliaria	Decreto Legislativo N.° 1400. Régimen de garantia mobiliaria	tildes: B:Regimen→Régimen
10080	Ley N.° 31143. Ley que protege de la usura topes tasas interes	Ley N.° 31143. Ley que protege de la usura topes tasas interés	tildes: B:interes→interés
10081	Ley N.° 28587. Proteccion al consumidor servicios financieros	Ley N.° 28587. Protección al consumidor servicios financieros	tildes: A:Proteccion→Protección
10083	Decreto Legislativo N.° 1228. Centros de innovacion productiva CITE	Decreto Legislativo N.° 1228. Centros de innovación productiva CITE	tildes: A:innovacion→innovación
10085	Directiva N.° 010-2024. Elaboracion documentos normativos servicio parlamentario	Directiva N.° 010-2024. Elaboración documentos normativos servicio parlamentario	tildes: A:Elaboracion→Elaboración
10091	PTA N.° 01-2013. Recepcion y tramitacion mociones de orden del dia	PTA N.° 01-2013. Recepción y tramitación mociones de orden del dia	tildes: A:Recepcion→Recepción A:tramitacion→tramitación
10092	Directiva N.° 08-2022-DGA/CR. Apoyo logistico semana de representacion	Directiva N.° 08-2022-DGA/CR. Apoyo logistico semana de representación	tildes: A:representacion→representación
10094	Guía gestión representacion política congreso	Guía gestión representación política congreso	tildes: A:representacion→representación
10096	Directiva N.° 26-2025. Gestión sistema institucional archivos 2da version	Directiva N.° 26-2025. Gestión sistema institucional archivos 2da versión	tildes: A:version→versión
10101	Directiva N.° 10-2022-OM/CR. Lineamientos elaboracion documentos	Directiva N.° 10-2022-OM/CR. Lineamientos elaboración documentos	tildes: A:elaboracion→elaboración
10102	PTA N.° 02-2017. Tramitacion pedidos de información despacho parlamentario	PTA N.° 02-2017. Tramitación pedidos de información despacho parlamentario	tildes: A:Tramitacion→Tramitación
10105	PTA N.° 01-2017. Expediente virtual parlamentario ley resolucion legislativa	PTA N.° 01-2017. Expediente virtual parlamentario ley resolución legislativa	tildes: A:resolucion→resolución
10107	Directiva N.° 07-2022-DGP/CR. Modificacion 01	Directiva N.° 07-2022-DGP/CR. Modificación 01	tildes: A:Modificacion→Modificación
10108	Directiva N.° 10-2024. Elaboracion documentos normativos segunda version	Directiva N.° 10-2024. Elaboración documentos normativos segunda versión	tildes: A:Elaboracion→Elaboración A:version→versión
10109	Guía politicas nacionales CEPLAN 2024	Guía políticas nacionales CEPLAN 2024	tildes: B:politicas→políticas
10120	Código proteccion defensa consumidor ley 29571 actualizado	Código protección defensa consumidor ley 29571 actualizado	tildes: A:proteccion→protección
10123	Código proteccion defensa consumidor ley 29571 2a edición oficial	Código protección defensa consumidor ley 29571 2a edición oficial	tildes: A:proteccion→protección
10134	Decreto Legislativo N.° 957. Nuevo codigo procesal penal	Decreto Legislativo N.° 957. Nuevo código procesal penal	tildes: B:codigo→código
10137	Texto Único Ordenado de la Ley N.° 30225. Contrataciones estado historico	Texto Único Ordenado de la Ley N.° 30225. Contrataciones estado histórico	tildes: B:historico→histórico
10138	Reglamento ley 30225 D.S. 344-2018 EF historico	Reglamento ley 30225 D.S. 344-2018 EF histórico	tildes: B:historico→histórico
10140	Directiva N.° 0005-2025-EF. Bases estandar procedimientos seleccion	Directiva N.° 0005-2025-EF. Bases estándar procedimientos selección	tildes: B:estandar→estándar A:seleccion→selección
10142	Directiva N.° 006-2019-OSCE. Subasta inversa electronica historico	Directiva N.° 006-2019-OSCE. Subasta inversa electronica histórico	tildes: B:historico→histórico
10143	Ley N.° 32069. Contrataciones publicas	Ley N.° 32069. Contrataciones públicas	tildes: B:publicas→públicas
10151	Guía calidad normativa y publicacion proyectos normativos MINJUS	Guía calidad normativa y publicación proyectos normativos MINJUS	tildes: A:publicacion→publicación
10153	Manual analisis impacto regulatorio AIR ex ante PCM 2021	Manual análisis impacto regulatorio AIR ex ante PCM 2021	tildes: B:analisis→análisis
10162	Decreto Legislativo N.° 1182. Geolocalizacion datos telecomunicaciones	Decreto Legislativo N.° 1182. Geolocalización datos telecomunicaciones	tildes: A:Geolocalizacion→Geolocalización
10168	Decreto Supremo N.° 015-2003-JUS. Reglamento codigo ejecución penal	Decreto Supremo N.° 015-2003-JUS. Reglamento código ejecución penal	tildes: B:codigo→código
10173	Informe tecnico PBI comportamiento economia 2026 t1	Informe técnico PBI comportamiento economía 2026 t1	tildes: B:tecnico→técnico B:economia→economía
10175	Reporte inflacion 2026 06	Reporte inflación 2026 06	tildes: A:inflacion→inflación
10177	Informe tecnico empleo nacional 2026 t1	Informe técnico empleo nacional 2026 t1	tildes: B:tecnico→técnico
10178	Informe tecnico condiciones de vida 2026 t1	Informe técnico condiciones de vida 2026 t1	tildes: B:tecnico→técnico
10180	Evolucion pobreza monetaria 2016 2025	Evolución pobreza monetaria 2016 2025	tildes: A:Evolucion→Evolución
10182	Pacto internacional derechos civiles politicos	Pacto internacional derechos civiles políticos	tildes: B:politicos→políticos
10183	Declaracion universal derechos humanos	Declaración universal derechos humanos	tildes: A:Declaracion→Declaración
10185	Pacto internacional derechos economicos sociales culturales	Pacto internacional derechos económicos sociales culturales	tildes: B:economicos→económicos
10187	Convención ONU contra la corrupcion UNCAC	Convención ONU contra la corrupción UNCAC	tildes: A:corrupcion→corrupción
10237	Pobreza monetaria poblacion venezolana 2024	Pobreza monetaria población venezolana 2024	tildes: A:poblacion→población
10241	Cuenta satelite economia informal 2024	Cuenta satelite economía informal 2024	tildes: B:economia→economía
10243	Condiciones vida poblacion venezolana 2024	Condiciones vida población venezolana 2024	tildes: A:poblacion→población
10246	Estadisticas tributarias 2026	Estadísticas tributarias 2026	tildes: B:Estadisticas→Estadísticas
