ruta	80	Bernardo, Bernardi Carriello/Las crisis bancarias paises emergentes caso latinoamerica (80)/Las crisis bancarias paises emergentes cas - Bernardo, Bernardi Carriello.pdf	Bernardo, Bernardi Carriello/Las crisis bancarias paises emergentes caso Latinoamerica (80)/Las crisis bancarias paises emergentes cas - Bernardo, Bernardi Carriello.pdf	1
ruta	249	Readiris/Webb r distribucion del ingreso en el peru (249)/Webb r distribucion del ingreso en el peru - Readiris.pdf	Readiris/Webb r distribucion del ingreso en el Peru (249)/Webb r distribucion del ingreso en el Peru - Readiris.pdf	1
ruta	258	Francisco, Verdera/La pobreza en el peru pucp (258)/La pobreza en el peru pucp - Francisco, Verdera.pdf	Francisco, Verdera/La pobreza en el Peru pucp (258)/La pobreza en el Peru pucp - Francisco, Verdera.pdf	1
ruta	452	Carlos, Contreras/La desigualdad de la distribucion de ingresos en el peru (452)/La desigualdad de la distribucion de ingre - Carlos, Contreras.pdf	Carlos, Contreras/La desigualdad de la distribucion de ingresos en el Peru (452)/La desigualdad de la distribucion de ingre - Carlos, Contreras.pdf	1
ruta	490	Congreso de la Republica/Constitucion politica del peru 1993 (490)/Constitucion politica del peru 1993 - Congreso de la Republica.pdf	Congreso de la Republica/Constitucion politica del Peru 1993 (490)/Constitucion politica del Peru 1993 - Congreso de la Republica.pdf	1
ruta	497	Efrain, Gonzales de Olarte/Descentralizacion divergencia y desarrollo regional en el peru del 2010 (497)/Descentralizacion divergencia y desarrollo - Efrain, Gonzales de Olarte.pdf	Efrain, Gonzales de Olarte/Descentralizacion divergencia y desarrollo regional en el Peru del 2010 (497)/Descentralizacion divergencia y desarrollo - Efrain, Gonzales de Olarte.pdf	1
ruta	725	Michael, Parkin/Microeconomia. version para latinoamerica (725)/Microeconomia. version para latinoamerica - Michael, Parkin.pdf	Michael, Parkin/Microeconomia. version para Latinoamerica (725)/Microeconomia. version para Latinoamerica - Michael, Parkin.pdf	1
ruta	744	Michael, Parkin/Macroeconomia.version para latinoamerica (744)/Macroeconomia.version para latinoamerica - Michael, Parkin.pdf	Michael, Parkin/Macroeconomia.version para Latinoamerica (744)/Macroeconomia.version para Latinoamerica - Michael, Parkin.pdf	1
ruta	858	Renzo, Rossini/Entorno dolarizacion financiera caso peru 1996 2006 (858)/Entorno dolarizacion financiera caso peru - Renzo, Rossini.pdf	Renzo, Rossini/Entorno dolarizacion financiera caso Peru 1996 2006 (858)/Entorno dolarizacion financiera caso Peru - Renzo, Rossini.pdf	1
ruta	943	Eduardo, Galeano/Las venas abiertas de america latina (943)/Las venas abiertas de america latina - Eduardo, Galeano.pdf	Eduardo, Galeano/Las venas abiertas de America latina (943)/Las venas abiertas de America latina - Eduardo, Galeano.pdf	1
ruta	1146	Giovanna, Aguilar Andia/Microcredito y crecimiento regional en el peru (1146)/Microcredito y crecimiento regional en el - Giovanna, Aguilar Andia.pdf	Giovanna, Aguilar Andia/Microcredito y crecimiento regional en el Peru (1146)/Microcredito y crecimiento regional en el - Giovanna, Aguilar Andia.pdf	1
ruta	1148	Cecilia, Garavito Masalias/La ley de okun en el peru lima metropolitana 1971 2016 (1148)/La ley de okun en el peru lima metropolita - Cecilia, Garavito Masalias.pdf	Cecilia, Garavito Masalias/La ley de okun en el Peru lima metropolitana 1971 2016 (1148)/La ley de okun en el Peru lima metropolita - Cecilia, Garavito Masalias.pdf	1
ruta	1150	Jose, Oscategui A_/Politicas de estabilizacion vs politicas de crecimiento en peru 2011 2018 (1150)/Politicas de estabilizacion vs politicas d - Jose, Oscategui A_.pdf	Jose, Oscategui A_/Politicas de estabilizacion vs politicas de crecimiento en Peru 2011 2018 (1150)/Politicas de estabilizacion vs politicas d - Jose, Oscategui A_.pdf	1
ruta	1156	Rodolfo, Cermeno/Que hubiera pasado en 2014 2016 si un modelo macroeconometrico para el peru (1156)/Que hubiera pasado en 2014 2016 si un mode - Rodolfo, Cermeno.pdf	Rodolfo, Cermeno/Que hubiera pasado en 2014 2016 si un modelo macroeconometrico para el Peru (1156)/Que hubiera pasado en 2014 2016 si un mode - Rodolfo, Cermeno.pdf	1
ruta	1157	Felix, Jimenez/Crecimiento y desindustrializacion prematura en peru un analisis kaldoriano (1157)/Crecimiento y desindustrializacion prematu - Felix, Jimenez.pdf	Felix, Jimenez/Crecimiento y desindustrializacion prematura en Peru un analisis kaldoriano (1157)/Crecimiento y desindustrializacion prematu - Felix, Jimenez.pdf	1
ruta	1159	Oscar, Dancourt/Intervencion cambiaria y politica monetaria en el peru (1159)/Intervencion cambiaria y politica monetari - Oscar, Dancourt.pdf	Oscar, Dancourt/Intervencion cambiaria y politica monetaria en el Peru (1159)/Intervencion cambiaria y politica monetari - Oscar, Dancourt.pdf	1
ruta	1185	Richard, Roca/Lineamientos de politica economica para el peru 2001 2006 (1185)/Lineamientos de politica economica para el - Richard, Roca.pdf	Richard, Roca/Lineamientos de politica economica para el Peru 2001 2006 (1185)/Lineamientos de politica economica para el - Richard, Roca.pdf	1
ruta	1186	Richard, Roca/Lineamientos de politica economica para el peru 2006 2011 (1186)/Lineamientos de politica economica para el - Richard, Roca.pdf	Richard, Roca/Lineamientos de politica economica para el Peru 2006 2011 (1186)/Lineamientos de politica economica para el - Richard, Roca.pdf	1
ruta	1400	Carlos, Aquino Rodriguez/Importancia de la participacion del peru en el focalae (1400)/Importancia de la participacion del peru e - Carlos, Aquino Rodriguez.pdf	Carlos, Aquino Rodriguez/Importancia de la participacion del Peru en el focalae (1400)/Importancia de la participacion del Peru e - Carlos, Aquino Rodriguez.pdf	1
ruta	1746	Julio, Velarde/Efectos crisis financiera internacional en peru (1746)/Efectos crisis financiera internacional en - Julio, Velarde.pdf	Julio, Velarde/Efectos crisis financiera internacional en Peru (1746)/Efectos crisis financiera internacional en - Julio, Velarde.pdf	1
ruta	1776	Nikita, Cespedes/Productividad en el peru medicion determinantes e implicancias (1776)/Productividad en el peru medicion determin - Nikita, Cespedes.pdf	Nikita, Cespedes/Productividad en el Peru medicion determinantes e implicancias (1776)/Productividad en el Peru medicion determin - Nikita, Cespedes.pdf	1
ruta	2008	Andrew, Morrison/La participacion laboral de las mujeres en el peru 10 mensajes clave y 06 recomendaciones de po (2008)/La participacion laboral de las mujeres en - Andrew, Morrison.pdf	Andrew, Morrison/La participacion laboral de las mujeres en el Peru 10 mensajes clave y 06 recomendaciones de po (2008)/La participacion laboral de las mujeres en - Andrew, Morrison.pdf	1
ruta	2456	Miguel, Priale Ugas/Introduccion a la esp la inversion publica en america latina (2456)/Introduccion a la esp la inversion publica - Miguel, Priale Ugas.pdf	Miguel, Priale Ugas/Introduccion a la esp la inversion publica en America latina (2456)/Introduccion a la esp la inversion publica - Miguel, Priale Ugas.pdf	1
ruta	3337	Mario, Mesia/El costo del credito en peru revision de la evolucion reciente (3337)/El costo del credito en peru revision de l - Mario, Mesia.pdf	Mario, Mesia/El costo del credito en Peru revision de la evolucion reciente (3337)/El costo del credito en Peru revision de l - Mario, Mesia.pdf	1
ruta	4034	CONFIEP/Agenda nacional de reformas economicas en peru (4034)/Agenda nacional de reformas economicas en - CONFIEP.pdf	CONFIEP/Agenda nacional de reformas economicas en Peru (4034)/Agenda nacional de reformas economicas en - CONFIEP.pdf	1
ruta	4194	Jesus, Tong/Costo de capital en peru ii (4194)/Costo de capital en peru ii - Jesus, Tong.pdf	Jesus, Tong/Costo de capital en Peru ii (4194)/Costo de capital en Peru ii - Jesus, Tong.pdf	1
ruta	4195	Jesus, Tong/Costo de capital en peru i (4195)/Costo de capital en peru i - Jesus, Tong.pdf	Jesus, Tong/Costo de capital en Peru i (4195)/Costo de capital en Peru i - Jesus, Tong.pdf	1
ruta	4384	Omar, Zambrano/Perspectivas par america latina en la turbulencia global (4384)/Perspectivas par america latina en la turb - Omar, Zambrano.pdf	Omar, Zambrano/Perspectivas par America latina en la turbulencia global (4384)/Perspectivas par America latina en la turb - Omar, Zambrano.pdf	1
ruta	8527	Jose Maria, Pacori Cari/Manual procedimiento administrativo general peru (8527)/Manual procedimiento administrativo genera - Jose Maria, Pacori Cari.pdf	Jose Maria, Pacori Cari/Manual procedimiento administrativo general Peru (8527)/Manual procedimiento administrativo genera - Jose Maria, Pacori Cari.pdf	1
ruta	8573	Eddy, Bekkers/Las politicas exitosas de ied en america latina y elcaribe (8573)/Las politicas exitosas de ied en america l - Eddy, Bekkers.pdf	Eddy, Bekkers/Las politicas exitosas de ied en America latina y elcaribe (8573)/Las politicas exitosas de ied en America l - Eddy, Bekkers.pdf	1
ruta	8816	Juan Enrique, Sierra Contreras/Analisis y perspectivas de las finanzas publicas en el peru (8816)/Analisis y perspectivas de las finanzas pu - Juan Enrique, Sierra Contreras.pdf	Juan Enrique, Sierra Contreras/Analisis y perspectivas de las finanzas publicas en el Peru (8816)/Analisis y perspectivas de las finanzas pu - Juan Enrique, Sierra Contreras.pdf	1
ruta	8957	Richard, Roca/Metas de inflacion y efectividad de la politica monetaria en el peru (8957)/Metas de inflacion y efectividad de la pol - Richard, Roca.pdf	Richard, Roca/Metas de inflacion y efectividad de la politica monetaria en el Peru (8957)/Metas de inflacion y efectividad de la pol - Richard, Roca.pdf	1
ruta	8959	Renzo, Rossini/Intervencion cambiaria en el peru 2007 a 2013 (8959)/Intervencion cambiaria en el peru 2007 a 2 - Renzo, Rossini.pdf	Renzo, Rossini/Intervencion cambiaria en el Peru 2007 a 2013 (8959)/Intervencion cambiaria en el Peru 2007 a 2 - Renzo, Rossini.pdf	1
ruta	8961	Renzo, Rossini/Flujo de capitales politica monetaria e intervencion cambiaria en el peru (8961)/Flujo de capitales politica monetaria e in - Renzo, Rossini.pdf	Renzo, Rossini/Flujo de capitales politica monetaria e intervencion cambiaria en el Peru (8961)/Flujo de capitales politica monetaria e in - Renzo, Rossini.pdf	1
ruta	8964	Zenon, Quispe Misaico/La crisis global 2007 - 2009 y la politica monetaria del banco central de reserva del peru (8964)/La crisis global 2007 - 2009 y la politica - Zenon, Quispe Misaico.pdf	Zenon, Quispe Misaico/La crisis global 2007 - 2009 y la politica monetaria del banco central de reserva del Peru (8964)/La crisis global 2007 - 2009 y la politica - Zenon, Quispe Misaico.pdf	1
ruta	8967	Alberto, Pasco Font/Politicas de estabilizacion y reformas estructurales_ peru (8967)/Politicas de estabilizacion y reformas est - Alberto, Pasco Font.pdf	Alberto, Pasco Font/Politicas de estabilizacion y reformas estructurales_ Peru (8967)/Politicas de estabilizacion y reformas est - Alberto, Pasco Font.pdf	1
ruta	8970	Oscar, Dancourt/Reformas estructurales politica macroeconomica peru_ 1990-96 (8970)/Reformas estructurales politica macroecono - Oscar, Dancourt.pdf	Oscar, Dancourt/Reformas estructurales politica macroeconomica Peru_ 1990-96 (8970)/Reformas estructurales politica macroecono - Oscar, Dancourt.pdf	1
ruta	8982	Organizacion Internacional del Trabajo/Panorama laboral 2019 america latina y el caribe (8982)/Panorama laboral 2019 america latina y el - Organizacion Internacional del Trabajo.pdf	Organizacion Internacional del Trabajo/Panorama laboral 2019 America latina y el caribe (8982)/Panorama laboral 2019 America latina y el - Organizacion Internacional del Trabajo.pdf	1
ruta	8993	Cecilia, Garavito Masalias/La ley de okun en el peru_ 1970-2000 (8993)/La ley de okun en el peru_ 1970-2000 - Cecilia, Garavito Masalias.pdf	Cecilia, Garavito Masalias/La ley de okun en el Peru_ 1970-2000 (8993)/La ley de okun en el Peru_ 1970-2000 - Cecilia, Garavito Masalias.pdf	1
ruta	9084	Enrique, Gonzalez Paucarhuanca/_Puede el internet potenciar el aprendizaje en america latina_ (9084)/_Puede el internet potenciar el aprendizaj - Enrique, Gonzalez Paucarhuanca.pdf	Enrique, Gonzalez Paucarhuanca/_Puede el internet potenciar el aprendizaje en America latina_ (9084)/_Puede el internet potenciar el aprendizaj - Enrique, Gonzalez Paucarhuanca.pdf	1
ruta	9091	Edison, Achalma Mendoza/Politica fiscal y deuda publica en peru (9091)/Politica fiscal y deuda publica en peru - Edison, Achalma Mendoza.pdf	Edison, Achalma Mendoza/Politica fiscal y deuda publica en Peru (9091)/Politica fiscal y deuda publica en Peru - Edison, Achalma Mendoza.pdf	1
titulo	58	XQDC3MXI	Politica economica	Política económica
titulo	59	6RIQM63M	Progresos de la economia politica de la politica fiscal	Progresos de la economía política de la política fiscal
titulo	60	TM5VRKLN	Teoria banca libre	Teoría banca libre
titulo	71	6TEAACN3	Economia internacional	Economía internacional
titulo	76	ZY4KS7BZ	Nueva sintesis keynesiana	Nueva síntesis keynesiana
titulo	77	YP62CUGV	Regimenes cambiarios y bienestar	Regímenes cambiarios y bienestar
titulo	78	6MUHZTZT	El sistema financiero internacional. Consideraciones sobre el reto de insertar a las economias pequenas al mercado mundial de capitales	El sistema financiero internacional. Consideraciones sobre el reto de insertar a las economías pequenas al mercado mundial de capitales
titulo	80	DMB69KIE	Las crisis bancarias paises emergentes caso latinoamerica	Las crisis bancarias países emergentes caso Latinoamérica
titulo	81	FRJXQTCF	Mercosur acuerdos cuarta generacion	Mercosur acuerdos cuarta generación
titulo	83	YRSJ5AXF	Moviendose modelos equilibrio general estatico dinamico	Moviendose modelos equilibrio general estatico dinámico
titulo	94	MVLR7HST	Costa rica aspectos teoricos diseno politica monetaria	Costa rica aspectos teoricos diseño política monetaria
titulo	96	8TWHYBQW	Modelos de equilibrio general dinamico y estocastico egde una introduccion no 2010 47 working paper	Modelos de equilibrio general dinámico y estocastico egde una introducción no 2010 47 working paper
titulo	97	6LAEWC8H	America latina y su crisis financiera internacional	América latina y su crisis financiera internacional
titulo	103	PLS6A3SX	Conduccion politica monetarias	Conducción política monetarias
titulo	104	JHHAVQ5R	Credibilidad politica monetaria	Credibilidad política monetaria
titulo	106	U6HERSS5	Modelos de crecimiento economico	Modelos de crecimiento económico
titulo	111	MTMP2SKS	Regimenes cambiarios de facto y de iure	Regímenes cambiarios de facto y de iure
titulo	112	4H8BCAQS	Modelos de eleccion intertemporal	Modelos de elección intertemporal
titulo	118	YYCLVH9T	Venezuela presion cambiaria	Venezuela presión cambiaria
omitido	123	2Q3853HM	Zotero tenía «El modelo de informacion imperfecta de lucas»
titulo	130	KWR2WUT6	La sustentabilidad de la politica fiscal bajo incertidumbre	La sustentabilidad de la política fiscal bajo incertidumbre
titulo	134	FS66SU44	Determinacion equilibrio general modelo bienes no transables	Determinación equilibrio general modelo bienes no transables
titulo	135	V3WLPYDU	El rol del desempleo en la determinacion del salario	El rol del desempleo en la determinación del salario
titulo	136	BAAYUE9D	Politica fiscal optima	Política fiscal optima
titulo	140	FNZ5IBYU	Politica cambiaria ajuste ordenado	Política cambiaria ajuste ordenado
titulo	141	JBZJCIZ2	Politica economica contrarreloj	Política económica contrarreloj
titulo	143	DDEXP5NP	Crecimiento sostenido "guiado" por las exportaciones. Un modelo tipo AK para una economia abierta	Crecimiento sostenido "guiado" por las exportaciones. Un modelo tipo AK para una economía abierta
titulo	147	3ZWADBEI	Guia de ejercicios macroeconomia i	Guía de ejercicios macroeconomía i
titulo	151	5ZZAG6YR	Apuntes de teoria y politica monetaria	Apuntes de teoría y política monetaria
titulo	154	KWLMJCG5	Notas de macroeconomia avanzada	Notas de macroeconomía avanzada
titulo	166	L4JNJXVT	Crisis paises emergentes	Crisis países emergentes
titulo	167	K6P6MTU8	Critica de las teorias monetarista y keynesiana	Crítica de las teorías monetarista y keynesiana
titulo	168	J375Q8WM	Cuadrado politica economica	Cuadrado política económica
titulo	169	BZUZU4KL	Seleccion intrumemtos monetarios regla poole	Selección intrumemtos monetarios regla poole
titulo	171	H68UJ9J9	Dos comentarios sobre la teoria monetaria los escolásticos españoles	Dos comentarios sobre la teoría monetaria los escolásticos españoles
titulo	178	RIKPAKVZ	Modelos crecimiento economico dinanmicas complejas	Modelos crecimiento económico dinanmicas complejas
titulo	179	BQKXFJF9	Notas de crecimiento y ciclo economico	Notas de crecimiento y ciclo económico
titulo	181	QTCFMC2I	Experimentos computacionales y teoria de equilibrio general aplicada	Experimentos computacionales y teoría de equilibrio general aplicada
titulo	182	FN3ZHJS7	Macroeconomia teoria y politica	Macroeconomía teoría y política
titulo	185	AYL5QB7T	Notas de sesion	Notas de sesión
titulo	186	XS3BZTWQ	Politica monetaria bajo incertidumbre	Política monetaria bajo incertidumbre
titulo	187	AYFWVGIJ	Riesgos oportunidades dolarizar economia peruana	Riesgos oportunidades dolarizar economía peruana
titulo	191	BKNJTKAN	Demanda dinero funcion utilidad	Demanda dinero función utilidad
titulo	193	TR9BWXUS	Estado macroeconomia y cuestiones basicas	Estado macroeconomía y cuestiones básicas
titulo	198	2JX28TG4	Deficit presupuestario tipo cambio flexible y fijo	Déficit presupuestario tipo cambio flexible y fijo
titulo	204	7YFWWWQT	Macroeconomia avanzada i	Macroeconomía avanzada i
titulo	208	QR589XKZ	Macroeconomia avanzada i	Macroeconomía avanzada i
titulo	215	V365YNMZ	Teorias monetarias postkeynesianas	Teorías monetarias postkeynesianas
titulo	220	WEZ5FI52	Teoria y politica monetaria	Teoría y política monetaria
titulo	222	F7A25VYF	¿Qué influencia ejerce el «pais lider» en la formacion de un area monetaria? el caso del este asiatico	¿Qué influencia ejerce el «pais lider» en la formación de un area monetaria? el caso del este asiatico
titulo	223	YNEDM9DB	Politica fiscal crecimiento	Política fiscal crecimiento
titulo	231	8CIU26F2	Evaluacion reglas tasa interes economia pequena abierta	Evaluación reglas tasa interés economía pequena abierta
titulo	233	ILZ6NHP7	Metas inflacionarias estrategia politica monetaria	Metas inflacionarias estrategia política monetaria
titulo	244	4R9CRJNF	La investigacion en la economia	La investigación en la economía
titulo	246	ZFF6IG3Z	Conferencia sobre etica	Conferencia sobre ética
titulo	249	JV7T4WVK	Webb r distribucion del ingreso en el peru	Webb r distribución del ingreso en el Perú
titulo	258	3TSALXSF	La pobreza en el peru pucp	La pobreza en el Perú pucp
titulo	262	UFKK2UUQ	Manual microeconomia intermedia	Manual microeconomía intermedia
titulo	265	GV9C2B7T	Valoracion de bonos y acciones	Valoración de bonos y acciones
titulo	271	K8CMQQGK	Historia economica de la empresa hasta la 351	Historia económica de la empresa hasta la 351
titulo	272	546CW394	Historia economica de la empresa hasta la 251	Historia económica de la empresa hasta la 251
titulo	273	3EI2X9HG	Ejercicios de macroeconomia	Ejercicios de macroeconomía
titulo	274	VGP92QN3	Una nota sobre la metodologia de la investigacion en teoria economica	Una nota sobre la metodología de la investigación en teoría económica
titulo	283	S256L8GM	Notas tecnicas de microeconomia	Notas técnicas de microeconomía
titulo	289	889KB9SW	Tipos de cambio multiple en colombia 1932 1967	Tipos de cambio múltiple en colombia 1932 1967
titulo	297	RCWILXPZ	Tercera revolucion industrial prefacio breve introduccion	Tercera revolución industrial prefacio breve introducción
titulo	305	CJ5JTP9Q	Sociologia economica	Sociología económica
titulo	311	JTL7IQ79	Filosofia en 11 frases	Filosofía en 11 frases
titulo	313	NZX4T6UB	Matematicas para el analisis economico	Matemáticas para el análisis económico
titulo	328	Y59TES4N	Etica segun el orden geometrico	Ética según el orden geométrico
titulo	329	6YYXITLU	Sostenibilidad deuda publica economias emergentes	Sostenibilidad deuda publica economías emergentes
titulo	352	LXFLP3MJ	Preparcion y evaluacion de proyectos	Preparción y evaluación de proyectos
titulo	354	XXM5E7G5	Administracion financiera i	Administración financiera i
titulo	355	GHYFN5H2	Probabilidad e inferencia estadistica	Probabilidad e inferencia estadística
titulo	356	5ZE9DTYX	Cien ejercicios resueltos de estadistica basica para economia y empresas	Cien ejercicios resueltos de estadística básica para economía y empresas
titulo	357	9UIQVZ8Z	Introduccion a la econometria	Introducción a la econometría
titulo	358	NEKXCUAW	Microeconomia comportamiento instituciones y evolucion	Microeconomía comportamiento instituciones y evolución
titulo	363	5IDGFH6Y	Apuntes de crecimiento economico	Apuntes de crecimiento económico
titulo	364	HTQRDB4Z	El proceso de investigacion	El proceso de investigación
titulo	365	UAYXNKLC	Diccionario de economia y finanzas	Diccionario de economía y finanzas
titulo	372	7IX93NHG	Politica monetaria bajo incertidumbre	Política monetaria bajo incertidumbre
titulo	373	JUJ4DNI8	Politica cambiaria estabilidad economico	Política cambiaria estabilidad económico
titulo	374	NCATZZB3	En que esta la teoria monetaria	En que esta la teoría monetaria
titulo	377	A2VYPKMZ	Macroeconomia avanzada	Macroeconomía avanzada
titulo	380	4T5KR6AW	Ensayo sobre la naturaleza de la ciencia economica	Ensayo sobre la naturaleza de la ciencia económica
titulo	383	UG8AKL5R	Introduccion a la probabibidad	Introducción a la probabibidad
titulo	384	XD896LG5	Introduccion a la teoria del riesgo	Introducción a la teoría del riesgo
titulo	386	BN99WHZ4	Que es la esperanza matematica	Que es la esperanza matemática
titulo	394	WWWQSNML	Reforma y modernizacion del estado	Reforma y modernización del estado
titulo	398	CJV6CSJ5	Investigacion de operaciones i programacion lineal	Investigación de operaciones i programación lineal
titulo	401	3RI4L792	Analisis posmarxista del estado latinoamericano	Análisis posmarxista del estado latinoamericano
titulo	403	SA5H7TQQ	Algebra elemental	Álgebra elemental
titulo	406	9Q5QT3YQ	Analisis de la implementacion de programas sociales desde el enfoque	Análisis de la implementación de programas sociales desde el enfoque
titulo	407	AE5Q2NCK	Apuntes de macroeconomia i tema 01	Apuntes de macroeconomía i tema 01
titulo	408	UGQR2ZVG	Apuntes de macroeconomia i tema 04 05	Apuntes de macroeconomía i tema 04 05
titulo	411	TEWRB5FS	Algebra lineal con aplicaciones y python	Álgebra lineal con aplicaciones y python
titulo	414	53M8E98V	¿Que es la politica?	¿Que es la política?
titulo	416	J5JGD968	Microeconomia practica	Microeconomía practica
titulo	419	A4VZ9WQA	Econometria aplicada utilizando r	Econometría aplicada utilizando r
titulo	421	76RJDXCZ	Que es una politica publica	Que es una política publica
titulo	423	V5EW7L4M	Guia para elaborar modelos econometricos con eviews	Guía para elaborar modelos econometricos con eviews
titulo	424	XIC7HXI3	Critica de la microeconomia politica teorias del valor y cierre categorial	Crítica de la microeconomía política teorías del valor y cierre categorial
titulo	426	TGLYUFU2	Manual econometria parte 01	Manual econometría parte 01
titulo	427	LSMTJT9C	Aplicacion de las matrices modelos de entrada y salida de leontief	Aplicación de las matrices modelos de entrada y salida de leontief
titulo	428	NVGW9L87	Matematica para economia dinamica	Matemática para economía dinámica
titulo	430	MD8CMPXP	Optimizacion dinamica y teoria economica	Optimización dinámica y teoría económica
titulo	432	JAG5N295	La transmision internacional de politicas monetarias mundell fleming vs obstfeld rogoff	La transmisión internacional de políticas monetarias mundell fleming vs obstfeld rogoff
titulo	433	8LV8YKRT	Metodologia de la investigacion economica	Metodología de la investigación económica
titulo	437	YLBJVGKP	La investigacion cientifica	La investigación científica
titulo	441	NFG4QR74	Econometria moderna	Econometría moderna
titulo	446	YJVYQ5DL	Microeconomia intermedia problemas y cuestiones	Microeconomía intermedia problemas y cuestiones
omitido	447	2FGBPAFH	Zotero tenía «Capitalización y actualización»
titulo	448	PLF3EYQG	Progresos en organizacion industrial	Progresos en organización industrial
omitido	449	YBPZ866Z	Zotero tenía «Comparación entre el modelo clásico y el de keynes»
titulo	452	8HR7BF28	La desigualdad de la distribucion de ingresos en el peru	La desigualdad de la distribución de ingresos en el Perú
titulo	453	G77EVFZ8	Economia publica cosesion de ensayos	Economía publica cosesión de ensayos
titulo	456	9GZJ3XV7	Como escribir y publicar trabajo cientificos	Como escribir y publicar trabajo científicos
titulo	458	Q36DV4M5	Teoria de la regulacion economica	Teoría de la regulación económica
titulo	464	JGLX6HV7	Economia matematica	Economía matemática
titulo	465	A9TQQ4HF	Diccionario akal de filosofia	Diccionario akal de filosofía
titulo	468	QNN9VH7V	Nueva guia para la investigacion cientifica	Nueva guía para la investigación científica
titulo	470	999IB7IC	Efectos macro composicion deuda	Efectos macro composición deuda
titulo	472	BQH5FGPC	Emision de acciones de empresas peruanas en el mercado financiero internacional	Emisión de acciones de empresas peruanas en el mercado financiero internacional
titulo	476	N8G9R4Q4	Econometria espacial aplicada utilizando r	Econometría espacial aplicada utilizando r
titulo	477	5IACHTI4	Estatica y dinamica	Estatica y dinámica
titulo	480	FV8N9UWL	Modelizacion de los bienes publicos	Modelización de los bienes publicos
titulo	485	F5FUAXKB	Teorias economicas del capitalismo	Teorías económicas del capitalismo
titulo	487	EU2X6BIC	Guia de eviews modelos de regresion	Guía de eviews modelos de regresión
titulo	490	NAKZJV9J	Constitucion politica del perú 1993	Constitución política del Perú 1993
titulo	494	KN5P9PIS	Plan estrategico de desarrollo nacional plan bicentenario 2011	Plan estratégico de desarrollo nacional plan bicentenario 2011
titulo	495	HDUTKLSX	Indicadores de gestion: herramientas para lograr la competitividad	Indicadores de gestión: herramientas para lograr la competitividad
titulo	497	IDGDA8WK	Descentralizacion divergencia y desarrollo regional en el peru del 2010	Descentralización divergencia y desarrollo regional en el Perú del 2010
titulo	501	HBCU657C	Funciones estadisticas de distribucion con eviews	Funciones estadísticas de distribución con eviews
titulo	502	FSPURJYJ	Guia para el planeamiento institucional	Guía para el planeamiento institucional
titulo	503	9UAD6HCN	Guia de investigacion de economia	Guía de investigación de economía
titulo	504	P69VWAMI	Guia de citado referenciacion estilo vancouver	Guía de citado referenciación estilo vancouver
titulo	510	AZECJDQH	Guia para la elaboracion de indicadores de politicas nacionales y planes estrategicos ceplan	Guía para la elaboración de indicadores de políticas nacionales y planes estrategicos ceplan
titulo	514	Q4T2JJJX	Contribuciones de la organizacion industrial a la direccion estrategica de la empresa	Contribuciones de la organización industrial a la dirección estratégica de la empresa
titulo	524	J8SE9Y35	Introduccion modelos rbc	Introducción modelos rbc
titulo	525	6WFKTD22	Microeconomia	Microeconomía
titulo	528	IP8BEGGG	La filosofia	La filosofía
titulo	529	5YQQRN8T	Ejercicios de macroeconomia avanzada	Ejercicios de macroeconomía avanzada
titulo	531	WB75C57A	Fundamentos de investigacion de operaciones para administracion	Fundamentos de investigación de operaciones para administración
titulo	532	JQ5VFCXC	Historia de la filosofia	Historia de la filosofía
titulo	536	6KTGUVM2	La introduccion no tan corta a latex	La introducción no tan corta a latex
titulo	537	EC8YGSAQ	Kunhn vrs lakatos de la teoria de las revoluciones cientificas a los programas cientificos de investigacion	Kunhn vrs lakatos de la teoría de las revoluciones cientificas a los programas científicos de investigación
titulo	538	6HBQ98VQ	La nueva era de los mercados financieros y su globalizacion	La nueva era de los mercados financieros y su globalización
titulo	539	5BFIG7NX	La ruptura entre economia y politica en el mundo del capital	La ruptura entre economía y política en el mundo del capital
titulo	540	YXMP9RQE	Estadisticas y perspectivas comerciales	Estadísticas y perspectivas comerciales
titulo	544	MHVVSGHN	Legislacion peruana sobre comunidades campesinas 00	Legislación peruana sobre comunidades campesinas 00
titulo	545	YHMVK5I3	Legislacion peruana sobre comunidades campesinas 01	Legislación peruana sobre comunidades campesinas 01
titulo	547	K876XQVC	Legislacion peruana sobre comunidades campesinas 02	Legislación peruana sobre comunidades campesinas 02
titulo	548	5J39KBTU	Legislacion peruana sobre comunidades campesinas 03	Legislación peruana sobre comunidades campesinas 03
titulo	549	XEP2KCGH	Legislacion peruana sobre comunidades campesinas 04	Legislación peruana sobre comunidades campesinas 04
titulo	550	YEWS98RD	Legislacion peruana sobre comunidades campesinas 05	Legislación peruana sobre comunidades campesinas 05
titulo	551	GXZCSJG6	Economia aplicada	Economía aplicada
titulo	553	9Q92YEUZ	Libro evaluacion de inversiones	Libro evaluación de inversiones
titulo	556	7GW965IY	La investigacion cientifica y su propedeutica en el derecho	La investigación científica y su propedeutica en el derecho
titulo	568	ASLTUTK8	Manual de investigacion operativa	Manual de investigación operativa
titulo	569	E7V2XLTH	Mariategui defensa del marxismo	Mariátegui defensa del marxismo
titulo	570	5CUJ9KWR	Notas sobre econometria con eviews estimacion	Notas sobre econometría con eviews estimación
titulo	571	9FABM7E3	Guia para el analisis estadistico basico pruebas de hipotesis y regresiones en el eviews	Guía para el análisis estadístico básico pruebas de hipótesis y regresiones en el eviews
titulo	572	TRKL483M	Microeconomia avanzada	Microeconomía avanzada
titulo	574	UPU7UTKY	Macroeconomia internacional	Macroeconomía internacional
titulo	575	KEUVJE2C	Metodos dinamicos en economia otra busqueda del tiempo perdido	Métodos dinamicos en economía otra búsqueda del tiempo perdido
titulo	576	RG4AWRNB	Metodologia de la investigacion social	Metodología de la investigación social
titulo	579	MZP2HC42	Microeconomia avanzada ii	Microeconomía avanzada ii
titulo	580	VY4BAT32	Metodos numericos solucion modelos no lineales con expectativas racionales	Métodos numéricos solución modelos no lineales con expectativas racionales
titulo	588	B35C9I5S	Modernizacion gestion publica	Modernización gestión publica
titulo	591	GGH3Z66S	Notas de microeconomia i	Notas de microeconomía i
titulo	592	X7DSRD2Y	Macroeconomia avanzada con metodo computacionales	Macroeconomía avanzada con método computacionales
titulo	593	M2C8QWZD	Algebra lineal, vectores, rectas y planos en r3 pdf interactivo	Álgebra lineal, vectores, rectas y planos en r3 pdf interactivo
titulo	594	Z8B5JS2B	Notas sobre macroeconomia dinamica	Notas sobre macroeconomía dinámica
titulo	597	LLII9RGJ	Una aplicacion del metodo de mco retornos a escala en la industria electrica	Una aplicación del método de mco retornos a escala en la industria electrica
titulo	604	TLA4REN6	Peirce charles sanders la logica considerada como semiotica	Peirce charles sanders la lógica considerada como semiotica
titulo	607	BW6VDHUU	Panorama de la economia peruana 1950 2015 base 2007	Panorama de la economía peruana 1950 2015 base 2007
titulo	609	PPVRS346	Apuntes sobre la teoria economica de la regulacion	Apuntes sobre la teoría económica de la regulación
titulo	611	JAEVHY62	Politica monetaria y tasas de interes	Política monetaria y tasas de interés
titulo	612	8MWIAXL7	Politica fiscal optima estado cuestion	Política fiscal optima estado cuestion
titulo	614	B3IHKW7T	Indice	Índice
titulo	616	RSZQY4GK	Estrategia competitiva tecnicas para el analisis de los sectores industriales y de la competencia	Estrategia competitiva técnicas para el análisis de los sectores industriales y de la competencia
titulo	617	QMP42PNY	La logica de la investigacion cientifica	La lógica de la investigación científica
titulo	618	XPJ3EUGC	Microeconomia	Microeconomía
titulo	619	83RXAYUD	Microeconomia	Microeconomía
titulo	651	Q9FC4CT9	Manual para la evaluacion de impacto de programas de lucha contra la pobreza	Manual para la evaluación de impacto de programas de lucha contra la pobreza
titulo	653	NAXLMT2A	Pauta metodologica evaluacion de impacto	Pauta metodológica evaluación de impacto
titulo	670	RW3BZL6W	Analisis de eficiencia y productividad	Análisis de eficiencia y productividad
titulo	674	HDA26M67	Apuntes de introduccion a los modelos econometricos	Apuntes de introducción a los modelos econometricos
titulo	711	392JKFVA	Evaluacion de proyectos de inversion, herramientas financieras para analizar la creacion de valor	Evaluación de proyectos de inversión, herramientas financieras para analizar la creación de valor
titulo	712	DD3LB9JH	Evaluacion de inversiones	Evaluación de inversiones
titulo	725	GTJI4XEQ	Microeconomia. versión para latinoamérica	Microeconomía. versión para Latinoamérica
omitido	727	6JFA3DIV	Zotero tenía «Microeconomía»
titulo	744	6TU7YRAR	Macroeconomia.version para latinoamérica	Macroeconomía.versión para Latinoamérica
titulo	757	T4IZFGN6	Manual de economia politica	Manual de economía política
titulo	763	6CD2XR5B	La microeconomia	La microeconomía
titulo	764	Y8FAXI62	La logica oculta de la vida: como la economia explica todas nuestras decisiones	La lógica oculta de la vida: como la economía explica todas nuestras decisiones
titulo	815	NIRLV3JF	Fisica	Física
titulo	818	QSW3Q5RT	Sobre la interpretacion	Sobre la interpretación
titulo	819	7F77SCQF	Metafisica	Metafísica
titulo	848	27WFK65L	La ilusion y la desilusion esteticas	La ilusión y la desilusión esteticas
titulo	852	9MGXFILN	Determinantes crecimiento economico 1960 2000	Determinantes crecimiento económico 1960 2000
titulo	854	KFHJ4MTB	Indicadores inflacion subyacente	Indicadores inflación subyacente
titulo	855	42FCPZUV	Tendencias analisis politica monetaria	Tendencias análisis política monetaria
titulo	858	IJDAWPSU	Entorno dolarizacion financiera caso peru 1996 2006	Entorno dolarización financiera caso Perú 1996 2006
titulo	873	TIQ576VF	Linguistica y gramatologia iii	Lingüística y gramatologia iii
titulo	874	NVZX9RW2	Linguistica y gramatologia ii	Lingüística y gramatologia ii
titulo	875	UJSN8RXK	Linguistica y gramatologia i	Lingüística y gramatologia i
titulo	879	WMQVZTGA	Critica al periodismo	Crítica al periodismo
titulo	885	J8YY9C3E	Econometria	Econometría
titulo	889	SJKLC8BV	Sobre la accion politica de la sesion obrera	Sobre la acción política de la sesión obrera
titulo	891	LJCQSULJ	Revolucion y contrarevolucion en alemania	Revolución y contrarevolución en alemania
titulo	909	PV5MZT96	Construcciones en el analisis	Construcciones en el análisis
titulo	915	8KK7AK8F	Nuevas sesion es introductorias al psicoanalisis	Nuevas sesión es introductorias al psicoanalisis
titulo	921	M9B2ICT9	La interpretacion de los suenos	La interpretación de los suenos
titulo	923	BHULN8LC	Introduccion al narcisismo	Introducción al narcisismo
titulo	929	5UC53HXP	Algunas sesion es elementales de psicoanalisis	Algunas sesión es elementales de psicoanalisis
titulo	932	GANLASDT	Ethos y etica	Ethos y ética
titulo	943	NKSB822W	Las venas abiertas de america latina	Las venas abiertas de América latina
titulo	972	9GS4KVVS	Problemas basicos de la fenomenologia	Problemas básicos de la fenomenologia
titulo	978	S8JJEWGU	Introduccion a la fenomenologia de hegel	Introducción a la fenomenologia de hegel
titulo	985	MPLAXILK	Contribuciones a la filosofia	Contribuciones a la filosofía
titulo	990	YRFNWLBT	Metodologia calculo del empleo	Metodología calculo del empleo
titulo	991	YK9ANZIC	Desestacionalizacion de series economicas	Desestacionalización de series económicas
titulo	993	MWJK3E23	Liberalizacion reestructuracion productiva y competitividad en la industria peruana de los años 90 economica	Liberalización reestructuración productiva y competitividad en la industria peruana de los años 90 económica
titulo	995	TJXAQG62	Crecimiento economico enfoques y modelos	Crecimiento económico enfoques y modelos
titulo	996	W752CFK6	Notas sobre la determinacion y dinamica del tipo de cambio	Notas sobre la determinación y dinámica del tipo de cambio
titulo	997	LXXEELIU	Macroeconomia keynesiana de la determinacion de los niveles de produccion y empleo complemento	Macroeconomía keynesiana de la determinación de los niveles de producción y empleo complemento
titulo	998	NAF9RW7S	Keynesianismo monetarismo y nueva macroeconomia clasica complemento	Keynesianismo monetarismo y nueva macroeconomía clásica complemento
titulo	999	C2WBB778	Elementos de teoria y politica macroeconomica ejercicios	Elementos de teoría y política macroeconómica ejercicios
titulo	1000	V8RM4VTU	Elementos de teoria y politica macroeconomica teoria	Elementos de teoría y política macroeconómica teoría
titulo	1007	J3W7FSN2	Sobre determinantes inflacion y sus costos	Sobre determinantes inflación y sus costos
titulo	1008	6RZNWYSU	Discucion deficit cuenta corriente estamos frente aun problema	Discución déficit cuenta corriente estamos frente aun problema
titulo	1013	LV6QV8IV	Critica de la razon pura	Crítica de la razón pura
titulo	1014	WIXIW9LH	Critica del juicio	Crítica del juicio
titulo	1015	GSNQ7YWP	Selección de escritos politicos de immanuel kant	Selección de escritos políticos de immanuel kant
titulo	1018	PPG9Y2AN	Pedagogia	Pedagogía
titulo	1023	ZLM8GNUY	Psicoanalisis radiofonia television	Psicoanalisis radiofonia televisión
titulo	1049	MMPVP8MW	El analisis estructural en la linguistica y en la antropologia	El análisis estructural en la lingüística y en la antropologia
titulo	1065	V7RCXGYS	La teoria de la justicia	La teoría de la justicia
titulo	1069	TYC95N32	Manuscritos de economia y filosofia	Manuscritos de economía y filosofía
titulo	1070	5XICVGKC	Contribucion a la critica de la economia politica	Contribución a la critica de la economía política
titulo	1091	NWRN7ZLB	Analisis de regresion	Análisis de regresión
titulo	1092	3D2NIAZ9	Econometria	Econometría
titulo	1094	77T6RECQ	Fluctuaciones, shocks, incertidumbre y la eleccion consumo⁄ahorro	Fluctuaciones, shocks, incertidumbre y la elección consumo⁄ahorro
titulo	1102	H9FW9WZZ	Espana invertebrada	España invertebrada
titulo	1106	289XEG9J	Una vista sobre la situacion del manager en la sociedad actual	Una vista sobre la situación del manager en la sociedad actual
titulo	1108	XC528ZNK	Que es filosofia	Que es filosofía
titulo	1135	37G282LD	Ciencia y desarrollo el papel de la ciencia economica	Ciencia y desarrollo el papel de la ciencia económica
titulo	1136	2HFUURHH	Empleo y desempleo un analisis de la elaboracion de estadistica	Empleo y desempleo un análisis de la elaboración de estadística
titulo	1138	CSKZLNWT	Me005 matematica para economistas	Me005 matemática para economistas
titulo	1139	Z6N9RJKD	Me004 teoria de la regulacion	Me004 teoría de la regulación
titulo	1140	EKN9WVXP	Me003 economia publica	Me003 economía publica
titulo	1142	92CANB2R	Me001 introduccion a la teoria del equilibrio general	Me001 introducción a la teoría del equilibrio general
titulo	1143	TD5EXH3V	Econometria de evaluacion de impacto	Econometría de evaluación de impacto
titulo	1144	6EXS3MSI	La economia de ppk promesas y resultados la distancia que los separa	La economía de ppk promesas y resultados la distancia que los separa
titulo	1145	GK659Z6C	Las vacas flacas de la economia peruana	Las vacas flacas de la economía peruana
titulo	1146	DWYIVAXX	Microcredito y crecimiento regional en el peru	Microcredito y crecimiento regional en el Perú
titulo	1147	KXMF94J8	Peru 1990 2021 la causa del milagro economico constitucion de 1993 o superciclo de las materias primas	Perú 1990 2021 la causa del milagro económico constitución de 1993 o superciclo de las materias primas
titulo	1148	3F8YSQCG	La ley de okun en el peru lima metropolitana 1971 2016	La ley de okun en el Perú lima metropolitana 1971 2016
titulo	1150	GZBYQ8TU	Politicas de estabilizacion vs politicas de crecimiento en peru 2011 2018	Políticas de estabilización vs políticas de crecimiento en Perú 2011 2018
titulo	1152	VJ8U78RG	La economia peruana en visperas del bicentenario de la independencia	La economía peruana en visperas del bicentenario de la independencia
titulo	1154	INTLVQ2F	Dinamica de inversion y competencia en generacion electrica en un escenario de liberalizacion en el peru	Dinámica de inversión y competencia en generación electrica en un escenario de liberalización en el Perú
titulo	1155	RLAINLJK	Capacidad productiva cambio tecnico y productividad estimaciones alternativas del producto de largo plazo	Capacidad productiva cambio técnico y productividad estimaciones alternativas del producto de largo plazo
titulo	1156	6GDHGEKZ	Que hubiera pasado en 2014 2016 si un modelo macroeconometrico para el peru	Que hubiera pasado en 2014 2016 si un modelo macroeconometrico para el Perú
titulo	1157	UUYFL2R7	Crecimiento y desindustrializacion prematura en peru un analisis kaldoriano	Crecimiento y desindustrialización prematura en Perú un análisis kaldoriano
titulo	1159	49ERYKEN	Intervencion cambiaria y politica monetaria en el peru	Intervención cambiaria y política monetaria en el Perú
titulo	1160	HHL9NW27	Contratos curva de phillips y politica monetaria	Contratos curva de phillips y política monetaria
titulo	1162	MPZBCTV7	Aplicacion de la teoria de la produccion	Aplicación de la teoría de la producción
titulo	1163	D48FFHGA	Microeconomia teoria de la empresa	Microeconomía teoría de la empresa
titulo	1164	9RZRXA4E	Microeconomia aplicaciones de la teoria del consumidor	Microeconomía aplicaciones de la teoría del consumidor
titulo	1165	8IGSGZB5	Microeconomia preferencias y esesion es	Microeconomía preferencias y esesión es
titulo	1169	SPRS7AWU	Breve historia de la macroeconomia	Breve historia de la macroeconomía
titulo	1172	6VQYSX92	Teoria y politica monetaria	Teoría y política monetaria
titulo	1174	26K6M87Y	Tendencias actuales de los modelos economicos dinamicos	Tendencias actuales de los modelos económicos dinamicos
titulo	1176	5YFRFWPQ	Las remesas y su incidencia en el nivel produccion a corto plazo	Las remesas y su incidencia en el nivel producción a corto plazo
titulo	1177	A2ZVAQ69	La nueva macroeconomía clásica: una version algebraica	La nueva macroeconomía clásica: una versión algebraica
titulo	1179	UFMNGHAM	Macroeconomia intermedia teorias y modelos	Macroeconomía intermedia teorías y modelos
titulo	1181	G9HIHZI6	Macroeconomia abierta	Macroeconomía abierta
titulo	1183	LIGBJ89B	Macroeconomia 02 (notas de clase preliminares)	Macroeconomía 02 (notas de clase preliminares)
titulo	1185	HL2JCJ8I	Lineamientos de politica economica para el peru 2001 2006	Lineamientos de política económica para el Perú 2001 2006
titulo	1186	QP5KW2W2	Lineamientos de politica economica para el perú 2006 2011	Lineamientos de política económica para el Perú 2006 2011
titulo	1187	5377SB2V	Introduccion a la macroeconomia	Introducción a la macroeconomía
titulo	1190	3QS8J3TS	Expectativas y políticas de estabilizacion	Expectativas y políticas de estabilización
titulo	1191	H8KCBMPV	Las expectativas en la macroeconomia	Las expectativas en la macroeconomía
titulo	1193	BA5TH2S3	Dolarizacion cajas de convertibilidad	Dolarización cajas de convertibilidad
titulo	1194	NLQ4Z5IU	La tradicion clasica	La tradición clásica
titulo	1196	LDECWK55	El hombre y su economia	El hombre y su economía
titulo	1197	4DMU8ATN	Relativismo epistemologico en las ciencias de la accion humana	Relativismo epistemologico en las ciencias de la acción humana
titulo	1198	M6FZAS43	Los cimientos economicos de la libertad	Los cimientos económicos de la libertad
titulo	1199	97LCUDYG	Introduccion al liberalismo	Introducción al liberalismo
titulo	1201	H8MDVDMU	Sociologia de la religion	Sociología de la religion
titulo	1263	8JHABI6R	Del socialismo utopico al socialismo cientifico	Del socialismo utopico al socialismo científico
titulo	1266	UQJE6NP8	El papel del trabajo en la transformacion del mono en hombre	El papel del trabajo en la transformación del mono en hombre
titulo	1269	CAP6H4PS	Psicologia de las masas y analisis del yo	Psicología de las masas y análisis del yo
titulo	1271	FSJXGVE5	Reforma universitaria y revolucion	Reforma universitaria y revolución
titulo	1286	EUPHGTH2	Critica de la razon practica	Crítica de la razón práctica
titulo	1287	H2TSEGK3	Fundamentacion de la metafisica de las costumbres	Fundamentación de la metafísica de las costumbres
titulo	1334	HW49W6WF	Emilio o la educacion	Emilio o la educación
titulo	1371	I6T4MB2P	La politica como vocacion	La política como vocación
titulo	1375	5ZS7UGYX	Una mayor integracion economica en el asia oriental	Una mayor integración económica en el asia oriental
titulo	1376	BJKUM9PU	Trabajo la cepal y la teoria de la industrializacion	Trabajo la cepal y la teoría de la industrialización
titulo	1393	NDGTDZ2M	Los problemas de la economia japonesa	Los problemas de la economía japonesa
titulo	1400	2F9WJ4ZK	Importancia de la participacion del peru en el focalae	Importancia de la participación del Perú en el focalae
titulo	1403	8MNBH8FJ	La economia japonesa bajo el primer ministro abe	La economía japonesa bajo el primer ministro abe
titulo	1404	3744MDM7	La politica exterior japonesa y la situacion geopolitica en el asia oriental	La política exterior japonesa y la situación geopolitica en el asia oriental
omitido	1493	KM39Q8KM	Zotero tenía «La relación sobre la tasa de cambio y caos»
titulo	1515	IY9B9SNZ	Esquemas filosofia	Esquemas filosofía
titulo	1525	TDAR8VMC	Matematica financiera para toma de decisiones empresariales	Matemática financiera para toma de decisiones empresariales
titulo	1526	R8IC7M5G	Administracion financiera de tesoreria	Administración financiera de tesoreria
titulo	1528	Q8YET9W7	Analisis economico y economia	Análisis económico y economía
titulo	1531	R3P5J4L8	Modelo microeconometrico para el analisis de la diferenciacion de producto	Modelo microeconometrico para el análisis de la diferenciación de producto
titulo	1532	PHZLRD58	Macroeconomia avanzada ii	Macroeconomía avanzada ii
titulo	1535	JRBJFEY5	Que es el capitalismo una introduccion a la critica de la economia politica	Que es el capitalismo una introducción a la critica de la economía política
titulo	1541	YEMBV9B4	Perspectivas politica monetaria	Perspectivas política monetaria
titulo	1550	8KBKBFC8	¿Qué es la teoria de la preferencia revelada?	¿Qué es la teoría de la preferencia revelada?
titulo	1552	9LBAKUGR	Un enfoque sobre la investigacion cientifica en economia	Un enfoque sobre la investigación científica en economía
titulo	1553	FX3T9535	Microeconomia avanzada	Microeconomía avanzada
titulo	1555	JDZID65E	Vision comunista del mundo	Visión comunista del mundo
titulo	1556	6N6SHEGL	Microeconomia i problemas	Microeconomía i problemas
titulo	1557	WBJUMBCG	Microeconomia intermedia	Microeconomía intermedia
titulo	1560	2AU8G9IG	Precios e inflaccion	Precios e inflacción
titulo	1561	E6HYLHFS	Practicas de macroeconomia i	Prácticas de macroeconomía i
titulo	1565	T6298XPM	Principios elementales de filosofia	Principios elementales de filosofía
titulo	1567	R37LBGN2	¿Por qué fracasan los paises?	¿Por qué fracasan los países?
titulo	1569	PRRHIB9K	Politica monetaria expansiva	Política monetaria expansiva
titulo	1570	I98GHVFB	Psicologia y epistemologia	Psicología y epistemologia
titulo	1571	RLB8RNU2	Inteligencia y adaptacion biologica	Inteligencia y adaptación biologica
titulo	1572	TUSYKQVP	Peru posibilidad y problema 70 años despues	Perú posibilidad y problema 70 años después
titulo	1574	MET2TEW3	Peru dos enfoques analizar la sostenibilidad fiscal	Perú dos enfoques analizar la sostenibilidad fiscal
titulo	1580	J6PYCP67	La politica economica	La política económica
titulo	1584	DLDMSJRR	Microeconomia ii	Microeconomía ii
titulo	1587	YQUKNU4C	Notas de politica monetaria	Notas de política monetaria
titulo	1590	4RPBUFAU	Evolucion conceptual de la teoria de la regulacion	Evolución conceptual de la teoría de la regulación
titulo	1594	86D2UE6J	Problemas de microeconomia	Problemas de microeconomía
titulo	1595	8GMQ2K62	Opciones del sistema monetario y la economia mundial	Opciones del sistema monetario y la economía mundial
titulo	1597	AYCUS2EY	Proyectos de inversion en la practica	Proyectos de inversión en la practica
titulo	1598	TMKLKTUN	Modelos y metodos de investigacion de operaciones	Modelos y métodos de investigación de operaciones
titulo	1601	ESCBS47X	Analisis matematico para economista i	Análisis matemático para economista i
titulo	1602	KLQTWBUB	Modelo barro gordon reglas o discresion	Modelo barro gordon reglas o discresión
titulo	1603	G2BQ3MEU	Miseria de la filosofia	Miseria de la filosofía
titulo	1604	ZJDV7EAQ	Economia teoria y politica	Economía teoría y política
titulo	1605	GR68SWCY	Miriadax modulo 07 tercera edicion	Miriadax módulo 07 tercera edición
titulo	1606	ZWHVTZ9V	Miriadax modulo 06 tercera edicion	Miriadax módulo 06 tercera edición
titulo	1607	APX85II2	Miriadax modulo 05 tercera edicion	Miriadax módulo 05 tercera edición
titulo	1608	3HT7WGDT	Miriadax modulo 04 tercera edicion	Miriadax módulo 04 tercera edición
titulo	1609	AVIY8YZ9	El anarquismo en la revolucion rusa	El anarquismo en la revolución rusa
titulo	1610	X7VSLT3Z	Critica y accion	Crítica y acción
titulo	1612	2ZKZKEBJ	El tratamiento de las variables en economia	El tratamiento de las variables en economía
titulo	1613	ZP9GQI7Z	Microeconomia avanzada ejercicios	Microeconomía avanzada ejercicios
titulo	1614	QGBECY6J	Metodos numericos resolver modelosmacro dinamico	Métodos numéricos resolver modelosmacro dinámico
titulo	1616	RN8AGI8S	Mecanismo de transmision de la politica monetaria	Mecanismo de transmisión de la política monetaria
titulo	1624	4AAAAW7A	Introduccion al eviews 05 01	Introducción al eviews 05 01
titulo	1625	CYZTBRM6	Guia de manejo del programa eviews 02	Guía de manejo del programa eviews 02
titulo	1627	75TK6M6Q	Macroeconomia solucion	Macroeconomía solución
titulo	1631	2I8FILTF	Los nuevos instrumento de la gestion publica libro	Los nuevos instrumento de la gestión publica libro
titulo	1636	AW5P9XDB	Introduccion a la economia positiva	Introducción a la economía positiva
titulo	1637	93FVRTPD	Compendio de economia politica	Compendio de economía política
titulo	1638	53R7C8AS	Marxismo y anarquismo en la revolucion rusa	Marxismo y anarquismo en la revolución rusa
titulo	1640	HIMVTC2U	Sociologia de marx	Sociología de marx
titulo	1641	7X2XH3J8	La significacion de la comuna	La significación de la comuna
titulo	1643	UNDVYTEH	Organizacion industrial miguel pisfil imprimir	Organización industrial miguel pisfil imprimir
titulo	1644	85REIK4N	Crisis balanza pagos teoria evidencia	Crisis balanza pagos teoría evidencia
titulo	1648	S8AJIG5U	La teoria desarrollista de prebisch	La teoría desarrollista de prebisch
titulo	1649	CHKJJR7M	La politica monetaria teoria y caso colombiano	La política monetaria teoría y caso colombiano
omitido	1655	MNCWGTBM	Zotero tenía «Naturaleza de la econometría y de los datos económicos»
titulo	1658	7W623WND	Inflacion y tasa de paro	Inflación y tasa de paro
titulo	1659	TGFGKUFI	Introduccion a la investigacion operativa	Introducción a la investigación operativa
titulo	1664	7NGTW4D7	La escuela austriaca moderna frente a la neoclasica	La escuela austriaca moderna frente a la neoclásica
titulo	1673	RLBS7VYD	Una expresion matematica del tomo 01 de el capital	Una expresión matemática del tomo 01 de el capital
titulo	1681	R3K3JDIZ	Economia publica	Economía publica
titulo	1683	ED3P8H5E	Introduccion a la microeconomia	Introducción a la microeconomía
titulo	1686	HUL22VEK	Globalizacion de la economía y el sistema monetario internacional	Globalización de la economía y el sistema monetario internacional
titulo	1687	PLCP4X7T	Algebra lineal	Álgebra lineal
titulo	1688	7LE5TG8X	Los indicadores de gestion	Los indicadores de gestión
titulo	1689	4CAMT9RB	Monitoreo y evaluacion	Monitoreo y evaluación
titulo	1692	VUQEP2ID	Definicion de objetivos y prioridades	Definición de objetivos y prioridades
titulo	1694	FATW28PL	La planificacion estrategica en la gerencia social	La planificación estratégica en la gerencia social
titulo	1695	AXGWBW9Q	Analisis de involucrados las peripecias del niño elian gonzales	Análisis de involucrados las peripecias del niño elian gonzales
titulo	1696	LZ72UF75	Analisis involucrados stakeholders	Análisis involucrados stakeholders
titulo	1699	9AYD2QTF	Medicion de condiciones de vida	Medición de condiciones de vida
titulo	1700	VKV3PL59	Modelo de formacion de politicas y programas sociales	Modelo de formación de políticas y programas sociales
titulo	1701	S2Y7P94S	Modelos de proteccion social	Modelos de protección social
titulo	1702	DKKI7U5Z	Politica fiscal y politica social	Política fiscal y política social
titulo	1704	X42IHE64	Introduccion a la gerencia social	Introducción a la gerencia social
titulo	1706	6G9JY5XM	De la inversion y mercados financieros la q de tobin y su uso para la valuacion de empresas	De la inversión y mercados financieros la q de tobin y su uso para la valuación de empresas
titulo	1707	JHHZC8QP	Economia racionalidad sustantiva o procesal	Economía racionalidad sustantiva o procesal
titulo	1708	FVK2HFTC	Disyuntivas en la teoria normativa de la regulacion el caso de los monopolios naturales	Disyuntivas en la teoría normativa de la regulación el caso de los monopolios naturales
titulo	1712	HZ8QGXSI	Relacion entre ingresos y educacion en las regiones geograficas de argentina	Relación entre ingresos y educación en las regiones geograficas de argentina
titulo	1718	TBJKJVCD	Fundamento de la valoracion de las empresas	Fundamento de la valoración de las empresas
titulo	1719	FSI579EP	Teoria del crecimiento economico un debate inconcluso estudios de economia 27 01	Teoría del crecimiento económico un debate inconcluso estudios de economía 27 01
titulo	1723	YEPS868P	Tratado contra el metodo	Tratado contra el método
titulo	1726	4DM22VKW	Politica economica	Política económica
titulo	1729	2N9YCC2D	Guia para la presentacion de trabajo y ensayos	Guía para la presentación de trabajo y ensayos
titulo	1731	MUYDWZ9P	El comercio y los efectos de la formacion de uniones aduaneras	El comercio y los efectos de la formación de uniones aduaneras
titulo	1734	V4EI29R6	Manual del modelo de regresion lineal multiple uso de eviews	Manual del modelo de regresión lineal múltiple uso de eviews
titulo	1737	VI68FK4Y	Elementos de teoria monetaria	Elementos de teoría monetaria
titulo	1738	XL588R9E	Entre el diseno y la evaluacion el papel crucial de la implementacion de los programas sociales	Entre el diseño y la evaluación el papel crucial de la implementación de los programas sociales
titulo	1740	MADYY2UP	El pensamiento economico de milton friedman	El pensamiento económico de milton friedman
titulo	1746	R46PE4HS	Efectos crisis financiera internacional en peru	Efectos crisis financiera internacional en Perú
titulo	1747	85WWFY9C	Historia de pensamiento economico economia matematica	Historia de pensamiento económico economía matemática
titulo	1749	AKBVUEYL	Economia alemana	Economía alemana
titulo	1750	QSSGKYIY	Nociones de econometria intermedia	Nociones de econometría intermedia
titulo	1751	LE53B4J6	Dolarizacion causas efectos y retos	Dolarización causas efectos y retos
titulo	1756	6WP5PNJF	La guia de eduscrum	La guía de eduscrum
titulo	1757	K89MNT5J	Deficit publico e inflacion	Déficit publico e inflación
titulo	1762	F5TM7X5B	Politica economica	Política económica
titulo	1770	N4WW8T7X	Apuntes de organizacion industrial parte 02	Apuntes de organización industrial parte 02
titulo	1771	7MR46RHU	Apuntes de organizacion industrial parte 01	Apuntes de organización industrial parte 01
titulo	1775	X3FIHXIB	Investigacion en educacion	Investigación en educación
titulo	1776	W6SJ8FCC	Productividad en el peru medicion determinantes e implicancias	Productividad en el Perú medición determinantes e implicancias
titulo	1777	JN2N8NCS	Econometria aplicada	Econometría aplicada
titulo	1782	ZWTRDSTI	La teoria social ante la prueba de la politica: pierre bourdieu y anthony giddens	La teoría social ante la prueba de la política: pierre bourdieu y anthony giddens
titulo	1784	CG8UKEST	La ciencia su metodo y su filosofia	La ciencia su método y su filosofía
titulo	1881	JPQ2P85S	Resumen crisis paises emergentes	Resumen crisis países emergentes
titulo	1883	ZHXJTUQG	Resumen ii crisis tercera generacion	Resumen ii crisis tercera generación
titulo	1896	EH8V8EPP	El mal desafio a la filosofia y la teologia	El mal desafio a la filosofía y la teologia
titulo	1920	C36VDJ88	La investigacion	La investigación
titulo	1931	U36YAXB4	Introduccion a la metodologia de la investigacion	Introducción a la metodología de la investigación
titulo	1934	GX8M8QTP	Instrumentos no convencionales de politica monetaria	Instrumentos no convencionales de política monetaria
titulo	1939	EPQ65MLX	La inflacion chilena	La inflación chilena
titulo	1941	WV54D9UA	Cien ejercicios de econometria	Cien ejercicios de econometría
titulo	1942	MCQGQAZD	Cien ejercicios de econometria	Cien ejercicios de econometría
titulo	1943	6LIEDGFI	Cien ejercicios de econometria	Cien ejercicios de econometría
titulo	1944	SP82IBVI	Cien ejercicios de econometria	Cien ejercicios de econometría
titulo	1946	YLYUV2GK	Hamlet adaptacion	Hamlet adaptación
titulo	1949	QWIY5A2U	Normas apa septima edicion	Normas apa séptima edición
titulo	1951	52MTZSD5	Manual para presentacion de trabajo escritos normas apa	Manual para presentación de trabajo escritos normas apa
titulo	1953	IVP6TDGW	Fundamento y limite de la estatica comparativa en el analisis economico	Fundamento y limite de la estatica comparativa en el análisis económico
titulo	1957	LNDYXZYG	Notas sobre el metodo de la economia	Notas sobre el método de la economía
titulo	1958	II9RJ654	Teoria clasica de la renta y de la distribucion	Teoría clásica de la renta y de la distribución
titulo	1959	BR5YVBPM	Teoria del consumidor dualidad elasticidades restricciones de la demanda y bienestar	Teoría del consumidor dualidad elasticidades restricciones de la demanda y bienestar
titulo	1960	3E8Q599F	Teoria del consumidor enfoques alternativos	Teoría del consumidor enfoques alternativos
titulo	1961	IMGFRG9S	Teoria del consumidor la demanda individual	Teoría del consumidor la demanda individual
titulo	1962	RUDVPU8L	Teoria del consumidor preferencias y utilidad	Teoría del consumidor preferencias y utilidad
titulo	1963	HHX7QUMF	Teoria general de la selección	Teoría general de la selección
titulo	1968	5LXIP3DL	Guia rapida ratios financieros y matematicas de la mercadotecnia	Guía rápida ratios financieros y matemáticas de la mercadotecnia
titulo	1969	EN2CK9WJ	Manual contabilidad basica i	Manual contabilidad básica i
titulo	1970	UJ96VTUF	Manual de contabilidad basica ii	Manual de contabilidad básica ii
titulo	1973	FI6BXCBZ	Manual de analisis de estados financieros	Manual de análisis de estados financieros
titulo	1974	L2NNAHFF	Manual formulacion y ajustes de estados financieros	Manual formulación y ajustes de estados financieros
titulo	2006	U6TA8RI5	Nuevos y viejos instrumentos de politica ambiental	Nuevos y viejos instrumentos de política ambiental
titulo	2008	NSRCXBJ8	La participacion laboral de las mujeres en el peru 10 mensajes clave y 06 recomendaciones de politica	La participación laboral de las mujeres en el Perú 10 mensajes clave y 06 recomendaciones de política
titulo	2021	NR9KVT2F	Cinco modelos de crecimiento economico	Cinco modelos de crecimiento económico
titulo	2048	YJVRFAGR	Numeros indices y precios constantes economía descriptiva i	Números índices y precios constantes economía descriptiva i
titulo	2049	B67GDMBT	Introduccion al sistema de cuentas nacioanles revisión 1993 economía descriptiva i	Introducción al sistema de cuentas nacioanles revisión 1993 economía descriptiva i
titulo	2056	ZMUNAI9X	Teoria del consumidor final basico	Teoría del consumidor final básico
titulo	2060	NFU6Y99L	Introduccion a la matematica discreta grado en ingenieria en computadores	Introducción a la matemática discreta grado en ingeniería en computadores
titulo	2075	XNGM3NT4	El proyecto y la metodologia de la investigacion	El proyecto y la metodología de la investigación
titulo	2079	7TQNMT7T	Indicadores economicos de region ayacucho	Indicadores económicos de región ayacucho
titulo	2082	XCQNE459	Busqueda en la web y el formato apa en los trabajos academicos	Búsqueda en la web y el formato apa en los trabajos académicos
titulo	2088	6WHTZDDQ	Stata basico intermedio aplicado a la investigacion economica	Stata básico intermedio aplicado a la investigación económica
titulo	2092	J8W2LC5W	Programa de introduccion a stata	Programa de introducción a stata
titulo	2095	FBGRZQCX	Introduccion a la teoria de juegos	Introducción a la teoría de juegos
titulo	2096	5UK4ZHIP	Elementos de la teoria de los juegos	Elementos de la teoría de los juegos
titulo	2097	PBN866GC	Teoria de juegos	Teoría de juegos
titulo	2099	ASTPUWAH	Una introduccion a la teoria de los juegos	Una introducción a la teoría de los juegos
titulo	2103	KQX9QWBX	Economia politica y juegos una introduccion a los juegos no cooperativos	Economía política y juegos una introducción a los juegos no cooperativos
titulo	2108	LHMHHC3B	Apuntes n 5 - teoria macroeconomica ii - teoria q	Apuntes n 5 - teoría macroeconómica ii - teoría q
titulo	2129	LARE2NQY	Herramientas de politica comercial ii	Herramientas de política comercial ii
titulo	2130	MTTWXBLU	Exportaciones y ied evidencia empirica	Exportaciones y ied evidencia empírica
titulo	2131	2ITR5TU3	Herramientas de politica comercial i	Herramientas de política comercial i
titulo	2132	CJBHJYN5	El modelo de melitz ii inversion extranjera directa	El modelo de melitz ii inversión extranjera directa
titulo	2141	YA35H749	Ventaja comparativa en el modelo neoclasico a factores especificos	Ventaja comparativa en el modelo neoclásico a factores especificos
titulo	2142	ZW5KDUAQ	Datos sobre la globalizacion y comercio internacional	Datos sobre la globalización y comercio internacional
titulo	2143	ATJVZVTT	Syllabus 11 crecimiento economico	Syllabus 11 crecimiento económico
titulo	2148	ZWUYEGPF	Analisis empirico	Análisis empirico
titulo	2150	MGARWIGR	Oferta de trabajo y poblacion	Oferta de trabajo y población
titulo	2151	3M7KLI69	La difusion de la tecnologia	La difusión de la tecnologia
titulo	2158	MHPYGFCB	Otras funciones de produccion otras teorias de crecimiento	Otras funciones de producción otras teorías de crecimiento
titulo	2160	ZQ2C3K4Y	Crecimiento economico	Crecimiento económico
titulo	2162	QJWHPBK5	El modelo neoclasico de solow y swan ii	El modelo neoclásico de solow y swan ii
titulo	2163	KAK7VFTV	El modelo neoclasico de solow y swan i	El modelo neoclásico de solow y swan i
titulo	2189	ZQXGM58G	Syllabus 13 econometria i	Syllabus 13 econometría i
titulo	2190	TSVALFFP	Introduccion a las series temporales	Introducción a las series temporales
titulo	2192	BDNCLXF2	Regresion con variables instrumentales	Regresión con variables instrumentales
titulo	2193	IJ33VHT7	Funciones de regresion no lineales	Funciones de regresión no lineales
titulo	2194	KETC2NUF	Evaluacion de estudios basados en regresion multiple	Evaluación de estudios basados en regresión múltiple
titulo	2195	MMMR4IRA	Contrastes de hipotesis e intervalos de confianza en regresion multiple	Contrastes de hipótesis e intervalos de confianza en regresión múltiple
titulo	2196	UX5GTLAM	Principios del modelo de regresion lineal general	Principios del modelo de regresión lineal general
titulo	2197	IUMUG9PF	Principios del modelo de regresion lineal general	Principios del modelo de regresión lineal general
titulo	2198	D8VHX4RJ	Contrastes de hipotesis e intervalos de confianza en regresion simple	Contrastes de hipótesis e intervalos de confianza en regresión simple
titulo	2199	H63JVD9W	Contrastes de hipotesis e intervalos de confianza en regresion simple	Contrastes de hipótesis e intervalos de confianza en regresión simple
titulo	2200	UY4DZ65S	Principios del modelo de regresion lineal simple	Principios del modelo de regresión lineal simple
titulo	2201	L53QEYAV	Principios del modelo de regresion lineal simple	Principios del modelo de regresión lineal simple
titulo	2203	BU82NGH9	Repaso de estadistica	Repaso de estadística
titulo	2204	U7R8ICGX	Introduccion y repaso de probabilidad	Introducción y repaso de probabilidad
titulo	2232	TT8CD72I	Syllabus 16 econometria ii	Syllabus 16 econometría ii
titulo	2235	CRXQKE2N	Estimacion de efectos causales dinamicos ii	Estimación de efectos causales dinamicos ii
titulo	2236	CHN4PENE	Estimacion de efectos causales dinamicos i	Estimación de efectos causales dinamicos i
titulo	2241	GZ38UQP6	Regresion con data de panel ii	Regresión con data de panel ii
titulo	2242	MWLB2PKU	Combinacion de cortes transversales en el tiempo y metodos simples para data de panel	Combinación de cortes transversales en el tiempo y métodos simples para data de panel
titulo	2243	V3K5JL2U	Regresion con data de panel i	Regresión con data de panel i
titulo	2244	7YWJSVAV	Teoria de la regresion multiple ii	Teoría de la regresión múltiple ii
titulo	2246	4LL4JCIS	Teoria de la regresion multiple i	Teoría de la regresión múltiple i
titulo	2247	IR93MHGN	Teoria de la regresion lineal con regresor unico	Teoría de la regresión lineal con regresor único
titulo	2277	JQ8MX5PN	Syllabus 18 economia computacional	Syllabus 18 economía computacional
titulo	2280	KA42F7GQ	El modelo neoclasico extensiones	El modelo neoclásico extensiones
titulo	2281	VQ4TK7AS	El modelo neoclasico	El modelo neoclásico
titulo	2282	SDVYP9QN	El modelo neoclasico	El modelo neoclásico
titulo	2283	N9Y9DVPV	El modelo neoclasico	El modelo neoclásico
titulo	2285	3PEEV9DU	Lenguajes de programacion	Lenguajes de programación
titulo	2286	9TEEXJ56	Introduccion a matlab	Introducción a matlab
titulo	2288	WUBP6AVN	Introduccion	Introducción
titulo	2302	FH8UAQVS	Syllabus 15 economia de los rrnn y medioambiente	Syllabus 15 economía de los rrnn y medioambiente
titulo	2303	EE49KXE8	Analisis coste beneficio	Análisis coste beneficio
titulo	2304	PM2CICPZ	Valoracion ambiental	Valoración ambiental
titulo	2305	V38GAHF2	Estrategias basadas en incentivos y otras politicas	Estrategias basadas en incentivos y otras políticas
titulo	2306	W73SXXW9	Estrategias de regulacion directa y soluciones descentralizadas	Estrategias de regulación directa y soluciones descentralizadas
titulo	2313	RCF3U5PG	Servicios de los ecosistema s utilizacion de los recursos naturales	Servicios de los ecosistema s utilización de los recursos naturales
titulo	2314	2MXC2SCY	La economia del bienestar y el medio ambiente ii	La economía del bienestar y el medio ambiente ii
titulo	2316	7YKE7WQ5	La economia del bienestar y el medio ambiente i	La economía del bienestar y el medio ambiente i
titulo	2318	77PINHQQ	Economia medio ambiente y recursos naturales introduccion	Economía medio ambiente y recursos naturales introducción
titulo	2329	4AYGU7FN	Syllabus 19 economia del desarrollo	Syllabus 19 economía del desarrollo
titulo	2330	XK3MRLEU	Migracion y remesas	Migración y remesas
titulo	2331	8DY7I96G	Economia de la familia y genero ii	Economía de la familia y genero ii
titulo	2332	CFP2TIS6	Economia de la familia y genero i	Economía de la familia y genero i
titulo	2333	BHPT75PK	Salud y educacion ii	Salud y educación ii
titulo	2334	KJAGAR54	Salud y educacion i	Salud y educación i
titulo	2336	WIP7VYAZ	Credito	Crédito
titulo	2337	WE4LUTPY	La organizacion de la agricultura y derechos de propiedad ii	La organización de la agricultura y derechos de propiedad ii
titulo	2338	RT6Q56DH	La organizacion de la agricultura y derechos de propiedad i	La organización de la agricultura y derechos de propiedad i
titulo	2341	K54MXX8R	Desarrollo economico y crecimiento modelos teoricos y aplicaciones empiricas ii	Desarrollo económico y crecimiento modelos teoricos y aplicaciones empiricas ii
titulo	2343	HY8VEETI	Desarrollo economico y crecimiento modelos teoricos y aplicaciones empiricas i	Desarrollo económico y crecimiento modelos teoricos y aplicaciones empiricas i
titulo	2344	DIHCFJ8S	Introduccion	Introducción
titulo	2370	LR7V68JC	Syllabus 21 teoria y politica monetaria	Syllabus 21 teoría y política monetaria
titulo	2374	4G9B6PTS	Tema 05 banca central e implementacion de politica monetaria v	Tema 05 banca central e implementación de política monetaria v
titulo	2375	8Z59F5S6	Tema 05 banca central e implementacion de politica monetaria iv	Tema 05 banca central e implementación de política monetaria iv
titulo	2376	Q6I5VMP5	Tema 05 banca central e implementacion de politica monetaria iii	Tema 05 banca central e implementación de política monetaria iii
titulo	2377	5PEPFKXW	Tema 05 banca central e implementacion de politica monetaria i	Tema 05 banca central e implementación de política monetaria i
titulo	2378	KL4SD8VL	Tema 05 banca central e implementacion de politica monetaria ii	Tema 05 banca central e implementación de política monetaria ii
titulo	2379	FA4W2LKX	Tema 04 reglas de politica monetaria ii	Tema 04 reglas de política monetaria ii
titulo	2380	5QFHXZYR	Tema 04 reglas de politica monetaria i	Tema 04 reglas de política monetaria i
titulo	2381	UHIQQYUV	Tema 03 el modelo neo keynesiano basico ii	Tema 03 el modelo neo keynesiano básico ii
titulo	2382	KE6B57A6	Tema 03 el modelo neo keynesiano basico i	Tema 03 el modelo neo keynesiano básico i
titulo	2383	CD6XCZZR	Tema 02 el dinero en el modelo neoclasico ii	Tema 02 el dinero en el modelo neoclásico ii
titulo	2384	39X9KCXB	Tema 02 el dinero en el modelo neoclasico iii	Tema 02 el dinero en el modelo neoclásico iii
titulo	2385	L43YVSST	Tema 02 el dinero en el modelo neoclasico i	Tema 02 el dinero en el modelo neoclásico i
titulo	2387	B38V9DPY	Tema 01 introduccion motivacion y evidencia empirica i	Tema 01 introducción motivación y evidencia empírica i
titulo	2388	W23V3TJC	Tema 01 introduccion motivacion y evidencia empirica ii	Tema 01 introducción motivación y evidencia empírica ii
titulo	2414	CYLQ2EEG	Syllabus 12 economia publica	Syllabus 12 economía publica
titulo	2415	GJQCA2PG	Economia del comportamiento y politica publica	Economía del comportamiento y política publica
titulo	2418	JK8HC4D7	La evasion fiscal teoria y evidencia	La evasión fiscal teoría y evidencia
titulo	2423	EVLT3ARA	La esesion publica ii	La esesión publica ii
titulo	2424	NC25UBQ4	La esesion publica i	La esesión publica i
titulo	2425	V477YTMB	Informacion asimetrica e intervencion gubernamental ii	Información asimetrica e intervención gubernamental ii
titulo	2426	UC6KIFUV	Informacion asimetrica e intervencion gubernamental i	Información asimetrica e intervención gubernamental i
titulo	2429	JJXII4KK	Introduccion a la economia del sector publico	Introducción a la economía del sector publico
titulo	2442	6XWIUHR3	Syllabus 22 evaluacion social de proyectos	Syllabus 22 evaluación social de proyectos
titulo	2443	XEE9UQEI	Metodologias de esp evaluacion contingente y evaluacion hedonica	Metodologias de esp evaluación contingente y evaluación hedonica
titulo	2445	VLQU47UE	Metodologias de esp analisis costo efectividad	Metodologias de esp análisis costo efectividad
titulo	2446	P9BLB2P5	Metodologias de esp analisis costo beneficio	Metodologias de esp análisis costo beneficio
titulo	2447	PBHRDKFM	Estimacion de parametros de la economia	Estimación de parámetros de la economía
titulo	2448	V5S8PP37	Evaluacion social con distorsiones	Evaluación social con distorsiones
titulo	2449	AWXQMFYH	Evaluacion social sin distorsiones	Evaluación social sin distorsiones
titulo	2450	TQZBCEKN	Identificacion y formulacion de proyectos formulacion de proyectos ii	Identificación y formulación de proyectos formulación de proyectos ii
titulo	2451	TQXP639G	Identificacion y formulacion de proyectos formulacion de proyectos i	Identificación y formulación de proyectos formulación de proyectos i
titulo	2452	WUK5YLS2	Identificacion y formulacion de proyectos identificacion de proyectos ii	Identificación y formulación de proyectos identificación de proyectos ii
titulo	2453	FDYS8BB6	Identificacion y formulacion de proyectos identificacion de proyectos i	Identificación y formulación de proyectos identificación de proyectos i
titulo	2454	XPEB6KY2	Que es la evaluacion social de proyectos	Que es la evaluación social de proyectos
titulo	2456	U8JBV7SA	Introduccion a la esp la inversion publica en america latina	Introducción a la esp la inversión publica en América latina
titulo	2458	SVMNYX2B	Introduccion a la evaluacion social de proyectos esp conceptos basicos	Introducción a la evaluación social de proyectos esp conceptos básicos
titulo	2506	5AGY9XF2	Syllabus 06 economia financiera i	Syllabus 06 economía financiera i
titulo	2507	MVVLW7XJ	Valoracion de opciones financieras	Valoración de opciones financieras
titulo	2510	MHQ83V76	Del modelo de seleccion al capm	Del modelo de selección al capm
titulo	2511	KYC4TBBJ	El modelo de seleccion de carteras	El modelo de selección de carteras
titulo	2512	S8JAEZNA	Tratamiento del riesgo en economia financiera	Tratamiento del riesgo en economía financiera
titulo	2513	BUNPZ6Q3	Valoracion de activos de renta variable valoracion por comparables	Valoración de activos de renta variable valoración por comparables
titulo	2514	W2KXGD5I	Valoracion de activos de renta variable conceptos basicos y modelos basados en descuento de flujos	Valoración de activos de renta variable conceptos básicos y modelos basados en descuento de flujos
titulo	2515	6YITZ8R2	La estructura temporal de los tipos de interes (etti)	La estructura temporal de los tipos de interés (etti)
titulo	2517	BIGJWEAJ	Tipos de interes y precios de los bonos	Tipos de interés y precios de los bonos
titulo	2518	C8A9RMM3	Bonos definiciones y valoracion basica	Bonos definiciones y valoración básica
titulo	2521	RPBTLXYY	El valor del dinero en el tiempo y la ecuacion basica	El valor del dinero en el tiempo y la ecuación básica
titulo	2522	B5KJUVV6	Introduccion y conceptos basicos	Introducción y conceptos básicos
titulo	2523	LFH2D7MX	Introduccion del docente	Introducción del docente
titulo	2544	VAE9KY7M	Syllabus 09 economia financiera ii	Syllabus 09 economía financiera ii
titulo	2545	73THBGJ7	Valoracion de empresas ii	Valoración de empresas ii
titulo	2546	99A4ZEA7	Valoracion de empresas i	Valoración de empresas i
titulo	2547	FJ933DT7	La politica de dividendos	La política de dividendos
titulo	2550	UF4I9TM2	Decisiones de inversion con opciones reales	Decisiones de inversión con opciones reales
titulo	2551	X7E9F2ED	El calculo del coste de capital de un proyecto de inversion	El calculo del coste de capital de un proyecto de inversión
titulo	2552	SB2TJ65F	Riesgo de una decision empresarial y el coste de capital	Riesgo de una decisión empresarial y el coste de capital
titulo	2553	PEV2NIMX	La prevision de los cash flows de un proyecto de inversion empresarial ii	La previsión de los cash flows de un proyecto de inversión empresarial ii
titulo	2554	9W97TJ45	La prevision de los cash flows de un proyecto de inversion empresarial i	La previsión de los cash flows de un proyecto de inversión empresarial i
titulo	2556	9HCYQJKJ	Criterios para la toma de decisiones de inversion empresarial	Criterios para la toma de decisiones de inversión empresarial
titulo	2557	5JLIG6IB	Estructura e informacion de los estados financieros	Estructura e información de los estados financieros
titulo	2558	ZD33XZ9M	Introduccion a las finanzas corporativas	Introducción a las finanzas corporativas
titulo	2573	I9D3MQLC	Otras medidas de evaluacion de resultados	Otras medidas de evaluación de resultados
titulo	2575	VK2UFBKZ	Futuros swaps y estrategias de gestion del riesgo	Futuros swaps y estrategias de gestión del riesgo
titulo	2578	VDMAIGJM	Hipotesis de eficiencia del mercado	Hipótesis de eficiencia del mercado
titulo	2580	GXRX8LW6	Modelo de valoracion por arbitraje (apt)	Modelo de valoración por arbitraje (apt)
titulo	2581	GS9UZWI8	Gestion avanzada de carteras	Gestión avanzada de carteras
titulo	2582	CTIULF4M	Riesgo de tipo de interes e inmunizacion	Riesgo de tipo de interés e inmunización
titulo	2584	7LAZQIKA	Instituciones de inversion colectiva	Instituciones de inversión colectiva
titulo	2585	R2SR3Y4I	Introduccion	Introducción
titulo	2610	F2A9FJK9	Introduccion a las matematicas financieras	Introducción a las matemáticas financieras
titulo	2611	SSI64EWP	Intervalos de confianza y contrastes de hipotesis	Intervalos de confianza y contrastes de hipótesis
titulo	2612	HMUX68R9	Estimacion	Estimación
titulo	2617	AQ8IIWT5	Conceptos basicos para el analisis macroeconomico	Conceptos básicos para el análisis macroeconómico
titulo	2618	BW5DBERD	Optimizacion y el mercado competitivo	Optimización y el mercado competitivo
titulo	2619	BFQJL5VT	Principios y practica de la economia	Principios y practica de la economía
titulo	2650	6FXHLMXY	Syllabus 14 macroeconomia dinamica	Syllabus 14 macroeconomía dinámica
titulo	2652	XDB7RWHM	Tema 05 valoracion de activos	Tema 05 valoración de activos
titulo	2653	RXT8L7MC	Tema 04 ciclos economicos modelo rbc	Tema 04 ciclos económicos modelo rbc
titulo	2654	UV8F6S7L	Tema 04 ciclos economicos introduccion	Tema 04 ciclos económicos introducción
titulo	2659	XRPN8WPS	Tema 02 modelo de equilibrio general dinamico dinamica y analisis de eficiencia	Tema 02 modelo de equilibrio general dinámico dinámica y análisis de eficiencia
titulo	2660	Z5F6XV2H	Tema 02 modelo de equilibrio general dinamico economia descentralizada	Tema 02 modelo de equilibrio general dinámico economía descentralizada
titulo	2661	QGJYTBTT	Tema 01 teoria del consumo implicaciones contrastables y extensiones ii	Tema 01 teoría del consumo implicaciones contrastables y extensiones ii
titulo	2662	YIF2TJXW	Tema 01 teoria del consumo implicaciones contrastables y extensiones i	Tema 01 teoría del consumo implicaciones contrastables y extensiones i
titulo	2663	DTR2DGU5	Tema 01 teoria del consumo modelo basico ii	Tema 01 teoría del consumo modelo básico ii
titulo	2664	B42PM2SF	Tema 01 teoria del consumo modelo basico i	Tema 01 teoría del consumo modelo básico i
titulo	2677	E9NQQHYK	Syllabus 04 macroeconomia i	Syllabus 04 macroeconomía i
titulo	2680	YYII37U4	El largo plazo el ahorro la acumulacion de capital y la produccion	El largo plazo el ahorro la acumulación de capital y la producción
titulo	2683	KJTPBV49	El medio plazo la curva de phillips la tasa natural de desempleo y la inflacion	El medio plazo la curva de phillips la tasa natural de desempleo y la inflación
titulo	2691	QQDU22KR	El corto plazo introduccion	El corto plazo introducción
titulo	2694	FQK35DV8	Syllabus 07 macroeconomia ii	Syllabus 07 macroeconomía ii
titulo	2714	DE2JSJ6H	La politica fiscal	La política fiscal
titulo	2715	FMVQ9VD2	La politica monetaria	La política monetaria
titulo	2716	P9EI6SYG	Deben ponerse limites a las autoridades economicas	Deben ponerse limites a las autoridades económicas
titulo	2718	ZWUFYQGH	La produccion el tipo de interes y el tipo de cambio	La producción el tipo de interés y el tipo de cambio
titulo	2719	KVG4NA43	El mercado de bienes en una economia abierta	El mercado de bienes en una economía abierta
titulo	2721	6A2XWPWD	Las expectativas la produccion y la politica macroeconomica	Las expectativas la producción y la política macroeconómica
titulo	2722	U8ZE7437	Las expectativas el consumo y la inversion	Las expectativas el consumo y la inversión
titulo	2724	JQLGTMDU	Las expectativas los instrumentos basicos	Las expectativas los instrumentos básicos
titulo	2725	F3QAXM9B	Introduccion	Introducción
titulo	2746	ZD55F6IW	Syllabus 01 matematicas i	Syllabus 01 matemáticas i
titulo	2747	MXRLWTNN	Reglas de integracion	Reglas de integración
titulo	2748	SBSIP3M7	Integracion	Integración
titulo	2749	QE4VCH8E	Guia para hacer graficas	Guía para hacer graficas
titulo	2751	LHQPTKTE	Informacion de la primera y segunda derivadas	Información de la primera y segunda derivadas
titulo	2753	UVQ3C4YH	Reglas de derivacion	Reglas de derivación
titulo	2757	62JNBICP	Limites	Límites
titulo	2760	Q3JAME8D	Introduccion	Introducción
titulo	2776	6TEMPBTM	Syllabus 03 matematicas ii	Syllabus 03 matemáticas ii
titulo	2777	7BHUKWNJ	Optimizacion con restricciones de desigualdad	Optimización con restricciones de desigualdad
titulo	2778	ZLDMRUXC	Optimizacion con restricciones de igualdad condiciones de segundo orden	Optimización con restricciones de igualdad condiciones de segundo orden
titulo	2779	KN2A8SHH	Optimizacion con restricciones de igualdad condiciones de primer orden	Optimización con restricciones de igualdad condiciones de primer orden
titulo	2780	DE8D5TD5	Optimizacion de funciones concavas y convexas	Optimización de funciones concavas y convexas
titulo	2782	3QL6S8AW	Optimizacion sin restricciones	Optimización sin restricciones
titulo	2784	JFC5UXNN	Aplicaciones a economia elasticidades la elasticidad de sustitucion	Aplicaciones a economía elasticidades la elasticidad de sustitución
titulo	2785	4WQBKS8R	Derivacion implicita	Derivación implicita
titulo	2786	NDHRZI7G	Reglas de derivacion la regla de la cadena	Reglas de derivación la regla de la cadena
titulo	2788	RZ555CLF	Derivacion de funciones de varias variables	Derivación de funciones de varias variables
titulo	2819	5QQDD2HX	Syllabus 10 matematicas iii	Syllabus 10 matemáticas iii
titulo	2820	4FR694ZY	Teoria del control optimo iii	Teoría del control optimo iii
titulo	2821	ABTMPR75	Teoria del control optimo ii	Teoría del control optimo ii
titulo	2822	LH2U35A2	Teoria del control optimo i	Teoría del control optimo i
titulo	2823	IC7S2CZL	Calculo de variaciones ii	Cálculo de variaciones ii
titulo	2824	4WC2J9X7	Calculo de variaciones i	Cálculo de variaciones i
titulo	2828	QIGM98Q6	Programacion dinamica iii	Programación dinámica iii
titulo	2829	SCAXXHRQ	Programacion dinamica ii	Programación dinámica ii
titulo	2830	L6EJDV5S	Programacion dinamica i	Programación dinámica i
titulo	2831	LPMZP5S7	Diagonalizacion de matrices	Diagonalización de matrices
titulo	2866	JKCJGCRD	Regresion discontinua ii	Regresión discontinua ii
titulo	2867	JSCFVPRB	Regresion discontinua i	Regresión discontinua i
titulo	2871	5HU994WR	Seleccion en observables matching o emparejamiento ii	Selección en observables matching o emparejamiento ii
titulo	2872	5QQ6QL2Y	Seleccion en observables matching o emparejamiento i	Selección en observables matching o emparejamiento i
titulo	2873	HDD69H6D	Seleccion en observables regresion ii	Selección en observables regresión ii
titulo	2874	C598SUGT	Seleccion en observables regresion i	Selección en observables regresión i
titulo	2876	J9UFY4K2	El analisis empirico en economia	El análisis empirico en economía
titulo	2877	BJC4CPLU	S0 informacion importante practicas microeconometria aplicada	S0 información importante practicas microeconometria aplicada
titulo	2878	VIQA2XPF	S0 guia stata	S0 guía stata
titulo	2907	6M2YD5FM	Syllabus 02 microeconomia i	Syllabus 02 microeconomía i
titulo	2915	ED6CUVDT	Los costes de produccion	Los costes de producción
titulo	2916	3IGA65KA	La produccion los costes de produccion	La producción los costes de producción
titulo	2917	2MMX2EFS	La produccion	La producción
titulo	2921	MKJDYUI9	Prolegomenos los elementos basicos de la oferta y demanda	Prolegomenos los elementos básicos de la oferta y demanda
titulo	2950	XPJGA94M	Syllabus 05 microeconomia ii	Syllabus 05 microeconomía ii
titulo	2952	BG4YRU8H	Economia del comportamiento	Economía del comportamiento
titulo	2953	X6AUES5C	Las decisiones estrategicas introduccion a la teoria de juegos ii	Las decisiones estrategicas introducción a la teoría de juegos ii
titulo	2954	YTCWX8F8	Las decisiones estrategicas introduccion a la teoria de juegos i	Las decisiones estrategicas introducción a la teoría de juegos i
titulo	2957	337Y8MB2	Fallos de mercado la informacion asimetrica	Fallos de mercado la información asimetrica
titulo	2960	IENGCU98	Un analisis de equilibrio general el bienestar	Un análisis de equilibrio general el bienestar
titulo	2961	A8TDPPX4	Un analisis de equilibrio general la produccion	Un análisis de equilibrio general la producción
titulo	2962	6DYZ8H9N	Un analisis de equilibrio general el intercambio	Un análisis de equilibrio general el intercambio
titulo	2963	GUAEFM3X	La fijacion de precios con poder de mercado	La fijación de precios con poder de mercado
titulo	2994	6VV3KV2M	Syllabus 08 organizacion industrial	Syllabus 08 organización industrial
titulo	2995	L2VZAFPS	Teoria de la empresa	Teoría de la empresa
titulo	2996	VQEGY9R3	Integracion vertical y subcontratacion de bienes y servicios	Integración vertical y subcontratación de bienes y servicios
titulo	2997	FSLFDS6R	Comportamiento estrategico	Comportamiento estratégico
titulo	2998	T48LXEL8	Discriminacion de precios de segundo grado ii	Discriminación de precios de segundo grado ii
titulo	2999	KHZ7C8C4	Discriminacion de precios de segundo grado i	Discriminación de precios de segundo grado i
titulo	3000	5VWGZLNU	La discriminacion de precios	La discriminación de precios
titulo	3003	7ULZH3BD	Modelos de diferenciacion endogena	Modelos de diferenciación endogena
titulo	3004	YDZZX92R	Diferenciacion de producto y competencia monopolistica	Diferenciación de producto y competencia monopolistica
titulo	3006	YX2HIYCX	Teoria de juegos	Teoría de juegos
titulo	3007	UYZDVEMP	Colusion y carteles	Colusión y carteles
titulo	3048	P6PEQZH2	200+1 prompts para educacion: guía para docentes innovadores	200+1 prompts para educación: guía para docentes innovadores
titulo	3050	EKVNVJIU	La naturaleza y ambito de la microeconomia	La naturaleza y ambito de la microeconomía
titulo	3051	27KC3G64	Algunos elementos para el analisis de los mercados desde una perspectiva estratégica	Algunos elementos para el análisis de los mercados desde una perspectiva estratégica
titulo	3052	5M5VAEV3	Teoria de los mercados competitivos	Teoría de los mercados competitivos
titulo	3053	EVRLGTDU	La teoria de la multiproduccion	La teoría de la multiproducción
titulo	3055	ACQXU33I	La teoria del consumidor modelos avanzados	La teoría del consumidor modelos avanzados
titulo	3056	66M3F7TU	La teoria del consumidor	La teoría del consumidor
titulo	3057	K7N7FVPF	La teoria del consumidor dualidad	La teoría del consumidor dualidad
titulo	3059	KYVP2JVM	La economia como parte de la etica	La economía como parte de la ética
titulo	3066	NXI4MW3Q	La revolucion marginalista	La revolución marginalista
titulo	3072	YPNF6WZN	Las principales corrientes de la nueva economia clasica	Las principales corrientes de la nueva economía clásica
titulo	3073	Z49SXCUV	La hipotesis de las expectativas racionales	La hipótesis de las expectativas racionales
titulo	3075	7I7XP6LL	Indice general	Índice general
titulo	3076	FRGVN4PT	Integracion. Calculo de areas	Integración. Calculo de areas
titulo	3077	TWIZ4SKE	Limites y continuidad de funciones	Límites y continuidad de funciones
titulo	3082	WHK7TFMX	Inferencia estadistica	Inferencia estadística
titulo	3084	3CE7U7QE	Distribucion binomial y distribucion normal	Distribución binomial y distribución normal
titulo	3109	ESBSJIZB	Guia didactica para elaborar antecedentes de investigacion	Guía didáctica para elaborar antecedentes de investigación
titulo	3153	JJE5S3GM	Introduccion teoría asintótica	Introducción teoría asintótica
titulo	3155	D6I9JPJK	Macroeconomia	Macroeconomía
titulo	3166	C3HUWHQS	Introduccion teoria de contratos	Introducción teoría de contratos
titulo	3173	5LBUPYYM	Presentacion	Presentación
titulo	3174	EK86K7H8	Evaluacion del modulo i	Evaluación del módulo i
titulo	3177	RCL3FDSB	Elementos de una planificacion estrategica	Elementos de una planificación estratégica
titulo	3178	MST3WAXY	Elementos de una planificacion estrategica	Elementos de una planificación estratégica
titulo	3179	69D8C3HZ	Elementos de una planificacion estrategica	Elementos de una planificación estratégica
titulo	3180	4C2G6JQ6	Planificacion estrategica para pequenas y medianas empresas	Planificación estratégica para pequenas y medianas empresas
titulo	3181	6LCTTIM5	Elementos de una planificacion estrategica	Elementos de una planificación estratégica
titulo	3196	WRJZSNCD	Sesion 01	Sesión 01
titulo	3197	AKBDCG5Z	Sesion 03	Sesión 03
titulo	3198	SGBGF3T8	Sesion 02	Sesión 02
titulo	3199	K7QHRBQN	Econometria 01 sesion 01	Econometría 01 sesión 01
titulo	3200	VJDSNNFC	Econometria 01 sesion 02	Econometría 01 sesión 02
titulo	3201	CDTFEJK6	Econometria 01 sesion 03	Econometría 01 sesión 03
titulo	3202	Q6IKPLJE	Teoria del juego	Teoría del juego
titulo	3259	DT9QRV5S	Introduccion	Introducción
titulo	3264	8XGEJZAH	La empresa la produccion y los costes	La empresa la producción y los costes
titulo	3267	YYZHXGJ2	Introduccion a finanzas corporativas	Introducción a finanzas corporativas
titulo	3273	IMQK8M6L	Opciones reales gestion	Opciones reales gestión
titulo	3274	3425VSNA	Opcion real de abandonar	Opción real de abandonar
titulo	3275	D5BECHZK	La politica de dividendos	La política de dividendos
titulo	3276	VYISG9RS	Opcion real de ampliar y reducir	Opción real de ampliar y reducir
titulo	3277	YPE3EHPE	Opcion real compuesta	Opción real compuesta
titulo	3278	3G4C4WVW	Opcion real de diferir	Opción real de diferir
titulo	3279	TEN675Y7	Opcion real valoracion metodo binomial	Opción real valoración método binomial
titulo	3281	FI5RYNGF	Opciones reales: introduccion	Opciones reales: introducción
titulo	3282	TKM4DAU9	Introduccion al var	Introducción al var
titulo	3284	2R5FDZAU	Procesos estocasticos introduccion	Procesos estocasticos introducción
titulo	3288	IJ2MK6DQ	Riesgo economico y financiero	Riesgo económico y financiero
titulo	3290	H52TPU7F	El riesgo de interes	El riesgo de interés
titulo	3291	TME8XBPW	Introduccion al riesgo en la empresa	Introducción al riesgo en la empresa
titulo	3293	6IFDA5EF	Introduccion a la gestion de riesgos	Introducción a la gestión de riesgos
titulo	3297	GAMAS7C5	Opciones reales en la valorizacion de proyectos	Opciones reales en la valorización de proyectos
titulo	3299	QX3ADJ7K	Gestion pasiva de una cartera de renta fija	Gestión pasiva de una cartera de renta fija
titulo	3300	ANKGULIP	Gestion activa de una cartera de renta fija	Gestión activa de una cartera de renta fija
titulo	3302	F872V37I	Valoracion de los activos de renta fija	Valoración de los activos de renta fija
titulo	3304	L3GNK78I	Estructura temporal de tipos de interes	Estructura temporal de tipos de interés
titulo	3305	4PMC6SSS	Modelos de valoracion de activos	Modelos de valoración de activos
titulo	3306	6MVBHTG8	Seleccion de carteras	Selección de carteras
titulo	3309	5G95KGNY	Valoracion de proyectos	Valoración de proyectos
titulo	3315	AM3RDWAL	Produccion y costos	Producción y costos
titulo	3318	RPUFLPRX	Eleccion de condiciones de incertidumbre	Elección de condiciones de incertidumbre
titulo	3319	HURL7VYR	Eleccion intertemporal	Elección intertemporal
titulo	3320	QJB6YQS9	Eleccion del consumo ocio	Elección del consumo ocio
titulo	3321	I6J2BLMN	Funcion de la demanda	Función de la demanda
titulo	3322	PZKM2NHL	Eleccion del consumidor	Elección del consumidor
titulo	3323	ULQVJBA3	Restriccion presupuestaria	Restricción presupuestaria
titulo	3325	WFKZJTIA	Introduccion	Introducción
omitido	3326	RBSHHC2P	Zotero tenía «Información incompleta: juegos dinámicos o de señalización»
omitido	3330	E6TBDUZD	Zotero tenía «Análisis en forma estratégica: juegos estáticos ii»
omitido	3332	SRAVXLK5	Zotero tenía «Análisis en forma estratégica: juegos estáticos i»
titulo	3337	ZHHGS7Y7	El costo del credito en peru revisión de la evolución reciente	El costo del crédito en Perú revisión de la evolución reciente
titulo	3354	CRPSJJVS	Macroeconomia avanzada	Macroeconomía avanzada
titulo	3355	HRXGHZRA	Teoria ciclos reales	Teoría ciclos reales
titulo	3356	85JN4HPQ	Modelo de inconsistencia dinamica	Modelo de inconsistencia dinámica
titulo	3358	MJNQDVGW	La inversion intertemporal	La inversión intertemporal
titulo	3360	MBT3ICAY	Las expectativas adaptativas y racionales y la dinamica macroeconomica	Las expectativas adaptativas y racionales y la dinámica macroeconómica
titulo	3361	G9HAV9PC	Macroeconomia dinamica de una economia abierta y la sobre reaccion del tipo de cambio	Macroeconomía dinámica de una economía abierta y la sobre reacción del tipo de cambio
titulo	3362	IK9PLCWS	Modelo macroeconomico dinamico de argandona para una economia cerrada	Modelo macroeconómico dinámico de argandona para una economía cerrada
titulo	3363	YWXTRT8I	Modelo is lm dinamico para una economia cerrada	Modelo is lm dinámico para una economía cerrada
titulo	3364	XR7AABJQ	La teoria keynesiana en la version de sargent	La teoría keynesiana en la versión de sargent
titulo	3365	E9VZQH9D	La teoria clasica en la version de sargent	La teoría clásica en la versión de sargent
titulo	3366	I35IRVJ7	Evolucion y estado actual de la macroeconomia	Evolución y estado actual de la macroeconomía
titulo	3371	QYCG8EJH	Teorias de la inversion	Teorías de la inversión
titulo	3372	NX66784F	Teorias del consumo y el ahorro	Teorías del consumo y el ahorro
titulo	3373	L4K6LFNP	El modelo de demanda y oferta agregada de una economia abierta con tipo de cambio flexible	El modelo de demanda y oferta agregada de una economía abierta con tipo de cambio flexible
titulo	3374	EG5BY8H5	El modelo de demanda y oferta agregada de una economia abierta con tipo de cambio fijo	El modelo de demanda y oferta agregada de una economía abierta con tipo de cambio fijo
titulo	3375	QZNR5CS7	El modelo is lm bb de una economia abierta con tipo de cambio flexible de corto plazo	El modelo is lm bb de una economía abierta con tipo de cambio flexible de corto plazo
titulo	3376	WBTKKPUC	El modelo is lm de una economia abierta con tipo de cambio fijo de corto plazo	El modelo is lm de una economía abierta con tipo de cambio fijo de corto plazo
titulo	3377	XIMT3NYT	El modelo de la renta de una economia abierta	El modelo de la renta de una economía abierta
titulo	3379	639YPWXV	Indice	Índice
titulo	3380	DZMW89KS	Las cuentas nacionales de una economia abierta y la balanza de pagos	Las cuentas nacionales de una economía abierta y la balanza de pagos
titulo	3382	TLX69MN7	Historia de la macroeconomia	Historia de la macroeconomía
titulo	3384	B2WGJLDD	Teoria de los ciclos reales	Teoría de los ciclos reales
titulo	3385	6FIRDRZG	La nueva macroeconomia clasica	La nueva macroeconomía clásica
titulo	3387	4PZVPREN	La sintesis neoclasica keynesiana	La síntesis neoclásica keynesiana
titulo	3388	RF3Q8626	La teoria keynesiana da oa	La teoría keynesiana da oa
titulo	3389	HZALLGCJ	La teoria keynesiana is lm	La teoría keynesiana is lm
titulo	3390	944XNKMR	La macroeconomia clasica o neoclasica de corto plazo	La macroeconomía clásica o neoclásica de corto plazo
titulo	3392	F6XL2HNW	Introduccion a macroeconomia	Introducción a macroeconomía
titulo	3393	YLC828J3	Indice	Índice
titulo	3394	YZBJZ8TI	Introduccion a la macroeconomia	Introducción a la macroeconomía
titulo	3396	BZJSZ86Q	La sintesis neoclasica	La síntesis neoclásica
titulo	3400	5M9YKFC5	La teoria del consumidor	La teoría del consumidor
titulo	3430	ZCV7NDMF	Introduccion	Introducción
titulo	3431	HTVYU6PT	Planificacion	Planificación
titulo	3432	E7W82Q6G	Tipos de texto academico	Tipos de texto académico
titulo	3437	C4V6VG7K	La oracion	La oración
titulo	3454	PD7NM4WH	Nueva economia keynesiana	Nueva economía keynesiana
titulo	3455	KCUTMYZK	Rbc en una economia abierta	Rbc en una economía abierta
titulo	3485	IG8863ZY	Estadistica avanzada y analisis de datos	Estadística avanzada y análisis de datos
titulo	3486	ACYKKJY9	Optimizacion	Optimización
titulo	3487	EF58CHGQ	Analisis de componentes principales (pca)	Análisis de componentes principales (pca)
titulo	3489	4C3UKG56	Contraste de hipotesis para una muestra	Contraste de hipótesis para una muestra
titulo	3490	GZTZ8P64	Introduccion a la estadistica multivariante	Introducción a la estadística multivariante
titulo	3491	MGA4YSVM	Correlacion	Correlación
titulo	3492	8LS6SLVS	Regresion lineal simple	Regresión lineal simple
titulo	3493	LR49VK5I	Calculo de errores	Cálculo de errores
titulo	3494	UEC9MWNU	Introduccion a la estadistica bayesiana	Introducción a la estadística bayesiana
titulo	3495	FKAC93M3	Introduccion	Introducción
titulo	3501	TNBXG2PF	Herramientas para el analisis distributivo	Herramientas para el análisis distributivo
titulo	3503	WKTQYFBS	Analisis conjunto de todos los mercados el modelo oa da	Análisis conjunto de todos los mercados el modelo oa da
titulo	3505	4A2PQ72K	La integracion de los mercados de bienes y financieros	La integración de los mercados de bienes y financieros
titulo	3508	FW8T4Q56	Fundamentos microeconomicos de la inversion	Fundamentos microeconomicos de la inversión
titulo	3509	5KMGZN3Z	Introduccion a los problemas macroeconomicos fundamentales	Introducción a los problemas macroeconomicos fundamentales
titulo	3524	WPX8Q8CK	Modelo general de regresion lineal permitiendo heterocedasticidad en los errores	Modelo general de regresión lineal permitiendo heterocedasticidad en los errores
titulo	3534	GIGVRE9W	Modelos de seleccion discreta probit y logit bondad de ajuste	Modelos de selección discreta probit y logit bondad de ajuste
titulo	3535	EQJ4R2JJ	Modelos de seleccion discreta probit y logit variable dep	Modelos de selección discreta probit y logit variable dep
titulo	3536	VMXB8JLE	Modelos de seleccion discreta probit y logit modelo de probab	Modelos de selección discreta probit y logit modelo de probab
titulo	3537	IQFCT7ZR	Modelos de seleccion discreta probit y logit modelo d	Modelos de selección discreta probit y logit modelo d
titulo	3538	H2W4CIWX	Modelos fraccionados definicion	Modelos fraccionados definición
titulo	3540	HW84MI53	Modelos fraccionados transformacion log odds	Modelos fraccionados transformación log odds
titulo	3542	64FKBLGL	Modelos multinomiales y ordenados presentacion del modelo multinomial	Modelos multinomiales y ordenados presentación del modelo multinomial
titulo	3546	265FGFQ5	Sesgo de seleccion	Sesgo de selección
titulo	3547	2X23A4QH	Sesgo de seleccion definicion	Sesgo de selección definición
titulo	3548	TTLG3GI4	Sesgo de seleccion metodos de estimacion	Sesgo de selección métodos de estimación
titulo	3549	2UHJSRJI	Modelos de ecuaciones simultaneas definicion	Modelos de ecuaciones simultaneas definición
titulo	3550	LSWTXMDA	Modelos de ecuaciones simultaneas problema de identificacion	Modelos de ecuaciones simultaneas problema de identificación
titulo	3551	ACRLMXMI	Modelos de ecuaciones simultaneas estimacion	Modelos de ecuaciones simultaneas estimación
titulo	3552	RFGFZM2D	Modelos de ecuaciones simultaneas presentacion del modelo	Modelos de ecuaciones simultaneas presentación del modelo
titulo	3557	QIT8HPV9	Tema 06 teoria de juegos	Tema 06 teoría de juegos
titulo	3568	EC9XWHQL	Introduccion a la econometria bayesiana	Introducción a la econometría bayesiana
titulo	3569	X9RSFMIU	Modelo de regresion lineal	Modelo de regresión lineal
titulo	3570	KSULZATM	Simulacion y estimacion bayesiana	Simulación y estimación bayesiana
titulo	3571	NZSU6FEI	Introduccion a la evaluacion de impacto	Introducción a la evaluación de impacto
titulo	3572	WGRWGNLA	Introduccion a los experimentos aleatorios introduccion	Introducción a los experimentos aleatorios introducción
titulo	3573	ALW7XRD4	Introduccion a los experimentos aleatorios tamamo de muestra	Introducción a los experimentos aleatorios tamamo de muestra
titulo	3574	GPMBURVV	Introduccion a los experimentos aleatorios analisis de regresion	Introducción a los experimentos aleatorios análisis de regresión
titulo	3575	WLSBPWWY	Introduccion a los experimentos aleatorios introduccion a la inferencia causal	Introducción a los experimentos aleatorios introducción a la inferencia causal
titulo	3576	B6IK78M6	Introduccion a los experimentos aleatorios aleatorizacion	Introducción a los experimentos aleatorios aleatorización
titulo	3577	3CAERCPI	Modelo de emparejamiento introduccion al psm	Modelo de emparejamiento introducción al psm
titulo	3578	FQC3Y3FR	Modelo de emparejamiento implementacion del psm	Modelo de emparejamiento implementación del psm
titulo	3579	37JVIM5K	Modelo de emparejamiento teoria del psm	Modelo de emparejamiento teoría del psm
titulo	3580	TW5GMBMR	Modelo de emparejamiento implementacion del psm	Modelo de emparejamiento implementación del psm
titulo	3581	26JXUA55	Regresion discontinua rd	Regresión discontinua rd
titulo	3582	ZGMS84Q8	Regresion discontinua sharp vs fuzzy	Regresión discontinua sharp vs fuzzy
titulo	3585	79FJH5RN	Metodo de control sintetico	Método de control sintetico
titulo	3586	KUWK3YIF	Metodo de control sintetico resumen	Método de control sintetico resumen
titulo	3587	2ZDITUZE	Introduccion a la programacion con eviews	Introducción a la programación con eviews
titulo	3589	ARQ59UY7	Conceptos basicos	Conceptos básicos
titulo	3592	5FBSBVXS	Sesion 01 la empresa y las finanzas 01	Sesión 01 la empresa y las finanzas 01
titulo	3602	UFKDIMTX	Manual de analisis fundamental	Manual de análisis fundamental
titulo	3605	S2NHPYJI	Introduccion analisis fundamental	Introducción análisis fundamental
titulo	3606	AVUM9HTP	Como entender los indicadores economicos de estados unidos	Como entender los indicadores económicos de estados unidos
titulo	3609	8F7H8N4G	Analisis tecnico	Análisis técnico
titulo	3629	BYUF5T48	Teoria de portafolio moderna	Teoría de portafolio moderna
titulo	3630	9VNEZDKI	Teoria de portafolio clasica	Teoría de portafolio clásica
titulo	3675	JKYVSY67	Observacion descripcion	Observación descripción
titulo	3676	PQ8TJPCF	Comparacion relacion	Comparación relación
titulo	3677	GDSXXM8M	Introduccion	Introducción
titulo	3678	VGNXPC8Y	Programacion orientado a objetos	Programación orientado a objetos
titulo	3679	3UEZXWIJ	Metodologia para construir algoritmos	Metodología para construir algoritmos
titulo	3682	KM4ZSBPP	Lenguajes de programacion	Lenguajes de programación
titulo	3687	JFUMIQR8	Introduccion html css java script	Introducción html css java script
titulo	3688	LW35RRYQ	Introduccion al latex	Introducción al latex
titulo	3689	QC59NCAU	Latex y matematica	Latex y matemática
titulo	3694	JPAJEABB	Introduccion conceptos basicos	Introducción conceptos básicos
titulo	3695	ZQPSYRPE	Teoria del consumo i	Teoría del consumo i
titulo	3696	5URFC5EJ	Teoria del consumo ii	Teoría del consumo ii
titulo	3697	2BE362J2	Teoria del consumo iii	Teoría del consumo iii
titulo	3698	D9HXVHQ3	Teoria de la inversion i	Teoría de la inversión i
titulo	3699	WAMEG5LK	Teoria de la inversion ii	Teoría de la inversión ii
titulo	3704	ZSG9XDU8	Ciclos economicos reales	Ciclos económicos reales
titulo	3705	9AJNFDAT	Crecimiento economico i	Crecimiento económico i
titulo	3706	D8RLVCKP	Crecimiento economico ii	Crecimiento económico ii
titulo	3707	ZKWCPNHK	Economia monetaria i	Economía monetaria i
titulo	3708	5FS6YV8I	Economia monetaria ii	Economía monetaria ii
titulo	3709	55TN4ME4	Economia monetaria ii	Economía monetaria ii
titulo	3710	ZN8TB5C3	Economia monetaria i	Economía monetaria i
titulo	3713	G8YTXD4I	Teoria del consumidor i	Teoría del consumidor i
titulo	3714	V6EGKURP	Teoria del consumidor	Teoría del consumidor
titulo	3715	8RXINHPL	Teoria del consumidor	Teoría del consumidor
titulo	3717	7CSUI4MJ	Teoria del productor	Teoría del productor
titulo	3718	6YICVKEZ	Teoria del productor	Teoría del productor
titulo	3719	MJGGFAN2	Teoria del productor	Teoría del productor
titulo	3723	GKHQHW5T	Decisiones de consumo y produccion en el tiempo	Decisiones de consumo y producción en el tiempo
titulo	3732	IH6PEGXY	Introduccion al mundo de bi y la suite power conceptos basicos	Introducción al mundo de bi y la suite power conceptos básicos
titulo	3736	K8PBKZNB	Inteligencia de tiempo dimension de tiempo	Inteligencia de tiempo dimensión de tiempo
titulo	3737	BSG6L3CG	Lenguaje de analisis de datos dax columnas campos calculados	Lenguaje de análisis de datos dax columnas campos calculados
titulo	3738	E85R55XM	Vizualizacion de datos	Vizualización de datos
titulo	3739	UHSGUCJQ	Vizualizacion de datos	Vizualización de datos
titulo	3743	3J9HEWGU	Sesion 01	Sesión 01
titulo	3746	E9AHHJ3A	Sesion 05	Sesión 05
titulo	3747	SFIDCNL9	Sesion 04	Sesión 04
titulo	3748	RHAKUB7A	Sesion 02	Sesión 02
titulo	3749	3T49M9AR	Sesion 03	Sesión 03
omitido	3751	D9BXAUMD	Zotero tenía «Diseño metodologico de la investigacion»
titulo	3754	2ZWX3K8T	Sesion 01	Sesión 01
titulo	3755	DK7VNTIS	Marco teorico	Marco teórico
titulo	3756	CVRRN9ID	Hipotesis	Hipótesis
titulo	3757	QNIUYQF8	Sesion 02	Sesión 02
titulo	3758	XWY6U5W5	Sesion 03	Sesión 03
titulo	3768	H93UJHKJ	Metodología de la investigacion cualitativa	Metodología de la investigación cualitativa
titulo	3776	3QR4U4N9	Fi sesion 7 8	Fi sesión 7 8
titulo	3777	YTWV6YZB	Fi sesion 5 6	Fi sesión 5 6
titulo	3778	G23U5C2K	Fi sesion 3 4	Fi sesión 3 4
titulo	3779	Z4U39M7Y	Fi sesion 1 2	Fi sesión 1 2
titulo	3799	EMEIMKKB	Flujo de capitales y manejo macroeconomico	Flujo de capitales y manejo macroeconómico
titulo	3800	95ZK6LKE	Del decoupling al recoupling los canales de transmision de la crisis internacional	Del decoupling al recoupling los canales de transmisión de la crisis internacional
titulo	3803	Q65XLR8K	Introduccion	Introducción
titulo	3804	MY6K439J	Syllabus macroeconomia	Syllabus macroeconomía
titulo	3805	KKWV6HJL	Politicas de estabilizacion	Políticas de estabilización
titulo	3811	H4KZMWIH	Dinero e inflacion	Dinero e inflación
titulo	3818	GGI4A38V	La inversion	La inversión
titulo	3825	56I4IEKN	Teoria econometrica	Teoría econometrica
titulo	3827	76QZ4NRP	Analisis matricial	Análisis matricial
titulo	3828	UJHAXQ3L	Introduccion a la econometria	Introducción a la econometría
titulo	3829	DU3MUAH2	Series tiempo modelos programacion en eviews	Series tiempo modelos programación en eviews
titulo	3830	LUKQWM9P	Modelos arch programacion en eviews	Modelos arch programación en eviews
titulo	3831	G5Y59WWS	Modelo de ecuaciones simultaneas programacion en eviews	Modelo de ecuaciones simultaneas programación en eviews
titulo	3833	57XXPXM5	Modelos de eleccion discreta (logit y probit)	Modelos de elección discreta (logit y probit)
titulo	3835	QMCLQZMS	Econometria 02	Econometría 02
titulo	3836	EJ9GBEAJ	Programacion eviews 02	Programación eviews 02
titulo	3837	8AEGSV7G	Programacion eviews 01	Programación eviews 01
titulo	3846	647IYGBU	Econometria 01	Econometría 01
titulo	3851	VHBHRLC9	Programacion econometrica en eviews	Programación econometrica en eviews
titulo	3883	8HJS568R	Analisis de estados financieros	Análisis de estados financieros
titulo	3905	6R5CDLEH	Analisis de estados financieros	Análisis de estados financieros
titulo	3906	JJ876QLB	Analisis y proyeccion de estados financieros	Análisis y proyección de estados financieros
omitido	3912	579GWISF	Zotero tenía «Contrataciones públicas»
titulo	3913	L2K92ATQ	Amortizacion y depreciacion	Amortización y depreciación
titulo	3915	X3KC9KK4	El valor del dinero a traves del tiempo	El valor del dinero a través del tiempo
titulo	3916	R58KUXVN	El valor del dinero a traves del tiempo	El valor del dinero a través del tiempo
titulo	3917	54FEJSDP	Regimen tributario y laboral	Régimen tributario y laboral
titulo	3923	2PJ69CPR	Costo de produccion	Costo de producción
titulo	3929	MG99GGRF	Discriminacion	Discriminación
titulo	3948	QGGRU4QU	Practica parcial	Práctica parcial
titulo	3955	57QVAKCT	Interpretacion del subdesarrollo latinoamericano	Interpretación del subdesarrollo latinoamericano
titulo	3956	EA6HQ5H9	Regimen tributario de las personas con contrato administrativo de servicios	Régimen tributario de las personas con contrato administrativo de servicios
titulo	3985	KNBNENGC	La reconstruccion industrial de europa despues de la segunda guerra mundial	La reconstrucción industrial de europa después de la segunda guerra mundial
titulo	3986	CLQ3G463	La globalizacion y desarrollo	La globalización y desarrollo
titulo	4000	FDUK7DBH	Exposicion el comienzo de la guerra fria	Exposición el comienzo de la guerra fria
titulo	4005	AD5F4BCG	Principios de economia trabajo	Principios de economía trabajo
titulo	4013	87Z6Z9TD	Resumen economia	Resumen economía
titulo	4023	WPKUJZKG	Los costos de produccion	Los costos de producción
titulo	4024	QBMPZZIF	Los 10 principios de la economia	Los 10 principios de la economía
titulo	4025	E4R4AIMS	Estudio economica latina y el caribe 2006-2007	Estudio económica latina y el caribe 2006-2007
titulo	4028	USBTZ797	Modelo mundell fleming is lm para una economia abierta	Modelo mundell fleming is lm para una economía abierta
titulo	4029	MKBNS5XJ	Modelo is lm para una economia cerrada	Modelo is lm para una economía cerrada
titulo	4034	SSFYL3BG	Agenda nacional de reformas economicas en perú	Agenda nacional de reformas económicas en Perú
titulo	4037	PWFYGA3S	Promocion de inversiones	Promoción de inversiones
titulo	4039	7AU5BKEF	Economia regional agraria	Economía regional agraria
titulo	4043	HVLZ9YVE	Economia regional	Economía regional
titulo	4044	QC3H7G3K	Economia regional	Economía regional
titulo	4046	23PBUG8F	Crecimiento economico hechos estilizados del crecimiento economico la contabilidad del crecimiento	Crecimiento económico hechos estilizados del crecimiento económico la contabilidad del crecimiento
titulo	4053	9D4YGJAU	El modelo de solow basico	El modelo de solow básico
titulo	4054	4BEVQBNV	Vison general de las teorias de crecimiento economico	Vison general de las teorías de crecimiento económico
titulo	4056	XUZ7NE4S	El sentido de la etica	El sentido de la ética
titulo	4058	7E7QGE4K	Administracion general	Administración general
titulo	4061	3Y7XGVKF	Gestion empresarial	Gestión empresarial
titulo	4118	GZJVD9US	Investigacion de mercados de la panaderia raul	Investigación de mercados de la panaderia raul
titulo	4129	AU7Y6P2L	Investigacion de mercados	Investigación de mercados
titulo	4130	VFIBFGD8	Introduccion a la investigacion de mercados	Introducción a la investigación de mercados
titulo	4143	NCC3U3CZ	Inversion y costos	Inversión y costos
titulo	4145	6PLATGWS	Direccionamiento estrategico	Direccionamiento estratégico
titulo	4147	4YCR58RA	Innovacion y creatividad	Innovación y creatividad
titulo	4153	SAYZSXTQ	Estudio tecnico	Estudio técnico
titulo	4156	C6T4B56K	Analisis de mercados	Análisis de mercados
titulo	4168	IR3UIZJ4	Escenarios economicos post elecciones	Escenarios económicos post elecciones
titulo	4173	L2A594N6	Evaluacion de protectos en empresas en marcha ii	Evaluación de protectos en empresas en marcha ii
titulo	4174	KILSU6PT	Evaluacion de protectos en empresas en marcha i	Evaluación de protectos en empresas en marcha i
titulo	4175	75W3JRWF	Metodos evaluacion	Métodos evaluación
titulo	4176	AXSZKGFT	Criterio de evaluacion ii	Criterio de evaluación ii
titulo	4177	D2FNBUKP	Criterio de evaluacion i	Criterio de evaluación i
titulo	4187	LN4FVC95	Creacion de valor	Creación de valor
titulo	4190	YSZK9TFK	Analisis de riesgo	Análisis de riesgo
titulo	4191	TVV34T9S	Escenarios en la evaluacion	Escenarios en la evaluación
titulo	4192	DMRG7M34	Evaluacion financiera	Evaluación financiera
titulo	4193	PUPV89FP	Evaluacion economica	Evaluación económica
titulo	4194	WDCLXPUB	Costo de capital en peru ii	Costo de capital en Perú ii
titulo	4195	7NLVG9MJ	Costo de capital en peru i	Costo de capital en Perú i
titulo	4202	F6IUJFV8	Escenarios de valoracion de proyectos	Escenarios de valoración de proyectos
titulo	4203	MYU5FPSM	Metodos de evaluacion de proyectos de inversion	Métodos de evaluación de proyectos de inversión
titulo	4204	Q7MBL36G	Criterios de evaluacion de proyectos	Criterios de evaluación de proyectos
titulo	4211	UICTZSLR	Evaluacion de proyectos	Evaluación de proyectos
titulo	4215	UENQTHMZ	Evaluacion social de proyectos	Evaluación social de proyectos
titulo	4217	9FYCH4ZK	Evaluacion social	Evaluación social
titulo	4270	8Z3V2QD9	Teoria y politica monetaria	Teoría y política monetaria
titulo	4300	H9QYPT3D	Organizacion industrial	Organización industrial
titulo	4317	BALTY8RN	Geografía, población, e idiomas en el asia oriental introduccion	Geografía, población, e idiomas en el asia oriental introducción
titulo	4318	TYDSN8MM	Introducion a la sociologia econonomia y ciencias politicas	Introdución a la sociología econonomia y ciencias políticas
titulo	4319	943HANM6	Introducion a la sociologia econonomia y ciencias politicas	Introdución a la sociología econonomia y ciencias políticas
titulo	4320	M2V4QWWX	Introducion a la sociologia econonomia y ciencias politicas	Introdución a la sociología econonomia y ciencias políticas
titulo	4321	2RI4Y28Z	Introducion a la sociologia econonomia y ciencias politicas	Introdución a la sociología econonomia y ciencias políticas
titulo	4328	JQE4S9MA	Que estudia la teoria del crecimiento	Que estudia la teoría del crecimiento
titulo	4330	ISLN66W9	Controversia sobre la teoria del capital y del crecimiento	Controversia sobre la teoría del capital y del crecimiento
titulo	4331	CF86FVZN	Teoria del crecimiento dirigido por la demanda	Teoría del crecimiento dirigido por la demanda
titulo	4336	UK7MF9CZ	Funciones de produccion contabilidad y determinantes de crecimiento economico	Funciones de producción contabilidad y determinantes de crecimiento económico
titulo	4338	42U8TB4V	El modelo neoclasico de solow swan	El modelo neoclásico de solow swan
titulo	4339	MYSXY7D4	El modelo neoclasico de dos sectores	El modelo neoclásico de dos sectores
titulo	4342	KB6NS2PD	Teoria del crecimiento endogeno	Teoría del crecimiento endogeno
titulo	4343	9R7V8AM2	Teoria del crecimiento endogeno primera generacion	Teoría del crecimiento endogeno primera generación
titulo	4344	GKQXNFGI	Teoria del crecimiento dirigido por la demanda	Teoría del crecimiento dirigido por la demanda
titulo	4347	72WFFSHU	Teoria del crecimiento endogeno segunda generacion	Teoría del crecimiento endogeno segunda generación
titulo	4361	RGTNTDRP	Ciclos economicos reales	Ciclos económicos reales
titulo	4366	JETRC62G	Curva phillips, oferta agregada, reglas de politica monetaria	Curva phillips, oferta agregada, reglas de política monetaria
omitido	4367	AGXANY35	Zotero tenía «Informacion incompleta (asimetría)»
titulo	4368	6ILJX5HW	Evolucion de la economía y politica macroeconomicas	Evolución de la economía y política macroeconomicas
titulo	4369	PNU536QX	Teoria y politica monetaria	Teoría y política monetaria
titulo	4377	JXI83QUY	Teoria monetaria	Teoría monetaria
titulo	4381	CCHV6R5R	Sistema pagos, mercado monetario y politica monetaria	Sistema pagos, mercado monetario y política monetaria
titulo	4382	8XVDA7VY	Globalizacion financiera y los mercados emergentes	Globalización financiera y los mercados emergentes
titulo	4383	VD4LC63H	Politica monetaria en chile	Política monetaria en chile
titulo	4384	7DI3CDSP	Perspectivas par america latina en la turbulencia global	Perspectivas par América latina en la turbulencia global
titulo	4389	A3BIKYDS	Acumulacion de capital y crecimiento (II). El modelo de Solow	Acumulación de capital y crecimiento (II). El modelo de Solow
titulo	4391	A5W9KNAB	Dolarizacion financiera	Dolarización financiera
titulo	4392	GLDZXGZQ	Expectativas y politica macroeconomica	Expectativas y política macroeconómica
titulo	4395	7G6DVQYZ	Teoria de juegos	Teoría de juegos
titulo	4399	LJ996V77	Introduccion a teoria de juegos	Introducción a teoría de juegos
titulo	4404	AI9WJRMR	Teoria del juego	Teoría del juego
titulo	4405	SJYNQLAK	La nueva macroeconomía clasica	La nueva macroeconomía clásica
titulo	4410	25CAEJP6	Modelo de la sintesis neoclasica-keynesiana	Modelo de la síntesis neoclásica-keynesiana
titulo	4415	3GQB9WJ2	Coordinacion de políticas económicas	Coordinación de políticas económicas
titulo	4432	6N86E5SU	Economia de la informacion	Economía de la información
titulo	4460	I7FYNCMK	Herramientas gestion sector publico	Herramientas gestión sector publico
titulo	4462	4Y4XYAZY	Guia de politicas nacionales	Guía de políticas nacionales
titulo	4463	WHB2IEE5	Gestion publica	Gestión publica
titulo	4465	Z2XYI8LZ	Politica nacional educacion superior tecnico productiva resumen	Política nacional educación superior técnico productiva resumen
titulo	4466	W4J6BN8R	Politica nacional empleo 2021	Política nacional empleo 2021
titulo	4520	P6XQE5HA	Valoracion contingente y coste del viatge en el medio rural	Valoración contingente y coste del viatge en el medio rural
titulo	4521	FAC575VV	Esesion contingente bosques	Esesión contingente bosques
titulo	4523	ZSYZ62BP	Introduccion al programa	Introducción al programa
titulo	4528	RCJAJE96	Modelos de seleccion discreta	Modelos de selección discreta
titulo	4533	EL7QCR72	Modelos de evaluacion de impacto	Modelos de evaluación de impacto
titulo	4534	TU48AGT8	Introduccion al lenguaje y editor vba	Introducción al lenguaje y editor vba
titulo	4546	2NYLV3VY	Finanzas basicas	Finanzas básicas
titulo	4547	BSZQNYFP	Teoria de portafolio	Teoría de portafolio
titulo	4559	DJHHM43Z	Globalizacion	Globalización
titulo	4565	ARTCDSUK	Inversion de matrices por el metodo de gauss y jordan	Inversión de matrices por el método de gauss y jordan
titulo	4568	BQ78TZ52	No existe solucion optima ejemplo	No existe solución optima ejemplo
titulo	4571	DQRUYSTG	Metodo simplex con tablas	Método simplex con tablas
titulo	4574	ZK8BNBNW	Dualidad y analisis de sensibilidad	Dualidad y análisis de sensibilidad
titulo	4576	PDJKM5AN	Problemas de asignacion algoritmo	Problemas de asignación algoritmo
titulo	8527	KYE8ZYR6	Manual procedimiento administrativo general peru	Manual procedimiento administrativo general Perú
titulo	8531	XJSHWF6M	Estimacion de los modelos arima	Estimación de los modelos arima
titulo	8537	HQBWJZKN	Introducion	Introdución
titulo	8540	YHNI6AP3	Inversion y acumulacion de capital	Inversión y acumulación de capital
titulo	8542	FDJLWXII	Teoria de crecimiento	Teoría de crecimiento
titulo	8544	QIH8WT97	Introduccion	Introducción
titulo	8545	W6ELWMG5	Restricciones a la inversion privada y el crecimiento	Restricciones a la inversión privada y el crecimiento
titulo	8546	C73WNCEH	Productividad y crecimiento economico	Productividad y crecimiento económico
titulo	8547	APXFMXIX	Repensando las politicas de desarrollo productivo	Repensando las políticas de desarrollo productivo
titulo	8548	RR36NFFL	La infraestructura para el crecimiento economico	La infraestructura para el crecimiento económico
titulo	8551	7FWJFDZ5	Politica monetaria y cambiaria alcances y limitaciones del sistema financiero	Política monetaria y cambiaria alcances y limitaciones del sistema financiero
titulo	8568	89FKD2YX	Guia del participante	Guía del participante
titulo	8569	AXR4Q9JU	Que es la inversion extranjera directa y por que es importante	Que es la inversión extranjera directa y por que es importante
titulo	8570	8WHYE3AE	Las politicas nacionales de inversion	Las políticas nacionales de inversión
titulo	8571	2CMCX62W	Los impactos de la inversion extranjera directa	Los impactos de la inversión extranjera directa
titulo	8572	GVFVSG3B	Los acuerdos internacionales de inversion	Los acuerdos internacionales de inversión
titulo	8573	7MF8A3DE	Las politicas exitosas de ied en america latina y elcaribe	Las políticas exitosas de ied en América latina y elcaribe
titulo	8577	ZABYEILU	Metodos de estimacion objeto equatio objeto table	Métodos de estimación objeto equatio objeto table
titulo	8579	VMLVWUS9	Modelacion	Modelación
titulo	8580	Y7SUCH8C	Manipulacion de datos	Manipulación de datos
titulo	8587	VN68DPSE	Visualizacion de datos	Visualización de datos
titulo	8589	L69IWHW4	Poblacion	Población
titulo	8611	6KMVI6EI	Introduccion al analisis de series de tiempo	Introducción al análisis de series de tiempo
titulo	8618	VFEJPDFD	Introduccion a la estimación de sistemas de ecuaciones	Introducción a la estimación de sistemas de ecuaciones
titulo	8634	G3GHH4GR	Metodos de estimacion	Métodos de estimación
titulo	8679	YINLWR3K	Sistema de cuentas nacionales 1993: una version simplificada	Sistema de cuentas nacionales 1993: una versión simplificada
titulo	8687	UEVJMVZI	Números indices y precios constates	Números índices y precios constates
titulo	8705	4TB5WYVB	Econometria i con eviews	Econometría i con eviews
titulo	8716	PRD78NYI	Formulacion y evaluacion de proyectos	Formulación y evaluación de proyectos
titulo	8717	KA64W5DC	Monitoreo y evaluacion de proyectos	Monitoreo y evaluación de proyectos
titulo	8757	GCJF8L7W	Coevaluacion de trabajo de integrantes del equipo	Coevaluación de trabajo de integrantes del equipo
titulo	8760	F8238YY5	Calculo actuarial o matematica del seguro	Cálculo actuarial o matemática del seguro
titulo	8762	NW3KNYV5	Presentacion del profesor	Presentación del profesor
titulo	8769	878S2RNW	Presentacion del curso	Presentación del curso
titulo	8770	BT6DJD9J	Lineamientos de evaluacion de proyecto	Lineamientos de evaluación de proyecto
titulo	8773	5PSKEJMH	Criterios de evaluacion de exposicion	Criterios de evaluación de exposición
titulo	8774	3GWGJMZI	Criterios de evaluacion del proyecto	Criterios de evaluación del proyecto
titulo	8775	WICJSRM3	Ficha de evaluacion del trabajo de equipo	Ficha de evaluación del trabajo de equipo
titulo	8787	KZT44N8C	Sesion 1	Sesión 1
titulo	8788	Z4WJH4NB	Sesion 2	Sesión 2
titulo	8794	YM77S8UX	Introduccion a la gestion por procesos y mejora continua	Introducción a la gestión por procesos y mejora continua
titulo	8795	LTFRMT7X	Gestion por procesos y mejora contínua	Gestión por procesos y mejora contínua
titulo	8796	L7X2UK4C	Herramientas para el analisis de procesos	Herramientas para el análisis de procesos
titulo	8799	IS7F8K64	Syllabus gestion por procesos	Syllabus gestión por procesos
titulo	8807	7V8WDAPJ	Simbolos matematicos en latex	Simbolos matemáticos en latex
titulo	8811	QXRNL3TT	El modelo de regresion lineal	El modelo de regresión lineal
titulo	8814	AFZJLRWN	El rol del sector público en una economia mixta	El rol del sector público en una economía mixta
titulo	8816	FPAHTBX6	Analisis y perspectivas de las finanzas públicas en el perú	Análisis y perspectivas de las finanzas públicas en el Perú
titulo	8820	KKCILUXZ	Guia metodologica balanza de pagos	Guía metodológica balanza de pagos
titulo	8822	A768E4X7	Guia metodologica sector publico no financiero	Guía metodológica sector publico no financiero
titulo	8823	QKPANFDL	Guia metodologica finanzas publicas	Guía metodológica finanzas públicas
titulo	8829	9XATCK2E	Fase de ejecución del ciclo de inversion	Fase de ejecución del ciclo de inversión
titulo	8833	GT98STFI	Políticas publicas: manejo de las variables fiscales	Políticas públicas: manejo de las variables fiscales
titulo	8834	HXPPE5RX	Deficit fiscal y politicas publicas	Déficit fiscal y políticas públicas
titulo	8835	GVRMZN6V	Organizacion y funcionamiento de los gobiernos sub nacionales	Organización y funcionamiento de los gobiernos sub nacionales
titulo	8849	ULK9G985	Metodologia de calculo del indice de precios al consumidor de lima metropolitana	Metodología de calculo del indice de precios al consumidor de lima metropolitana
titulo	8850	3RN8T9TV	Resumen metodologico para la medicion del pbi por departamentos	Resumen metodologico para la medición del pbi por departamentos
titulo	8853	U2FNGADR	Matriz insumo producto de la economia peruana	Matriz insumo producto de la economía peruana
titulo	8855	Y9TIMNVZ	Medir la economia de los paises segun el sistema de cuentas nacionales	Medir la economía de los países según el sistema de cuentas nacionales
titulo	8856	CAPP6TY3	Metodologia de estimacion del balance de pagos	Metodología de estimación del balance de pagos
titulo	8863	D5YH5MLC	Introduccion y matriz de transacciones intersectoriales sin gobierno	Introducción y matriz de transacciones intersectoriales sin gobierno
titulo	8870	CUIL993D	Introduccion a las cuentas nacionales	Introducción a las cuentas nacionales
omitido	8872	NV6JPE6Q	Zotero tenía «Matriz de transacciones económicas»
titulo	8874	STCVEDB2	El mercado de bienes en una economia abierta	El mercado de bienes en una economía abierta
titulo	8875	ASBUQS23	Modelo basico insumo-producto	Modelo básico insumo-producto
titulo	8877	JJWH2ZHT	Numeros indice	Números indice
titulo	8883	CI5AX4WI	Que estudia la macroeconomia	Que estudia la macroeconomía
titulo	8884	9WABR5J8	Modelos de descripcion	Modelos de descripción
titulo	8885	4B3VJMR6	Sesion 2017	Sesión 2017
titulo	8886	5QHXLHZQ	Sesion 2018	Sesión 2018
titulo	8887	NMLZJZWL	Modelos de descripcion agregados	Modelos de descripción agregados
titulo	8888	QHD5ULPN	Teorias del consumo y el ahorro y la inversion	Teorías del consumo y el ahorro y la inversión
titulo	8889	VUKJAZSK	Version simplificada del scn 93	Versión simplificada del scn 93
titulo	8907	2AMLUEVE	Analisis combinatorio	Análisis combinatorio
titulo	8908	K6SFVBK2	Teoria combinatoria	Teoría combinatoria
titulo	8917	YPRYAZQU	Discriminacion de precios	Discriminación de precios
titulo	8928	T6D82CMY	Conceptos basicos	Conceptos básicos
titulo	8929	57TYGU6T	Teoria de la empresa: costo de transaccion	Teoría de la empresa: costo de transacción
titulo	8930	7RBAZF33	Teoria de la empresa	Teoría de la empresa
titulo	8931	Q5RMY37M	Teoria de la empresa: ecuaciones	Teoría de la empresa: ecuaciones
titulo	8947	XDY3U4NE	Introduccion	Introducción
titulo	8948	AC6TMGMZ	El metodo en las ciencias sociales y en la economia	El método en las ciencias sociales y en la economía
titulo	8949	Y8J9ZWJA	La metodologia de la politica economica i	La metodología de la política económica i
titulo	8950	SSJ9RX7F	La metodologia de la politica economica ii	La metodología de la política económica ii
titulo	8951	I5NQ4Y6E	La teoria de la politica economica	La teoría de la política económica
titulo	8957	UHB583VX	Metas de inflacion y efectividad de la politica monetaria en el perú	Metas de inflación y efectividad de la política monetaria en el Perú
titulo	8958	D6V54G9L	Tasas de interes de política monetaria y los requerimientos de encaje	Tasas de interés de política monetaria y los requerimientos de encaje
titulo	8959	B5HKI5UQ	Intervencion cambiaria en el peru 2007 a 2013	Intervención cambiaria en el Perú 2007 a 2013
titulo	8961	FVAVYZ8F	Flujo de capitales politica monetaria e intervencion cambiaria en el perú	Flujo de capitales política monetaria e intervención cambiaria en el Perú
titulo	8962	WLJNUKQP	Encaje como instrumento no convencional de politica monetaria	Encaje como instrumento no convencional de política monetaria
titulo	8964	STNTC7X7	La crisis global 2007 - 2009 y la politica monetaria del banco central de reserva del perú	La crisis global 2007 - 2009 y la política monetaria del banco central de reserva del Perú
titulo	8965	J6B2HT4E	Politica monetaria y el ciclo económico	Política monetaria y el ciclo económico
titulo	8967	IBA8URMZ	Politicas de estabilizacion y reformas estructurales: peru	Políticas de estabilización y reformas estructurales: Perú
titulo	8970	FQSJF39D	Reformas estructurales politica macroeconomica peru: 1990-96	Reformas estructurales política macroeconómica Perú: 1990-96
titulo	8982	TPYWHBNP	Panorama laboral 2019 america latina y el caribe	Panorama laboral 2019 América latina y el caribe
titulo	8987	57QHKH6M	Teorias alternativas del empleo	Teorías alternativas del empleo
titulo	8990	E3Z29NKQ	Inflacion y desempleo unión europea: por qué la inflación no es la solucion al problema del empleo	Inflación y desempleo unión europea: por qué la inflación no es la solución al problema del empleo
titulo	8991	55JDKMK7	Desempleo involuntario sintesis neoclasica: la teoría de patinkin	Desempleo involuntario síntesis neoclásica: la teoría de patinkin
titulo	8993	4H44ZAPL	La ley de okun en el peru: 1970-2000	La ley de okun en el Perú: 1970-2000
titulo	8994	VKXVAIVZ	Cambios en la legislacion laboral y desempleo	Cambios en la legislación laboral y desempleo
titulo	9006	Z3L7ZQ3U	La inflacion i	La inflación i
titulo	9017	KN9LSM3C	La inflacion ii	La inflación ii
titulo	9019	GF9XSPCW	La inflacion: aproximacion a un problema. aspectos metodologicos, teoricos y empiricos	La inflación: aproximación a un problema. aspectos metodologicos, teoricos y empiricos
titulo	9031	YHSFG3K5	Paro e inflacion	Paro e inflación
titulo	9032	WLETGVSX	La politica economica y las expectativas racionales	La política económica y las expectativas racionales
titulo	9036	464DJZDP	Ejercicios crecimiento economico	Ejercicios crecimiento económico
titulo	9038	68YUICHX	Valoracion de empresas valoracion relativa (multiplos) valoracion por flujo de caja descontado	Valoración de empresas valoración relativa (multiplos) valoración por flujo de caja descontado
titulo	9039	TNZ6MGBM	Valoracion de empresas	Valoración de empresas
titulo	9040	ZMNR3I3V	Valoracion	Valoración
titulo	9041	U9AYTBUG	Analisis financiero y valoracion	Análisis financiero y valoración
titulo	9042	CEQH9C3I	Introducción analisis horizontal análisis vertical	Introducción análisis horizontal análisis vertical
titulo	9043	3BF22UQ9	Introduccion a las finanzas	Introducción a las finanzas
titulo	9044	GCUP2XUG	Introduccion a las finanzas	Introducción a las finanzas
titulo	9052	GJ65J882	Investigacion operativa	Investigación operativa
titulo	9053	B9CZC6CF	Sesion excel	Sesión excel
titulo	9056	WMQCER9W	Sesion 01	Sesión 01
titulo	9057	QTXZNMXU	Investigacion operativa	Investigación operativa
titulo	9058	KQB8UEUT	Investigacion operativa	Investigación operativa
titulo	9061	MNKX45JN	Investigacion operativa	Investigación operativa
titulo	9063	TUI5TRAF	Teoria del crecimiento economico	Teoría del crecimiento económico
titulo	9065	7PARCFMY	Crecimiento economico	Crecimiento económico
titulo	9068	WARNHH25	Microeconomia i	Microeconomía i
titulo	9073	FPAD44QN	Microeconomia i completo	Microeconomía i completo
titulo	9074	ASHSVEZL	Microeconomia i	Microeconomía i
titulo	9075	2MPMNRT7	Economia y financiamiento en salud	Economía y financiamiento en salud
titulo	9076	5JNXHVQD	Economia para la gestion empresarial	Economía para la gestión empresarial
titulo	9083	HDES58G4	Manual de ejercicios microeconomia	Manual de ejercicios microeconomía
titulo	9084	LL6VD45W	¿Puede el internet potenciar el aprendizaje en america latina?	¿Puede el internet potenciar el aprendizaje en América latina?
titulo	9091	A5WIUZW9	Politica fiscal y deuda publica en peru	Política fiscal y deuda publica en Perú
titulo	9094	55G5BZ4C	Historia y situacion actual de la macroeconomia	Historia y situación actual de la macroeconomía
titulo	9111	RZW4MYDE	Siga sensibilizacion	Siga sensibilización
titulo	9112	FZTB95LA	Siga catalogacion	Siga catalogación
titulo	9113	PBVFMUVM	Aplicaciones siaf en la gestion presupuestaria	Aplicaciones siaf en la gestión presupuestaria
titulo	9114	ESMWF648	Aplicaciones siaf en la gestion financiera	Aplicaciones siaf en la gestión financiera
titulo	9116	NH556CE6	Aplicaciones siaf en la gestion financiera	Aplicaciones siaf en la gestión financiera
titulo	9117	EGPBI2FX	Aplicaicones en el siaf para la gestion presupuestaria	Aplicaicones en el siaf para la gestión presupuestaria
titulo	9118	3DWUZAAQ	Aplicaciones siaf para la gestion financiera	Aplicaciones siaf para la gestión financiera
titulo	9123	YSPA2JZR	Centralizacion de los rdr en la cut	Centralización de los rdr en la cut
titulo	9124	CJ7PJ7FJ	Aplicaciones en el modulo contable	Aplicaciones en el módulo contable
titulo	9125	V68SCV5Z	Gestion de pagos	Gestión de pagos
titulo	9126	95RK79W9	Aplicaciones en el siaf para la gestion financiera y presupuestaria	Aplicaciones en el siaf para la gestión financiera y presupuestaria
titulo	9127	SPZWRSZK	Instalacion de siga demo	Instalación de siga demo
titulo	9128	3ZEUAY2H	Acreditacion de responsables de devengados en el aeraf y autorización de devengados en web	Acreditación de responsables de devengados en el aeraf y autorización de devengados en web
titulo	9132	UHDZHN2Y	Valoracion de opciones reales	Valoración de opciones reales
titulo	9133	VA7PK7VT	Opcion reales	Opción reales
titulo	9134	EXKXHC26	Opciones reales valoracion por el modelo binomial	Opciones reales valoración por el modelo binomial
titulo	9136	YTMK4GF6	Opciones reales en las decisiones de inversion	Opciones reales en las decisiones de inversión
titulo	9143	U822V37D	Evaluacion socioeconomica de proyectos por opciones reales	Evaluación socioeconomica de proyectos por opciones reales
titulo	9146	4GP8WCYE	Evaluacion de inversiones bajo incertidumbre teoria y aplicaciones en chile	Evaluación de inversiones bajo incertidumbre teoría y aplicaciones en chile
titulo	9147	F44HT5FV	Aplicacion de opciones reales en las telecomunicaciones caso banda ancha	Aplicación de opciones reales en las telecomunicaciones caso banda ancha
titulo	9149	9GUC6CEL	Evaluacion de un seguro agrario por opciones reales	Evaluación de un seguro agrario por opciones reales
titulo	9150	HLKNS32Q	Valoracion de un proyecto de inversion a traves de opciones reales para una empresa de telecomunicaciones	Valoración de un proyecto de inversión a través de opciones reales para una empresa de telecomunicaciones
titulo	9151	W8LCLTZM	Valoracion de opciones reales dificultades problemas y errores	Valoración de opciones reales dificultades problemas y errores
titulo	9152	59SDDWTK	La valoracion de opciones reales dependientes de procesos discontinuos aplicacion a la industria de automovil	La valoración de opciones reales dependientes de procesos discontinuos aplicación a la industria de automovil
titulo	9153	AE8FTXZQ	Valoracion de la flexibilidad de proyectos de inversion van ampliado	Valoración de la flexibilidad de proyectos de inversión van ampliado
titulo	9157	I33VS2UA	Opciones reales y su influencia en la valoracion de empresas	Opciones reales y su influencia en la valoración de empresas
titulo	9159	22H2B8WB	Opciones reales en la valoracion de proyectos de inversion	Opciones reales en la valoración de proyectos de inversión
titulo	9162	5Z98Z7YV	Las opciones reales y la simulacion por monte carlo	Las opciones reales y la simulación por monte carlo
titulo	9163	YJRPS8FM	Evaluacion de concesiones de autopista con opciones reales	Evaluación de concesiones de autopista con opciones reales
titulo	9164	WCYWGG8Y	Valuacion financiera de proyectos de tecnologia con opciones reales	Valuación financiera de proyectos de tecnologia con opciones reales
titulo	9167	YBBCQ5AK	Opciones reales de infraestructura en la evaluacion	Opciones reales de infraestructura en la evaluación
titulo	9174	V9V9UY8S	Teoria de la regulacion	Teoría de la regulación
titulo	9176	Y32KYZTQ	Teoria de regulacion anotaciones	Teoría de regulación anotaciones
titulo	9194	4VIILC68	Introduccion a lenguaje r	Introducción a lenguaje r
titulo	9196	JVQ7FZ7M	Estadistica descriptiva con r	Estadística descriptiva con r
titulo	9211	8E94LB5F	Republica libro iv	República libro iv
titulo	9212	9CWJ8TZC	Dialogos iv republica	Dialogos iv república
titulo	9215	57PLTUBF	Notas de sesion de optimizacion dinamica	Notas de sesión de optimización dinámica
titulo	9216	KTKHIET9	Notas de sesion de optimizacion dinamica curso de metodos cuantitativos	Notas de sesión de optimización dinámica curso de métodos cuantitativos
titulo	9217	M3RQMIIA	Metodos matematicos en macroeconomia	Métodos matemáticos en macroeconomía
titulo	9219	8YF3MNWJ	Aspectos generales de la economia internacional	Aspectos generales de la economía internacional
titulo	9220	MPKBJDF6	Integracion economica	Integración económica
titulo	9222	NTPEXS46	Integracion económica	Integración económica
titulo	9237	RAF5SH54	Documentos de exportacion	Documentos de exportación
titulo	9256	V974LN6J	Modelo estandar del comercio	Modelo estándar del comercio
titulo	9265	8TCKLVWM	Los instrumentos de la politica comercial	Los instrumentos de la política comercial
titulo	9267	C6UCFBVE	Controversias de la politica comercial	Controversias de la política comercial
titulo	9274	UJQ4KKJW	Normas apa 7ma edicion	Normas apa 7ma edición
titulo	9276	LNGQTGEX	Normas de redaccion segun estilo apa 7ma edicion	Normas de redacción según estilo apa 7ma edición
titulo	9277	8SCFRWHY	Modulo 01	Módulo 01
titulo	9280	V9986GM6	Modulo 07 08	Módulo 07 08
titulo	9281	62ADUFR7	Modulo 04 05 06	Módulo 04 05 06
titulo	9282	RQ79TMJG	Modulo 02	Módulo 02
titulo	9283	2E94SEUT	Modulo 03	Módulo 03
titulo	9590	XC4I3BL8	Numeros indices	Números índices
titulo	9594	KZKU7VZD	Analisis de regresion	Análisis de regresión
titulo	9599	MIYXX87B	Evaluacion econometrica	Evaluación econometrica
titulo	9623	ACWX9NAH	Análisis de datos cualitativos en investigacion cuantitativa	Análisis de datos cualitativos en investigación cuantitativa
omitido	9725	V8TIND47	Zotero tenía «Por la emancipacion de america latina, artículos, mensajes, discuros (1923-1927)»
titulo	9732	QSLNDGW3	Sobre la teoria de la relatividad	Sobre la teoría de la relatividad
titulo	9822	YFGQV37G	Matematicas basicas para economistas: algebra lineal	Matemáticas básicas para economistas: álgebra lineal
titulo	9833	7LKI9VH3	La introduccion no-tan-corta a LaTeX 2ε: o LaTeX 2ε en 147 minutos	La introducción no-tan-corta a LaTeX 2ε: o LaTeX 2ε en 147 minutos
titulo	9834	MUXL2VTX	El diablo de los numeros: un libro para todos aquellos que temen a las matematicas	El diablo de los numeros: un libro para todos aquellos que temen a las matemáticas
titulo	9835	MVLT9JIM	Matematicas simplificadas	Matemáticas simplificadas
titulo	9836	UJMWBPC3	Algebra y trigonometria con geometria analitica	Álgebra y trigonometría con geometría analítica
titulo	9838	ZVNXTDAJ	Calculo de varias variables: trascendentes tempranas	Cálculo de varias variables: trascendentes tempranas
titulo	9847	NLDYAIJJ	Algebra lineal	Álgebra lineal
titulo	9877	4GXAH6KA	Guia rapida de Markdown	Guía rápida de Markdown
titulo	9878	IVNRRN5Y	Guia rapida de fundamentos en Python	Guía rápida de fundamentos en Python
titulo	9880	9ZGL3E7N	Manual de matematica financiera: texto, problemas y casos	Manual de matemática financiera: texto, problemas y casos
titulo	9881	2LS5WU3H	Proyectos de inversion: formulacion y evaluacion	Proyectos de inversión: formulación y evaluación
titulo	9882	BVBI76VN	Evaluacion de proyectos: con ejemplos	Evaluación de proyectos: con ejemplos
titulo	9883	L7HJA8QG	Estadistica no parametrica aplicada a la investigacion cientifica con software SPSS, MINITAB y Excel: enfoque practico	Estadística no parametrica aplicada a la investigación científica con software SPSS, MINITAB y Excel: enfoque práctico
titulo	9884	RBXFN65G	Notas de tecnicas de muestreo	Notas de técnicas de muestreo
titulo	9885	UH49CASU	El poder de leer: tecnicas, procedimientos y orientaciones para la ensenanza y aprendizaje de la lectura	El poder de leer: técnicas, procedimientos y orientaciones para la ensenanza y aprendizaje de la lectura
titulo	9888	UEVXGZLG	Preparacion y evaluacion de proyectos	Preparación y evaluación de proyectos
titulo	9890	YNDNNTXV	Evaluacion financiera de proyectos de inversion: metodos y aplicaciones	Evaluación financiera de proyectos de inversión: métodos y aplicaciones
titulo	9891	W5DUGMDG	Ejercicios de evaluacion privada de proyectos	Ejercicios de evaluación privada de proyectos
titulo	9892	SHDMN774	Cuentos para educar: dirigido a ninos y ninas de entre 6 y 12 anos para promover los valores en el deporte	Cuentos para educar: dirigido a ninos y ninas de entre 6 y 12 años para promover los valores en el deporte
titulo	9893	VFXGNPXF	Tecnicas, actividades y cuentos para educar las emociones de los ninos	Técnicas, actividades y cuentos para educar las emociones de los ninos
titulo	9897	UFNHWFE5	Cuentos para educar en valores: actividades para animacion a la lectura, educacion para la ciudadania, etica y tutorias	Cuentos para educar en valores: actividades para animación a la lectura, educación para la ciudadania, ética y tutorias
titulo	9898	7ELXRF6K	Cuentos para educar en familia: dirigido a ninos y ninas de entre 6 y 12 anos para fomentar la educacion sexual	Cuentos para educar en familia: dirigido a ninos y ninas de entre 6 y 12 años para fomentar la educación sexual
titulo	9906	YY287GXE	Turismo: guia para la formulacion de proyectos de inversion exitosos	Turismo: guía para la formulación de proyectos de inversión exitosos
titulo	9914	SAMZDETK	Decreto Legislativo N.° 1280. Ley marco gestion servicios saneamiento	Decreto Legislativo N.° 1280. Ley marco gestión servicios saneamiento
titulo	9917	LQHW3X3D	Ley N.° 28832. Desarrollo eficiente generacion electrica	Ley N.° 28832. Desarrollo eficiente generación electrica
titulo	9920	ZF3C5LB7	Ley N.° 30852. Exoneracion requisitos damnificados bfh	Ley N.° 30852. Exoneración requisitos damnificados bfh
titulo	10011	9XZIL74E	Ley N.° 28806. Ley general de inspeccion del trabajo	Ley N.° 28806. Ley general de inspección del trabajo
titulo	10012	49V4DBIM	Ley N.° 28806. General de inspeccion del trabajo	Ley N.° 28806. General de inspección del trabajo
titulo	10018	VY2J4JJX	Decreto Legislativo N.° 1192. Ley marco adquisicion y expropiacion	Decreto Legislativo N.° 1192. Ley marco adquisición y expropiación
titulo	10022	QT5LCH7U	Ley N.° 30230. Medidas tributarias simplificacion inversión	Ley N.° 30230. Medidas tributarias simplificación inversión
titulo	10024	8LVRKRBU	Decreto Supremo N.° 011-2012-ED. Reglamento ley general de educacion	Decreto Supremo N.° 011-2012-ED. Reglamento ley general de educación
titulo	10025	9YI6ZRAR	Ley N.° 30512. Institutos escuelas educacion superior	Ley N.° 30512. Institutos escuelas educación superior
titulo	10028	6LHZBFGP	Ley N.° 28044. General de educacion	Ley N.° 28044. General de educación
titulo	10035	6I6UXPDE	Decreto Legislativo N.° 1694. Modifica ley 27658 innovacion pública	Decreto Legislativo N.° 1694. Modifica ley 27658 innovación pública
titulo	10039	Z4Q39HFQ	Ley N.° 27815. Código etica funcion pública y reglamento	Ley N.° 27815. Código ética función pública y reglamento
titulo	10044	RWI7VYXD	Normas generales de control gubernamental version integrada	Normas generales de control gubernamental versión integrada
titulo	10045	DJWQ27AJ	Reglamento pas responsabilidad administrativa funcional version integrada	Reglamento pas responsabilidad administrativa funcional versión integrada
titulo	10054	VFEL87XK	Decreto Legislativo N.° 1267. Ley policia nacional del Perú	Decreto Legislativo N.° 1267. Ley policía nacional del Perú
titulo	10058	4CMAMV62	Ley N.° 31307. Nuevo codigo procesal constitucional	Ley N.° 31307. Nuevo código procesal constitucional
titulo	10079	ZH6XDCSZ	Decreto Legislativo N.° 1400. Regimen de garantia mobiliaria	Decreto Legislativo N.° 1400. Régimen de garantia mobiliaria
titulo	10080	2UHT9SF5	Ley N.° 31143. Ley que protege de la usura topes tasas interes	Ley N.° 31143. Ley que protege de la usura topes tasas interés
titulo	10081	WQLLUAM9	Ley N.° 28587. Proteccion al consumidor servicios financieros	Ley N.° 28587. Protección al consumidor servicios financieros
titulo	10083	IXD5EWRX	Decreto Legislativo N.° 1228. Centros de innovacion productiva CITE	Decreto Legislativo N.° 1228. Centros de innovación productiva CITE
titulo	10085	P4LNZ5H4	Directiva N.° 010-2024. Elaboracion documentos normativos servicio parlamentario	Directiva N.° 010-2024. Elaboración documentos normativos servicio parlamentario
titulo	10091	V9JCMCXD	PTA N.° 01-2013. Recepcion y tramitacion mociones de orden del dia	PTA N.° 01-2013. Recepción y tramitación mociones de orden del dia
titulo	10092	N7MFGCYH	Directiva N.° 08-2022-DGA/CR. Apoyo logistico semana de representacion	Directiva N.° 08-2022-DGA/CR. Apoyo logistico semana de representación
titulo	10094	86LHDTHS	Guía gestión representacion política congreso	Guía gestión representación política congreso
titulo	10096	IYVJ2MFF	Directiva N.° 26-2025. Gestión sistema institucional archivos 2da version	Directiva N.° 26-2025. Gestión sistema institucional archivos 2da versión
titulo	10101	BRSGHY7H	Directiva N.° 10-2022-OM/CR. Lineamientos elaboracion documentos	Directiva N.° 10-2022-OM/CR. Lineamientos elaboración documentos
titulo	10102	QKDHDAFG	PTA N.° 02-2017. Tramitacion pedidos de información despacho parlamentario	PTA N.° 02-2017. Tramitación pedidos de información despacho parlamentario
titulo	10105	4BQZ4PFA	PTA N.° 01-2017. Expediente virtual parlamentario ley resolucion legislativa	PTA N.° 01-2017. Expediente virtual parlamentario ley resolución legislativa
titulo	10107	SR43QZM7	Directiva N.° 07-2022-DGP/CR. Modificacion 01	Directiva N.° 07-2022-DGP/CR. Modificación 01
titulo	10108	MPLP6D69	Directiva N.° 10-2024. Elaboracion documentos normativos segunda version	Directiva N.° 10-2024. Elaboración documentos normativos segunda versión
titulo	10109	3GPGQ86R	Guía politicas nacionales CEPLAN 2024	Guía políticas nacionales CEPLAN 2024
titulo	10120	IPUAWCMZ	Código proteccion defensa consumidor ley 29571 actualizado	Código protección defensa consumidor ley 29571 actualizado
titulo	10123	PHK7T64J	Código proteccion defensa consumidor ley 29571 2a edición oficial	Código protección defensa consumidor ley 29571 2a edición oficial
titulo	10134	RBG9I2XI	Decreto Legislativo N.° 957. Nuevo codigo procesal penal	Decreto Legislativo N.° 957. Nuevo código procesal penal
titulo	10137	AU6R6C9U	Texto Único Ordenado de la Ley N.° 30225. Contrataciones estado historico	Texto Único Ordenado de la Ley N.° 30225. Contrataciones estado histórico
titulo	10138	RF5QHFTX	Reglamento ley 30225 D.S. 344-2018 EF historico	Reglamento ley 30225 D.S. 344-2018 EF histórico
titulo	10140	HNGN85ZB	Directiva N.° 0005-2025-EF. Bases estandar procedimientos seleccion	Directiva N.° 0005-2025-EF. Bases estándar procedimientos selección
titulo	10142	K5ABWRWJ	Directiva N.° 006-2019-OSCE. Subasta inversa electronica historico	Directiva N.° 006-2019-OSCE. Subasta inversa electronica histórico
titulo	10143	22JXCGG3	Ley N.° 32069. Contrataciones publicas	Ley N.° 32069. Contrataciones públicas
titulo	10151	I3V4ZY3A	Guía calidad normativa y publicacion proyectos normativos MINJUS	Guía calidad normativa y publicación proyectos normativos MINJUS
titulo	10153	LU26H56W	Manual analisis impacto regulatorio AIR ex ante PCM 2021	Manual análisis impacto regulatorio AIR ex ante PCM 2021
titulo	10162	U2YAVLH2	Decreto Legislativo N.° 1182. Geolocalizacion datos telecomunicaciones	Decreto Legislativo N.° 1182. Geolocalización datos telecomunicaciones
titulo	10168	78AG6SNA	Decreto Supremo N.° 015-2003-JUS. Reglamento codigo ejecución penal	Decreto Supremo N.° 015-2003-JUS. Reglamento código ejecución penal
titulo	10173	FUJY27XD	Informe tecnico PBI comportamiento economia 2026 t1	Informe técnico PBI comportamiento economía 2026 t1
titulo	10175	FMQF6DCQ	Reporte inflacion 2026 06	Reporte inflación 2026 06
titulo	10177	3FF8XBI3	Informe tecnico empleo nacional 2026 t1	Informe técnico empleo nacional 2026 t1
titulo	10178	I755GBHN	Informe tecnico condiciones de vida 2026 t1	Informe técnico condiciones de vida 2026 t1
titulo	10180	3K7GGV38	Evolucion pobreza monetaria 2016 2025	Evolución pobreza monetaria 2016 2025
titulo	10182	9HH9ZC8K	Pacto internacional derechos civiles politicos	Pacto internacional derechos civiles políticos
titulo	10183	ES6Y6II5	Declaracion universal derechos humanos	Declaración universal derechos humanos
titulo	10185	RGDZA84R	Pacto internacional derechos economicos sociales culturales	Pacto internacional derechos económicos sociales culturales
titulo	10187	VVDITM5N	Convención ONU contra la corrupcion UNCAC	Convención ONU contra la corrupción UNCAC
titulo	10237	9FHPU4RH	Pobreza monetaria poblacion venezolana 2024	Pobreza monetaria población venezolana 2024
titulo	10241	EDRBS9U8	Cuenta satelite economia informal 2024	Cuenta satelite economía informal 2024
titulo	10243	NRZHMTQN	Condiciones vida poblacion venezolana 2024	Condiciones vida población venezolana 2024
titulo	10246	QKIDWHJE	Estadisticas tributarias 2026	Estadísticas tributarias 2026
