libro	antes	después
33	amazon:6075693270;google:97NfzwEACAAJ;isbn:9786075693279;zcollection:Calibre;zkey:DJPFJNCJ;zkey_file:JWSSFT4I	isbn:9786075693279
1542	amazon:8429126082;isbn:9788429126082;zcollection:Calibre;zkey:DJPFJNCJ;zkey_file:NW2Y86HP	isbn:9788429126082
1540	amazon:B095SXZSSX;goodreads:60598696;isbn:9789505163991;zcollection:Calibre;zkey:DJPFJNCJ;zkey_file:H6GRBYNG	isbn:9789505163991
739	amazon:8446041766;isbn:9788446041764;zcollection:Calibre;zkey:DJPFJNCJ;zkey_file:HAVILKLN	isbn:9788446041764
150	amazon:0262025531;isbn:9780262025539;zcollection:Calibre;zkey:DJPFJNCJ;zkey_file:M8EWPF3B	isbn:9780262025539
706	amazon:0387344314;goodreads:9249097;isbn:9780387344317;zcollection:Calibre;zkey:DJPFJNCJ;zkey_file:3SPTRGZ7	isbn:9780387344317
425	isbn:0470016906;zcollection:Calibre;zkey:DJPFJNCJ;zkey_file:HX35USDK	isbn:0470016906
35	revision:1.0;zcollection:Calibre;zkey:DJPFJNCJ;zkey_file:7EZKNFDD	revision:1.0
2	amazon:8420669393;isbn:9788420669397;zcollection:Calibre;zkey:DJPFJNCJ;zkey_file:8ZUXETIW	isbn:9788420669397
1267	google:zc1CjwEACAAJ;isbn:9781523475414;zcollection:Calibre;zkey:DJPFJNCJ;zkey_file:7FI699Z6	isbn:9781523475414
392	doi:10.1016/S1573-4412(07)06064-3;zcollection:Calibre;zkey:DJPFJNCJ;zkey_file:F47FP5LB	doi:10.1016/S1573-4412(07)06064-3
1775	google:kAXhjwEACAAJ;isbn:9789589329153;zcollection:Calibre;zkey:DJPFJNCJ;zkey_file:6CVHG3RG	isbn:9789589329153
17	revision:1.0;zcollection:Calibre;zkey:DJPFJNCJ;zkey_file:9B7TRL4M	revision:1.0
2086	amazon:1118176308;goodreads:16346057;google:c-a7vrZXrpIC;isbn:9781118176306;zcollection:Calibre;zkey:DJPFJNCJ;zkey_file:MKXXZ2NI	isbn:9781118176306
3101	google:5A2QDwAAQBAJ;isbn:9781456260965;zcollection:Calibre;zkey:DJPFJNCJ;zkey_file:HQMC4UT5	isbn:9781456260965
367	amazon:9587718178;goodreads:206827997;isbn:9789587718171;zcollection:Calibre;zkey:DJPFJNCJ;zkey_file:49R4AUU4	isbn:9789587718171
2112	isbn:0374532508;mobi-asin:f073b9e7-4e3f-45f1-8d17-5c3eca32e203;zcollection:Calibre;zkey:DJPFJNCJ;zkey_file:Z5DE6GPV	isbn:0374532508
782	isbn:9780521587822;zcollection:Calibre;zkey:DJPFJNCJ;zkey_file:73Z2LQKM	isbn:9780521587822
895	google:ohGIEAAAQBAJ;zcollection:Calibre;zkey:DJPFJNCJ;zkey_file:DTZ5Y4ZJ	
819	google:SCJjswEACAAJ;isbn:9781978249141;zcollection:Calibre;zkey:DJPFJNCJ;zkey_file:CCM4IZGG	isbn:9781978249141
1201	google:LWNavgAACAAJ;isbn:9781537579139;zcollection:Calibre;zkey:DJPFJNCJ;zkey_file:2CEIDH9L	isbn:9781537579139
2070	isbn:9780141908212;zcollection:Calibre;zkey:DJPFJNCJ;zkey_file:MCYWPPT3	isbn:9780141908212
3640	goodreads:172609;google:s9tbAEIawJoC;isbn:9780521755481;zcollection:Calibre;zkey:DJPFJNCJ;zkey_file:L7S2TIYH	isbn:9780521755481
282	amazon:0470414359;goodreads:16592325;google:ddL4tTLb_08C;isbn:9780471746188;zcollection:Calibre;zkey:DJPFJNCJ;zkey_file:7QE64B2G	isbn:9780471746188
30	google:SzCwSgAACAAJ;isbn:9788487657931;zcollection:Calibre;zkey:DJPFJNCJ;zkey_file:U27EGFK3	isbn:9788487657931
435	amazon:B003AZ56NI;goodreads:206380576;zcollection:Calibre;zkey:DJPFJNCJ;zkey_file:CLULTHR9	
438	amazon:9589012868;goodreads:108918682;google:RphdAAAACAAJ;isbn:9789589012864;zcollection:Calibre;zkey:DJPFJNCJ;zkey_file:MLYWCAD6	isbn:9789589012864
1603	amazon:8441414513;google:hRC8ONJjODYC;isbn:9788441414518;zcollection:Calibre;zkey:DJPFJNCJ;zkey_file:3WVE7P66	isbn:9788441414518
6	google:eZ7xAAAACAAJ;isbn:9788474914030;zcollection:Calibre;zkey:DJPFJNCJ;zkey_file:9HRHD8H6	isbn:9788474914030
890	amazon:1549593889;goodreads:44102185;google:i10iEQAAQBAJ;isbn:9781549593888;zcollection:Calibre;zkey:DJPFJNCJ;zkey_file:ACKQDAQB	isbn:9781549593888
414	google:YHpCjgEACAAJ;isbn:9781515270249;zcollection:Calibre;zkey:DJPFJNCJ;zkey_file:Z6R8RI76	isbn:9781515270249
676	mobi-asin:B00HOGEVIU;zcollection:Calibre;zkey:DJPFJNCJ;zkey_file:KJK2U8LH	
1314	amazon:151861115X;google:iX60DwAAQBAJ;isbn:9781518611155;zcollection:Calibre;zkey:DJPFJNCJ;zkey_file:BIUZUH5T	isbn:9781518611155
144	isbn:3320003356;zcollection:Calibre;zkey:DJPFJNCJ;zkey_file:I8FSKGBI	isbn:3320003356
430	amazon:9972603792;goodreads:94485993;isbn:9789972603792;zcollection:Calibre;zkey:DJPFJNCJ;zkey_file:JQS97365	isbn:9789972603792
200	amazon:8490352968;google:E6oQkAEACAAJ;isbn:9788490352960;zcollection:Calibre;zkey:DJPFJNCJ;zkey_file:2GT57X9Q	isbn:9788490352960
3115	goodreads:61354864;google:h5LrzgEACAAJ;isbn:9780357458754;zcollection:Calibre;zkey:DJPFJNCJ;zkey_file:6E6F7YNP	isbn:9780357458754
814	google:43EjMQAACAAJ;isbn:9781540415189;zcollection:Calibre;zkey:DJPFJNCJ;zkey_file:UD82C2RQ	isbn:9781540415189
578	amazon:B0C2QPZNTG;goodreads:134527542;isbn:9786123177522;zcollection:Calibre;zkey:DJPFJNCJ;zkey_file:9JW5V23Y	isbn:9786123177522
3637	amazon:0357458656;isbn:978-0-357-44311-8;zcollection:Calibre;zkey:DJPFJNCJ;zkey_file:XRF5T95S	isbn:9780357443118
8515	isbn:9780357442746;zcollection:Calibre;zkey:DJPFJNCJ;zkey_file:9SKMDT7L	isbn:9780357442746
2083	amazon:B07GCY35N3;goodreads:42838489;google:_5QvCgAAQBAJ;isbn:9781118949160;zcollection:Calibre;zkey:DJPFJNCJ;zkey_file:TNTGXYHL	isbn:9781118949160
8514	isbn:9786124899324;zcollection:Calibre;zkey:DJPFJNCJ;zkey_file:QBAIBRVM	isbn:9786124899324
1674	google:VaRcEAAAQBAJ;isbn:9780691235899;zcollection:Calibre;zkey:DJPFJNCJ;zkey_file:LLY6TSN9	isbn:9780691235899
1078	amazon:9504002234;google:bFPxvQAACAAJ;isbn:9789504002239;zcollection:Calibre;zkey:DJPFJNCJ;zkey_file:PELB7ZIX	isbn:9789504002239
8513	goodreads:4991859;grrating:3.85;isbn:9788478272099;zcollection:Calibre;zkey:DJPFJNCJ;zkey_file:APP24GI3	isbn:9788478272099
530	amazon:B00ESGK836;isbn:9788413377216;zcollection:Calibre;zkey:DJPFJNCJ;zkey_file:9WTXDZM9	isbn:9788413377216
344	amazon:B0DV2CGMMV;goodreads:56324273;google:HMjcjgEACAAJ;isbn:9789972573323;zcollection:Calibre;zkey:DJPFJNCJ;zkey_file:ZXCFRHKY	isbn:9789972573323
1724	amazon:9588133459;goodreads:78621771;isbn:9789588133454;zcollection:Calibre;zkey:DJPFJNCJ;zkey_file:F5V3E8IZ	isbn:9789588133454
417	amazon:364208446X;goodreads:10330987;isbn:9783642084461;zcollection:Calibre;zkey:DJPFJNCJ;zkey_file:95985U7Y	isbn:9783642084461
27	isbn:9788420636061;zcollection:Calibre;zkey:DJPFJNCJ;zkey_file:J9ZRXSEY	isbn:9788420636061
3641	goodreads:1623567;isbn:9780521436809;zcollection:Calibre;zkey:DJPFJNCJ;zkey_file:I4W3BDF8	isbn:9780521436809
1434	amazon:B0006QZ0Z8;zcollection:Calibre;zkey:DJPFJNCJ;zkey_file:L89TURRJ	
114	amazon:B06XSTVVPF;zcollection:Calibre;zkey:DJPFJNCJ;zkey_file:B8HKQVGH	
737	amazon:8446041774;isbn:9788446041771;zcollection:Calibre;zkey:DJPFJNCJ;zkey_file:7YQLACKQ	isbn:9788446041771
11	google:8GMtAAAACAAJ;mobi-asin:B00EIIN2MS;zcollection:Calibre;zkey:DJPFJNCJ;zkey_file:4PWTFY7A	
2069	revision:1.0;zcollection:Calibre;zkey:DJPFJNCJ;zkey_file:9FSP38L6	revision:1.0
1066	google:hgd6swEACAAJ;isbn:9781973997702;zcollection:Calibre;zkey:DJPFJNCJ;zkey_file:9T2PG65H	isbn:9781973997702
2107	isbn:9781440842627;zcollection:Calibre;zkey:DJPFJNCJ;zkey_file:V5YFN8LR	isbn:9781440842627
1371	amazon:1539612937;google:5cxjvgAACAAJ;isbn:9781539612933;zcollection:Calibre;zkey:DJPFJNCJ;zkey_file:UPM4NKH7	isbn:9781539612933
711	amazon:9587621786;goodreads:51500116;isbn:9789587621785;zcollection:Calibre;zkey:DJPFJNCJ;zkey_file:YZ58TYHF	isbn:9789587621785
1072	google:aszWswEACAAJ;isbn:9781974182633;zcollection:Calibre;zkey:DJPFJNCJ;zkey_file:MJGG54XZ	isbn:9781974182633
43	isbn:9789972516627;zcollection:Calibre;zkey:DJPFJNCJ;zkey_file:G3EU5HCR	isbn:9789972516627
16	isbn:9786071620859;mobi-asin:B00W4JAUGO;zcollection:Calibre;zkey:DJPFJNCJ;zkey_file:69G46FF5	isbn:9786071620859
894	amazon:1549541471;isbn:9781549541476;zcollection:Calibre;zkey:DJPFJNCJ;zkey_file:62C6BZWZ	isbn:9781549541476
707	isbn:0471232327;zcollection:Calibre;zkey:DJPFJNCJ;zkey_file:QYYPUSG6	isbn:0471232327
1068	google:RG7ADwAAQBAJ;isbn:9789876297844;zcollection:Calibre;zkey:DJPFJNCJ;zkey_file:QMWQ6R7G	isbn:9789876297844
28	revision:1.0;zcollection:Calibre;zkey:DJPFJNCJ;zkey_file:YE473B3Z	revision:1.0
1369	amazon:8832823993;isbn:9788832823998;zcollection:Calibre;zkey:DJPFJNCJ;zkey_file:6HNBIGVP	isbn:9788832823998
26	uri:https://www.stata-press.com/books/visual-guide-to-stata-graphics/;zcollection:Calibre;zkey:DJPFJNCJ;zkey_file:NDUXTLP5	
891	google:gErZDgAAQBAJ;zcollection:Calibre;zkey:DJPFJNCJ;zkey_file:LLDTKZZK	
1067	amazon:0891305998;isbn:9780891305996;zcollection:Calibre;zkey:DJPFJNCJ;zkey_file:K3GK83LQ	isbn:9780891305996
1200	amazon:6079014157;isbn:9786079014155;zcollection:Calibre;zkey:DJPFJNCJ;zkey_file:QAXTXUGQ	isbn:9786079014155
1370	amazon:8420649538;isbn:9788420649535;zcollection:Calibre;zkey:DJPFJNCJ;zkey_file:ZFDCJMY4	isbn:9788420649535
1311	google:JtsPEQAAQBAJ;isbn:9783689382643;zcollection:Calibre;zkey:DJPFJNCJ;zkey_file:DI393CYV	isbn:9783689382643
2113	isbn:9788499920245;zcollection:Calibre;zkey:DJPFJNCJ;zkey_file:4J7IZV6M	isbn:9788499920245
1263	google:e370oQEACAAJ;zcollection:Calibre;zkey:DJPFJNCJ;zkey_file:HSPE62FT	
451	amazon:B00PS562B8;zcollection:Calibre;zkey:DJPFJNCJ;zkey_file:5D858D7A	
3106	isbn:9789569948619;zcollection:Calibre;zkey:DJPFJNCJ;zkey_file:FS5SJWFQ	isbn:9789569948619
37	mobi-asin:B087FD2SRH;zcollection:Calibre;zkey:DJPFJNCJ;zkey_file:BZTG769X	
1055	amazon:B0DN8FTL24;goodreads:59439603;zcollection:Calibre;zkey:DJPFJNCJ;zkey_file:UDPCAHE4	
4	mobi-asin:B07DTQGG93;zcollection:Calibre;zkey:DJPFJNCJ;zkey_file:NXJCN2YP	
363	amazon:8485855922;isbn:9788485855926;zcollection:Calibre;zkey:DJPFJNCJ;zkey_file:E56BRYNH	isbn:9788485855926
1310	google:mgjfnAAACAAJ;isbn:9781542485791;zcollection:Calibre;zkey:DJPFJNCJ;zkey_file:2UA58EMJ	isbn:9781542485791
21	isbn:9786071619150;mobi-asin:B00M75XQ2A;zcollection:Calibre;zkey:DJPFJNCJ;zkey_file:ZQT4GSPL	isbn:9786071619150
29	google:b_LkNH33m2oC;isbn:9788423416165;mobi-asin:B00B2W4ABK;zcollection:Calibre;zkey:DJPFJNCJ;zkey_file:KIMYGKIL	isbn:9788423416165
779	isbn:8122420699;zcollection:Calibre;zkey:DJPFJNCJ;zkey_file:SQZRUENY	isbn:8122420699
3642	goodreads:2952448;isbn:9780521011716;zcollection:Calibre;zkey:DJPFJNCJ;zkey_file:WXB9VIAF	isbn:9780521011716
667	mobi-asin:B07HDLN6YL;zcollection:Calibre;zkey:DJPFJNCJ;zkey_file:4WWQ8D4K	
1	mobi-asin:B004EPYWCO;zcollection:Calibre;zkey:DJPFJNCJ;zkey_file:FWKHC6E3	
5	mobi-asin:B00W4JAVLS;zcollection:Calibre;zkey:DJPFJNCJ;zkey_file:8RKLH2SL	
496	google:0cWkYlBb8DwC;isbn:9780471744726;zcollection:Calibre;zkey:DJPFJNCJ;zkey_file:5YNR7SHN	isbn:9780471744726
42	isbn:9786123176426;zcollection:Calibre;zkey:DJPFJNCJ;zkey_file:SDXZQQ28	isbn:9786123176426
1666	amazon:1444332457;goodreads:8276680;google:poLvjwEACAAJ;isbn:9781444332452;zcollection:Calibre;zkey:DJPFJNCJ;zkey_file:67IMT6QB	isbn:9781444332452
1052	amazon:8495348942;isbn:9788495348944;zcollection:Calibre;zkey:DJPFJNCJ;zkey_file:CEKDT8FJ	isbn:9788495348944
892	google:GKpBPgAACAAJ;isbn:9788420648101;zcollection:Calibre;zkey:DJPFJNCJ;zkey_file:KWK45VPF	isbn:9788420648101
1303	google:FunIwAEACAAJ;isbn:9788535907629;zcollection:Calibre;zkey:DJPFJNCJ;zkey_file:S6P4ZQNI	isbn:9788535907629
3	isbn:9786071609953;mobi-asin:B009607WL0;zcollection:Calibre;zkey:DJPFJNCJ;zkey_file:RRJ95T3U	isbn:9786071609953
127	amazon:8490352968;isbn:9788490352960;zcollection:Calibre;zkey:DJPFJNCJ;zkey_file:3R6NMNRX	isbn:9788490352960
2084	google:WvaAmQEACAAJ;isbn:9781118715581;zcollection:Calibre;zkey:DJPFJNCJ;zkey_file:CCVL9DZQ	isbn:9781118715581
1651	isbn:2920001930;zcollection:Calibre;zkey:DJPFJNCJ;zkey_file:T2992QIT	isbn:2920001930
454	amazon:1441924248;goodreads:10894581;isbn:9781441924247;zcollection:Calibre;zkey:DJPFJNCJ;zkey_file:HFQJVZD2	isbn:9781441924247
2104	amazon:3642111327;zcollection:Calibre;zkey:DJPFJNCJ;zkey_file:D7UDR48L	
1781	amazon:9589329187;goodreads:58389990;zcollection:Calibre;zkey:DJPFJNCJ;zkey_file:IUQM8CXW	
762	mobi-asin:B07RN9JXYZ;zcollection:Calibre;zkey:DJPFJNCJ;zkey_file:P4X7CMRK	
1647	amazon:8423426580;isbn:9788423426584;zcollection:Calibre;zkey:DJPFJNCJ;zkey_file:H6VNFFM6	isbn:9788423426584
311	revision:1.0;zcollection:Calibre;zkey:DJPFJNCJ;zkey_file:IBTA2DZD	revision:1.0
783	revision:1.3;zcollection:Calibre;zkey:DJPFJNCJ;zkey_file:NWI2JKCN	revision:1.3
9	mobi-asin:B00X1EQYSO;zcollection:Calibre;zkey:DJPFJNCJ;zkey_file:9VJ34EJU	
482	amazon:B0007HDCOC;isbn:0226264033;zcollection:Calibre;zkey:DJPFJNCJ;zkey_file:XZYZB5HY	isbn:0226264033
2094	amazon:B07KJFQHH7;zcollection:Calibre;zkey:DJPFJNCJ;zkey_file:4VD2YXB3	
1266	google:UsduzwEACAAJ;zcollection:Calibre;zkey:DJPFJNCJ;zkey_file:W3LBTAYG	
2087	mobi-asin:B06WRTZD8D;zcollection:Calibre;zkey:DJPFJNCJ;zkey_file:KHWNZTYM	
399	zcollection:Calibre;zkey:2ETV9YK6;zkey_file:LMHYYJQS	
9710	asin:B0FPZFRXS1;isbn:8449344549;zcollection:Calibre;zkey:DJPFJNCJ;zkey_file:URY5ZJMF	isbn:8449344549
9769	isbn:9706543910;zcollection:Calibre;zkey:DJPFJNCJ;zkey_file:3XEIMK97	isbn:9706543910
9817	isbn:9780262015738;zcollection:Calibre;zkey:DJPFJNCJ;zkey_file:HPXNB7G4	isbn:9780262015738
9853	isbn:9780138240738;zcollection:Calibre;zkey:DJPFJNCJ;zkey_file:EM5PRPTL	isbn:9780138240738
9859	isbn:9786075264110;zcollection:Calibre;zkey:DJPFJNCJ;zkey_file:9WMBQ6PL	isbn:9786075264110
9836	isbn:9786074817799;zcollection:Calibre;zkey:DJPFJNCJ;zkey_file:JYGHXA49	isbn:9786074817799
9838	isbn:9786075265537;zcollection:Calibre;zkey:DJPFJNCJ;zkey_file:9X7KWPRI	isbn:9786075265537
9821	isbn:9781784991487;zcollection:Calibre;zkey:DJPFJNCJ;zkey_file:JAJZ7H2Q	isbn:9781784991487
9822	isbn:9789587193053;zcollection:Calibre;zkey:DJPFJNCJ;zkey_file:RNZW8Y3S	isbn:9789587193053
9872	issn:2389-7511 url:http://revistavirtual.ucn.edu.co/index.php/RevistaRyS/article/view/784/1310;zcollection:Calibre;zkey:DJPFJNCJ;zkey_file:BR6E78UY	issn:2389-7511 url:http://revistavirtual.ucn.edu.co/index.php/RevistaRyS/article/view/784/1310
9874	isbn:9789876301190 doi:10.37514/INT-B.2022.1534;zcollection:Calibre;zkey:DJPFJNCJ;zkey_file:5VVI75Q9	isbn:9789876301190doi:10.37514/INTB.2022.1534
9866	url:www.onpe.gob.pe;zcollection:Calibre;zkey:DJPFJNCJ;zkey_file:Z4QJ75TA	url:www.onpe.gob.pe
9863	url:www.gob.pe/onpe;zcollection:Calibre;zkey:DJPFJNCJ;zkey_file:N5FDLZ3X	url:www.gob.pe/onpe
9841	isbn:9780486450018;zcollection:Calibre;zkey:DJPFJNCJ;zkey_file:B5IS6WN4	isbn:9780486450018
9845	isbn:9682438573;zcollection:Calibre;zkey:DJPFJNCJ;zkey_file:J638Y5RH	isbn:9682438573
9824	url:https://mpra.ub.uni-muenchen.de/37183/ issn:1909-4442;zcollection:Calibre;zkey:DJPFJNCJ;zkey_file:SL3FT9X4	url:https://mpra.ub.uni-muenchen.de/37183/ issn:1909-4442
9815	isbn:9780470591819;zcollection:Calibre;zkey:DJPFJNCJ;zkey_file:6VR2U56T	isbn:9780470591819
9816	url:http://homepages.nyu.edu/~eo1/books.html;zcollection:Calibre;zkey:DJPFJNCJ;zkey_file:YKQYGYMD	url:http://homepages.nyu.edu/~eo1/books.html
9811	url:https://mpra.ub.uni-muenchen.de/47591/;zcollection:Calibre;zkey:DJPFJNCJ;zkey_file:SP267JR4	url:https://mpra.ub.uni-muenchen.de/47591/
9812	url:https://mpra.ub.uni-muenchen.de/38853/;zcollection:Calibre;zkey:DJPFJNCJ;zkey_file:ND5E2Z39	url:https://mpra.ub.uni-muenchen.de/38853/
9813	url:https://mpra.ub.uni-muenchen.de/117866/;zcollection:Calibre;zkey:DJPFJNCJ;zkey_file:LZ3EGGCX	url:https://mpra.ub.uni-muenchen.de/117866/
9814	isbn:8477869162;zcollection:Calibre;zkey:DJPFJNCJ;zkey_file:8LI3BBYU	isbn:8477869162
9808	isbn:8420428655;zcollection:Calibre;zkey:DJPFJNCJ;zkey_file:2KIKENCY	isbn:8420428655
9803	isbn:047155359X isbn:047118117X;zcollection:Calibre;zkey:DJPFJNCJ;zkey_file:KDXRHVED	isbn:047155359Xisbn:047118117X
9804	isbn:9780321747730 isbn:0321747739 url:www.pearsonhighered.com;zcollection:Calibre;zkey:DJPFJNCJ;zkey_file:GGUCFH9Q	isbn:9780321747730isbn:0321747739url:www.pearsonhighered.com
9806	issn:2312-4776;zcollection:Calibre;zkey:DJPFJNCJ;zkey_file:4MXWMY84	issn:2312-4776
9807	isbn:9781597825931 isbn:9781597825948;zcollection:Calibre;zkey:DJPFJNCJ;zkey_file:KG3NSBEY	isbn:9781597825931isbn:9781597825948
9797	url:https://mml-book.com;zcollection:Calibre;zkey:DJPFJNCJ;zkey_file:UDHSWHYZ	url:https://mml-book.com
9799	url:http://thinkstats.com;zcollection:Calibre;zkey:DJPFJNCJ;zkey_file:CPFPVY3U	url:http://thinkstats.com
9800	isbn:0534243126 url:www.duxbury.com;zcollection:Calibre;zkey:DJPFJNCJ;zkey_file:7J5E3W9T	isbn:0534243126url:www.duxbury.com
9802	isbn:9781138369917 url:http://stat110.net;zcollection:Calibre;zkey:DJPFJNCJ;zkey_file:456CBA4H	isbn:9781138369917url:http://stat110.net
9775	isbn:9789588943398;zcollection:Calibre;zkey:DJPFJNCJ;zkey_file:HAW4S8T9	isbn:9789588943398
9770	url:http://www.ck12.org;zcollection:Calibre;zkey:DJPFJNCJ;zkey_file:A94MNA6X	url:http://www.ck12.org
9771	isbn:9786034018518;zcollection:Calibre;zkey:DJPFJNCJ;zkey_file:HUKSY3NZ	isbn:9786034018518
9772	url:https://www.tiendaelumbreras.com.pe/brand/fisica;zcollection:Calibre;zkey:DJPFJNCJ;zkey_file:UKC5WA9R	url:https://www.tiendaelumbreras.com.pe/brand/fisica
9773	url:http://www.aprendematematicas.org.mx/;zcollection:Calibre;zkey:DJPFJNCJ;zkey_file:VPQ6G9TX	url:http://www.aprendematematicas.org.mx/
9763	isbn:9689161288 url:www.sociedadmatematicamexicana.org.mx;zcollection:Calibre;zkey:DJPFJNCJ;zkey_file:XLKHLWXT	isbn:9689161288url:www.sociedadmatematicamexicana.org.mx
9767	url:https://www.unl.edu.ar/editorial;zcollection:Calibre;zkey:DJPFJNCJ;zkey_file:9BFIE6ZC	url:https://www.unl.edu.ar/editorial
9768	isbn:9789875751255;zcollection:Calibre;zkey:DJPFJNCJ;zkey_file:E2NI3TYZ	isbn:9789875751255
9755	url:www.librosmaravillosos.com;zcollection:Calibre;zkey:DJPFJNCJ;zkey_file:V8TKI4GF	url:www.librosmaravillosos.com
9757	isbn:9689161008 url:www.sociedadmatematicamexicana.org.mx;zcollection:Calibre;zkey:DJPFJNCJ;zkey_file:FIA939QC	isbn:9689161008url:www.sociedadmatematicamexicana.org.mx
9758	isbn:9789585522503;zcollection:Calibre;zkey:DJPFJNCJ;zkey_file:FKKQINLR	isbn:9789585522503
9759	url:http://emmanuel.jean.briand.free.fr/docencia/IMD/Material_IMD/ApuntesIMD_EB/;zcollection:Calibre;zkey:DJPFJNCJ;zkey_file:GHY42RW9	url:http://emmanuel.jean.briand.free.fr/docencia/IMD/Material_IMD/ApuntesIMD_EB/
9760	isbn:9789968641111;url:https://dl.dropbox.com/u/56645701/walter_mora_matematica_itcr/Libros/TeoriaNumeros/WMora_TeoriaNumeros.pdf;zcollection:Calibre;zkey:DJPFJNCJ;zkey_file:N7I77CIN	isbn:9789968641111;url:https://dl.dropbox.com/u/56645701/walter_mora_matematica_itcr/Libros/TeoriaNumeros/WMora_TeoriaNumeros.pdf
9761	isbn:9788498923292;url:https://www.planetadelibros.com/libro-historia-de-las-matematicas/65228;zcollection:Calibre;zkey:DJPFJNCJ;zkey_file:SKZ3ENK6	isbn:9788498923292;url:https://www.planetadelibros.com/libro-historia-de-las-matematicas/65228
9762	isbn:9789968317931;url:https://editorial.uned.ac.cr/book/uuid=f315eba7-cb98-49aa-a580-f132bd480e5c;zcollection:Calibre;zkey:DJPFJNCJ;zkey_file:4YE5HXNN	isbn:9789968317931;url:https://editorial.uned.ac.cr/book/uuid=f315eba7-cb98-49aa-a580-f132bd480e5c
9749	url:www.aprendematematicas.org.mx;zcollection:Calibre;zkey:DJPFJNCJ;zkey_file:IAWX2C58	url:www.aprendematematicas.org.mx
9750	url:www.apuntesmareaverde.org.es;zcollection:Calibre;zkey:DJPFJNCJ;zkey_file:KWDRMTHF	url:www.apuntesmareaverde.org.es
9751	isbn:9788461775750;url:www.educarm.es/publicaciones;zcollection:Calibre;zkey:DJPFJNCJ;zkey_file:REQUGE9R	isbn:9788461775750;url:www.educarm.es/publicaciones
9752	isbn:9689161075;url:www.smm.org.mx;zcollection:Calibre;zkey:DJPFJNCJ;zkey_file:XSZE9KZ4	isbn:9689161075;url:www.smm.org.mx
9753	isbn:9871220197;url:www.sigloxxieditores.com.ar;zcollection:Calibre;zkey:DJPFJNCJ;zkey_file:PWIY3TTZ	isbn:9871220197;url:www.sigloxxieditores.com.ar
9754	isbn:9789876882514;url:http://www.unrc.edu.ar/unrc/comunicacion/editorial/;zcollection:Calibre;zkey:DJPFJNCJ;zkey_file:FZTUWBFL	isbn:9789876882514;url:http://www.unrc.edu.ar/unrc/comunicacion/editorial/
9744	isbn:9789806195455;zcollection:Calibre;zkey:DJPFJNCJ;zkey_file:NDWYHHDN	isbn:9789806195455
9745	isbn:8493361046;zcollection:Calibre;zkey:DJPFJNCJ;zkey_file:CLIBIW4N	isbn:8493361046
9746	isbn:9786034018686;zcollection:Calibre;zkey:DJPFJNCJ;zkey_file:JMX5N56G	isbn:9786034018686
9747	isbn:9789585219588;url:http://biblioteca.tecnologicocomfenalco.edu.co;zcollection:Calibre;zkey:DJPFJNCJ;zkey_file:53AUVRTD	isbn:9789585219588;url:http://biblioteca.tecnologicocomfenalco.edu.co
9741	url:www.librosmaravillosos.com;zcollection:Calibre;zkey:DJPFJNCJ;zkey_file:Z2YEZJXZ	url:www.librosmaravillosos.com
9739	url:www.antioquia.gov.co;zcollection:Calibre;zkey:DJPFJNCJ;zkey_file:9CVGY82F	url:www.antioquia.gov.co
9743	isbn:9786123073800;url:https://www.tiendaelumbreras.com.pe/product/algebra-tomo-ii;zcollection:Calibre;zkey:DJPFJNCJ;zkey_file:UBXC8XJM	isbn:9786123073800;url:https://www.tiendaelumbreras.com.pe/product/algebra-tomo-ii
9876	isbn:048648582X;url:https://people.cs.vt.edu/~shaffer/Book/;zcollection:Calibre;zkey:DJPFJNCJ;zkey_file:ICPK4HH7	isbn:048648582X;url:https://people.cs.vt.edu/~shaffer/Book/
965	zcollection:Calibre;zkey:DJPFJNCJ;zkey_file:GGYR9BXL	
10	zcollection:Calibre;zkey:DJPFJNCJ;zkey_file:MGUA8236	
1000	zcollection:Calibre;zkey:DJPFJNCJ;zkey_file:FJ2MJFXG	
1001	zcollection:Calibre;zkey:DJPFJNCJ;zkey_file:GQAL5QGW	
1002	zcollection:Calibre;zkey:DJPFJNCJ;zkey_file:QKTQ45FT	
1003	zcollection:Calibre;zkey:DJPFJNCJ;zkey_file:FIMTJZMC	
1004	zcollection:Calibre;zkey:DJPFJNCJ;zkey_file:HIELKTSL	
1005	zcollection:Calibre;zkey:DJPFJNCJ;zkey_file:FCBTFB8E	
1006	zcollection:Calibre;zkey:DJPFJNCJ;zkey_file:9P5F56C2	
1007	zcollection:Calibre;zkey:DJPFJNCJ;zkey_file:P7TPTDMQ	
1008	zcollection:Calibre;zkey:DJPFJNCJ;zkey_file:X7D9GJIG	
1009	isbn:9789871432257;zcollection:Calibre;zkey:DJPFJNCJ;zkey_file:MPLC739P	isbn:9789871432257
101	zcollection:Calibre;zkey:DJPFJNCJ;zkey_file:Y8WVZ4M9	
1010	isbn:9789875140615;zcollection:Calibre;zkey:DJPFJNCJ;zkey_file:ZWLLATUX	isbn:9789875140615
1011	zcollection:Calibre;zkey:DJPFJNCJ;zkey_file:YBLVGQHC	
1013	zcollection:Calibre;zkey:DJPFJNCJ;zkey_file:QVTBXJUM	
1014	zcollection:Calibre;zkey:DJPFJNCJ;zkey_file:M58P9NDJ	
1015	zcollection:Calibre;zkey:DJPFJNCJ;zkey_file:26BPHY2D	
1018	zcollection:Calibre;zkey:DJPFJNCJ;zkey_file:GIS2G8H5	
1022	zcollection:Calibre;zkey:DJPFJNCJ;zkey_file:RI8B98ZA	
1023	zcollection:Calibre;zkey:DJPFJNCJ;zkey_file:CX4YWM4M	
1024	zcollection:Calibre;zkey:DJPFJNCJ;zkey_file:HYBESCP6	
1026	zcollection:Calibre;zkey:DJPFJNCJ;zkey_file:RZAVRWJQ	
103	zcollection:Calibre;zkey:DJPFJNCJ;zkey_file:DW4ZHBG2	
1030	zcollection:Calibre;zkey:DJPFJNCJ;zkey_file:KM2EE77V	
1031	zcollection:Calibre;zkey:DJPFJNCJ;zkey_file:HM67D8JK	
1032	zcollection:Calibre;zkey:DJPFJNCJ;zkey_file:MHZH2PJJ	
1033	zcollection:Calibre;zkey:DJPFJNCJ;zkey_file:HBV74A7S	
1034	zcollection:Calibre;zkey:DJPFJNCJ;zkey_file:GB4IQLD4	
1035	zcollection:Calibre;zkey:DJPFJNCJ;zkey_file:P2GSRMTF	
1036	zcollection:Calibre;zkey:DJPFJNCJ;zkey_file:4F6G6WQ8	
1037	zcollection:Calibre;zkey:DJPFJNCJ;zkey_file:4BHWGTVH	
1038	zcollection:Calibre;zkey:DJPFJNCJ;zkey_file:4GER3U5R	
1039	zcollection:Calibre;zkey:DJPFJNCJ;zkey_file:7PJJJUUT	
104	zcollection:Calibre;zkey:DJPFJNCJ;zkey_file:UR2HF2UR	
1040	zcollection:Calibre;zkey:DJPFJNCJ;zkey_file:CEXP4HF9	
1041	zcollection:Calibre;zkey:DJPFJNCJ;zkey_file:V4XUXCFZ	
1042	zcollection:Calibre;zkey:DJPFJNCJ;zkey_file:K22GA4A3	
1043	zcollection:Calibre;zkey:DJPFJNCJ;zkey_file:IYKAL6QT	
1044	zcollection:Calibre;zkey:DJPFJNCJ;zkey_file:VZUTI7JY	
1045	zcollection:Calibre;zkey:DJPFJNCJ;zkey_file:QB6VGLRM	
1046	isbn:8475091008;zcollection:Calibre;zkey:DJPFJNCJ;zkey_file:EPIC3BQ5	isbn:8475091008
1047	zcollection:Calibre;zkey:DJPFJNCJ;zkey_file:DC6ARDWD	
1048	zcollection:Calibre;zkey:DJPFJNCJ;zkey_file:KK78NVTN	
1049	zcollection:Calibre;zkey:DJPFJNCJ;zkey_file:FM527WB2	
105	zcollection:Calibre;zkey:DJPFJNCJ;zkey_file:3FZYQYE4	
1050	zcollection:Calibre;zkey:DJPFJNCJ;zkey_file:QSBAV4D8	
1051	zcollection:Calibre;zkey:DJPFJNCJ;zkey_file:WZDTZ7GI	
1053	zcollection:Calibre;zkey:DJPFJNCJ;zkey_file:JP7Z6RLL	
1054	doi:10.3386/w2882;zcollection:Calibre;zkey:DJPFJNCJ;zkey_file:94W8YH92	doi:10.3386/w2882
1056	zcollection:Calibre;zkey:DJPFJNCJ;zkey_file:U8TQLRVA	
1057	zcollection:Calibre;zkey:DJPFJNCJ;zkey_file:L9WP499X	
1058	zcollection:Calibre;zkey:DJPFJNCJ;zkey_file:DWKP4QIY	
106	zcollection:Calibre;zkey:DJPFJNCJ;zkey_file:NTSHS2QX	
1060	zcollection:Calibre;zkey:DJPFJNCJ;zkey_file:FWU6U6SJ	
1061	zcollection:Calibre;zkey:DJPFJNCJ;zkey_file:223YLJZ4	
1062	zcollection:Calibre;zkey:DJPFJNCJ;zkey_file:ZG5EA9RK	
1063	zcollection:Calibre;zkey:DJPFJNCJ;zkey_file:F5S9QYHE	
1065	zcollection:Calibre;zkey:DJPFJNCJ;zkey_file:PZJDTK5A	
1069	isbn:8420639400;zcollection:Calibre;zkey:DJPFJNCJ;zkey_file:V7F3RQIC	isbn:8420639400
107	zcollection:Calibre;zkey:DJPFJNCJ;zkey_file:3ZXMEY4D	
1070	zcollection:Calibre;zkey:DJPFJNCJ;zkey_file:CNBK8N5T	
1074	zcollection:Calibre;zkey:DJPFJNCJ;zkey_file:GUPHZCJL	
1075	zcollection:Calibre;zkey:DJPFJNCJ;zkey_file:6MJS22FF	
1076	zcollection:Calibre;zkey:DJPFJNCJ;zkey_file:79ZM8N3W	
108	zcollection:Calibre;zkey:DJPFJNCJ;zkey_file:KZARDZXR	
109	zcollection:Calibre;zkey:DJPFJNCJ;zkey_file:RQ7SDEUP	
1091	zcollection:Calibre;zkey:DJPFJNCJ;zkey_file:MC2BZWLK	
1092	zcollection:Calibre;zkey:DJPFJNCJ;zkey_file:EJTH6MZZ	
1093	zcollection:Calibre;zkey:DJPFJNCJ;zkey_file:Y7XAYXAT	
1094	zcollection:Calibre;zkey:DJPFJNCJ;zkey_file:8WZEC6UL	
1095	zcollection:Calibre;zkey:DJPFJNCJ;zkey_file:CVNRLSLX	
1096	zcollection:Calibre;zkey:DJPFJNCJ;zkey_file:XZNQMHPC	
1097	zcollection:Calibre;zkey:DJPFJNCJ;zkey_file:BPV3BETF	
1098	doi:10.2307/1912186;zcollection:Calibre;zkey:DJPFJNCJ;zkey_file:JWBMN4MF	doi:10.2307/1912186
1099	zcollection:Calibre;zkey:DJPFJNCJ;zkey_file:6LTBTAXS	
110	zcollection:Calibre;zkey:DJPFJNCJ;zkey_file:Z3I7JKL2	
1102	zcollection:Calibre;zkey:DJPFJNCJ;zkey_file:D3XNH9I3	
1104	zcollection:Calibre;zkey:DJPFJNCJ;zkey_file:BCSNGA8V	
1105	zcollection:Calibre;zkey:DJPFJNCJ;zkey_file:M3NYXUCZ	
1106	zcollection:Calibre;zkey:DJPFJNCJ;zkey_file:QN7PS7DZ	
1107	zcollection:Calibre;zkey:DJPFJNCJ;zkey_file:KXXXJTZW	
1108	zcollection:Calibre;zkey:DJPFJNCJ;zkey_file:TN9G7FHM	
1109	zcollection:Calibre;zkey:DJPFJNCJ;zkey_file:28NHHNRD	
111	zcollection:Calibre;zkey:DJPFJNCJ;zkey_file:NJ8AP4YY	
1110	zcollection:Calibre;zkey:DJPFJNCJ;zkey_file:4JBF6SDS	
1111	zcollection:Calibre;zkey:DJPFJNCJ;zkey_file:MJHSJ65V	
1114	doi:10.3386/w15755;zcollection:Calibre;zkey:DJPFJNCJ;zkey_file:5GQ3M7JJ	doi:10.3386/w15755
1115	doi:10.4337/9781848442818.00009;zcollection:Calibre;zkey:DJPFJNCJ;zkey_file:F38YJPDF	doi:10.4337/9781848442818.00009
1116	zcollection:Calibre;zkey:DJPFJNCJ;zkey_file:PLQ8CTZ2	
1117	zcollection:Calibre;zkey:DJPFJNCJ;zkey_file:8PCWGGPI	
1119	zcollection:Calibre;zkey:DJPFJNCJ;zkey_file:D9532QPQ	
112	zcollection:Calibre;zkey:DJPFJNCJ;zkey_file:4X8F2HEM	
1133	zcollection:Calibre;zkey:DJPFJNCJ;zkey_file:SBHIZFDZ	
1135	zcollection:Calibre;zkey:DJPFJNCJ;zkey_file:RSSCJPX9	
1136	doi:10.18800/economia.199902.003;zcollection:Calibre;zkey:DJPFJNCJ;zkey_file:2LE77KKV	doi:10.18800/economia.199902.003
1137	zcollection:Calibre;zkey:DJPFJNCJ;zkey_file:AYV3KHJT	
1138	zcollection:Calibre;zkey:DJPFJNCJ;zkey_file:M3SGC495	
1139	zcollection:Calibre;zkey:DJPFJNCJ;zkey_file:RS6DUD86	
1140	zcollection:Calibre;zkey:DJPFJNCJ;zkey_file:TX6FLUE2	
1141	zcollection:Calibre;zkey:DJPFJNCJ;zkey_file:G4UVXRNT	
1142	zcollection:Calibre;zkey:DJPFJNCJ;zkey_file:6AR22N57	
1143	doi:10.18800/economia.201101.004;zcollection:Calibre;zkey:DJPFJNCJ;zkey_file:EWH8HM5M	doi:10.18800/economia.201101.004
1144	zcollection:Calibre;zkey:DJPFJNCJ;zkey_file:THYW7ZY6	
1145	doi:10.18800/9786123173807.007;zcollection:Calibre;zkey:DJPFJNCJ;zkey_file:7DVWUUDP	doi:10.18800/9786123173807.007
1146	zcollection:Calibre;zkey:DJPFJNCJ;zkey_file:P28KNMF9	
1147	doi:10.18800/2079-8474.0522;zcollection:Calibre;zkey:DJPFJNCJ;zkey_file:XJXAXARH	doi:10.18800/2079-8474.0522
1148	doi:10.18800/2079-8474.0479;zcollection:Calibre;zkey:DJPFJNCJ;zkey_file:R7X3EH83	doi:10.18800/2079-8474.0479
1149	doi:10.18800/2079-8474.0477;zcollection:Calibre;zkey:DJPFJNCJ;zkey_file:XB3KEBLH	doi:10.18800/2079-8474.0477
115	zcollection:Calibre;zkey:DJPFJNCJ;zkey_file:VJEJH27E	
1150	doi:10.18800/2079-8474.0476;zcollection:Calibre;zkey:DJPFJNCJ;zkey_file:ZZANBPGQ	doi:10.18800/2079-8474.0476
1151	doi:10.18800/2079-8474.0460;zcollection:Calibre;zkey:DJPFJNCJ;zkey_file:34P2MAMW	doi:10.18800/2079-8474.0460
1152	doi:10.18800/2079-8474.0459;zcollection:Calibre;zkey:DJPFJNCJ;zkey_file:SRWXGRXS	doi:10.18800/2079-8474.0459
1153	doi:10.18800/2079-8474.0458;zcollection:Calibre;zkey:DJPFJNCJ;zkey_file:9ZKWRGYJ	doi:10.18800/2079-8474.0458
1154	zcollection:Calibre;zkey:DJPFJNCJ;zkey_file:NRKSAMIR	
1155	doi:10.18800/2079-8474.0454;zcollection:Calibre;zkey:DJPFJNCJ;zkey_file:6ARNRPZE	doi:10.18800/2079-8474.0454
1156	doi:10.18800/2079-8474.0450;zcollection:Calibre;zkey:DJPFJNCJ;zkey_file:G3LM3XEV	doi:10.18800/2079-8474.0450
1157	zcollection:Calibre;zkey:DJPFJNCJ;zkey_file:7I58ICPD	
1158	zcollection:Calibre;zkey:DJPFJNCJ;zkey_file:J4G94JS9	
1159	zcollection:Calibre;zkey:DJPFJNCJ;zkey_file:H42LQ45J	
116	doi:10.1057/imfer.2012.6;zcollection:Calibre;zkey:DJPFJNCJ;zkey_file:VWPNT9BA	doi:10.1057/imfer.2012.6
1160	doi:10.18800/economia.201502.005;zcollection:Calibre;zkey:DJPFJNCJ;zkey_file:M7FCDX2L	doi:10.18800/economia.201502.005
1161	zcollection:Calibre;zkey:DJPFJNCJ;zkey_file:C6TN5Q8U	
1162	zcollection:Calibre;zkey:DJPFJNCJ;zkey_file:SUJHSDI2	
1163	zcollection:Calibre;zkey:DJPFJNCJ;zkey_file:XIISR2AE	
1164	zcollection:Calibre;zkey:DJPFJNCJ;zkey_file:6EJK9NVG	
1165	zcollection:Calibre;zkey:DJPFJNCJ;zkey_file:VINNJSR8	
1166	zcollection:Calibre;zkey:DJPFJNCJ;zkey_file:ZPTD4JC9	
1167	zcollection:Calibre;zkey:DJPFJNCJ;zkey_file:IC76PPI2	
1168	zcollection:Calibre;zkey:DJPFJNCJ;zkey_file:7QN4FNL7	
1169	zcollection:Calibre;zkey:DJPFJNCJ;zkey_file:KSZKUF3E	
117	zcollection:Calibre;zkey:DJPFJNCJ;zkey_file:FFDHUU2T	
1170	zcollection:Calibre;zkey:DJPFJNCJ;zkey_file:B2NLUA2F	
1171	zcollection:Calibre;zkey:DJPFJNCJ;zkey_file:7MFPGP7D	
1172	zcollection:Calibre;zkey:DJPFJNCJ;zkey_file:LNRMU8L6	
1173	zcollection:Calibre;zkey:DJPFJNCJ;zkey_file:25ZJ8HWI	
1174	zcollection:Calibre;zkey:DJPFJNCJ;zkey_file:3QAX7JUG	
1175	zcollection:Calibre;zkey:DJPFJNCJ;zkey_file:CRLQPK26	
1176	zcollection:Calibre;zkey:DJPFJNCJ;zkey_file:M4LVH5KC	
1177	zcollection:Calibre;zkey:DJPFJNCJ;zkey_file:X6EDS2L5	
1178	zcollection:Calibre;zkey:DJPFJNCJ;zkey_file:JZNRQDMB	
1179	zcollection:Calibre;zkey:DJPFJNCJ;zkey_file:Z7N83HJ4	
118	zcollection:Calibre;zkey:DJPFJNCJ;zkey_file:95NR6VAX	
1181	zcollection:Calibre;zkey:DJPFJNCJ;zkey_file:QCZEEQAS	
1183	zcollection:Calibre;zkey:DJPFJNCJ;zkey_file:NRB4SW6H	
1184	zcollection:Calibre;zkey:DJPFJNCJ;zkey_file:8XMRSRZJ	
1185	zcollection:Calibre;zkey:DJPFJNCJ;zkey_file:L43SWQ7B	
1186	zcollection:Calibre;zkey:DJPFJNCJ;zkey_file:5RF9J9SS	
1187	zcollection:Calibre;zkey:DJPFJNCJ;zkey_file:H5ALR72Q	
1188	zcollection:Calibre;zkey:DJPFJNCJ;zkey_file:9HP5F7K7	
1189	zcollection:Calibre;zkey:DJPFJNCJ;zkey_file:DT9KSDWG	
119	zcollection:Calibre;zkey:DJPFJNCJ;zkey_file:QV9CR82H	
1190	zcollection:Calibre;zkey:DJPFJNCJ;zkey_file:SKISCBHE	
1191	zcollection:Calibre;zkey:DJPFJNCJ;zkey_file:B23GGNE7	
1192	zcollection:Calibre;zkey:DJPFJNCJ;zkey_file:AUYP3LSC	
1193	zcollection:Calibre;zkey:DJPFJNCJ;zkey_file:25FXZVTL	
1194	zcollection:Calibre;zkey:DJPFJNCJ;zkey_file:LW5XDP4F	
1195	zcollection:Calibre;zkey:DJPFJNCJ;zkey_file:WRSSR6LA	
1196	zcollection:Calibre;zkey:DJPFJNCJ;zkey_file:UPBS7QIX	
1197	zcollection:Calibre;zkey:DJPFJNCJ;zkey_file:7TKYEJU5	
1198	zcollection:Calibre;zkey:DJPFJNCJ;zkey_file:57JNA8KG	
1199	zcollection:Calibre;zkey:DJPFJNCJ;zkey_file:PC4D3KN4	
120	zcollection:Calibre;zkey:DJPFJNCJ;zkey_file:KERF2MHJ	
1202	zcollection:Calibre;zkey:DJPFJNCJ;zkey_file:RV33KN7M	
1203	zcollection:Calibre;zkey:DJPFJNCJ;zkey_file:UDML4DSJ	
1204	zcollection:Calibre;zkey:DJPFJNCJ;zkey_file:QYGIHR99	
1208	zcollection:Calibre;zkey:DJPFJNCJ;zkey_file:NHBCJL2R	
1209	zcollection:Calibre;zkey:DJPFJNCJ;zkey_file:87TV5YXY	
1210	zcollection:Calibre;zkey:DJPFJNCJ;zkey_file:2JVBWDI9	
1218	zcollection:Calibre;zkey:DJPFJNCJ;zkey_file:7WEZVXS3	
122	zcollection:Calibre;zkey:DJPFJNCJ;zkey_file:HDBGDVZV	
1222	zcollection:Calibre;zkey:DJPFJNCJ;zkey_file:XF3UPZFE	
1223	zcollection:Calibre;zkey:DJPFJNCJ;zkey_file:2I8DXUZS	
1224	zcollection:Calibre;zkey:DJPFJNCJ;zkey_file:G228YE54	
1225	zcollection:Calibre;zkey:DJPFJNCJ;zkey_file:ZCY5A84Q	
1226	zcollection:Calibre;zkey:DJPFJNCJ;zkey_file:8E8L8CKZ	
1227	zcollection:Calibre;zkey:DJPFJNCJ;zkey_file:EIQE25H8	
1228	zcollection:Calibre;zkey:DJPFJNCJ;zkey_file:LB5UPBD9	
1229	zcollection:Calibre;zkey:DJPFJNCJ;zkey_file:D2KJU2LG	
123	zcollection:Calibre;zkey:DJPFJNCJ;zkey_file:ZVAA2U2H	
124	zcollection:Calibre;zkey:DJPFJNCJ;zkey_file:CZAU9LDA	
125	doi:10.1257/aer.91.2.248;zcollection:Calibre;zkey:DJPFJNCJ;zkey_file:LT7GKQRW	doi:10.1257/aer.91.2.248
126	zcollection:Calibre;zkey:DJPFJNCJ;zkey_file:MQT8W68D	
1265	zcollection:Calibre;zkey:DJPFJNCJ;zkey_file:WI2GRI6H	
1268	zcollection:Calibre;zkey:DJPFJNCJ;zkey_file:ECEF3CYX	
1269	zcollection:Calibre;zkey:DJPFJNCJ;zkey_file:QFW6Z9V6	
1271	zcollection:Calibre;zkey:DJPFJNCJ;zkey_file:PDD2QJUW	
128	zcollection:Calibre;zkey:DJPFJNCJ;zkey_file:A7P4RBB8	
1285	zcollection:Calibre;zkey:DJPFJNCJ;zkey_file:3C7JXSWF	
1286	zcollection:Calibre;zkey:DJPFJNCJ;zkey_file:6WSZPV4A	
1287	zcollection:Calibre;zkey:DJPFJNCJ;zkey_file:EZB2NQGP	
1288	zcollection:Calibre;zkey:DJPFJNCJ;zkey_file:IGRJ6QDZ	
129	zcollection:Calibre;zkey:DJPFJNCJ;zkey_file:3LSUAA2J	
1293	zcollection:Calibre;zkey:DJPFJNCJ;zkey_file:QU5WYH3L	
1294	zcollection:Calibre;zkey:DJPFJNCJ;zkey_file:MIH3MJEU	
1297	zcollection:Calibre;zkey:DJPFJNCJ;zkey_file:CR855PWG	
13	zcollection:Calibre;zkey:DJPFJNCJ;zkey_file:SJ469JDQ	
130	zcollection:Calibre;zkey:DJPFJNCJ;zkey_file:XTZKR9TQ	
1308	zcollection:Calibre;zkey:DJPFJNCJ;zkey_file:QHCF7A7W	
131	zcollection:Calibre;zkey:DJPFJNCJ;zkey_file:Y93LVYTF	
1312	zcollection:Calibre;zkey:DJPFJNCJ;zkey_file:IVQRVKDN	
132	zcollection:Calibre;zkey:DJPFJNCJ;zkey_file:PYB3TZEZ	
1322	doi:10.3386/w13619;zcollection:Calibre;zkey:DJPFJNCJ;zkey_file:3LW6FEN5	doi:10.3386/w13619
1323	zcollection:Calibre;zkey:DJPFJNCJ;zkey_file:YVZC5YWA	
133	zcollection:Calibre;zkey:DJPFJNCJ;zkey_file:FQ5JW45M	
1332	isbn:9781417508914;zcollection:Calibre;zkey:DJPFJNCJ;zkey_file:PKGVYQL5	isbn:9781417508914
1333	zcollection:Calibre;zkey:DJPFJNCJ;zkey_file:QZRBNU9X	
1334	zcollection:Calibre;zkey:DJPFJNCJ;zkey_file:WYLHSMTX	
1335	zcollection:Calibre;zkey:DJPFJNCJ;zkey_file:7WX38KNF	
134	zcollection:Calibre;zkey:DJPFJNCJ;zkey_file:NFTEGI3A	
1349	zcollection:Calibre;zkey:DJPFJNCJ;zkey_file:G6ZYLB4S	
135	zcollection:Calibre;zkey:DJPFJNCJ;zkey_file:WMX8AVXN	
1350	zcollection:Calibre;zkey:DJPFJNCJ;zkey_file:UWLDFWUE	
136	zcollection:Calibre;zkey:DJPFJNCJ;zkey_file:NB4ETDB4	
1375	zcollection:Calibre;zkey:DJPFJNCJ;zkey_file:5EAVAT9N	
1376	zcollection:Calibre;zkey:DJPFJNCJ;zkey_file:C5JKKEI9	
1378	doi:10.1093/wbro/11.2.151;zcollection:Calibre;zkey:DJPFJNCJ;zkey_file:R6PDAUXD	doi:10.1093/wbro/11.2.151
138	doi:10.1016/0304-3932(83)90060-0;zcollection:Calibre;zkey:DJPFJNCJ;zkey_file:BGGXJ9U7	doi:10.1016/0304-3932(83)90060-0
1384	zcollection:Calibre;zkey:DJPFJNCJ;zkey_file:SE88MPDN	
1385	zcollection:Calibre;zkey:DJPFJNCJ;zkey_file:V8DFHSAN	
139	zcollection:Calibre;zkey:DJPFJNCJ;zkey_file:VA8JHG8P	
1393	zcollection:Calibre;zkey:DJPFJNCJ;zkey_file:FQUV6XHR	
14	zcollection:Calibre;zkey:DJPFJNCJ;zkey_file:DPEVM4JB	
140	zcollection:Calibre;zkey:DJPFJNCJ;zkey_file:WXK6LKZ6	
1400	zcollection:Calibre;zkey:DJPFJNCJ;zkey_file:LSN6XHXS	
1403	zcollection:Calibre;zkey:DJPFJNCJ;zkey_file:E2A3N8TT	
1404	zcollection:Calibre;zkey:DJPFJNCJ;zkey_file:R5U8KDBZ	
141	zcollection:Calibre;zkey:DJPFJNCJ;zkey_file:A5CJFMW5	
1413	zcollection:Calibre;zkey:DJPFJNCJ;zkey_file:23ZA6TTW	
1415	zcollection:Calibre;zkey:DJPFJNCJ;zkey_file:GE7BNL56	
1416	zcollection:Calibre;zkey:DJPFJNCJ;zkey_file:ZFKSGKG5	
1419	zcollection:Calibre;zkey:DJPFJNCJ;zkey_file:JS9NJA9A	
142	zcollection:Calibre;zkey:DJPFJNCJ;zkey_file:9DKBGFQJ	
1428	zcollection:Calibre;zkey:DJPFJNCJ;zkey_file:BB2RXAK4	
143	zcollection:Calibre;zkey:DJPFJNCJ;zkey_file:CDGB7ISL	
1435	zcollection:Calibre;zkey:DJPFJNCJ;zkey_file:56PIDEZC	
1437	zcollection:Calibre;zkey:DJPFJNCJ;zkey_file:7LHTLQS8	
145	doi:10.18800/economia.202002.002;zcollection:Calibre;zkey:DJPFJNCJ;zkey_file:ZTUJ7HW2	doi:10.18800/economia.202002.002
1457	zcollection:Calibre;zkey:DJPFJNCJ;zkey_file:AEELYFRI	
146	zcollection:Calibre;zkey:DJPFJNCJ;zkey_file:A2FQUCJC	
1462	zcollection:Calibre;zkey:DJPFJNCJ;zkey_file:G95JL7RY	
1464	zcollection:Calibre;zkey:DJPFJNCJ;zkey_file:JTTUJQB4	
147	zcollection:Calibre;zkey:DJPFJNCJ;zkey_file:ZWV5ID7U	
1476	zcollection:Calibre;zkey:DJPFJNCJ;zkey_file:6IC5GEWB	
1477	zcollection:Calibre;zkey:DJPFJNCJ;zkey_file:3GDZZJ6J	
148	zcollection:Calibre;zkey:DJPFJNCJ;zkey_file:MVCEXPIQ	
149	doi:10.1007/s12113-003-1004-4;zcollection:Calibre;zkey:DJPFJNCJ;zkey_file:5L7AKIR2	doi:10.1007/s12113-003-1004-4
1490	zcollection:Calibre;zkey:DJPFJNCJ;zkey_file:E9SAIDQZ	
1492	zcollection:Calibre;zkey:DJPFJNCJ;zkey_file:TRMHNZQD	
1493	zcollection:Calibre;zkey:DJPFJNCJ;zkey_file:CWJVY35Y	
1501	zcollection:Calibre;zkey:DJPFJNCJ;zkey_file:VJZXPSU2	
1502	zcollection:Calibre;zkey:DJPFJNCJ;zkey_file:PILPJ6MJ	
151	zcollection:Calibre;zkey:DJPFJNCJ;zkey_file:NYNJUJWJ	
1510	zcollection:Calibre;zkey:DJPFJNCJ;zkey_file:FQNLEPQR	
1515	zcollection:Calibre;zkey:DJPFJNCJ;zkey_file:JFMQP4JM	
1523	zcollection:Calibre;zkey:DJPFJNCJ;zkey_file:E63KFX3Z	
1524	zcollection:Calibre;zkey:DJPFJNCJ;zkey_file:VS2EGFBR	
1525	zcollection:Calibre;zkey:DJPFJNCJ;zkey_file:CV66J4TW	
1526	zcollection:Calibre;zkey:DJPFJNCJ;zkey_file:BHNJHS7A	
1528	zcollection:Calibre;zkey:DJPFJNCJ;zkey_file:GVP6U9II	
1529	zcollection:Calibre;zkey:DJPFJNCJ;zkey_file:KTP2GD6S	
153	zcollection:Calibre;zkey:DJPFJNCJ;zkey_file:X2AM6FRJ	
1530	zcollection:Calibre;zkey:DJPFJNCJ;zkey_file:JHPXM5QQ	
1531	zcollection:Calibre;zkey:DJPFJNCJ;zkey_file:BDGWDBWP	
1532	zcollection:Calibre;zkey:DJPFJNCJ;zkey_file:EHKXCM5S	
1533	zcollection:Calibre;zkey:DJPFJNCJ;zkey_file:8QVRMKB2	
1534	zcollection:Calibre;zkey:DJPFJNCJ;zkey_file:8P5ZX6HD	
1535	zcollection:Calibre;zkey:DJPFJNCJ;zkey_file:ZMAHAKEH	
1536	zcollection:Calibre;zkey:DJPFJNCJ;zkey_file:L2QBD2XT	
1537	zcollection:Calibre;zkey:DJPFJNCJ;zkey_file:BDRYP7CS	
1538	zcollection:Calibre;zkey:DJPFJNCJ;zkey_file:GZF8E5ZA	
1539	zcollection:Calibre;zkey:DJPFJNCJ;zkey_file:6ZLS9Z38	
154	zcollection:Calibre;zkey:DJPFJNCJ;zkey_file:ZBBYTPRQ	
1541	zcollection:Calibre;zkey:DJPFJNCJ;zkey_file:DY4Z8R82	
1543	doi:10.2139/ssrn.2132404;zcollection:Calibre;zkey:DJPFJNCJ;zkey_file:IYARDITA	doi:10.2139/ssrn.2132404
1544	zcollection:Calibre;zkey:DJPFJNCJ;zkey_file:LX5S3H4R	
1545	zcollection:Calibre;zkey:DJPFJNCJ;zkey_file:C2A33FC2	
1548	doi:10.1596/28045;zcollection:Calibre;zkey:DJPFJNCJ;zkey_file:YM6AVE5D	doi:10.1596/28045
1549	zcollection:Calibre;zkey:DJPFJNCJ;zkey_file:TPYDK33Z	
155	zcollection:Calibre;zkey:DJPFJNCJ;zkey_file:RVUNSFJB	
1550	zcollection:Calibre;zkey:DJPFJNCJ;zkey_file:QIXIAIV3	
1552	zcollection:Calibre;zkey:DJPFJNCJ;zkey_file:6FNNWWXG	
1553	zcollection:Calibre;zkey:DJPFJNCJ;zkey_file:25ICARYP	
1554	zcollection:Calibre;zkey:DJPFJNCJ;zkey_file:4TSH443U	
1555	zcollection:Calibre;zkey:DJPFJNCJ;zkey_file:HF5CGLLL	
1556	zcollection:Calibre;zkey:DJPFJNCJ;zkey_file:ERHVZI3W	
1557	zcollection:Calibre;zkey:DJPFJNCJ;zkey_file:FDXU6ZYR	
156	doi:10.1108/14715200280001472;zcollection:Calibre;zkey:DJPFJNCJ;zkey_file:8FY5J4KW	doi:10.1108/14715200280001472
1560	zcollection:Calibre;zkey:DJPFJNCJ;zkey_file:HKGFMJLA	
1561	zcollection:Calibre;zkey:DJPFJNCJ;zkey_file:DVCXZFFQ	
1562	zcollection:Calibre;zkey:DJPFJNCJ;zkey_file:ZKDS9RPE	
1563	zcollection:Calibre;zkey:DJPFJNCJ;zkey_file:T3EVXGLE	
1564	zcollection:Calibre;zkey:DJPFJNCJ;zkey_file:ERJA7J2J	
1565	zcollection:Calibre;zkey:DJPFJNCJ;zkey_file:8LV42F4C	
1566	zcollection:Calibre;zkey:DJPFJNCJ;zkey_file:X5GFI5GL	
1567	zcollection:Calibre;zkey:DJPFJNCJ;zkey_file:PPQK4WIR	
1569	zcollection:Calibre;zkey:DJPFJNCJ;zkey_file:XBG6WW63	
157	zcollection:Calibre;zkey:DJPFJNCJ;zkey_file:VDLDSW8W	
1570	isbn:9789500401982;zcollection:Calibre;zkey:DJPFJNCJ;zkey_file:HXECDDQU	isbn:9789500401982
1571	zcollection:Calibre;zkey:DJPFJNCJ;zkey_file:IZS9LD24	
1572	zcollection:Calibre;zkey:DJPFJNCJ;zkey_file:ATE8XIS6	
1574	zcollection:Calibre;zkey:DJPFJNCJ;zkey_file:EZUKHQ9M	
1575	zcollection:Calibre;zkey:DJPFJNCJ;zkey_file:KBWZV86R	
1576	zcollection:Calibre;zkey:DJPFJNCJ;zkey_file:34AFVNQ8	
1577	zcollection:Calibre;zkey:DJPFJNCJ;zkey_file:VPMDXGUD	
1578	zcollection:Calibre;zkey:DJPFJNCJ;zkey_file:H9UUQBGV	
1579	zcollection:Calibre;zkey:DJPFJNCJ;zkey_file:PWQ9KMCS	
158	zcollection:Calibre;zkey:DJPFJNCJ;zkey_file:WBEI4BXJ	
1580	zcollection:Calibre;zkey:DJPFJNCJ;zkey_file:6S5HG9KX	
1581	zcollection:Calibre;zkey:DJPFJNCJ;zkey_file:VYEHWNTL	
1582	zcollection:Calibre;zkey:DJPFJNCJ;zkey_file:5PBTWFA5	
1583	zcollection:Calibre;zkey:DJPFJNCJ;zkey_file:82G3CQVP	
1584	zcollection:Calibre;zkey:DJPFJNCJ;zkey_file:EBBIPL63	
1587	zcollection:Calibre;zkey:DJPFJNCJ;zkey_file:ZXXLA3EQ	
1588	isbn:9780324421620;zcollection:Calibre;zkey:DJPFJNCJ;zkey_file:JNE7CVFP	isbn:9780324421620
159	zcollection:Calibre;zkey:DJPFJNCJ;zkey_file:9AZWZ9J4	
1590	zcollection:Calibre;zkey:DJPFJNCJ;zkey_file:AHPZMXQS	
1593	zcollection:Calibre;zkey:DJPFJNCJ;zkey_file:WCFYL8JK	
1594	zcollection:Calibre;zkey:DJPFJNCJ;zkey_file:QJXBJIZE	
1595	zcollection:Calibre;zkey:DJPFJNCJ;zkey_file:LRVXWIP9	
1596	zcollection:Calibre;zkey:DJPFJNCJ;zkey_file:YHBGMVL2	
1597	zcollection:Calibre;zkey:DJPFJNCJ;zkey_file:6HF8VE5J	
1598	zcollection:Calibre;zkey:DJPFJNCJ;zkey_file:E3U97CLT	
1599	zcollection:Calibre;zkey:DJPFJNCJ;zkey_file:ELPTZ429	
160	zcollection:Calibre;zkey:DJPFJNCJ;zkey_file:INVQQ4K4	
1600	zcollection:Calibre;zkey:DJPFJNCJ;zkey_file:KU2ADMI6	
1601	zcollection:Calibre;zkey:DJPFJNCJ;zkey_file:KH6UQ2YV	
1602	zcollection:Calibre;zkey:DJPFJNCJ;zkey_file:62994L2G	
1604	zcollection:Calibre;zkey:DJPFJNCJ;zkey_file:MQRQ5AB9	
1605	zcollection:Calibre;zkey:DJPFJNCJ;zkey_file:MVTYVGBS	
1606	zcollection:Calibre;zkey:DJPFJNCJ;zkey_file:FXQ6SJ5V	
1607	zcollection:Calibre;zkey:DJPFJNCJ;zkey_file:IP4H7NB8	
1608	zcollection:Calibre;zkey:DJPFJNCJ;zkey_file:327DRS2C	
1609	zcollection:Calibre;zkey:DJPFJNCJ;zkey_file:3BXBQSL6	
161	zcollection:Calibre;zkey:DJPFJNCJ;zkey_file:RQ5SK7MR	
1610	zcollection:Calibre;zkey:DJPFJNCJ;zkey_file:CQLF4YES	
1612	zcollection:Calibre;zkey:DJPFJNCJ;zkey_file:B6PJJ4I9	
1613	zcollection:Calibre;zkey:DJPFJNCJ;zkey_file:J64MDVYR	
1614	zcollection:Calibre;zkey:DJPFJNCJ;zkey_file:GIHSFH46	
1616	zcollection:Calibre;zkey:DJPFJNCJ;zkey_file:RDNV8NH3	
1617	zcollection:Calibre;zkey:DJPFJNCJ;zkey_file:RKY8KY89	
1618	zcollection:Calibre;zkey:DJPFJNCJ;zkey_file:WDYG9BIL	
162	zcollection:Calibre;zkey:DJPFJNCJ;zkey_file:I6YDHEDT	
1620	zcollection:Calibre;zkey:DJPFJNCJ;zkey_file:6ZXTCP5G	
1622	zcollection:Calibre;zkey:DJPFJNCJ;zkey_file:63XELB3R	
1624	zcollection:Calibre;zkey:DJPFJNCJ;zkey_file:XAHNEEV3	
1625	zcollection:Calibre;zkey:DJPFJNCJ;zkey_file:9L5ZVR4N	
1626	zcollection:Calibre;zkey:DJPFJNCJ;zkey_file:8G9F2GSE	
1627	zcollection:Calibre;zkey:DJPFJNCJ;zkey_file:MP9S4WHH	
1628	zcollection:Calibre;zkey:DJPFJNCJ;zkey_file:KE64Z5IF	
163	zcollection:Calibre;zkey:DJPFJNCJ;zkey_file:2RRF53ML	
1631	zcollection:Calibre;zkey:DJPFJNCJ;zkey_file:ZL6SS3HR	
1632	zcollection:Calibre;zkey:DJPFJNCJ;zkey_file:8ZII482N	
1633	zcollection:Calibre;zkey:DJPFJNCJ;zkey_file:KZRC7IKL	
1634	zcollection:Calibre;zkey:DJPFJNCJ;zkey_file:ACZE72NR	
1635	zcollection:Calibre;zkey:DJPFJNCJ;zkey_file:49FW5CIK	
1636	isbn:8431629231;zcollection:Calibre;zkey:DJPFJNCJ;zkey_file:9NBEW5ZV	isbn:8431629231
1637	zcollection:Calibre;zkey:DJPFJNCJ;zkey_file:FR89ARA5	
1638	zcollection:Calibre;zkey:DJPFJNCJ;zkey_file:ZT4JYCBL	
1639	zcollection:Calibre;zkey:DJPFJNCJ;zkey_file:V6SAPADU	
164	zcollection:Calibre;zkey:DJPFJNCJ;zkey_file:EJNAJIDP	
1640	zcollection:Calibre;zkey:DJPFJNCJ;zkey_file:C7ZRZ25N	
1641	zcollection:Calibre;zkey:DJPFJNCJ;zkey_file:BPQDYE44	
1642	zcollection:Calibre;zkey:DJPFJNCJ;zkey_file:9FDYMRLZ	
1643	zcollection:Calibre;zkey:DJPFJNCJ;zkey_file:25E6DSLF	
1644	zcollection:Calibre;zkey:DJPFJNCJ;zkey_file:A3PQA5JY	
1645	zcollection:Calibre;zkey:DJPFJNCJ;zkey_file:Z3IVAU64	
1648	zcollection:Calibre;zkey:DJPFJNCJ;zkey_file:XQYHRLP6	
1649	zcollection:Calibre;zkey:DJPFJNCJ;zkey_file:MIW5YDKB	
165	zcollection:Calibre;zkey:DJPFJNCJ;zkey_file:9EFCSVNM	
1650	zcollection:Calibre;zkey:DJPFJNCJ;zkey_file:VZRPB3AS	
1652	isbn:9505165161;zcollection:Calibre;zkey:DJPFJNCJ;zkey_file:IEDQYP6H	isbn:9505165161
1653	zcollection:Calibre;zkey:DJPFJNCJ;zkey_file:J34GSX86	
1654	zcollection:Calibre;zkey:DJPFJNCJ;zkey_file:YIMWEDQC	
1655	zcollection:Calibre;zkey:DJPFJNCJ;zkey_file:EM4KV3WA	
1658	zcollection:Calibre;zkey:DJPFJNCJ;zkey_file:ZHNHMYIZ	
166	zcollection:Calibre;zkey:DJPFJNCJ;zkey_file:4LZLGFWE	
1660	zcollection:Calibre;zkey:DJPFJNCJ;zkey_file:U6GFMUZT	
1661	zcollection:Calibre;zkey:DJPFJNCJ;zkey_file:2HI2GYPZ	
1662	zcollection:Calibre;zkey:DJPFJNCJ;zkey_file:A8439KGV	
1663	zcollection:Calibre;zkey:DJPFJNCJ;zkey_file:R666U76X	
1664	zcollection:Calibre;zkey:DJPFJNCJ;zkey_file:GKYG3DMW	
1665	zcollection:Calibre;zkey:DJPFJNCJ;zkey_file:7E3TPPMJ	
1669	zcollection:Calibre;zkey:DJPFJNCJ;zkey_file:S2F44GBE	
167	zcollection:Calibre;zkey:DJPFJNCJ;zkey_file:WLTYPINZ	
1671	doi:10.5547/issn0195-6574-ej-vol22-no1-4;zcollection:Calibre;zkey:DJPFJNCJ;zkey_file:2M5PREYI	doi:10.5547/issn0195-6574-ej-vol22-no1-4
1672	doi:10.5547/issn0195-6574-ej-vol22-no1-4;zcollection:Calibre;zkey:DJPFJNCJ;zkey_file:LG4TGV2U	doi:10.5547/issn0195-6574-ej-vol22-no1-4
1673	zcollection:Calibre;zkey:DJPFJNCJ;zkey_file:XZCDLVZG	
1675	zcollection:Calibre;zkey:DJPFJNCJ;zkey_file:LV324L8C	
1676	zcollection:Calibre;zkey:DJPFJNCJ;zkey_file:AQWP5T29	
1677	zcollection:Calibre;zkey:DJPFJNCJ;zkey_file:4DQV7QUC	
168	zcollection:Calibre;zkey:DJPFJNCJ;zkey_file:97MQP6TD	
1680	zcollection:Calibre;zkey:DJPFJNCJ;zkey_file:ADSNFAIX	
1681	zcollection:Calibre;zkey:DJPFJNCJ;zkey_file:TY5G4DEY	
1682	zcollection:Calibre;zkey:DJPFJNCJ;zkey_file:83PLZQ7S	
1683	zcollection:Calibre;zkey:DJPFJNCJ;zkey_file:ZD3ZIQV4	
1686	zcollection:Calibre;zkey:DJPFJNCJ;zkey_file:SJANCRPH	
1687	zcollection:Calibre;zkey:DJPFJNCJ;zkey_file:XF6GC6SU	
1688	zcollection:Calibre;zkey:DJPFJNCJ;zkey_file:7F9ABQKM	
1689	zcollection:Calibre;zkey:DJPFJNCJ;zkey_file:3BQPM2PL	
169	zcollection:Calibre;zkey:DJPFJNCJ;zkey_file:Z85TZI8Q	
1691	zcollection:Calibre;zkey:DJPFJNCJ;zkey_file:WICHUHG2	
1692	zcollection:Calibre;zkey:DJPFJNCJ;zkey_file:9YV9GTRY	
1693	zcollection:Calibre;zkey:DJPFJNCJ;zkey_file:ETKYR2DJ	
1694	zcollection:Calibre;zkey:DJPFJNCJ;zkey_file:PWI4WPWB	
1695	zcollection:Calibre;zkey:DJPFJNCJ;zkey_file:E946JWU9	
1696	zcollection:Calibre;zkey:DJPFJNCJ;zkey_file:PKJED46P	
1697	zcollection:Calibre;zkey:DJPFJNCJ;zkey_file:SIDYDGXH	
1698	zcollection:Calibre;zkey:DJPFJNCJ;zkey_file:QE2T337M	
1699	zcollection:Calibre;zkey:DJPFJNCJ;zkey_file:K46QLQXV	
170	zcollection:Calibre;zkey:DJPFJNCJ;zkey_file:TLA49LFJ	
1700	zcollection:Calibre;zkey:DJPFJNCJ;zkey_file:KUX9YP9A	
1701	zcollection:Calibre;zkey:DJPFJNCJ;zkey_file:XULAM9P6	
1702	zcollection:Calibre;zkey:DJPFJNCJ;zkey_file:YUWWZ6XB	
1703	zcollection:Calibre;zkey:DJPFJNCJ;zkey_file:FM7AFZFX	
1704	zcollection:Calibre;zkey:DJPFJNCJ;zkey_file:QNQVVMEE	
1705	zcollection:Calibre;zkey:DJPFJNCJ;zkey_file:A4GUHGL5	
1706	zcollection:Calibre;zkey:DJPFJNCJ;zkey_file:VKZWL2LU	
1707	zcollection:Calibre;zkey:DJPFJNCJ;zkey_file:NVHHMJWH	
1708	zcollection:Calibre;zkey:DJPFJNCJ;zkey_file:3ISVDZFW	
1709	zcollection:Calibre;zkey:DJPFJNCJ;zkey_file:MBVU9G7C	
171	zcollection:Calibre;zkey:DJPFJNCJ;zkey_file:UMD47QG5	
1710	isbn:9788420653495;zcollection:Calibre;zkey:DJPFJNCJ;zkey_file:ZXLTHT53	isbn:9788420653495
1711	zcollection:Calibre;zkey:DJPFJNCJ;zkey_file:78UAR8G3	
1712	zcollection:Calibre;zkey:DJPFJNCJ;zkey_file:A3JNIJY3	
1713	zcollection:Calibre;zkey:DJPFJNCJ;zkey_file:GKURZFHV	
1714	zcollection:Calibre;zkey:DJPFJNCJ;zkey_file:T69ISPJ3	
1715	zcollection:Calibre;zkey:DJPFJNCJ;zkey_file:F2CG7H8B	
1716	zcollection:Calibre;zkey:DJPFJNCJ;zkey_file:PFIQA53N	
1718	zcollection:Calibre;zkey:DJPFJNCJ;zkey_file:JGQDNKY5	
1719	zcollection:Calibre;zkey:DJPFJNCJ;zkey_file:2IDF5LQ2	
172	zcollection:Calibre;zkey:DJPFJNCJ;zkey_file:W34SZWPF	
1722	zcollection:Calibre;zkey:DJPFJNCJ;zkey_file:Z3BSINH4	
1723	zcollection:Calibre;zkey:DJPFJNCJ;zkey_file:7T6YHV68	
1725	zcollection:Calibre;zkey:DJPFJNCJ;zkey_file:VK9ERY9C	
1726	zcollection:Calibre;zkey:DJPFJNCJ;zkey_file:FMBG2V9L	
1727	zcollection:Calibre;zkey:DJPFJNCJ;zkey_file:I3SHCSUY	
1728	zcollection:Calibre;zkey:DJPFJNCJ;zkey_file:866NJA2V	
1729	zcollection:Calibre;zkey:DJPFJNCJ;zkey_file:UWAZRH92	
173	zcollection:Calibre;zkey:DJPFJNCJ;zkey_file:N7Q3G8N4	
1730	zcollection:Calibre;zkey:DJPFJNCJ;zkey_file:6MTQHT52	
1731	zcollection:Calibre;zkey:DJPFJNCJ;zkey_file:QUN84SN8	
1733	zcollection:Calibre;zkey:DJPFJNCJ;zkey_file:5BGBPHE9	
1734	zcollection:Calibre;zkey:DJPFJNCJ;zkey_file:KDFMYUB2	
1735	zcollection:Calibre;zkey:DJPFJNCJ;zkey_file:P67Z3PXN	
1736	zcollection:Calibre;zkey:DJPFJNCJ;zkey_file:HL7P64BH	
1737	zcollection:Calibre;zkey:DJPFJNCJ;zkey_file:CD7GLA4A	
1738	zcollection:Calibre;zkey:DJPFJNCJ;zkey_file:59LGJINZ	
1739	zcollection:Calibre;zkey:DJPFJNCJ;zkey_file:IPBJ64QS	
174	zcollection:Calibre;zkey:DJPFJNCJ;zkey_file:86CFXBLE	
1740	zcollection:Calibre;zkey:DJPFJNCJ;zkey_file:KQJ7RKCX	
1741	doi:10.4000/interventionseconomiques.20954;zcollection:Calibre;zkey:DJPFJNCJ;zkey_file:MAL26M52	doi:10.4000/interventionseconomiques.20954
1742	zcollection:Calibre;zkey:DJPFJNCJ;zkey_file:36JL9CUN	
1744	isbn:9509546062;zcollection:Calibre;zkey:DJPFJNCJ;zkey_file:JSXYHWI9	isbn:9509546062
1746	zcollection:Calibre;zkey:DJPFJNCJ;zkey_file:XZBDWR25	
1747	zcollection:Calibre;zkey:DJPFJNCJ;zkey_file:GSSIBYJF	
1748	zcollection:Calibre;zkey:DJPFJNCJ;zkey_file:4L78HQ8E	
1749	zcollection:Calibre;zkey:DJPFJNCJ;zkey_file:LHJXHMKD	
175	zcollection:Calibre;zkey:DJPFJNCJ;zkey_file:PXL98ZKT	
1750	zcollection:Calibre;zkey:DJPFJNCJ;zkey_file:7564JDXS	
1751	zcollection:Calibre;zkey:DJPFJNCJ;zkey_file:V5YMDTB9	
1752	zcollection:Calibre;zkey:DJPFJNCJ;zkey_file:EBIJDTB6	
1753	zcollection:Calibre;zkey:DJPFJNCJ;zkey_file:CCD6XCEU	
1754	isbn:9789507221088;zcollection:Calibre;zkey:DJPFJNCJ;zkey_file:R8B9ZWL8	isbn:9789507221088
1756	zcollection:Calibre;zkey:DJPFJNCJ;zkey_file:QQ4E3UA2	
1757	zcollection:Calibre;zkey:DJPFJNCJ;zkey_file:H9ZWW98P	
1758	doi:10.2307/3439651;zcollection:Calibre;zkey:DJPFJNCJ;zkey_file:Y3KVBFZX	doi:10.2307/3439651
1759	zcollection:Calibre;zkey:DJPFJNCJ;zkey_file:WI4IX6W6	
176	zcollection:Calibre;zkey:DJPFJNCJ;zkey_file:WY5262RZ	
1760	zcollection:Calibre;zkey:DJPFJNCJ;zkey_file:RLN4GIS3	
1762	zcollection:Calibre;zkey:DJPFJNCJ;zkey_file:TWI2FC36	
1763	zcollection:Calibre;zkey:DJPFJNCJ;zkey_file:NIHRXR9C	
1764	zcollection:Calibre;zkey:DJPFJNCJ;zkey_file:9ILU49WF	
1765	zcollection:Calibre;zkey:DJPFJNCJ;zkey_file:NK5BLSKD	
1766	zcollection:Calibre;zkey:DJPFJNCJ;zkey_file:6XQESVV3	
1767	zcollection:Calibre;zkey:DJPFJNCJ;zkey_file:2LVUZTKI	
177	zcollection:Calibre;zkey:DJPFJNCJ;zkey_file:XWQHGX5W	
1770	zcollection:Calibre;zkey:DJPFJNCJ;zkey_file:95JJ27ZJ	
1771	zcollection:Calibre;zkey:DJPFJNCJ;zkey_file:357VE8SS	
1772	doi:10.2139/ssrn.5366237;zcollection:Calibre;zkey:DJPFJNCJ;zkey_file:D4XLRIGF	doi:10.2139/ssrn.5366237
1774	zcollection:Calibre;zkey:DJPFJNCJ;zkey_file:G4IJZIHQ	
1776	zcollection:Calibre;zkey:DJPFJNCJ;zkey_file:5IAZSA4W	
1777	zcollection:Calibre;zkey:DJPFJNCJ;zkey_file:GGNJD5CX	
1778	zcollection:Calibre;zkey:DJPFJNCJ;zkey_file:997Q87M9	
1779	zcollection:Calibre;zkey:DJPFJNCJ;zkey_file:I9HRUNJQ	
178	zcollection:Calibre;zkey:DJPFJNCJ;zkey_file:RLUA79HM	
1780	zcollection:Calibre;zkey:DJPFJNCJ;zkey_file:LPHXASX6	
1782	zcollection:Calibre;zkey:DJPFJNCJ;zkey_file:MPVTEVU5	
1784	zcollection:Calibre;zkey:DJPFJNCJ;zkey_file:9E4ALEHX	
1785	zcollection:Calibre;zkey:DJPFJNCJ;zkey_file:Y8RDQVBL	
1786	zcollection:Calibre;zkey:DJPFJNCJ;zkey_file:Y7DQBISL	
1787	zcollection:Calibre;zkey:DJPFJNCJ;zkey_file:VTX6NJ8W	
1788	zcollection:Calibre;zkey:DJPFJNCJ;zkey_file:UD66FC45	
1789	zcollection:Calibre;zkey:DJPFJNCJ;zkey_file:EN9QIY5K	
179	zcollection:Calibre;zkey:DJPFJNCJ;zkey_file:KB6W3ZH5	
1790	zcollection:Calibre;zkey:DJPFJNCJ;zkey_file:NPAPECWR	
1791	zcollection:Calibre;zkey:DJPFJNCJ;zkey_file:U8NK34AW	
1792	zcollection:Calibre;zkey:DJPFJNCJ;zkey_file:8FH5LPAN	
1793	zcollection:Calibre;zkey:DJPFJNCJ;zkey_file:L4SJVRUA	
18	zcollection:Calibre;zkey:DJPFJNCJ;zkey_file:6DB6QFBQ	
180	zcollection:Calibre;zkey:DJPFJNCJ;zkey_file:6BDMAW8R	
1809	zcollection:Calibre;zkey:DJPFJNCJ;zkey_file:QFYBFB7M	
181	zcollection:Calibre;zkey:DJPFJNCJ;zkey_file:IRILITUE	
182	zcollection:Calibre;zkey:DJPFJNCJ;zkey_file:9SX27MA5	
183	zcollection:Calibre;zkey:DJPFJNCJ;zkey_file:W7IYHNFA	
1831	zcollection:Calibre;zkey:DJPFJNCJ;zkey_file:RF9CEQCP	
184	zcollection:Calibre;zkey:DJPFJNCJ;zkey_file:L8RV5XP7	
185	zcollection:Calibre;zkey:DJPFJNCJ;zkey_file:FHPG5Y3I	
1855	zcollection:Calibre;zkey:DJPFJNCJ;zkey_file:ST4YZ5ZJ	
186	zcollection:Calibre;zkey:DJPFJNCJ;zkey_file:9FY76L2X	
187	zcollection:Calibre;zkey:DJPFJNCJ;zkey_file:ULSKZBC8	
1879	zcollection:Calibre;zkey:DJPFJNCJ;zkey_file:TFVRQA7F	
188	zcollection:Calibre;zkey:DJPFJNCJ;zkey_file:KFH3ID4Y	
1881	zcollection:Calibre;zkey:DJPFJNCJ;zkey_file:L5JJDLR6	
1883	zcollection:Calibre;zkey:DJPFJNCJ;zkey_file:FZ5JUC57	
189	zcollection:Calibre;zkey:DJPFJNCJ;zkey_file:NAA35PYD	
1896	zcollection:Calibre;zkey:DJPFJNCJ;zkey_file:LSRFSJIX	
19	zcollection:Calibre;zkey:DJPFJNCJ;zkey_file:4EFYMWCT	
190	zcollection:Calibre;zkey:DJPFJNCJ;zkey_file:667GEU5W	
1909	zcollection:Calibre;zkey:DJPFJNCJ;zkey_file:EKHJ8ACX	
191	zcollection:Calibre;zkey:DJPFJNCJ;zkey_file:PLCT2QCP	
192	zcollection:Calibre;zkey:DJPFJNCJ;zkey_file:5P7ACUJ4	
1920	zcollection:Calibre;zkey:DJPFJNCJ;zkey_file:83A59MBW	
193	zcollection:Calibre;zkey:DJPFJNCJ;zkey_file:EVCGNL5G	
1931	zcollection:Calibre;zkey:DJPFJNCJ;zkey_file:XFGL6MHW	
1934	zcollection:Calibre;zkey:DJPFJNCJ;zkey_file:ITMT6GHN	
1935	zcollection:Calibre;zkey:DJPFJNCJ;zkey_file:ZKXT8H4F	
1937	zcollection:Calibre;zkey:DJPFJNCJ;zkey_file:RN8NNWKP	
1938	zcollection:Calibre;zkey:DJPFJNCJ;zkey_file:DR3KL38V	
1939	zcollection:Calibre;zkey:DJPFJNCJ;zkey_file:DBUVDCMR	
194	zcollection:Calibre;zkey:DJPFJNCJ;zkey_file:EJ6PKR24	
1941	zcollection:Calibre;zkey:DJPFJNCJ;zkey_file:RZHZ3KVV	
1942	zcollection:Calibre;zkey:DJPFJNCJ;zkey_file:REBMNBAI	
1943	zcollection:Calibre;zkey:DJPFJNCJ;zkey_file:9DLTR99X	
1944	zcollection:Calibre;zkey:DJPFJNCJ;zkey_file:FY8VYLYL	
1946	zcollection:Calibre;zkey:DJPFJNCJ;zkey_file:ZSPKS37G	
1947	zcollection:Calibre;zkey:DJPFJNCJ;zkey_file:M6CR3XP7	
1949	zcollection:Calibre;zkey:DJPFJNCJ;zkey_file:LDGJN3KW	
1950	zcollection:Calibre;zkey:DJPFJNCJ;zkey_file:6Y4EELTE	
1951	zcollection:Calibre;zkey:DJPFJNCJ;zkey_file:2KS6BXA7	
1952	zcollection:Calibre;zkey:DJPFJNCJ;zkey_file:BDEEKTS4	
1953	zcollection:Calibre;zkey:DJPFJNCJ;zkey_file:3ZFV5AGU	
1954	zcollection:Calibre;zkey:DJPFJNCJ;zkey_file:WAAUKLIU	
1955	zcollection:Calibre;zkey:DJPFJNCJ;zkey_file:QPJ7ZSX8	
1956	zcollection:Calibre;zkey:DJPFJNCJ;zkey_file:4EJPETXR	
1958	zcollection:Calibre;zkey:DJPFJNCJ;zkey_file:HXYUAIPR	
1959	zcollection:Calibre;zkey:DJPFJNCJ;zkey_file:G78KSLEF	
196	zcollection:Calibre;zkey:DJPFJNCJ;zkey_file:CSLSS8E2	
1960	zcollection:Calibre;zkey:DJPFJNCJ;zkey_file:U5BJS7RV	
1961	zcollection:Calibre;zkey:DJPFJNCJ;zkey_file:E4PTK3CP	
1962	zcollection:Calibre;zkey:DJPFJNCJ;zkey_file:6Z4DNE85	
1963	zcollection:Calibre;zkey:DJPFJNCJ;zkey_file:QAMFL7JG	
1964	zcollection:Calibre;zkey:DJPFJNCJ;zkey_file:FB87U3HT	
1966	zcollection:Calibre;zkey:DJPFJNCJ;zkey_file:TTYIDU4L	
1967	zcollection:Calibre;zkey:DJPFJNCJ;zkey_file:6FC8XD7D	
1968	zcollection:Calibre;zkey:DJPFJNCJ;zkey_file:LVHV7PJW	
1969	zcollection:Calibre;zkey:DJPFJNCJ;zkey_file:542VX7IE	
197	zcollection:Calibre;zkey:DJPFJNCJ;zkey_file:5N3MVUNK	
1970	zcollection:Calibre;zkey:DJPFJNCJ;zkey_file:NL7V3WMN	
1971	zcollection:Calibre;zkey:DJPFJNCJ;zkey_file:EHIIR4UA	
1972	zcollection:Calibre;zkey:DJPFJNCJ;zkey_file:6DEBA2UQ	
1973	zcollection:Calibre;zkey:DJPFJNCJ;zkey_file:D9VEI8HY	
1974	zcollection:Calibre;zkey:DJPFJNCJ;zkey_file:WSDM5YD7	
1975	zcollection:Calibre;zkey:DJPFJNCJ;zkey_file:EKH6UVC4	
1976	zcollection:Calibre;zkey:DJPFJNCJ;zkey_file:PSJEGT4H	
1978	zcollection:Calibre;zkey:DJPFJNCJ;zkey_file:G7JGZKKA	
198	zcollection:Calibre;zkey:DJPFJNCJ;zkey_file:BNJ4FWVH	
1980	zcollection:Calibre;zkey:DJPFJNCJ;zkey_file:GJAMLQ2V	
1988	zcollection:Calibre;zkey:DJPFJNCJ;zkey_file:8EQH9ZE3	
1989	zcollection:Calibre;zkey:DJPFJNCJ;zkey_file:D5CC3X5M	
199	zcollection:Calibre;zkey:DJPFJNCJ;zkey_file:KZNR5QSU	
1990	zcollection:Calibre;zkey:DJPFJNCJ;zkey_file:I6SSV5YL	
1991	doi:10.18845/tm.v28i2.2340;zcollection:Calibre;zkey:DJPFJNCJ;zkey_file:V4XJGT6B	doi:10.18845/tm.v28i2.2340
1993	zcollection:Calibre;zkey:DJPFJNCJ;zkey_file:E3C8M4TW	
1994	zcollection:Calibre;zkey:DJPFJNCJ;zkey_file:S3953FNQ	
1995	zcollection:Calibre;zkey:DJPFJNCJ;zkey_file:7XXGTQX7	
1996	zcollection:Calibre;zkey:DJPFJNCJ;zkey_file:44GE7RJP	
1997	zcollection:Calibre;zkey:DJPFJNCJ;zkey_file:73QLZN53	
1998	zcollection:Calibre;zkey:DJPFJNCJ;zkey_file:H4JR8W9D	
1999	zcollection:Calibre;zkey:DJPFJNCJ;zkey_file:RXDLT4UT	
20	zcollection:Calibre;zkey:DJPFJNCJ;zkey_file:NYG3QLYA	
2000	zcollection:Calibre;zkey:DJPFJNCJ;zkey_file:F4QII9HW	
2001	zcollection:Calibre;zkey:DJPFJNCJ;zkey_file:RILRZPGQ	
2002	zcollection:Calibre;zkey:DJPFJNCJ;zkey_file:RZI8J26I	
2003	zcollection:Calibre;zkey:DJPFJNCJ;zkey_file:HII9WW3S	
2004	zcollection:Calibre;zkey:DJPFJNCJ;zkey_file:WFRKD826	
2005	zcollection:Calibre;zkey:DJPFJNCJ;zkey_file:E5H7H7PK	
2006	zcollection:Calibre;zkey:DJPFJNCJ;zkey_file:Y69NUVIP	
2007	zcollection:Calibre;zkey:DJPFJNCJ;zkey_file:7ZXXYM2N	
2008	doi:10.18235/0003156;zcollection:Calibre;zkey:DJPFJNCJ;zkey_file:VC3IJC2F	doi:10.18235/0003156
2009	zcollection:Calibre;zkey:DJPFJNCJ;zkey_file:XCR79JWU	
201	zcollection:Calibre;zkey:DJPFJNCJ;zkey_file:QN76BBCY	
2010	zcollection:Calibre;zkey:DJPFJNCJ;zkey_file:ISEETILJ	
2011	zcollection:Calibre;zkey:DJPFJNCJ;zkey_file:QAUEL7Z9	
2015	zcollection:Calibre;zkey:DJPFJNCJ;zkey_file:RGCI94J7	
2016	zcollection:Calibre;zkey:DJPFJNCJ;zkey_file:V34BDNB8	
2017	zcollection:Calibre;zkey:DJPFJNCJ;zkey_file:CW8N8G33	
2018	zcollection:Calibre;zkey:DJPFJNCJ;zkey_file:N8JVXLK7	
2019	zcollection:Calibre;zkey:DJPFJNCJ;zkey_file:B7SYY7ZW	
2021	zcollection:Calibre;zkey:DJPFJNCJ;zkey_file:6BP647MI	
2022	zcollection:Calibre;zkey:DJPFJNCJ;zkey_file:L9VKPA9M	
2023	zcollection:Calibre;zkey:DJPFJNCJ;zkey_file:734V83N3	
2024	zcollection:Calibre;zkey:DJPFJNCJ;zkey_file:GW7W5RUQ	
2025	zcollection:Calibre;zkey:DJPFJNCJ;zkey_file:H6HIYVU9	
2026	zcollection:Calibre;zkey:DJPFJNCJ;zkey_file:5I35AD3B	
2028	zcollection:Calibre;zkey:DJPFJNCJ;zkey_file:H6X8Q8II	
2029	zcollection:Calibre;zkey:DJPFJNCJ;zkey_file:GUUIRHB4	
203	zcollection:Calibre;zkey:DJPFJNCJ;zkey_file:5U9BWYRU	
2030	zcollection:Calibre;zkey:DJPFJNCJ;zkey_file:KJZGGAKW	
2031	zcollection:Calibre;zkey:DJPFJNCJ;zkey_file:VVMULETW	
2032	zcollection:Calibre;zkey:DJPFJNCJ;zkey_file:5TQT7UFQ	
2035	zcollection:Calibre;zkey:DJPFJNCJ;zkey_file:BM6F4QFB	
2038	zcollection:Calibre;zkey:DJPFJNCJ;zkey_file:PUP6Q4DF	
2039	zcollection:Calibre;zkey:DJPFJNCJ;zkey_file:7AJZHGHH	
204	zcollection:Calibre;zkey:DJPFJNCJ;zkey_file:HWG86CHQ	
2040	zcollection:Calibre;zkey:DJPFJNCJ;zkey_file:W976ELC3	
2041	zcollection:Calibre;zkey:DJPFJNCJ;zkey_file:DWH2RDDQ	
2042	zcollection:Calibre;zkey:DJPFJNCJ;zkey_file:Q94F6I3A	
2043	zcollection:Calibre;zkey:DJPFJNCJ;zkey_file:BQUWILCG	
2044	zcollection:Calibre;zkey:DJPFJNCJ;zkey_file:4ADEE7MR	
2045	zcollection:Calibre;zkey:DJPFJNCJ;zkey_file:KAZ24GQM	
2046	zcollection:Calibre;zkey:DJPFJNCJ;zkey_file:2MPRGYKC	
2048	zcollection:Calibre;zkey:DJPFJNCJ;zkey_file:QGTY6F7H	
2049	zcollection:Calibre;zkey:DJPFJNCJ;zkey_file:6KA7UHDQ	
205	zcollection:Calibre;zkey:DJPFJNCJ;zkey_file:BSGKGWKP	
2053	zcollection:Calibre;zkey:DJPFJNCJ;zkey_file:N5MCNZZ7	
2054	zcollection:Calibre;zkey:DJPFJNCJ;zkey_file:JVI8K9JA	
2055	zcollection:Calibre;zkey:DJPFJNCJ;zkey_file:J5U4X5JM	
2056	zcollection:Calibre;zkey:DJPFJNCJ;zkey_file:KFZ6I4IG	
2057	zcollection:Calibre;zkey:DJPFJNCJ;zkey_file:I4QITTAH	
2058	zcollection:Calibre;zkey:DJPFJNCJ;zkey_file:SBQ8PEQ8	
2059	zcollection:Calibre;zkey:DJPFJNCJ;zkey_file:Z97T8EFQ	
206	zcollection:Calibre;zkey:DJPFJNCJ;zkey_file:UNWIQGBZ	
2060	zcollection:Calibre;zkey:DJPFJNCJ;zkey_file:ESL5MHZW	
2061	zcollection:Calibre;zkey:DJPFJNCJ;zkey_file:IXE7EMHS	
2065	zcollection:Calibre;zkey:DJPFJNCJ;zkey_file:NYVBNWCR	
2066	zcollection:Calibre;zkey:DJPFJNCJ;zkey_file:ILBUBR3Z	
2067	zcollection:Calibre;zkey:DJPFJNCJ;zkey_file:4MIVBF65	
2068	zcollection:Calibre;zkey:DJPFJNCJ;zkey_file:2AP4MDZ5	
207	zcollection:Calibre;zkey:DJPFJNCJ;zkey_file:X9QA64PW	
2071	zcollection:Calibre;zkey:DJPFJNCJ;zkey_file:7V857EHC	
2072	zcollection:Calibre;zkey:DJPFJNCJ;zkey_file:V4ZYZBP5	
2073	zcollection:Calibre;zkey:DJPFJNCJ;zkey_file:RKRSJWEU	
2074	zcollection:Calibre;zkey:DJPFJNCJ;zkey_file:ICC6GGKS	
2075	zcollection:Calibre;zkey:DJPFJNCJ;zkey_file:XLBSIL32	
2076	zcollection:Calibre;zkey:DJPFJNCJ;zkey_file:UXHSTX2F	
2077	zcollection:Calibre;zkey:DJPFJNCJ;zkey_file:T3YI9KTM	
2078	zcollection:Calibre;zkey:DJPFJNCJ;zkey_file:VPFN4EPK	
2079	zcollection:Calibre;zkey:DJPFJNCJ;zkey_file:HX3YDBBR	
2082	zcollection:Calibre;zkey:DJPFJNCJ;zkey_file:WGC4R3Y8	
2085	zcollection:Calibre;zkey:DJPFJNCJ;zkey_file:ABDZXC3T	
2088	zcollection:Calibre;zkey:DJPFJNCJ;zkey_file:X4GJXM38	
2089	zcollection:Calibre;zkey:DJPFJNCJ;zkey_file:8A7EEU2T	
209	zcollection:Calibre;zkey:DJPFJNCJ;zkey_file:GM5I93T3	
2090	zcollection:Calibre;zkey:DJPFJNCJ;zkey_file:KAHENVQD	
2091	zcollection:Calibre;zkey:DJPFJNCJ;zkey_file:JSCN7G9B	
2092	zcollection:Calibre;zkey:DJPFJNCJ;zkey_file:2FMVID9T	
2095	zcollection:Calibre;zkey:DJPFJNCJ;zkey_file:H748J862	
2096	zcollection:Calibre;zkey:DJPFJNCJ;zkey_file:YDLDFPGV	
2097	zcollection:Calibre;zkey:DJPFJNCJ;zkey_file:YYNSU4NZ	
2098	zcollection:Calibre;zkey:DJPFJNCJ;zkey_file:HPS2YBHY	
2099	zcollection:Calibre;zkey:DJPFJNCJ;zkey_file:AD534HZS	
210	doi:10.1093/0199266824.003.0001;zcollection:Calibre;zkey:DJPFJNCJ;zkey_file:VVXL6AXT	doi:10.1093/0199266824.003.0001
2100	zcollection:Calibre;zkey:DJPFJNCJ;zkey_file:2ENQLJNG	
2101	zcollection:Calibre;zkey:DJPFJNCJ;zkey_file:VIXUHEPH	
2102	zcollection:Calibre;zkey:DJPFJNCJ;zkey_file:K7G49IBH	
2103	zcollection:Calibre;zkey:DJPFJNCJ;zkey_file:J7TN2YN8	
2105	zcollection:Calibre;zkey:DJPFJNCJ;zkey_file:KAQ6SA8F	
2106	isbn:958-04-7280-7;zcollection:Calibre;zkey:DJPFJNCJ;zkey_file:23CQ4D7G	isbn:9580472807
2108	zcollection:Calibre;zkey:DJPFJNCJ;zkey_file:E3MQZ7UU	
2109	zcollection:Calibre;zkey:DJPFJNCJ;zkey_file:IP44TL6R	
211	zcollection:Calibre;zkey:DJPFJNCJ;zkey_file:ER3ADA6L	
2110	zcollection:Calibre;zkey:DJPFJNCJ;zkey_file:AYD48RF9	
2111	zcollection:Calibre;zkey:DJPFJNCJ;zkey_file:3ZFEHN4Q	
212	zcollection:Calibre;zkey:DJPFJNCJ;zkey_file:ATPF53MF	
2122	zcollection:Calibre;zkey:DJPFJNCJ;zkey_file:P7HZTMFD	
2129	zcollection:Calibre;zkey:DJPFJNCJ;zkey_file:9GBDET66	
213	zcollection:Calibre;zkey:DJPFJNCJ;zkey_file:2E43SK5R	
2130	zcollection:Calibre;zkey:DJPFJNCJ;zkey_file:MMCEUKDE	
2131	zcollection:Calibre;zkey:DJPFJNCJ;zkey_file:QCJVX36Y	
2132	zcollection:Calibre;zkey:DJPFJNCJ;zkey_file:LBGHKIJE	
2133	zcollection:Calibre;zkey:DJPFJNCJ;zkey_file:5KNKIA4P	
2134	zcollection:Calibre;zkey:DJPFJNCJ;zkey_file:BFGXHICY	
2135	zcollection:Calibre;zkey:DJPFJNCJ;zkey_file:NKHMAK5M	
2136	zcollection:Calibre;zkey:DJPFJNCJ;zkey_file:9AB2ESST	
2137	zcollection:Calibre;zkey:DJPFJNCJ;zkey_file:V8HDLCC2	
2138	zcollection:Calibre;zkey:DJPFJNCJ;zkey_file:2QWFSQQ9	
2139	zcollection:Calibre;zkey:DJPFJNCJ;zkey_file:5E5WJ8XV	
214	zcollection:Calibre;zkey:DJPFJNCJ;zkey_file:EZXMVGEW	
2140	zcollection:Calibre;zkey:DJPFJNCJ;zkey_file:MT3YN484	
2141	zcollection:Calibre;zkey:DJPFJNCJ;zkey_file:P43QRQU4	
2142	zcollection:Calibre;zkey:DJPFJNCJ;zkey_file:SXSZXPQ4	
2143	zcollection:Calibre;zkey:DJPFJNCJ;zkey_file:2CEM52ES	
2148	zcollection:Calibre;zkey:DJPFJNCJ;zkey_file:PC84TCTI	
2149	zcollection:Calibre;zkey:DJPFJNCJ;zkey_file:MWQQCPIN	
215	zcollection:Calibre;zkey:DJPFJNCJ;zkey_file:8SP5AHHT	
2150	zcollection:Calibre;zkey:DJPFJNCJ;zkey_file:2RI74K83	
2151	zcollection:Calibre;zkey:DJPFJNCJ;zkey_file:TLB9862H	
2152	zcollection:Calibre;zkey:DJPFJNCJ;zkey_file:YUWXQXEW	
2153	zcollection:Calibre;zkey:DJPFJNCJ;zkey_file:GI6YC6BR	
2154	zcollection:Calibre;zkey:DJPFJNCJ;zkey_file:CP22DZVK	
2155	zcollection:Calibre;zkey:DJPFJNCJ;zkey_file:356LQFVL	
2156	zcollection:Calibre;zkey:DJPFJNCJ;zkey_file:ATLJDNCA	
2157	zcollection:Calibre;zkey:DJPFJNCJ;zkey_file:W24442RS	
2158	zcollection:Calibre;zkey:DJPFJNCJ;zkey_file:J3CWRCYU	
2159	zcollection:Calibre;zkey:DJPFJNCJ;zkey_file:WSK955BT	
216	zcollection:Calibre;zkey:DJPFJNCJ;zkey_file:UXK8TGF8	
2160	zcollection:Calibre;zkey:DJPFJNCJ;zkey_file:TQ9ILDC3	
2162	zcollection:Calibre;zkey:DJPFJNCJ;zkey_file:2GYGTWCE	
2163	zcollection:Calibre;zkey:DJPFJNCJ;zkey_file:6FJHNY82	
217	zcollection:Calibre;zkey:DJPFJNCJ;zkey_file:9QI5EDG4	
2189	zcollection:Calibre;zkey:DJPFJNCJ;zkey_file:VRMR24NC	
219	zcollection:Calibre;zkey:DJPFJNCJ;zkey_file:SANM5WLJ	
2190	zcollection:Calibre;zkey:DJPFJNCJ;zkey_file:3KWALPJR	
2191	zcollection:Calibre;zkey:DJPFJNCJ;zkey_file:ZC3HZNHR	
2192	zcollection:Calibre;zkey:DJPFJNCJ;zkey_file:3JX5SWQC	
2193	zcollection:Calibre;zkey:DJPFJNCJ;zkey_file:QMXSKGTM	
2194	zcollection:Calibre;zkey:DJPFJNCJ;zkey_file:Z76Q9RBG	
2195	zcollection:Calibre;zkey:DJPFJNCJ;zkey_file:FVNQ4ECH	
2196	zcollection:Calibre;zkey:DJPFJNCJ;zkey_file:FCAEHCIN	
2197	zcollection:Calibre;zkey:DJPFJNCJ;zkey_file:Q9H3DXAU	
2198	zcollection:Calibre;zkey:DJPFJNCJ;zkey_file:4L8NM2GD	
2199	zcollection:Calibre;zkey:DJPFJNCJ;zkey_file:WLSRLRH8	
22	zcollection:Calibre;zkey:DJPFJNCJ;zkey_file:SXAY7THG	
220	zcollection:Calibre;zkey:DJPFJNCJ;zkey_file:KJTQ6PEG	
2200	zcollection:Calibre;zkey:DJPFJNCJ;zkey_file:JTRQLUBX	
2201	zcollection:Calibre;zkey:DJPFJNCJ;zkey_file:NSVV584R	
2203	zcollection:Calibre;zkey:DJPFJNCJ;zkey_file:JGSHSSJS	
2204	zcollection:Calibre;zkey:DJPFJNCJ;zkey_file:B3YLAVY8	
221	zcollection:Calibre;zkey:DJPFJNCJ;zkey_file:STA3JML9	
222	zcollection:Calibre;zkey:DJPFJNCJ;zkey_file:6ZUTQM8T	
223	zcollection:Calibre;zkey:DJPFJNCJ;zkey_file:9CL2T8Q9	
2232	zcollection:Calibre;zkey:DJPFJNCJ;zkey_file:CUS5AABV	
2233	zcollection:Calibre;zkey:DJPFJNCJ;zkey_file:N5ZRIESY	
2234	zcollection:Calibre;zkey:DJPFJNCJ;zkey_file:SN95UJRT	
2235	zcollection:Calibre;zkey:DJPFJNCJ;zkey_file:Y6PLF8F2	
2236	zcollection:Calibre;zkey:DJPFJNCJ;zkey_file:ERD7XPN5	
2237	zcollection:Calibre;zkey:DJPFJNCJ;zkey_file:7RD92769	
2238	zcollection:Calibre;zkey:DJPFJNCJ;zkey_file:KMETUED4	
2239	zcollection:Calibre;zkey:DJPFJNCJ;zkey_file:988C7QXK	
224	zcollection:Calibre;zkey:DJPFJNCJ;zkey_file:AK7U7AKK	
2240	zcollection:Calibre;zkey:DJPFJNCJ;zkey_file:ZF3I2MMC	
2241	zcollection:Calibre;zkey:DJPFJNCJ;zkey_file:QERM4PB6	
2242	zcollection:Calibre;zkey:DJPFJNCJ;zkey_file:LJGHELSU	
2243	zcollection:Calibre;zkey:DJPFJNCJ;zkey_file:P7RK9YEK	
2244	zcollection:Calibre;zkey:DJPFJNCJ;zkey_file:UMRBQNNK	
2246	zcollection:Calibre;zkey:DJPFJNCJ;zkey_file:7NCP79FN	
2247	zcollection:Calibre;zkey:DJPFJNCJ;zkey_file:VZ68RQ4Q	
225	zcollection:Calibre;zkey:DJPFJNCJ;zkey_file:NBTJ7DHY	
226	zcollection:Calibre;zkey:DJPFJNCJ;zkey_file:ZRCMN3YV	
227	zcollection:Calibre;zkey:DJPFJNCJ;zkey_file:MGSRMNVM	
2275	zcollection:Calibre;zkey:DJPFJNCJ;zkey_file:2GFLHF8M	
2276	zcollection:Calibre;zkey:DJPFJNCJ;zkey_file:EEGQZVSI	
2277	zcollection:Calibre;zkey:DJPFJNCJ;zkey_file:KGHIMBPW	
2278	zcollection:Calibre;zkey:DJPFJNCJ;zkey_file:AI456IR6	
2279	zcollection:Calibre;zkey:DJPFJNCJ;zkey_file:SCWS39SY	
228	zcollection:Calibre;zkey:DJPFJNCJ;zkey_file:XKWR7BCV	
2280	zcollection:Calibre;zkey:DJPFJNCJ;zkey_file:A2RKWI5U	
2281	zcollection:Calibre;zkey:DJPFJNCJ;zkey_file:VBHSABUM	
2282	zcollection:Calibre;zkey:DJPFJNCJ;zkey_file:EVCSKVNX	
2283	zcollection:Calibre;zkey:DJPFJNCJ;zkey_file:HZI2ZI97	
2284	zcollection:Calibre;zkey:DJPFJNCJ;zkey_file:NXXVIM7N	
2285	zcollection:Calibre;zkey:DJPFJNCJ;zkey_file:4774GLSE	
2286	zcollection:Calibre;zkey:DJPFJNCJ;zkey_file:RYHZD56K	
2288	zcollection:Calibre;zkey:DJPFJNCJ;zkey_file:4EZTX8CB	
229	zcollection:Calibre;zkey:DJPFJNCJ;zkey_file:TQBJEX3G	
23	zcollection:Calibre;zkey:DJPFJNCJ;zkey_file:FT6BAQJT	
230	zcollection:Calibre;zkey:DJPFJNCJ;zkey_file:MIN7YXQZ	
2302	zcollection:Calibre;zkey:DJPFJNCJ;zkey_file:9MS5XBLK	
2303	zcollection:Calibre;zkey:DJPFJNCJ;zkey_file:LBCCL2M6	
2304	zcollection:Calibre;zkey:DJPFJNCJ;zkey_file:UHV5FN3A	
2305	zcollection:Calibre;zkey:DJPFJNCJ;zkey_file:HR327C9W	
2306	zcollection:Calibre;zkey:DJPFJNCJ;zkey_file:KWASKZPE	
2307	zcollection:Calibre;zkey:DJPFJNCJ;zkey_file:YIHRRRFS	
2308	zcollection:Calibre;zkey:DJPFJNCJ;zkey_file:IYUKX4JJ	
2309	zcollection:Calibre;zkey:DJPFJNCJ;zkey_file:M4DFLKBS	
231	zcollection:Calibre;zkey:DJPFJNCJ;zkey_file:HKNQR8NJ	
2310	zcollection:Calibre;zkey:DJPFJNCJ;zkey_file:GU8TB3CX	
2311	zcollection:Calibre;zkey:DJPFJNCJ;zkey_file:F5CYRU93	
2312	zcollection:Calibre;zkey:DJPFJNCJ;zkey_file:KH6Y9FLM	
2313	zcollection:Calibre;zkey:DJPFJNCJ;zkey_file:7DYM6DMR	
2314	zcollection:Calibre;zkey:DJPFJNCJ;zkey_file:T3PBJCWK	
2316	zcollection:Calibre;zkey:DJPFJNCJ;zkey_file:YQDVHW23	
2318	zcollection:Calibre;zkey:DJPFJNCJ;zkey_file:GQNYQLZU	
232	zcollection:Calibre;zkey:DJPFJNCJ;zkey_file:M6EU695M	
2329	zcollection:Calibre;zkey:DJPFJNCJ;zkey_file:IX6QDTKW	
233	zcollection:Calibre;zkey:DJPFJNCJ;zkey_file:X7KVHM7Y	
2330	zcollection:Calibre;zkey:DJPFJNCJ;zkey_file:TQESYBKU	
2331	zcollection:Calibre;zkey:DJPFJNCJ;zkey_file:W4UC4UJD	
2332	zcollection:Calibre;zkey:DJPFJNCJ;zkey_file:S65BCTUC	
2333	zcollection:Calibre;zkey:DJPFJNCJ;zkey_file:5CVGR29G	
2334	zcollection:Calibre;zkey:DJPFJNCJ;zkey_file:VIG82248	
2335	zcollection:Calibre;zkey:DJPFJNCJ;zkey_file:GKL4VP9U	
2336	zcollection:Calibre;zkey:DJPFJNCJ;zkey_file:R6VMBR9K	
2337	zcollection:Calibre;zkey:DJPFJNCJ;zkey_file:3UY3M4QR	
2338	zcollection:Calibre;zkey:DJPFJNCJ;zkey_file:JCV9LV3U	
2339	zcollection:Calibre;zkey:DJPFJNCJ;zkey_file:XYS3QWKM	
234	zcollection:Calibre;zkey:DJPFJNCJ;zkey_file:HRPZQ8GQ	
2340	zcollection:Calibre;zkey:DJPFJNCJ;zkey_file:2TC7MZSP	
2341	zcollection:Calibre;zkey:DJPFJNCJ;zkey_file:F4QRRELX	
2343	zcollection:Calibre;zkey:DJPFJNCJ;zkey_file:9KZP7U3W	
2344	zcollection:Calibre;zkey:DJPFJNCJ;zkey_file:3VWR6SBT	
235	zcollection:Calibre;zkey:DJPFJNCJ;zkey_file:HF4QXNT3	
236	zcollection:Calibre;zkey:DJPFJNCJ;zkey_file:PVDUVCKX	
237	zcollection:Calibre;zkey:DJPFJNCJ;zkey_file:844K45BB	
2370	zcollection:Calibre;zkey:DJPFJNCJ;zkey_file:DXEJTVWZ	
2374	zcollection:Calibre;zkey:DJPFJNCJ;zkey_file:EM5VQB47	
2375	zcollection:Calibre;zkey:DJPFJNCJ;zkey_file:HVZ92ZBE	
2376	zcollection:Calibre;zkey:DJPFJNCJ;zkey_file:VNSZJIEX	
2377	zcollection:Calibre;zkey:DJPFJNCJ;zkey_file:PE34WBRL	
2378	zcollection:Calibre;zkey:DJPFJNCJ;zkey_file:QEHXQJH5	
2379	zcollection:Calibre;zkey:DJPFJNCJ;zkey_file:TRQSRQEW	
238	zcollection:Calibre;zkey:DJPFJNCJ;zkey_file:J695MMY2	
2380	zcollection:Calibre;zkey:DJPFJNCJ;zkey_file:QTHEZHEU	
2381	zcollection:Calibre;zkey:DJPFJNCJ;zkey_file:M42KELPJ	
2382	zcollection:Calibre;zkey:DJPFJNCJ;zkey_file:I95GGM5H	
2383	zcollection:Calibre;zkey:DJPFJNCJ;zkey_file:JADCVHUR	
2384	zcollection:Calibre;zkey:DJPFJNCJ;zkey_file:5YNRMVSI	
2385	zcollection:Calibre;zkey:DJPFJNCJ;zkey_file:IAHLNN8G	
2387	zcollection:Calibre;zkey:DJPFJNCJ;zkey_file:78JKTTIN	
2388	zcollection:Calibre;zkey:DJPFJNCJ;zkey_file:YEEGF9MH	
239	zcollection:Calibre;zkey:DJPFJNCJ;zkey_file:235XIVBV	
24	zcollection:Calibre;zkey:DJPFJNCJ;zkey_file:QZ7QS952	
240	zcollection:Calibre;zkey:DJPFJNCJ;zkey_file:832KXM7F	
241	zcollection:Calibre;zkey:DJPFJNCJ;zkey_file:ZKMFPYMT	
2414	zcollection:Calibre;zkey:DJPFJNCJ;zkey_file:AW99TNMS	
2415	zcollection:Calibre;zkey:DJPFJNCJ;zkey_file:LHGJT7XG	
2416	zcollection:Calibre;zkey:DJPFJNCJ;zkey_file:9MHDWBPA	
2417	zcollection:Calibre;zkey:DJPFJNCJ;zkey_file:8UF3MQMN	
2418	zcollection:Calibre;zkey:DJPFJNCJ;zkey_file:DHD3TD9M	
2419	zcollection:Calibre;zkey:DJPFJNCJ;zkey_file:QCP2D7Z8	
2420	zcollection:Calibre;zkey:DJPFJNCJ;zkey_file:WVED7ABY	
2421	zcollection:Calibre;zkey:DJPFJNCJ;zkey_file:2AL8JMG7	
2422	zcollection:Calibre;zkey:DJPFJNCJ;zkey_file:Q53YAJFK	
2423	zcollection:Calibre;zkey:DJPFJNCJ;zkey_file:6I98MXWF	
2424	zcollection:Calibre;zkey:DJPFJNCJ;zkey_file:PWS6LXG9	
2425	zcollection:Calibre;zkey:DJPFJNCJ;zkey_file:YTY4ENIJ	
2426	zcollection:Calibre;zkey:DJPFJNCJ;zkey_file:YDNW3QCS	
2428	zcollection:Calibre;zkey:DJPFJNCJ;zkey_file:9PZHBPAA	
2429	zcollection:Calibre;zkey:DJPFJNCJ;zkey_file:FRPL3SIG	
244	zcollection:Calibre;zkey:DJPFJNCJ;zkey_file:5ZT25QMJ	
2442	zcollection:Calibre;zkey:DJPFJNCJ;zkey_file:GVXUMX4W	
2443	zcollection:Calibre;zkey:DJPFJNCJ;zkey_file:QPUB3RE9	
2444	zcollection:Calibre;zkey:DJPFJNCJ;zkey_file:KM6YF87T	
2445	zcollection:Calibre;zkey:DJPFJNCJ;zkey_file:RCE3ZBYI	
2446	zcollection:Calibre;zkey:DJPFJNCJ;zkey_file:9FEF5B2W	
2447	zcollection:Calibre;zkey:DJPFJNCJ;zkey_file:QLHNEJ4N	
2448	zcollection:Calibre;zkey:DJPFJNCJ;zkey_file:RYQ7DVEV	
2449	zcollection:Calibre;zkey:DJPFJNCJ;zkey_file:LLG3YPNE	
245	zcollection:Calibre;zkey:DJPFJNCJ;zkey_file:UYI7JWKJ	
2450	zcollection:Calibre;zkey:DJPFJNCJ;zkey_file:AGXZTS65	
2451	zcollection:Calibre;zkey:DJPFJNCJ;zkey_file:JTHQ4QNF	
2452	zcollection:Calibre;zkey:DJPFJNCJ;zkey_file:7UU978ES	
2453	zcollection:Calibre;zkey:DJPFJNCJ;zkey_file:MBBYL3TY	
2454	zcollection:Calibre;zkey:DJPFJNCJ;zkey_file:IIJAKDH3	
2456	zcollection:Calibre;zkey:DJPFJNCJ;zkey_file:WVIY9Y8Y	
2458	zcollection:Calibre;zkey:DJPFJNCJ;zkey_file:6RX7ZHUI	
246	isbn:8475095259;zcollection:Calibre;zkey:DJPFJNCJ;zkey_file:IP3LJBPT	isbn:8475095259
247	zcollection:Calibre;zkey:DJPFJNCJ;zkey_file:K7H7AX9W	
248	zcollection:Calibre;zkey:DJPFJNCJ;zkey_file:HTD529AB	
249	zcollection:Calibre;zkey:DJPFJNCJ;zkey_file:2XDKWHUI	
25	zcollection:Calibre;zkey:DJPFJNCJ;zkey_file:3UKSQUU9	
250	zcollection:Calibre;zkey:DJPFJNCJ;zkey_file:E7V2UFB5	
2506	zcollection:Calibre;zkey:DJPFJNCJ;zkey_file:S2ISQ254	
2507	zcollection:Calibre;zkey:DJPFJNCJ;zkey_file:FRYC2I26	
2508	zcollection:Calibre;zkey:DJPFJNCJ;zkey_file:IJX7UUUV	
2509	zcollection:Calibre;zkey:DJPFJNCJ;zkey_file:R2XGJGGA	
251	doi:10.2307/1912957;zcollection:Calibre;zkey:DJPFJNCJ;zkey_file:NSFVMW2K	doi:10.2307/1912957
2510	zcollection:Calibre;zkey:DJPFJNCJ;zkey_file:ALUKZ9QA	
2511	zcollection:Calibre;zkey:DJPFJNCJ;zkey_file:J53PZSMU	
2512	zcollection:Calibre;zkey:DJPFJNCJ;zkey_file:SXK3EWBU	
2513	zcollection:Calibre;zkey:DJPFJNCJ;zkey_file:FPD8BTWN	
2514	zcollection:Calibre;zkey:DJPFJNCJ;zkey_file:6AIW2XWB	
2515	zcollection:Calibre;zkey:DJPFJNCJ;zkey_file:LV7KBZ6X	
2516	zcollection:Calibre;zkey:DJPFJNCJ;zkey_file:ZA4UZIGM	
2517	zcollection:Calibre;zkey:DJPFJNCJ;zkey_file:HJGCZ59H	
2518	zcollection:Calibre;zkey:DJPFJNCJ;zkey_file:U45IPXHD	
2519	zcollection:Calibre;zkey:DJPFJNCJ;zkey_file:E4CR395U	
2520	zcollection:Calibre;zkey:DJPFJNCJ;zkey_file:ASPD2HXE	
2521	zcollection:Calibre;zkey:DJPFJNCJ;zkey_file:X5M9NRLQ	
2522	zcollection:Calibre;zkey:DJPFJNCJ;zkey_file:8FHU3FD3	
2523	zcollection:Calibre;zkey:DJPFJNCJ;zkey_file:9X84ALUJ	
2525	zcollection:Calibre;zkey:DJPFJNCJ;zkey_file:NGDVHE9V	
2526	zcollection:Calibre;zkey:DJPFJNCJ;zkey_file:UY43BUWZ	
253	zcollection:Calibre;zkey:DJPFJNCJ;zkey_file:7U4LAD9D	
254	zcollection:Calibre;zkey:DJPFJNCJ;zkey_file:GDT4RNJX	
2544	zcollection:Calibre;zkey:DJPFJNCJ;zkey_file:9ZDPW77C	
2545	zcollection:Calibre;zkey:DJPFJNCJ;zkey_file:CSH8B52N	
2546	zcollection:Calibre;zkey:DJPFJNCJ;zkey_file:XE65KGTI	
2547	zcollection:Calibre;zkey:DJPFJNCJ;zkey_file:84BNR43U	
2548	zcollection:Calibre;zkey:DJPFJNCJ;zkey_file:WKJEI3CL	
2549	zcollection:Calibre;zkey:DJPFJNCJ;zkey_file:NA4ZBTDN	
255	zcollection:Calibre;zkey:DJPFJNCJ;zkey_file:3PKXHGET	
2550	zcollection:Calibre;zkey:DJPFJNCJ;zkey_file:E6GAK893	
2551	zcollection:Calibre;zkey:DJPFJNCJ;zkey_file:SKNNQXJY	
2552	zcollection:Calibre;zkey:DJPFJNCJ;zkey_file:XEQU4XQW	
2553	zcollection:Calibre;zkey:DJPFJNCJ;zkey_file:VEBMRKWU	
2554	zcollection:Calibre;zkey:DJPFJNCJ;zkey_file:JGAVMZR5	
2555	zcollection:Calibre;zkey:DJPFJNCJ;zkey_file:T3BF8QG5	
2556	zcollection:Calibre;zkey:DJPFJNCJ;zkey_file:GEV8EQUI	
2557	zcollection:Calibre;zkey:DJPFJNCJ;zkey_file:HJEQTVBW	
2558	zcollection:Calibre;zkey:DJPFJNCJ;zkey_file:QXF7I2EU	
256	zcollection:Calibre;zkey:DJPFJNCJ;zkey_file:RPUA35KN	
257	zcollection:Calibre;zkey:DJPFJNCJ;zkey_file:LY24Q9WR	
2571	zcollection:Calibre;zkey:DJPFJNCJ;zkey_file:4QX6D3GM	
2572	zcollection:Calibre;zkey:DJPFJNCJ;zkey_file:QXYHWY7D	
2573	zcollection:Calibre;zkey:DJPFJNCJ;zkey_file:CSY39FMU	
2574	zcollection:Calibre;zkey:DJPFJNCJ;zkey_file:TURVZNL2	
2575	zcollection:Calibre;zkey:DJPFJNCJ;zkey_file:X3JIVVAT	
2576	zcollection:Calibre;zkey:DJPFJNCJ;zkey_file:5PZXC9QX	
2577	zcollection:Calibre;zkey:DJPFJNCJ;zkey_file:KSBV5EQ5	
2578	zcollection:Calibre;zkey:DJPFJNCJ;zkey_file:5SZJH6S9	
2579	zcollection:Calibre;zkey:DJPFJNCJ;zkey_file:89J76QUD	
258	zcollection:Calibre;zkey:DJPFJNCJ;zkey_file:BUXVMDV7	
2580	zcollection:Calibre;zkey:DJPFJNCJ;zkey_file:CRE6S74T	
2581	zcollection:Calibre;zkey:DJPFJNCJ;zkey_file:8J8U3HM6	
2582	zcollection:Calibre;zkey:DJPFJNCJ;zkey_file:FR4KCEGT	
2583	zcollection:Calibre;zkey:DJPFJNCJ;zkey_file:3FXPZE7K	
2584	zcollection:Calibre;zkey:DJPFJNCJ;zkey_file:5PSFL3J9	
2585	zcollection:Calibre;zkey:DJPFJNCJ;zkey_file:YM4S5ACB	
259	zcollection:Calibre;zkey:DJPFJNCJ;zkey_file:TJI22GSP	
2606	zcollection:Calibre;zkey:DJPFJNCJ;zkey_file:IYDZWI92	
2607	zcollection:Calibre;zkey:DJPFJNCJ;zkey_file:NSPGXEDC	
2608	zcollection:Calibre;zkey:DJPFJNCJ;zkey_file:C5GLG5DB	
2609	zcollection:Calibre;zkey:DJPFJNCJ;zkey_file:QZIV3BRQ	
261	zcollection:Calibre;zkey:DJPFJNCJ;zkey_file:4V8X5U6I	
2610	zcollection:Calibre;zkey:DJPFJNCJ;zkey_file:BJPTBU7P	
2611	zcollection:Calibre;zkey:DJPFJNCJ;zkey_file:S7A6A4UZ	
2612	zcollection:Calibre;zkey:DJPFJNCJ;zkey_file:AXRX4ZRS	
2613	zcollection:Calibre;zkey:DJPFJNCJ;zkey_file:DUNZMP9H	
2614	zcollection:Calibre;zkey:DJPFJNCJ;zkey_file:QW2LV4XJ	
2615	zcollection:Calibre;zkey:DJPFJNCJ;zkey_file:3BXKALUB	
2616	zcollection:Calibre;zkey:DJPFJNCJ;zkey_file:MAKI9ZDM	
2617	zcollection:Calibre;zkey:DJPFJNCJ;zkey_file:IDILFCFH	
2618	zcollection:Calibre;zkey:DJPFJNCJ;zkey_file:A5B56FK8	
2619	zcollection:Calibre;zkey:DJPFJNCJ;zkey_file:S9WT6DZN	
262	zcollection:Calibre;zkey:DJPFJNCJ;zkey_file:PNY8W78P	
2620	zcollection:Calibre;zkey:DJPFJNCJ;zkey_file:DPXULE2K	
2621	zcollection:Calibre;zkey:DJPFJNCJ;zkey_file:IKAJ4MD9	
2622	zcollection:Calibre;zkey:DJPFJNCJ;zkey_file:WNV2H2GP	
2623	zcollection:Calibre;zkey:DJPFJNCJ;zkey_file:7GQSDR48	
263	zcollection:Calibre;zkey:DJPFJNCJ;zkey_file:K33RP6LK	
264	doi:10.1257/jep.28.2.3;zcollection:Calibre;zkey:DJPFJNCJ;zkey_file:VS3MDN3K	doi:10.1257/jep.28.2.3
265	zcollection:Calibre;zkey:DJPFJNCJ;zkey_file:FFL7MWBJ	
2650	zcollection:Calibre;zkey:DJPFJNCJ;zkey_file:5D3EMQHW	
2651	zcollection:Calibre;zkey:DJPFJNCJ;zkey_file:ARJNIIHY	
2652	zcollection:Calibre;zkey:DJPFJNCJ;zkey_file:D94SGLCX	
2653	zcollection:Calibre;zkey:DJPFJNCJ;zkey_file:MJGEP46D	
2654	zcollection:Calibre;zkey:DJPFJNCJ;zkey_file:AUFUQV24	
2655	zcollection:Calibre;zkey:DJPFJNCJ;zkey_file:DVDT875Z	
2656	zcollection:Calibre;zkey:DJPFJNCJ;zkey_file:22QANW5B	
2657	zcollection:Calibre;zkey:DJPFJNCJ;zkey_file:GIWVUDVC	
2658	zcollection:Calibre;zkey:DJPFJNCJ;zkey_file:UMWSXS3R	
2659	zcollection:Calibre;zkey:DJPFJNCJ;zkey_file:R3IWCVIX	
266	zcollection:Calibre;zkey:DJPFJNCJ;zkey_file:X3HL9NXX	
2660	zcollection:Calibre;zkey:DJPFJNCJ;zkey_file:9HDY6AHT	
2661	zcollection:Calibre;zkey:DJPFJNCJ;zkey_file:X55F6ILV	
2662	zcollection:Calibre;zkey:DJPFJNCJ;zkey_file:SWCUWLQ3	
2663	zcollection:Calibre;zkey:DJPFJNCJ;zkey_file:A88YWJ2V	
2664	zcollection:Calibre;zkey:DJPFJNCJ;zkey_file:IPDGR7HK	
267	doi:10.1007/978-1-4939-3783-7_2;zcollection:Calibre;zkey:DJPFJNCJ;zkey_file:RCFW4AJ6	doi:10.1007/978-1-4939-3783-7_2
2677	zcollection:Calibre;zkey:DJPFJNCJ;zkey_file:II4REPIE	
2678	zcollection:Calibre;zkey:DJPFJNCJ;zkey_file:DGZL7FVL	
2679	zcollection:Calibre;zkey:DJPFJNCJ;zkey_file:GMGSJLDR	
2680	zcollection:Calibre;zkey:DJPFJNCJ;zkey_file:IMW72WE5	
2681	zcollection:Calibre;zkey:DJPFJNCJ;zkey_file:IQZ9MGTT	
2682	zcollection:Calibre;zkey:DJPFJNCJ;zkey_file:7X7QM9GL	
2683	zcollection:Calibre;zkey:DJPFJNCJ;zkey_file:EEYYCQJ6	
2684	zcollection:Calibre;zkey:DJPFJNCJ;zkey_file:FWB3ZTU8	
2685	zcollection:Calibre;zkey:DJPFJNCJ;zkey_file:3L65U97K	
2686	zcollection:Calibre;zkey:DJPFJNCJ;zkey_file:APEH59DT	
2687	zcollection:Calibre;zkey:DJPFJNCJ;zkey_file:LX3KU5RW	
2688	zcollection:Calibre;zkey:DJPFJNCJ;zkey_file:QI2C8VCJ	
2689	zcollection:Calibre;zkey:DJPFJNCJ;zkey_file:FHVDMRUQ	
2690	zcollection:Calibre;zkey:DJPFJNCJ;zkey_file:YW7JBUJR	
2691	zcollection:Calibre;zkey:DJPFJNCJ;zkey_file:7GL65QCB	
2694	zcollection:Calibre;zkey:DJPFJNCJ;zkey_file:SP8EZRGD	
271	zcollection:Calibre;zkey:DJPFJNCJ;zkey_file:YZ6ECGDX	
2714	zcollection:Calibre;zkey:DJPFJNCJ;zkey_file:N5KWTNP7	
2715	zcollection:Calibre;zkey:DJPFJNCJ;zkey_file:BQC6Q9LU	
2716	zcollection:Calibre;zkey:DJPFJNCJ;zkey_file:YXBRYTQ5	
2717	zcollection:Calibre;zkey:DJPFJNCJ;zkey_file:LDMGVQWU	
2718	zcollection:Calibre;zkey:DJPFJNCJ;zkey_file:W49QZHH4	
2719	zcollection:Calibre;zkey:DJPFJNCJ;zkey_file:S778UIJW	
272	zcollection:Calibre;zkey:DJPFJNCJ;zkey_file:PNLW49Z8	
2720	zcollection:Calibre;zkey:DJPFJNCJ;zkey_file:HNKIBJHL	
2721	zcollection:Calibre;zkey:DJPFJNCJ;zkey_file:849INF5Q	
2722	zcollection:Calibre;zkey:DJPFJNCJ;zkey_file:UD3JU4KF	
2723	zcollection:Calibre;zkey:DJPFJNCJ;zkey_file:4R6WAI8Y	
2724	zcollection:Calibre;zkey:DJPFJNCJ;zkey_file:TGX44TR5	
2725	zcollection:Calibre;zkey:DJPFJNCJ;zkey_file:ALR4LVJS	
273	zcollection:Calibre;zkey:DJPFJNCJ;zkey_file:PW8GU358	
274	zcollection:Calibre;zkey:DJPFJNCJ;zkey_file:9I4XBDMU	
2746	zcollection:Calibre;zkey:DJPFJNCJ;zkey_file:C57SPKPE	
2747	zcollection:Calibre;zkey:DJPFJNCJ;zkey_file:9G8XHZAD	
2748	zcollection:Calibre;zkey:DJPFJNCJ;zkey_file:2RGKJQAG	
2749	zcollection:Calibre;zkey:DJPFJNCJ;zkey_file:3BZIU489	
2750	zcollection:Calibre;zkey:DJPFJNCJ;zkey_file:PGM66IRW	
2751	zcollection:Calibre;zkey:DJPFJNCJ;zkey_file:R22YRECT	
2752	zcollection:Calibre;zkey:DJPFJNCJ;zkey_file:U6YC8NM3	
2753	zcollection:Calibre;zkey:DJPFJNCJ;zkey_file:LKPJEP64	
2754	zcollection:Calibre;zkey:DJPFJNCJ;zkey_file:F2P4PTB6	
2755	zcollection:Calibre;zkey:DJPFJNCJ;zkey_file:8EXRWMHX	
2756	zcollection:Calibre;zkey:DJPFJNCJ;zkey_file:TQ9NHPPI	
2757	zcollection:Calibre;zkey:DJPFJNCJ;zkey_file:CHD36LK6	
2758	zcollection:Calibre;zkey:DJPFJNCJ;zkey_file:IA55L34L	
2759	zcollection:Calibre;zkey:DJPFJNCJ;zkey_file:DIUVIV3X	
276	zcollection:Calibre;zkey:DJPFJNCJ;zkey_file:JUT3DTGD	
2760	zcollection:Calibre;zkey:DJPFJNCJ;zkey_file:WQCDBYJB	
2776	zcollection:Calibre;zkey:DJPFJNCJ;zkey_file:6HXLG335	
2777	zcollection:Calibre;zkey:DJPFJNCJ;zkey_file:9BF8ET2C	
2778	zcollection:Calibre;zkey:DJPFJNCJ;zkey_file:JW99BHGF	
2779	zcollection:Calibre;zkey:DJPFJNCJ;zkey_file:TNG9NJHE	
278	doi:10.1501/sbfder_0000001858;zcollection:Calibre;zkey:DJPFJNCJ;zkey_file:5E9NXFVY	doi:10.1501/sbfder_0000001858
2780	zcollection:Calibre;zkey:DJPFJNCJ;zkey_file:XW75NAS4	
2781	zcollection:Calibre;zkey:DJPFJNCJ;zkey_file:5H3WLTXL	
2782	zcollection:Calibre;zkey:DJPFJNCJ;zkey_file:7TEWKY5E	
2783	zcollection:Calibre;zkey:DJPFJNCJ;zkey_file:F79VAD4F	
2784	zcollection:Calibre;zkey:DJPFJNCJ;zkey_file:2LNBFRNV	
2785	zcollection:Calibre;zkey:DJPFJNCJ;zkey_file:42D528J9	
2786	zcollection:Calibre;zkey:DJPFJNCJ;zkey_file:AWEXX66N	
2788	zcollection:Calibre;zkey:DJPFJNCJ;zkey_file:KRNMDMEX	
2789	zcollection:Calibre;zkey:DJPFJNCJ;zkey_file:P8L7ZZES	
279	zcollection:Calibre;zkey:DJPFJNCJ;zkey_file:UGV83Y78	
2790	zcollection:Calibre;zkey:DJPFJNCJ;zkey_file:VZ7PHGTL	
2791	zcollection:Calibre;zkey:DJPFJNCJ;zkey_file:LMLUJ6FF	
2819	zcollection:Calibre;zkey:DJPFJNCJ;zkey_file:HIUBEDWZ	
2820	zcollection:Calibre;zkey:DJPFJNCJ;zkey_file:7T6R6KIF	
2821	zcollection:Calibre;zkey:DJPFJNCJ;zkey_file:GBF7JUVI	
2822	zcollection:Calibre;zkey:DJPFJNCJ;zkey_file:YWWHQ5UZ	
2823	zcollection:Calibre;zkey:DJPFJNCJ;zkey_file:TZYNHV6W	
2824	zcollection:Calibre;zkey:DJPFJNCJ;zkey_file:PXFIP34P	
2825	zcollection:Calibre;zkey:DJPFJNCJ;zkey_file:ZNMLM8UC	
2826	zcollection:Calibre;zkey:DJPFJNCJ;zkey_file:EQ5GQ2T6	
2827	zcollection:Calibre;zkey:DJPFJNCJ;zkey_file:BZ2DYS4S	
2828	zcollection:Calibre;zkey:DJPFJNCJ;zkey_file:4KGCY6GC	
2829	zcollection:Calibre;zkey:DJPFJNCJ;zkey_file:AWMNR7AR	
283	zcollection:Calibre;zkey:DJPFJNCJ;zkey_file:YEYTWFTV	
2830	zcollection:Calibre;zkey:DJPFJNCJ;zkey_file:Z9ANR5D7	
2831	zcollection:Calibre;zkey:DJPFJNCJ;zkey_file:6WK8IC24	
2832	zcollection:Calibre;zkey:DJPFJNCJ;zkey_file:QFNV8X5Q	
2833	zcollection:Calibre;zkey:DJPFJNCJ;zkey_file:JHT57FUX	
284	zcollection:Calibre;zkey:DJPFJNCJ;zkey_file:BDKNGFUC	
285	zcollection:Calibre;zkey:DJPFJNCJ;zkey_file:9QK35VVJ	
286	zcollection:Calibre;zkey:DJPFJNCJ;zkey_file:C79GIZLT	
2862	zcollection:Calibre;zkey:DJPFJNCJ;zkey_file:QXDGZ5D8	
2863	zcollection:Calibre;zkey:DJPFJNCJ;zkey_file:QCSTHVBD	
2864	zcollection:Calibre;zkey:DJPFJNCJ;zkey_file:HE3FTIWS	
2865	zcollection:Calibre;zkey:DJPFJNCJ;zkey_file:KYL2NH8B	
2866	zcollection:Calibre;zkey:DJPFJNCJ;zkey_file:2XHGAAJX	
2867	zcollection:Calibre;zkey:DJPFJNCJ;zkey_file:82VNBNRN	
2868	zcollection:Calibre;zkey:DJPFJNCJ;zkey_file:RMP252UI	
2869	zcollection:Calibre;zkey:DJPFJNCJ;zkey_file:LXLLY6TV	
2870	zcollection:Calibre;zkey:DJPFJNCJ;zkey_file:LSN8W4X5	
2871	zcollection:Calibre;zkey:DJPFJNCJ;zkey_file:2562M48X	
2872	zcollection:Calibre;zkey:DJPFJNCJ;zkey_file:LHH25CG8	
2873	zcollection:Calibre;zkey:DJPFJNCJ;zkey_file:QHRHEUGZ	
2874	zcollection:Calibre;zkey:DJPFJNCJ;zkey_file:RFKY74VS	
2875	zcollection:Calibre;zkey:DJPFJNCJ;zkey_file:KE6NL3KF	
2876	zcollection:Calibre;zkey:DJPFJNCJ;zkey_file:AVZGJB6Q	
2877	zcollection:Calibre;zkey:DJPFJNCJ;zkey_file:L3BIV2NJ	
2878	zcollection:Calibre;zkey:DJPFJNCJ;zkey_file:JWZIL9DU	
288	zcollection:Calibre;zkey:DJPFJNCJ;zkey_file:8Y7G8UGQ	
289	zcollection:Calibre;zkey:DJPFJNCJ;zkey_file:D22HCZ5W	
2907	zcollection:Calibre;zkey:DJPFJNCJ;zkey_file:HGYKMMAA	
2908	zcollection:Calibre;zkey:DJPFJNCJ;zkey_file:F9VFW5SM	
2909	zcollection:Calibre;zkey:DJPFJNCJ;zkey_file:CFXRDGSN	
2910	zcollection:Calibre;zkey:DJPFJNCJ;zkey_file:MFNINIQZ	
2911	zcollection:Calibre;zkey:DJPFJNCJ;zkey_file:5CU9CJVN	
2912	zcollection:Calibre;zkey:DJPFJNCJ;zkey_file:IY9M23UP	
2913	zcollection:Calibre;zkey:DJPFJNCJ;zkey_file:2T3QJI79	
2914	zcollection:Calibre;zkey:DJPFJNCJ;zkey_file:SLCPH4IT	
2915	zcollection:Calibre;zkey:DJPFJNCJ;zkey_file:32FVVTZT	
2916	zcollection:Calibre;zkey:DJPFJNCJ;zkey_file:XHWMQBKZ	
2917	zcollection:Calibre;zkey:DJPFJNCJ;zkey_file:B9FD7RXB	
2918	zcollection:Calibre;zkey:DJPFJNCJ;zkey_file:IYT5WYD3	
2919	zcollection:Calibre;zkey:DJPFJNCJ;zkey_file:QPGI4I4J	
292	zcollection:Calibre;zkey:DJPFJNCJ;zkey_file:76W26PJC	
2920	zcollection:Calibre;zkey:DJPFJNCJ;zkey_file:VVA4GJCK	
2921	zcollection:Calibre;zkey:DJPFJNCJ;zkey_file:L2LFB2JH	
2950	zcollection:Calibre;zkey:DJPFJNCJ;zkey_file:EMKQKJVW	
2951	zcollection:Calibre;zkey:DJPFJNCJ;zkey_file:9DKZYXY6	
2952	zcollection:Calibre;zkey:DJPFJNCJ;zkey_file:I66D6L3T	
2953	zcollection:Calibre;zkey:DJPFJNCJ;zkey_file:DFFEYA6W	
2954	zcollection:Calibre;zkey:DJPFJNCJ;zkey_file:ES49XV7K	
2955	zcollection:Calibre;zkey:DJPFJNCJ;zkey_file:EX76XXCW	
2956	zcollection:Calibre;zkey:DJPFJNCJ;zkey_file:IN95YBWL	
2957	zcollection:Calibre;zkey:DJPFJNCJ;zkey_file:IARQ7GDQ	
2958	zcollection:Calibre;zkey:DJPFJNCJ;zkey_file:BDMETNKH	
2959	zcollection:Calibre;zkey:DJPFJNCJ;zkey_file:LJR7C6N4	
296	doi:10.1017/cbo9781139167635;zcollection:Calibre;zkey:DJPFJNCJ;zkey_file:7VC8IA7J	doi:10.1017/cbo9781139167635
2960	zcollection:Calibre;zkey:DJPFJNCJ;zkey_file:XVDU54Y5	
2961	zcollection:Calibre;zkey:DJPFJNCJ;zkey_file:J4VYWPKA	
2962	zcollection:Calibre;zkey:DJPFJNCJ;zkey_file:KJ4SATRF	
2963	zcollection:Calibre;zkey:DJPFJNCJ;zkey_file:EU62L3IV	
2964	zcollection:Calibre;zkey:DJPFJNCJ;zkey_file:LSWSDC9E	
2965	zcollection:Calibre;zkey:DJPFJNCJ;zkey_file:PS75XIJS	
297	zcollection:Calibre;zkey:DJPFJNCJ;zkey_file:EC3IPPC6	
298	zcollection:Calibre;zkey:DJPFJNCJ;zkey_file:8MQ96IKR	
299	zcollection:Calibre;zkey:DJPFJNCJ;zkey_file:7PC4J5PZ	
2994	zcollection:Calibre;zkey:DJPFJNCJ;zkey_file:KW3VWGH6	
2995	zcollection:Calibre;zkey:DJPFJNCJ;zkey_file:PHBNT3K7	
2996	zcollection:Calibre;zkey:DJPFJNCJ;zkey_file:9A4GGB6B	
2997	zcollection:Calibre;zkey:DJPFJNCJ;zkey_file:QJ4SP7V4	
2998	zcollection:Calibre;zkey:DJPFJNCJ;zkey_file:ADIM4JPQ	
2999	zcollection:Calibre;zkey:DJPFJNCJ;zkey_file:JSXWAVAN	
300	zcollection:Calibre;zkey:DJPFJNCJ;zkey_file:EITQN88N	
3000	zcollection:Calibre;zkey:DJPFJNCJ;zkey_file:3EMRJ7GY	
3001	zcollection:Calibre;zkey:DJPFJNCJ;zkey_file:QRMQ79GE	
3002	zcollection:Calibre;zkey:DJPFJNCJ;zkey_file:E524T73Z	
3003	zcollection:Calibre;zkey:DJPFJNCJ;zkey_file:FH9RZ5R6	
3004	zcollection:Calibre;zkey:DJPFJNCJ;zkey_file:HST52N8U	
3005	zcollection:Calibre;zkey:DJPFJNCJ;zkey_file:69THZBMC	
3006	zcollection:Calibre;zkey:DJPFJNCJ;zkey_file:ZPW6SZHH	
3007	zcollection:Calibre;zkey:DJPFJNCJ;zkey_file:G5QACTTG	
3008	zcollection:Calibre;zkey:DJPFJNCJ;zkey_file:YBW5M3GP	
301	zcollection:Calibre;zkey:DJPFJNCJ;zkey_file:7WCUPJZM	
302	zcollection:Calibre;zkey:DJPFJNCJ;zkey_file:G4JK4IUW	
303	zcollection:Calibre;zkey:DJPFJNCJ;zkey_file:FFZ7QQJZ	
304	zcollection:Calibre;zkey:DJPFJNCJ;zkey_file:SFXJ92WA	
3048	zcollection:Calibre;zkey:DJPFJNCJ;zkey_file:Q5AIBQA5	
305	zcollection:Calibre;zkey:DJPFJNCJ;zkey_file:VE9GT3XI	
3050	zcollection:Calibre;zkey:DJPFJNCJ;zkey_file:NF6WCIYG	
3051	zcollection:Calibre;zkey:DJPFJNCJ;zkey_file:BLXL2T5W	
3052	zcollection:Calibre;zkey:DJPFJNCJ;zkey_file:42LVKCFU	
3053	zcollection:Calibre;zkey:DJPFJNCJ;zkey_file:YDYPKVUH	
3054	zcollection:Calibre;zkey:DJPFJNCJ;zkey_file:4F9ZQ3J5	
3055	zcollection:Calibre;zkey:DJPFJNCJ;zkey_file:NWU9JYD2	
3056	zcollection:Calibre;zkey:DJPFJNCJ;zkey_file:T3RGP59E	
3057	zcollection:Calibre;zkey:DJPFJNCJ;zkey_file:MSNZNP7X	
3058	zcollection:Calibre;zkey:DJPFJNCJ;zkey_file:E3CT3AIQ	
3059	zcollection:Calibre;zkey:DJPFJNCJ;zkey_file:FKDU8IED	
306	zcollection:Calibre;zkey:DJPFJNCJ;zkey_file:T37GGX45	
3060	zcollection:Calibre;zkey:DJPFJNCJ;zkey_file:CEHGVWE2	
3061	zcollection:Calibre;zkey:DJPFJNCJ;zkey_file:2GWIYSPQ	
3062	zcollection:Calibre;zkey:DJPFJNCJ;zkey_file:NA8PSY2Z	
3063	zcollection:Calibre;zkey:DJPFJNCJ;zkey_file:IJGH6E3C	
3064	zcollection:Calibre;zkey:DJPFJNCJ;zkey_file:2XRNT8VD	
3065	zcollection:Calibre;zkey:DJPFJNCJ;zkey_file:RMQYYNNY	
3066	zcollection:Calibre;zkey:DJPFJNCJ;zkey_file:6GEP92R6	
3067	zcollection:Calibre;zkey:DJPFJNCJ;zkey_file:SWD8HTX5	
3068	zcollection:Calibre;zkey:DJPFJNCJ;zkey_file:6PX5QSRV	
3069	zcollection:Calibre;zkey:DJPFJNCJ;zkey_file:4GVHN6HB	
3070	zcollection:Calibre;zkey:DJPFJNCJ;zkey_file:L4W9SFZ7	
3071	zcollection:Calibre;zkey:DJPFJNCJ;zkey_file:BYTN942V	
3072	zcollection:Calibre;zkey:DJPFJNCJ;zkey_file:SAVHK4DS	
3073	zcollection:Calibre;zkey:DJPFJNCJ;zkey_file:4WMYZCM3	
3074	zcollection:Calibre;zkey:DJPFJNCJ;zkey_file:EQ4PPP83	
3075	zcollection:Calibre;zkey:DJPFJNCJ;zkey_file:8ZJLC72S	
3076	zcollection:Calibre;zkey:DJPFJNCJ;zkey_file:ZWTB3GJU	
3077	zcollection:Calibre;zkey:DJPFJNCJ;zkey_file:5SM75CSX	
3078	zcollection:Calibre;zkey:DJPFJNCJ;zkey_file:GT3UAFWU	
3079	zcollection:Calibre;zkey:DJPFJNCJ;zkey_file:YS4NSA34	
308	zcollection:Calibre;zkey:DJPFJNCJ;zkey_file:QYZ3DDBS	
3080	zcollection:Calibre;zkey:DJPFJNCJ;zkey_file:QXCNWDP5	
3081	zcollection:Calibre;zkey:DJPFJNCJ;zkey_file:KRSBIPND	
3082	zcollection:Calibre;zkey:DJPFJNCJ;zkey_file:42XBZWUG	
3083	zcollection:Calibre;zkey:DJPFJNCJ;zkey_file:6W5IAQW2	
3084	zcollection:Calibre;zkey:DJPFJNCJ;zkey_file:X5TKHEYQ	
309	zcollection:Calibre;zkey:DJPFJNCJ;zkey_file:IIZZDUEV	
31	zcollection:Calibre;zkey:DJPFJNCJ;zkey_file:3L3HNELU	
310	zcollection:Calibre;zkey:DJPFJNCJ;zkey_file:PAVSP7H4	
3103	zcollection:Calibre;zkey:DJPFJNCJ;zkey_file:VHKHCBS3	
3104	zcollection:Calibre;zkey:DJPFJNCJ;zkey_file:DA6YEFXU	
3107	zcollection:Calibre;zkey:DJPFJNCJ;zkey_file:LRWU6IID	
3108	zcollection:Calibre;zkey:DJPFJNCJ;zkey_file:825VRAIZ	
3109	zcollection:Calibre;zkey:DJPFJNCJ;zkey_file:RLWFJPZS	
3110	zcollection:Calibre;zkey:DJPFJNCJ;zkey_file:4XRD5GZA	
3114	zcollection:Calibre;zkey:DJPFJNCJ;zkey_file:DQS9KS68	
312	zcollection:Calibre;zkey:DJPFJNCJ;zkey_file:TGHXG3JH	
313	zcollection:Calibre;zkey:DJPFJNCJ;zkey_file:TSKLGANY	
3135	zcollection:Calibre;zkey:DJPFJNCJ;zkey_file:WL9LKS6D	
3136	zcollection:Calibre;zkey:DJPFJNCJ;zkey_file:7SE3M9T5	
3137	zcollection:Calibre;zkey:DJPFJNCJ;zkey_file:SLND58K5	
3138	zcollection:Calibre;zkey:DJPFJNCJ;zkey_file:M6M9G4U9	
3139	zcollection:Calibre;zkey:DJPFJNCJ;zkey_file:M6G88SGP	
314	zcollection:Calibre;zkey:DJPFJNCJ;zkey_file:78FAZ8I4	
3140	zcollection:Calibre;zkey:DJPFJNCJ;zkey_file:EI9XEWC9	
3141	zcollection:Calibre;zkey:DJPFJNCJ;zkey_file:54B4EHNX	
3142	zcollection:Calibre;zkey:DJPFJNCJ;zkey_file:TEJ4VYK7	
3143	zcollection:Calibre;zkey:DJPFJNCJ;zkey_file:5E4KGY44	
3144	zcollection:Calibre;zkey:DJPFJNCJ;zkey_file:GFNK2TA6	
3145	zcollection:Calibre;zkey:DJPFJNCJ;zkey_file:B5DK32RC	
315	zcollection:Calibre;zkey:DJPFJNCJ;zkey_file:AKAJEE9A	
3153	zcollection:Calibre;zkey:DJPFJNCJ;zkey_file:NHKBSP5Q	
3155	zcollection:Calibre;zkey:DJPFJNCJ;zkey_file:KNXSGR5T	
3159	zcollection:Calibre;zkey:DJPFJNCJ;zkey_file:EDKAFJWF	
3160	zcollection:Calibre;zkey:DJPFJNCJ;zkey_file:3MI66Y2N	
3161	zcollection:Calibre;zkey:DJPFJNCJ;zkey_file:2SW9YSVY	
3162	zcollection:Calibre;zkey:DJPFJNCJ;zkey_file:ZQZ2FQ5M	
3164	zcollection:Calibre;zkey:DJPFJNCJ;zkey_file:E8VN3CT4	
3165	zcollection:Calibre;zkey:DJPFJNCJ;zkey_file:XPVGE5P5	
3166	zcollection:Calibre;zkey:DJPFJNCJ;zkey_file:Q8WINKCJ	
3169	zcollection:Calibre;zkey:DJPFJNCJ;zkey_file:H7D43DM7	
317	zcollection:Calibre;zkey:DJPFJNCJ;zkey_file:39JRPIFX	
3170	zcollection:Calibre;zkey:DJPFJNCJ;zkey_file:2T97LACP	
3172	zcollection:Calibre;zkey:DJPFJNCJ;zkey_file:8CKRD622	
3173	zcollection:Calibre;zkey:DJPFJNCJ;zkey_file:RQW538JK	
3174	zcollection:Calibre;zkey:DJPFJNCJ;zkey_file:7ETG7SGW	
3175	zcollection:Calibre;zkey:DJPFJNCJ;zkey_file:C9K3CVJR	
3176	zcollection:Calibre;zkey:DJPFJNCJ;zkey_file:Q3CRYMB8	
3177	zcollection:Calibre;zkey:DJPFJNCJ;zkey_file:YEMFU25F	
3178	zcollection:Calibre;zkey:DJPFJNCJ;zkey_file:TSDWMSN4	
3179	zcollection:Calibre;zkey:DJPFJNCJ;zkey_file:78K9GAHE	
318	zcollection:Calibre;zkey:DJPFJNCJ;zkey_file:Z6Z4K7NR	
3180	zcollection:Calibre;zkey:DJPFJNCJ;zkey_file:QLQDMJZR	
3181	zcollection:Calibre;zkey:DJPFJNCJ;zkey_file:LDEVTNP7	
3182	zcollection:Calibre;zkey:DJPFJNCJ;zkey_file:UHKUPMZT	
3183	zcollection:Calibre;zkey:DJPFJNCJ;zkey_file:BUVRY9KA	
3184	zcollection:Calibre;zkey:DJPFJNCJ;zkey_file:PNDHYJ4C	
3185	zcollection:Calibre;zkey:DJPFJNCJ;zkey_file:CJ3KB2CP	
3186	zcollection:Calibre;zkey:DJPFJNCJ;zkey_file:YNT5KIDP	
319	zcollection:Calibre;zkey:DJPFJNCJ;zkey_file:ZAIF24IB	
3196	zcollection:Calibre;zkey:DJPFJNCJ;zkey_file:I7CV6LH2	
3197	zcollection:Calibre;zkey:DJPFJNCJ;zkey_file:ILUIXPDB	
3198	zcollection:Calibre;zkey:DJPFJNCJ;zkey_file:WNFWJ57Q	
3199	zcollection:Calibre;zkey:DJPFJNCJ;zkey_file:YRIRJ6HL	
32	zcollection:Calibre;zkey:DJPFJNCJ;zkey_file:5E9YLDPB	
320	zcollection:Calibre;zkey:DJPFJNCJ;zkey_file:9J323K3J	
3200	zcollection:Calibre;zkey:DJPFJNCJ;zkey_file:RK4NYTEN	
3201	zcollection:Calibre;zkey:DJPFJNCJ;zkey_file:9EVEPUFK	
3202	zcollection:Calibre;zkey:DJPFJNCJ;zkey_file:Q3IWCSLP	
321	zcollection:Calibre;zkey:DJPFJNCJ;zkey_file:2VZYK3UJ	
322	isbn:0691189544;zcollection:Calibre;zkey:DJPFJNCJ;zkey_file:T9C5ZHZH	isbn:0691189544
323	doi:10.1007/bf00929443;zcollection:Calibre;zkey:DJPFJNCJ;zkey_file:6TB7TT8G	doi:10.1007/bf00929443
324	zcollection:Calibre;zkey:DJPFJNCJ;zkey_file:PVU342C8	
3241	zcollection:Calibre;zkey:DJPFJNCJ;zkey_file:4XYMURCX	
3242	zcollection:Calibre;zkey:DJPFJNCJ;zkey_file:8SSARRZ3	
3243	zcollection:Calibre;zkey:DJPFJNCJ;zkey_file:XF6XKC58	
3244	zcollection:Calibre;zkey:DJPFJNCJ;zkey_file:CB2LB9H3	
3245	zcollection:Calibre;zkey:DJPFJNCJ;zkey_file:GSDBTNZK	
3246	zcollection:Calibre;zkey:DJPFJNCJ;zkey_file:CZGF3F3F	
3247	zcollection:Calibre;zkey:DJPFJNCJ;zkey_file:97XLPA2I	
3248	zcollection:Calibre;zkey:DJPFJNCJ;zkey_file:N35KVHJ4	
3249	zcollection:Calibre;zkey:DJPFJNCJ;zkey_file:CZWUWSWZ	
325	zcollection:Calibre;zkey:DJPFJNCJ;zkey_file:GRFWKDJE	
3250	zcollection:Calibre;zkey:DJPFJNCJ;zkey_file:HSDD89HV	
3251	zcollection:Calibre;zkey:DJPFJNCJ;zkey_file:YVF3WGP8	
3252	zcollection:Calibre;zkey:DJPFJNCJ;zkey_file:VUT3NV6F	
3253	zcollection:Calibre;zkey:DJPFJNCJ;zkey_file:HB55YBRP	
3254	zcollection:Calibre;zkey:DJPFJNCJ;zkey_file:BCERZ8VX	
3255	zcollection:Calibre;zkey:DJPFJNCJ;zkey_file:EY4PIFVH	
3256	zcollection:Calibre;zkey:DJPFJNCJ;zkey_file:9HNA5W8R	
3257	zcollection:Calibre;zkey:DJPFJNCJ;zkey_file:EVRF2QCE	
3258	zcollection:Calibre;zkey:DJPFJNCJ;zkey_file:9S7TT8F3	
3259	zcollection:Calibre;zkey:DJPFJNCJ;zkey_file:6XWL49TR	
326	zcollection:Calibre;zkey:DJPFJNCJ;zkey_file:WGNI3L45	
3260	zcollection:Calibre;zkey:DJPFJNCJ;zkey_file:CJI55P9G	
3261	zcollection:Calibre;zkey:DJPFJNCJ;zkey_file:CUWGE2V3	
3262	zcollection:Calibre;zkey:DJPFJNCJ;zkey_file:8S6QQVRH	
3263	zcollection:Calibre;zkey:DJPFJNCJ;zkey_file:3S4UZTN5	
3264	zcollection:Calibre;zkey:DJPFJNCJ;zkey_file:YI3BY6BE	
3265	zcollection:Calibre;zkey:DJPFJNCJ;zkey_file:IQYAPGVF	
3266	zcollection:Calibre;zkey:DJPFJNCJ;zkey_file:SJINT2RY	
3267	zcollection:Calibre;zkey:DJPFJNCJ;zkey_file:Q8NVI9YV	
3268	zcollection:Calibre;zkey:DJPFJNCJ;zkey_file:WLP8EV95	
3269	zcollection:Calibre;zkey:DJPFJNCJ;zkey_file:SX8DL8KD	
327	zcollection:Calibre;zkey:DJPFJNCJ;zkey_file:2VPALB83	
3270	zcollection:Calibre;zkey:DJPFJNCJ;zkey_file:R9ZS682N	
3271	zcollection:Calibre;zkey:DJPFJNCJ;zkey_file:J73NGFHF	
3272	zcollection:Calibre;zkey:DJPFJNCJ;zkey_file:97ZZ9YL9	
3273	zcollection:Calibre;zkey:DJPFJNCJ;zkey_file:TXCN3R7K	
3274	zcollection:Calibre;zkey:DJPFJNCJ;zkey_file:SDAEICL9	
3275	zcollection:Calibre;zkey:DJPFJNCJ;zkey_file:73SJ5XFI	
3276	zcollection:Calibre;zkey:DJPFJNCJ;zkey_file:FNATCIM4	
3277	zcollection:Calibre;zkey:DJPFJNCJ;zkey_file:NQP2VDLU	
3278	zcollection:Calibre;zkey:DJPFJNCJ;zkey_file:TKY83K9N	
3279	zcollection:Calibre;zkey:DJPFJNCJ;zkey_file:NSB9IPBG	
328	zcollection:Calibre;zkey:DJPFJNCJ;zkey_file:LP9BJ6IV	
3280	zcollection:Calibre;zkey:DJPFJNCJ;zkey_file:NG7MMK7D	
3281	zcollection:Calibre;zkey:DJPFJNCJ;zkey_file:BRYGMKB3	
3282	zcollection:Calibre;zkey:DJPFJNCJ;zkey_file:EZ6R2PCF	
3283	zcollection:Calibre;zkey:DJPFJNCJ;zkey_file:DUHUX8P3	
3284	zcollection:Calibre;zkey:DJPFJNCJ;zkey_file:D23GMMSA	
3285	zcollection:Calibre;zkey:DJPFJNCJ;zkey_file:CEBEBUYH	
3286	zcollection:Calibre;zkey:DJPFJNCJ;zkey_file:6I78D488	
3287	zcollection:Calibre;zkey:DJPFJNCJ;zkey_file:PJ23SWR8	
3288	zcollection:Calibre;zkey:DJPFJNCJ;zkey_file:9SBJBCKT	
3289	zcollection:Calibre;zkey:DJPFJNCJ;zkey_file:YCL3BNEH	
329	zcollection:Calibre;zkey:DJPFJNCJ;zkey_file:9P3FAMYN	
3290	zcollection:Calibre;zkey:DJPFJNCJ;zkey_file:ZAXRLY3T	
3291	zcollection:Calibre;zkey:DJPFJNCJ;zkey_file:YEADPRYJ	
3292	zcollection:Calibre;zkey:DJPFJNCJ;zkey_file:QXRXN55S	
3293	zcollection:Calibre;zkey:DJPFJNCJ;zkey_file:C8DZ4YMQ	
3294	zcollection:Calibre;zkey:DJPFJNCJ;zkey_file:GVYWCDLX	
3295	zcollection:Calibre;zkey:DJPFJNCJ;zkey_file:AN7INN39	
3296	zcollection:Calibre;zkey:DJPFJNCJ;zkey_file:FM4H36LP	
3297	zcollection:Calibre;zkey:DJPFJNCJ;zkey_file:SUYS5AKL	
3298	zcollection:Calibre;zkey:DJPFJNCJ;zkey_file:58FT7ZSI	
3299	zcollection:Calibre;zkey:DJPFJNCJ;zkey_file:WWEWXUV5	
3300	zcollection:Calibre;zkey:DJPFJNCJ;zkey_file:DVE7ETS7	
3301	zcollection:Calibre;zkey:DJPFJNCJ;zkey_file:XIUJP2B8	
3302	zcollection:Calibre;zkey:DJPFJNCJ;zkey_file:SUEJJ358	
3303	zcollection:Calibre;zkey:DJPFJNCJ;zkey_file:JTRPUMSB	
3304	zcollection:Calibre;zkey:DJPFJNCJ;zkey_file:CD6XDP69	
3305	zcollection:Calibre;zkey:DJPFJNCJ;zkey_file:THQ25DK7	
3306	zcollection:Calibre;zkey:DJPFJNCJ;zkey_file:HYPE5NBT	
3307	zcollection:Calibre;zkey:DJPFJNCJ;zkey_file:6RDKH5UE	
3308	zcollection:Calibre;zkey:DJPFJNCJ;zkey_file:CNPT42PJ	
3309	zcollection:Calibre;zkey:DJPFJNCJ;zkey_file:MEU859ZL	
3311	zcollection:Calibre;zkey:DJPFJNCJ;zkey_file:TBUIDZED	
3312	zcollection:Calibre;zkey:DJPFJNCJ;zkey_file:5LE4CPT8	
3313	zcollection:Calibre;zkey:DJPFJNCJ;zkey_file:FJCQ8RX9	
3314	zcollection:Calibre;zkey:DJPFJNCJ;zkey_file:SIJF7CRS	
3315	zcollection:Calibre;zkey:DJPFJNCJ;zkey_file:62UJA6V4	
3316	zcollection:Calibre;zkey:DJPFJNCJ;zkey_file:VKWGZBQS	
3317	zcollection:Calibre;zkey:DJPFJNCJ;zkey_file:VMBQIRUZ	
3318	zcollection:Calibre;zkey:DJPFJNCJ;zkey_file:GW2DXE7I	
3319	zcollection:Calibre;zkey:DJPFJNCJ;zkey_file:8LMU5N7B	
3320	zcollection:Calibre;zkey:DJPFJNCJ;zkey_file:NAQHQIEQ	
3321	zcollection:Calibre;zkey:DJPFJNCJ;zkey_file:CU8EBJJC	
3322	zcollection:Calibre;zkey:DJPFJNCJ;zkey_file:BA5LGUMH	
3323	zcollection:Calibre;zkey:DJPFJNCJ;zkey_file:AWM9PBRS	
3324	zcollection:Calibre;zkey:DJPFJNCJ;zkey_file:TQRB2HKB	
3325	zcollection:Calibre;zkey:DJPFJNCJ;zkey_file:PPR8HU85	
3326	zcollection:Calibre;zkey:DJPFJNCJ;zkey_file:F47Z9ELE	
3327	zcollection:Calibre;zkey:DJPFJNCJ;zkey_file:ADE6KQM5	
3328	zcollection:Calibre;zkey:DJPFJNCJ;zkey_file:DCZTE8SY	
3329	zcollection:Calibre;zkey:DJPFJNCJ;zkey_file:YP8JQ25Z	
3330	zcollection:Calibre;zkey:DJPFJNCJ;zkey_file:HAVB3MU5	
3331	zcollection:Calibre;zkey:DJPFJNCJ;zkey_file:SAVW6DA8	
3332	zcollection:Calibre;zkey:DJPFJNCJ;zkey_file:8NN7X3GU	
3333	zcollection:Calibre;zkey:DJPFJNCJ;zkey_file:HRBLCERU	
3334	zcollection:Calibre;zkey:DJPFJNCJ;zkey_file:TTRSKU7E	
3335	zcollection:Calibre;zkey:DJPFJNCJ;zkey_file:C4NMIS9M	
3336	zcollection:Calibre;zkey:DJPFJNCJ;zkey_file:E9GW3V2A	
3337	zcollection:Calibre;zkey:DJPFJNCJ;zkey_file:59QI9KND	
3338	zcollection:Calibre;zkey:DJPFJNCJ;zkey_file:4TNLM839	
3339	zcollection:Calibre;zkey:DJPFJNCJ;zkey_file:GXG63S25	
334	zcollection:Calibre;zkey:DJPFJNCJ;zkey_file:KP2I48UF	
3340	zcollection:Calibre;zkey:DJPFJNCJ;zkey_file:93IWZPLC	
3341	zcollection:Calibre;zkey:DJPFJNCJ;zkey_file:47XKAUBV	
3342	zcollection:Calibre;zkey:DJPFJNCJ;zkey_file:IQIW3U5K	
3343	zcollection:Calibre;zkey:DJPFJNCJ;zkey_file:9NHRAIZN	
3344	zcollection:Calibre;zkey:DJPFJNCJ;zkey_file:95Q9L6JU	
3345	zcollection:Calibre;zkey:DJPFJNCJ;zkey_file:DESMGBCK	
3346	zcollection:Calibre;zkey:DJPFJNCJ;zkey_file:IMI2S6S6	
3347	zcollection:Calibre;zkey:DJPFJNCJ;zkey_file:4MZQP3L8	
3348	zcollection:Calibre;zkey:DJPFJNCJ;zkey_file:ZHQDL6I8	
3349	zcollection:Calibre;zkey:DJPFJNCJ;zkey_file:YUFTJS84	
3350	zcollection:Calibre;zkey:DJPFJNCJ;zkey_file:CICQW8EE	
3351	zcollection:Calibre;zkey:DJPFJNCJ;zkey_file:T6A6SI56	
3352	zcollection:Calibre;zkey:DJPFJNCJ;zkey_file:53LJTVFA	
3353	zcollection:Calibre;zkey:DJPFJNCJ;zkey_file:3P62BWQ7	
3354	zcollection:Calibre;zkey:DJPFJNCJ;zkey_file:HRI2M3YV	
3355	zcollection:Calibre;zkey:DJPFJNCJ;zkey_file:K68ZQN49	
3356	zcollection:Calibre;zkey:DJPFJNCJ;zkey_file:JBXK3ZDU	
3357	zcollection:Calibre;zkey:DJPFJNCJ;zkey_file:YU8ULATR	
3358	zcollection:Calibre;zkey:DJPFJNCJ;zkey_file:WM9F9QTZ	
3359	zcollection:Calibre;zkey:DJPFJNCJ;zkey_file:IQIPSBAZ	
336	zcollection:Calibre;zkey:DJPFJNCJ;zkey_file:CVNH98RR	
3360	zcollection:Calibre;zkey:DJPFJNCJ;zkey_file:YVK5E92E	
3361	zcollection:Calibre;zkey:DJPFJNCJ;zkey_file:UJDTY4NV	
3362	zcollection:Calibre;zkey:DJPFJNCJ;zkey_file:ABXMDFUM	
3363	zcollection:Calibre;zkey:DJPFJNCJ;zkey_file:6F9KJAAJ	
3364	zcollection:Calibre;zkey:DJPFJNCJ;zkey_file:LQUI5E6L	
3365	zcollection:Calibre;zkey:DJPFJNCJ;zkey_file:FQG6IST7	
3366	zcollection:Calibre;zkey:DJPFJNCJ;zkey_file:LYBWZWTK	
3367	zcollection:Calibre;zkey:DJPFJNCJ;zkey_file:4EZ5WH38	
3368	zcollection:Calibre;zkey:DJPFJNCJ;zkey_file:FSHEXVLP	
3369	zcollection:Calibre;zkey:DJPFJNCJ;zkey_file:FA97IH9N	
337	zcollection:Calibre;zkey:DJPFJNCJ;zkey_file:2CRC5GHQ	
3370	zcollection:Calibre;zkey:DJPFJNCJ;zkey_file:2945FGS9	
3371	zcollection:Calibre;zkey:DJPFJNCJ;zkey_file:Q7BPN2KP	
3372	zcollection:Calibre;zkey:DJPFJNCJ;zkey_file:WENPB5R9	
3373	zcollection:Calibre;zkey:DJPFJNCJ;zkey_file:7CKLYJUB	
3374	zcollection:Calibre;zkey:DJPFJNCJ;zkey_file:8KSA34WV	
3375	zcollection:Calibre;zkey:DJPFJNCJ;zkey_file:NEVVIU4U	
3376	zcollection:Calibre;zkey:DJPFJNCJ;zkey_file:NRVS3KZN	
3377	zcollection:Calibre;zkey:DJPFJNCJ;zkey_file:VAAS88LB	
3378	zcollection:Calibre;zkey:DJPFJNCJ;zkey_file:F3DNF9QK	
3379	zcollection:Calibre;zkey:DJPFJNCJ;zkey_file:EQ8Q959B	
3380	zcollection:Calibre;zkey:DJPFJNCJ;zkey_file:YP394QXJ	
3381	zcollection:Calibre;zkey:DJPFJNCJ;zkey_file:DIBXXV6K	
3382	zcollection:Calibre;zkey:DJPFJNCJ;zkey_file:GBJ9D2YE	
3384	zcollection:Calibre;zkey:DJPFJNCJ;zkey_file:TKBC8E24	
3385	zcollection:Calibre;zkey:DJPFJNCJ;zkey_file:UZZ6H3AJ	
3386	zcollection:Calibre;zkey:DJPFJNCJ;zkey_file:S27T7UT3	
3387	zcollection:Calibre;zkey:DJPFJNCJ;zkey_file:KZ3EHDHB	
3388	zcollection:Calibre;zkey:DJPFJNCJ;zkey_file:GMBD2LGK	
3389	zcollection:Calibre;zkey:DJPFJNCJ;zkey_file:I57D3UHV	
339	zcollection:Calibre;zkey:DJPFJNCJ;zkey_file:222IZPGH	
3390	zcollection:Calibre;zkey:DJPFJNCJ;zkey_file:W6XZMAUN	
3391	zcollection:Calibre;zkey:DJPFJNCJ;zkey_file:NVT66FXN	
3392	zcollection:Calibre;zkey:DJPFJNCJ;zkey_file:2JRP9P6W	
3393	zcollection:Calibre;zkey:DJPFJNCJ;zkey_file:PQWM32UW	
3394	zcollection:Calibre;zkey:DJPFJNCJ;zkey_file:EBHGNCWV	
3395	zcollection:Calibre;zkey:DJPFJNCJ;zkey_file:IFYNU2QD	
3396	zcollection:Calibre;zkey:DJPFJNCJ;zkey_file:W4T5SDFF	
3397	zcollection:Calibre;zkey:DJPFJNCJ;zkey_file:536MQIEQ	
3398	zcollection:Calibre;zkey:DJPFJNCJ;zkey_file:EWVYU62Z	
3399	zcollection:Calibre;zkey:DJPFJNCJ;zkey_file:NBUAG6TM	
34	zcollection:Calibre;zkey:DJPFJNCJ;zkey_file:53QH3GFX	
340	zcollection:Calibre;zkey:DJPFJNCJ;zkey_file:GKEDRR23	
3400	zcollection:Calibre;zkey:DJPFJNCJ;zkey_file:MT8K54Q2	
3401	zcollection:Calibre;zkey:DJPFJNCJ;zkey_file:7C8ZJBPG	
3402	zcollection:Calibre;zkey:DJPFJNCJ;zkey_file:N3QLWQB5	
3403	zcollection:Calibre;zkey:DJPFJNCJ;zkey_file:V5296F58	
3404	zcollection:Calibre;zkey:DJPFJNCJ;zkey_file:29IYM4QG	
341	zcollection:Calibre;zkey:DJPFJNCJ;zkey_file:VT8VN6RE	
342	zcollection:Calibre;zkey:DJPFJNCJ;zkey_file:MRYPBT46	
343	doi:10.1215/00182702-1257388;zcollection:Calibre;zkey:DJPFJNCJ;zkey_file:Y8KYJ99B	doi:10.1215/00182702-1257388
3430	zcollection:Calibre;zkey:DJPFJNCJ;zkey_file:XMR28PKI	
3431	zcollection:Calibre;zkey:DJPFJNCJ;zkey_file:67Y3NTCR	
3432	zcollection:Calibre;zkey:DJPFJNCJ;zkey_file:BGWBHR4Z	
3433	zcollection:Calibre;zkey:DJPFJNCJ;zkey_file:I6IEA3G6	
3434	zcollection:Calibre;zkey:DJPFJNCJ;zkey_file:TPHBGCEH	
3435	zcollection:Calibre;zkey:DJPFJNCJ;zkey_file:8WCMRMX2	
3436	zcollection:Calibre;zkey:DJPFJNCJ;zkey_file:VHWEEMAG	
3437	zcollection:Calibre;zkey:DJPFJNCJ;zkey_file:9XTSP3KL	
3438	zcollection:Calibre;zkey:DJPFJNCJ;zkey_file:W69XCUFX	
345	zcollection:Calibre;zkey:DJPFJNCJ;zkey_file:53YCAR5W	
3451	zcollection:Calibre;zkey:DJPFJNCJ;zkey_file:BMLH87NL	
3452	zcollection:Calibre;zkey:DJPFJNCJ;zkey_file:MNRXFB5J	
3453	zcollection:Calibre;zkey:DJPFJNCJ;zkey_file:S4D3ICUS	
3454	zcollection:Calibre;zkey:DJPFJNCJ;zkey_file:IEZMDP5I	
3455	zcollection:Calibre;zkey:DJPFJNCJ;zkey_file:MTJB7AUT	
3456	zcollection:Calibre;zkey:DJPFJNCJ;zkey_file:48XYEWL2	
3457	zcollection:Calibre;zkey:DJPFJNCJ;zkey_file:JITHTGAD	
3458	zcollection:Calibre;zkey:DJPFJNCJ;zkey_file:W5FUPVXX	
3459	zcollection:Calibre;zkey:DJPFJNCJ;zkey_file:YWSMJUUG	
346	isbn:950516016X;zcollection:Calibre;zkey:DJPFJNCJ;zkey_file:RAHRM46B	isbn:950516016X
3460	zcollection:Calibre;zkey:DJPFJNCJ;zkey_file:8LFTJVL4	
3461	zcollection:Calibre;zkey:DJPFJNCJ;zkey_file:FM4P9ABY	
3463	zcollection:Calibre;zkey:DJPFJNCJ;zkey_file:JPU8T3NU	
3464	zcollection:Calibre;zkey:DJPFJNCJ;zkey_file:ID5FNF7E	
347	zcollection:Calibre;zkey:DJPFJNCJ;zkey_file:BG4QJWWE	
348	zcollection:Calibre;zkey:DJPFJNCJ;zkey_file:24ZAK7SF	
3485	zcollection:Calibre;zkey:DJPFJNCJ;zkey_file:A86KD6MW	
3486	zcollection:Calibre;zkey:DJPFJNCJ;zkey_file:NXF5RKUI	
3487	zcollection:Calibre;zkey:DJPFJNCJ;zkey_file:EMADCKJW	
3488	zcollection:Calibre;zkey:DJPFJNCJ;zkey_file:8KEDYBZ4	
3489	zcollection:Calibre;zkey:DJPFJNCJ;zkey_file:CFI4UHTT	
349	zcollection:Calibre;zkey:DJPFJNCJ;zkey_file:XUK8SXLB	
3490	zcollection:Calibre;zkey:DJPFJNCJ;zkey_file:P44TBNZH	
3491	zcollection:Calibre;zkey:DJPFJNCJ;zkey_file:VBLDQSM3	
3492	zcollection:Calibre;zkey:DJPFJNCJ;zkey_file:SFWHPKTX	
3493	zcollection:Calibre;zkey:DJPFJNCJ;zkey_file:7J3EAXAB	
3494	zcollection:Calibre;zkey:DJPFJNCJ;zkey_file:6AILS3GD	
3495	zcollection:Calibre;zkey:DJPFJNCJ;zkey_file:KKSC3HV5	
3496	zcollection:Calibre;zkey:DJPFJNCJ;zkey_file:6PE3G65I	
3497	zcollection:Calibre;zkey:DJPFJNCJ;zkey_file:X6FZ3QBZ	
3498	zcollection:Calibre;zkey:DJPFJNCJ;zkey_file:VH2I9BL9	
3499	zcollection:Calibre;zkey:DJPFJNCJ;zkey_file:FZRSV4X5	
350	zcollection:Calibre;zkey:DJPFJNCJ;zkey_file:EZX6IPK2	
3500	zcollection:Calibre;zkey:DJPFJNCJ;zkey_file:LCW2PW67	
3501	zcollection:Calibre;zkey:DJPFJNCJ;zkey_file:CVH67ABS	
3502	zcollection:Calibre;zkey:DJPFJNCJ;zkey_file:CIIER9TW	
3503	zcollection:Calibre;zkey:DJPFJNCJ;zkey_file:T39PJTNN	
3504	zcollection:Calibre;zkey:DJPFJNCJ;zkey_file:A6S3AFKV	
3505	zcollection:Calibre;zkey:DJPFJNCJ;zkey_file:I3LUTCKG	
3506	zcollection:Calibre;zkey:DJPFJNCJ;zkey_file:HYY74PZM	
3507	zcollection:Calibre;zkey:DJPFJNCJ;zkey_file:TFTRMGKJ	
3508	zcollection:Calibre;zkey:DJPFJNCJ;zkey_file:EMAKGYLG	
3509	zcollection:Calibre;zkey:DJPFJNCJ;zkey_file:KGK9PTQW	
351	zcollection:Calibre;zkey:DJPFJNCJ;zkey_file:DCLYFML6	
3510	zcollection:Calibre;zkey:DJPFJNCJ;zkey_file:LA25DI4I	
3512	zcollection:Calibre;zkey:DJPFJNCJ;zkey_file:LR9DRJKJ	
3515	zcollection:Calibre;zkey:DJPFJNCJ;zkey_file:QZTH6V8M	
3517	zcollection:Calibre;zkey:DJPFJNCJ;zkey_file:GKV39C4A	
3521	zcollection:Calibre;zkey:DJPFJNCJ;zkey_file:43KV8FZZ	
3522	zcollection:Calibre;zkey:DJPFJNCJ;zkey_file:B6B2AAFG	
3524	zcollection:Calibre;zkey:DJPFJNCJ;zkey_file:T2TNNUKR	
3525	zcollection:Calibre;zkey:DJPFJNCJ;zkey_file:48NZQYNE	
3526	zcollection:Calibre;zkey:DJPFJNCJ;zkey_file:IW4N398B	
3527	zcollection:Calibre;zkey:DJPFJNCJ;zkey_file:4MSIJQTM	
3528	zcollection:Calibre;zkey:DJPFJNCJ;zkey_file:RU8QBX8A	
3529	zcollection:Calibre;zkey:DJPFJNCJ;zkey_file:DB6KYTAI	
3530	zcollection:Calibre;zkey:DJPFJNCJ;zkey_file:S7H5FNI6	
3531	zcollection:Calibre;zkey:DJPFJNCJ;zkey_file:I6I9V7UE	
3532	zcollection:Calibre;zkey:DJPFJNCJ;zkey_file:JQTUULBW	
3533	zcollection:Calibre;zkey:DJPFJNCJ;zkey_file:5QYQZNFB	
3534	zcollection:Calibre;zkey:DJPFJNCJ;zkey_file:DGRM6XIT	
3535	zcollection:Calibre;zkey:DJPFJNCJ;zkey_file:HMLSDV5R	
3536	zcollection:Calibre;zkey:DJPFJNCJ;zkey_file:I2VA2AY5	
3537	zcollection:Calibre;zkey:DJPFJNCJ;zkey_file:2X7DQVH8	
3538	zcollection:Calibre;zkey:DJPFJNCJ;zkey_file:BWRUKG4Q	
3539	zcollection:Calibre;zkey:DJPFJNCJ;zkey_file:RK4WAVLG	
354	zcollection:Calibre;zkey:DJPFJNCJ;zkey_file:HC4BBGFD	
3540	zcollection:Calibre;zkey:DJPFJNCJ;zkey_file:ZA2T26NZ	
3541	zcollection:Calibre;zkey:DJPFJNCJ;zkey_file:C5IHSH2C	
3542	zcollection:Calibre;zkey:DJPFJNCJ;zkey_file:NAY4SIHH	
3543	zcollection:Calibre;zkey:DJPFJNCJ;zkey_file:EDKBDREF	
3544	zcollection:Calibre;zkey:DJPFJNCJ;zkey_file:2H8BSVUC	
3545	zcollection:Calibre;zkey:DJPFJNCJ;zkey_file:T55G9IVN	
3546	zcollection:Calibre;zkey:DJPFJNCJ;zkey_file:5MMDJ3DL	
3547	zcollection:Calibre;zkey:DJPFJNCJ;zkey_file:6K5V6RJJ	
3548	zcollection:Calibre;zkey:DJPFJNCJ;zkey_file:B8HBUYRJ	
3549	zcollection:Calibre;zkey:DJPFJNCJ;zkey_file:KYMQS9MT	
355	zcollection:Calibre;zkey:DJPFJNCJ;zkey_file:F3RVYFDA	
3550	zcollection:Calibre;zkey:DJPFJNCJ;zkey_file:52D2NQAT	
3551	zcollection:Calibre;zkey:DJPFJNCJ;zkey_file:MGMLZVRU	
3552	zcollection:Calibre;zkey:DJPFJNCJ;zkey_file:JLU325X7	
3553	zcollection:Calibre;zkey:DJPFJNCJ;zkey_file:NUIUPWE3	
3554	zcollection:Calibre;zkey:DJPFJNCJ;zkey_file:PIV8FRWU	
3555	zcollection:Calibre;zkey:DJPFJNCJ;zkey_file:N84IXZER	
3557	zcollection:Calibre;zkey:DJPFJNCJ;zkey_file:YKT6ZR8S	
356	zcollection:Calibre;zkey:DJPFJNCJ;zkey_file:D4BUXW9B	
3567	zcollection:Calibre;zkey:DJPFJNCJ;zkey_file:HE23LXYN	
3568	zcollection:Calibre;zkey:DJPFJNCJ;zkey_file:ZFMB2XTJ	
3569	zcollection:Calibre;zkey:DJPFJNCJ;zkey_file:7UP587VR	
357	zcollection:Calibre;zkey:DJPFJNCJ;zkey_file:DHDAT9XB	
3570	zcollection:Calibre;zkey:DJPFJNCJ;zkey_file:5CXJP6JD	
3571	zcollection:Calibre;zkey:DJPFJNCJ;zkey_file:MHYVLPWT	
3572	zcollection:Calibre;zkey:DJPFJNCJ;zkey_file:U4FEM3LF	
3573	zcollection:Calibre;zkey:DJPFJNCJ;zkey_file:5DNDYMEJ	
3574	zcollection:Calibre;zkey:DJPFJNCJ;zkey_file:T9TC7JKH	
3575	zcollection:Calibre;zkey:DJPFJNCJ;zkey_file:IJYLZGUL	
3576	zcollection:Calibre;zkey:DJPFJNCJ;zkey_file:G4GF7TL3	
3577	zcollection:Calibre;zkey:DJPFJNCJ;zkey_file:K2QIQFC5	
3578	zcollection:Calibre;zkey:DJPFJNCJ;zkey_file:T2DH8YIL	
3579	zcollection:Calibre;zkey:DJPFJNCJ;zkey_file:2YBCY7KW	
358	zcollection:Calibre;zkey:DJPFJNCJ;zkey_file:S4W9G2CZ	
3581	zcollection:Calibre;zkey:DJPFJNCJ;zkey_file:9JPLNG6C	
3582	zcollection:Calibre;zkey:DJPFJNCJ;zkey_file:NE9RQ8W9	
3583	zcollection:Calibre;zkey:DJPFJNCJ;zkey_file:3DKP4VT2	
3584	zcollection:Calibre;zkey:DJPFJNCJ;zkey_file:2J36R8IX	
3585	zcollection:Calibre;zkey:DJPFJNCJ;zkey_file:ZQ8SVRSB	
3586	zcollection:Calibre;zkey:DJPFJNCJ;zkey_file:LJEIQBR5	
3587	zcollection:Calibre;zkey:DJPFJNCJ;zkey_file:HDLTRFRB	
3588	zcollection:Calibre;zkey:DJPFJNCJ;zkey_file:89V8RDQP	
3589	zcollection:Calibre;zkey:DJPFJNCJ;zkey_file:T4DPR4RE	
3590	zcollection:Calibre;zkey:DJPFJNCJ;zkey_file:ITHLL7MQ	
3592	zcollection:Calibre;zkey:DJPFJNCJ;zkey_file:EICIYFVM	
3593	zcollection:Calibre;zkey:DJPFJNCJ;zkey_file:DSWSR6JU	
3594	zcollection:Calibre;zkey:DJPFJNCJ;zkey_file:HBY56VMQ	
3595	doi:10.1002/9781119808923;zcollection:Calibre;zkey:DJPFJNCJ;zkey_file:G9LBD83S	doi:10.1002/9781119808923
3596	doi:10.1002/9781119808923;zcollection:Calibre;zkey:DJPFJNCJ;zkey_file:EGFLS7BF	doi:10.1002/9781119808923
3597	doi:10.1002/9781119808923;zcollection:Calibre;zkey:DJPFJNCJ;zkey_file:Q2YA2SSN	doi:10.1002/9781119808923
3598	doi:10.1002/9781119808923;zcollection:Calibre;zkey:DJPFJNCJ;zkey_file:N4K9CNSI	doi:10.1002/9781119808923
3599	zcollection:Calibre;zkey:DJPFJNCJ;zkey_file:CZEMRNN4	
36	zcollection:Calibre;zkey:DJPFJNCJ;zkey_file:8NVSS4R2	
3600	zcollection:Calibre;zkey:DJPFJNCJ;zkey_file:HN35ZXKQ	
3601	zcollection:Calibre;zkey:DJPFJNCJ;zkey_file:45BSZT4Q	
3602	zcollection:Calibre;zkey:DJPFJNCJ;zkey_file:IXY76NFK	
3603	zcollection:Calibre;zkey:DJPFJNCJ;zkey_file:RBCZARAM	
3605	zcollection:Calibre;zkey:DJPFJNCJ;zkey_file:IXPGD2G2	
3606	zcollection:Calibre;zkey:DJPFJNCJ;zkey_file:BXMFTIZW	
3607	zcollection:Calibre;zkey:DJPFJNCJ;zkey_file:XB8QEBLJ	
3608	zcollection:Calibre;zkey:DJPFJNCJ;zkey_file:D4ZGLFCE	
3609	zcollection:Calibre;zkey:DJPFJNCJ;zkey_file:6ZSM8BNF	
361	zcollection:Calibre;zkey:DJPFJNCJ;zkey_file:2B333479	
3612	zcollection:Calibre;zkey:DJPFJNCJ;zkey_file:I6DL8YLQ	
3613	zcollection:Calibre;zkey:DJPFJNCJ;zkey_file:MYRNS6E3	
3614	zcollection:Calibre;zkey:DJPFJNCJ;zkey_file:7L7BFPDV	
3615	zcollection:Calibre;zkey:DJPFJNCJ;zkey_file:6325HCJD	
3616	zcollection:Calibre;zkey:DJPFJNCJ;zkey_file:98XB4SVY	
3617	zcollection:Calibre;zkey:DJPFJNCJ;zkey_file:PPB38CDZ	
3618	zcollection:Calibre;zkey:DJPFJNCJ;zkey_file:5V2WHYN5	
3619	zcollection:Calibre;zkey:DJPFJNCJ;zkey_file:VIFYYWAV	
362	zcollection:Calibre;zkey:DJPFJNCJ;zkey_file:3AHJQKEQ	
3620	zcollection:Calibre;zkey:DJPFJNCJ;zkey_file:W73V9HJB	
3621	zcollection:Calibre;zkey:DJPFJNCJ;zkey_file:K8MZJNKN	
3622	zcollection:Calibre;zkey:DJPFJNCJ;zkey_file:76EZK7NP	
3623	zcollection:Calibre;zkey:DJPFJNCJ;zkey_file:4PHZMJZF	
3624	zcollection:Calibre;zkey:DJPFJNCJ;zkey_file:C8W4WQSA	
3625	zcollection:Calibre;zkey:DJPFJNCJ;zkey_file:CR84W7LY	
3626	zcollection:Calibre;zkey:DJPFJNCJ;zkey_file:KZ99H5GV	
3627	zcollection:Calibre;zkey:DJPFJNCJ;zkey_file:U6S9DHPE	
3628	zcollection:Calibre;zkey:DJPFJNCJ;zkey_file:7YNH7IMV	
3629	zcollection:Calibre;zkey:DJPFJNCJ;zkey_file:VBV5F5BT	
3630	zcollection:Calibre;zkey:DJPFJNCJ;zkey_file:2RQMUJEK	
3631	zcollection:Calibre;zkey:DJPFJNCJ;zkey_file:BHXCP65C	
3632	zcollection:Calibre;zkey:DJPFJNCJ;zkey_file:3TB2TJGC	
3633	zcollection:Calibre;zkey:DJPFJNCJ;zkey_file:NRVG4XIF	
3638	zcollection:Calibre;zkey:DJPFJNCJ;zkey_file:H6BJGS7U	
364	zcollection:Calibre;zkey:DJPFJNCJ;zkey_file:Y4Y6PC8K	
3643	zcollection:Calibre;zkey:DJPFJNCJ;zkey_file:6EQ5H8A2	
3644	zcollection:Calibre;zkey:DJPFJNCJ;zkey_file:6WBNRPFR	
365	zcollection:Calibre;zkey:DJPFJNCJ;zkey_file:F3NQ45MU	
3655	zcollection:Calibre;zkey:DJPFJNCJ;zkey_file:AZAJQYX7	
3656	zcollection:Calibre;zkey:DJPFJNCJ;zkey_file:DL5D3ENS	
366	zcollection:Calibre;zkey:DJPFJNCJ;zkey_file:KZNT4MB4	
3668	zcollection:Calibre;zkey:DJPFJNCJ;zkey_file:RS423PQV	
3669	zcollection:Calibre;zkey:DJPFJNCJ;zkey_file:FU88MIDJ	
3670	zcollection:Calibre;zkey:DJPFJNCJ;zkey_file:LZGEE87R	
3671	zcollection:Calibre;zkey:DJPFJNCJ;zkey_file:EVYJUG9Z	
3672	zcollection:Calibre;zkey:DJPFJNCJ;zkey_file:VCX29B2L	
3673	zcollection:Calibre;zkey:DJPFJNCJ;zkey_file:2HDF8EKC	
3674	zcollection:Calibre;zkey:DJPFJNCJ;zkey_file:8AZWSX9I	
3675	zcollection:Calibre;zkey:DJPFJNCJ;zkey_file:YMYMQ8U5	
3676	zcollection:Calibre;zkey:DJPFJNCJ;zkey_file:YSDCYQEU	
3677	zcollection:Calibre;zkey:DJPFJNCJ;zkey_file:6AK843FE	
3678	zcollection:Calibre;zkey:DJPFJNCJ;zkey_file:4572PTXN	
3679	zcollection:Calibre;zkey:DJPFJNCJ;zkey_file:7MBBXNEG	
368	doi:10.1017/cbo9780511810725;zcollection:Calibre;zkey:DJPFJNCJ;zkey_file:KJDWRCGK	doi:10.1017/cbo9780511810725
3680	zcollection:Calibre;zkey:DJPFJNCJ;zkey_file:4ZQ8ILS7	
3681	zcollection:Calibre;zkey:DJPFJNCJ;zkey_file:SHELZHBS	
3682	zcollection:Calibre;zkey:DJPFJNCJ;zkey_file:88KER4L3	
3683	zcollection:Calibre;zkey:DJPFJNCJ;zkey_file:CX9YFYJ5	
3684	zcollection:Calibre;zkey:DJPFJNCJ;zkey_file:XGBUKRFJ	
3685	zcollection:Calibre;zkey:DJPFJNCJ;zkey_file:GDR6H955	
3686	zcollection:Calibre;zkey:DJPFJNCJ;zkey_file:C8WEY86R	
3687	zcollection:Calibre;zkey:DJPFJNCJ;zkey_file:PZHQQW4Z	
3688	zcollection:Calibre;zkey:DJPFJNCJ;zkey_file:JMPGHBDF	
3689	zcollection:Calibre;zkey:DJPFJNCJ;zkey_file:6JFLBHJW	
369	zcollection:Calibre;zkey:DJPFJNCJ;zkey_file:TCPUL87L	
3690	zcollection:Calibre;zkey:DJPFJNCJ;zkey_file:XXPXF8AL	
3691	zcollection:Calibre;zkey:DJPFJNCJ;zkey_file:3C3AN7YS	
3692	zcollection:Calibre;zkey:DJPFJNCJ;zkey_file:IDCP33ET	
3693	zcollection:Calibre;zkey:DJPFJNCJ;zkey_file:D3CH9H7K	
3694	zcollection:Calibre;zkey:DJPFJNCJ;zkey_file:B955HK7Z	
3695	zcollection:Calibre;zkey:DJPFJNCJ;zkey_file:2LJJ8CNI	
3696	zcollection:Calibre;zkey:DJPFJNCJ;zkey_file:I2V968GV	
3697	zcollection:Calibre;zkey:DJPFJNCJ;zkey_file:6IA3JRUN	
3698	zcollection:Calibre;zkey:DJPFJNCJ;zkey_file:SUNXY92R	
3699	zcollection:Calibre;zkey:DJPFJNCJ;zkey_file:88NLKBNK	
370	zcollection:Calibre;zkey:DJPFJNCJ;zkey_file:9RFLULHH	
3700	zcollection:Calibre;zkey:DJPFJNCJ;zkey_file:CSU5HW7R	
3701	zcollection:Calibre;zkey:DJPFJNCJ;zkey_file:WAFY5YBA	
3702	zcollection:Calibre;zkey:DJPFJNCJ;zkey_file:MNW4LVUZ	
3703	zcollection:Calibre;zkey:DJPFJNCJ;zkey_file:QUTILZGQ	
3704	zcollection:Calibre;zkey:DJPFJNCJ;zkey_file:BVTKJWXY	
3705	zcollection:Calibre;zkey:DJPFJNCJ;zkey_file:6PAEKR9B	
3706	zcollection:Calibre;zkey:DJPFJNCJ;zkey_file:Q6HCSRST	
3707	zcollection:Calibre;zkey:DJPFJNCJ;zkey_file:4GZKRLCS	
3708	zcollection:Calibre;zkey:DJPFJNCJ;zkey_file:2KEZFKSH	
3709	zcollection:Calibre;zkey:DJPFJNCJ;zkey_file:YXDXS2XA	
371	zcollection:Calibre;zkey:DJPFJNCJ;zkey_file:2HK2KX4Z	
3710	zcollection:Calibre;zkey:DJPFJNCJ;zkey_file:RRHTANSZ	
3711	zcollection:Calibre;zkey:DJPFJNCJ;zkey_file:C7CRQUH7	
3712	zcollection:Calibre;zkey:DJPFJNCJ;zkey_file:NDZILG98	
3713	zcollection:Calibre;zkey:DJPFJNCJ;zkey_file:APTFFS3I	
3714	zcollection:Calibre;zkey:DJPFJNCJ;zkey_file:GRTVE9F3	
3715	zcollection:Calibre;zkey:DJPFJNCJ;zkey_file:8IN53PWR	
3717	zcollection:Calibre;zkey:DJPFJNCJ;zkey_file:3AJ2EVE4	
3718	zcollection:Calibre;zkey:DJPFJNCJ;zkey_file:R2SUSWRX	
3719	zcollection:Calibre;zkey:DJPFJNCJ;zkey_file:NZ9J87PZ	
372	zcollection:Calibre;zkey:DJPFJNCJ;zkey_file:9ZWJ7KWP	
3723	zcollection:Calibre;zkey:DJPFJNCJ;zkey_file:ZWEGHC4T	
3725	zcollection:Calibre;zkey:DJPFJNCJ;zkey_file:K6KCNBZX	
3727	zcollection:Calibre;zkey:DJPFJNCJ;zkey_file:9LGVIBEU	
3729	zcollection:Calibre;zkey:DJPFJNCJ;zkey_file:QIUXW85G	
373	zcollection:Calibre;zkey:DJPFJNCJ;zkey_file:7LNTVLD7	
3731	zcollection:Calibre;zkey:DJPFJNCJ;zkey_file:Y33INK7V	
3732	zcollection:Calibre;zkey:DJPFJNCJ;zkey_file:46PW7CKY	
3733	zcollection:Calibre;zkey:DJPFJNCJ;zkey_file:2A5B3T4P	
3734	zcollection:Calibre;zkey:DJPFJNCJ;zkey_file:RKIEQ677	
3735	zcollection:Calibre;zkey:DJPFJNCJ;zkey_file:SVIRZY7P	
3736	zcollection:Calibre;zkey:DJPFJNCJ;zkey_file:KFGLAZZV	
3737	zcollection:Calibre;zkey:DJPFJNCJ;zkey_file:UYFQ2BG5	
3738	zcollection:Calibre;zkey:DJPFJNCJ;zkey_file:ISHW7YCZ	
3739	zcollection:Calibre;zkey:DJPFJNCJ;zkey_file:FE7KJQ4I	
374	zcollection:Calibre;zkey:DJPFJNCJ;zkey_file:D6DL33HA	
3743	zcollection:Calibre;zkey:DJPFJNCJ;zkey_file:CQR9BANX	
3744	zcollection:Calibre;zkey:DJPFJNCJ;zkey_file:VQDBJNUD	
3745	zcollection:Calibre;zkey:DJPFJNCJ;zkey_file:EINLAWES	
3746	zcollection:Calibre;zkey:DJPFJNCJ;zkey_file:SXP6CVEE	
3747	zcollection:Calibre;zkey:DJPFJNCJ;zkey_file:L9WF92EX	
3748	zcollection:Calibre;zkey:DJPFJNCJ;zkey_file:DI7I2KJ2	
3749	zcollection:Calibre;zkey:DJPFJNCJ;zkey_file:JX8THFYJ	
375	zcollection:Calibre;zkey:DJPFJNCJ;zkey_file:V5FXXPKP	
3750	zcollection:Calibre;zkey:DJPFJNCJ;zkey_file:NLSECRLD	
3751	zcollection:Calibre;zkey:DJPFJNCJ;zkey_file:H7E7HQ5E	
3752	zcollection:Calibre;zkey:DJPFJNCJ;zkey_file:XGRHFIVM	
3753	zcollection:Calibre;zkey:DJPFJNCJ;zkey_file:58HEP5YW	
3754	zcollection:Calibre;zkey:DJPFJNCJ;zkey_file:I65WESP8	
3755	zcollection:Calibre;zkey:DJPFJNCJ;zkey_file:PAEWDG87	
3756	zcollection:Calibre;zkey:DJPFJNCJ;zkey_file:PH2MJRUS	
3757	zcollection:Calibre;zkey:DJPFJNCJ;zkey_file:ABGTDT32	
3758	zcollection:Calibre;zkey:DJPFJNCJ;zkey_file:EBUPTEUP	
376	zcollection:Calibre;zkey:DJPFJNCJ;zkey_file:7FBD24F4	
3764	zcollection:Calibre;zkey:DJPFJNCJ;zkey_file:SLKW4QD3	
3766	zcollection:Calibre;zkey:DJPFJNCJ;zkey_file:CW45KTQK	
3767	zcollection:Calibre;zkey:DJPFJNCJ;zkey_file:G7N7N9WT	
3768	zcollection:Calibre;zkey:DJPFJNCJ;zkey_file:KIMCHMA3	
3769	zcollection:Calibre;zkey:DJPFJNCJ;zkey_file:HAS7N4KZ	
377	zcollection:Calibre;zkey:DJPFJNCJ;zkey_file:L5BIDAHH	
3770	zcollection:Calibre;zkey:DJPFJNCJ;zkey_file:J29BXZ9X	
3771	zcollection:Calibre;zkey:DJPFJNCJ;zkey_file:4N65BNFC	
3772	zcollection:Calibre;zkey:DJPFJNCJ;zkey_file:SV2W3AWF	
3773	zcollection:Calibre;zkey:DJPFJNCJ;zkey_file:Q2MDK2I7	
3774	zcollection:Calibre;zkey:DJPFJNCJ;zkey_file:EC7M6ZVP	
3775	zcollection:Calibre;zkey:DJPFJNCJ;zkey_file:SKMBR9XR	
3776	zcollection:Calibre;zkey:DJPFJNCJ;zkey_file:9G4J6EYJ	
3777	zcollection:Calibre;zkey:DJPFJNCJ;zkey_file:8VF2QQLX	
3778	zcollection:Calibre;zkey:DJPFJNCJ;zkey_file:CBCU3IPL	
3779	zcollection:Calibre;zkey:DJPFJNCJ;zkey_file:MIX95YGS	
378	zcollection:Calibre;zkey:DJPFJNCJ;zkey_file:ZTTY38UD	
3780	zcollection:Calibre;zkey:DJPFJNCJ;zkey_file:73H67WUC	
3797	zcollection:Calibre;zkey:DJPFJNCJ;zkey_file:NJSALXN4	
3798	zcollection:Calibre;zkey:DJPFJNCJ;zkey_file:WHAT98E3	
3799	zcollection:Calibre;zkey:DJPFJNCJ;zkey_file:3Q6883EP	
38	zcollection:Calibre;zkey:DJPFJNCJ;zkey_file:UY8LRBLR	
380	zcollection:Calibre;zkey:DJPFJNCJ;zkey_file:E2P9Q5L7	
3800	zcollection:Calibre;zkey:DJPFJNCJ;zkey_file:5YBLSRCZ	
3801	zcollection:Calibre;zkey:DJPFJNCJ;zkey_file:VEIN87U4	
3803	zcollection:Calibre;zkey:DJPFJNCJ;zkey_file:6Y5VBHFB	
3804	zcollection:Calibre;zkey:DJPFJNCJ;zkey_file:T4CL42K5	
3805	zcollection:Calibre;zkey:DJPFJNCJ;zkey_file:HQGDHCLS	
3806	zcollection:Calibre;zkey:DJPFJNCJ;zkey_file:WSG2V343	
3807	zcollection:Calibre;zkey:DJPFJNCJ;zkey_file:5S96XFTY	
3808	zcollection:Calibre;zkey:DJPFJNCJ;zkey_file:FFI2D9T4	
3809	zcollection:Calibre;zkey:DJPFJNCJ;zkey_file:5KSPSQMS	
381	zcollection:Calibre;zkey:DJPFJNCJ;zkey_file:WLJK62QB	
3810	zcollection:Calibre;zkey:DJPFJNCJ;zkey_file:3KW9BAMJ	
3811	zcollection:Calibre;zkey:DJPFJNCJ;zkey_file:S3QPQR8Z	
3812	zcollection:Calibre;zkey:DJPFJNCJ;zkey_file:67IKXETX	
3813	zcollection:Calibre;zkey:DJPFJNCJ;zkey_file:U4JRV2ED	
3814	zcollection:Calibre;zkey:DJPFJNCJ;zkey_file:BR5EC7UM	
3815	zcollection:Calibre;zkey:DJPFJNCJ;zkey_file:ZARGGIRR	
3816	zcollection:Calibre;zkey:DJPFJNCJ;zkey_file:CMMXZFFN	
3817	zcollection:Calibre;zkey:DJPFJNCJ;zkey_file:Y4FZUYHF	
3818	zcollection:Calibre;zkey:DJPFJNCJ;zkey_file:ZXTSFN64	
3819	zcollection:Calibre;zkey:DJPFJNCJ;zkey_file:CUGXNJER	
382	zcollection:Calibre;zkey:DJPFJNCJ;zkey_file:BKBJZ5R8	
3820	zcollection:Calibre;zkey:DJPFJNCJ;zkey_file:K369HP9Q	
3821	zcollection:Calibre;zkey:DJPFJNCJ;zkey_file:J57FDFGP	
3822	zcollection:Calibre;zkey:DJPFJNCJ;zkey_file:YTUH8S95	
3823	zcollection:Calibre;zkey:DJPFJNCJ;zkey_file:EQT8EWXB	
3824	zcollection:Calibre;zkey:DJPFJNCJ;zkey_file:AY8CA7MX	
3825	zcollection:Calibre;zkey:DJPFJNCJ;zkey_file:5J4TRIP9	
3826	zcollection:Calibre;zkey:DJPFJNCJ;zkey_file:HTYSSJTU	
3827	zcollection:Calibre;zkey:DJPFJNCJ;zkey_file:P288JWJV	
3828	zcollection:Calibre;zkey:DJPFJNCJ;zkey_file:FFIK3CHY	
3829	zcollection:Calibre;zkey:DJPFJNCJ;zkey_file:QSLCMZME	
383	zcollection:Calibre;zkey:DJPFJNCJ;zkey_file:QYMRC4X3	
3830	zcollection:Calibre;zkey:DJPFJNCJ;zkey_file:RPSNQBLP	
3831	zcollection:Calibre;zkey:DJPFJNCJ;zkey_file:A3YVN8LA	
3832	zcollection:Calibre;zkey:DJPFJNCJ;zkey_file:XPMJ68K7	
3833	zcollection:Calibre;zkey:DJPFJNCJ;zkey_file:8L5JZYUF	
3834	zcollection:Calibre;zkey:DJPFJNCJ;zkey_file:U2B2D6FX	
3835	zcollection:Calibre;zkey:DJPFJNCJ;zkey_file:93WXZP8B	
3836	zcollection:Calibre;zkey:DJPFJNCJ;zkey_file:RAWMB5B6	
3837	zcollection:Calibre;zkey:DJPFJNCJ;zkey_file:5N55XF24	
3838	zcollection:Calibre;zkey:DJPFJNCJ;zkey_file:QKIR4RI3	
3839	zcollection:Calibre;zkey:DJPFJNCJ;zkey_file:FPXIMW77	
384	zcollection:Calibre;zkey:DJPFJNCJ;zkey_file:7JJCVWZD	
3840	zcollection:Calibre;zkey:DJPFJNCJ;zkey_file:VL6UDS8D	
3841	zcollection:Calibre;zkey:DJPFJNCJ;zkey_file:Y2IDQHZG	
3842	zcollection:Calibre;zkey:DJPFJNCJ;zkey_file:S6H7LVW5	
3843	zcollection:Calibre;zkey:DJPFJNCJ;zkey_file:RT6UKT5H	
3844	zcollection:Calibre;zkey:DJPFJNCJ;zkey_file:JL9VRWWD	
3845	zcollection:Calibre;zkey:DJPFJNCJ;zkey_file:BKHANLKM	
3846	zcollection:Calibre;zkey:DJPFJNCJ;zkey_file:KI3K9KMM	
3847	zcollection:Calibre;zkey:DJPFJNCJ;zkey_file:337TCWB6	
3848	zcollection:Calibre;zkey:DJPFJNCJ;zkey_file:ZPGHLW2Y	
3849	zcollection:Calibre;zkey:DJPFJNCJ;zkey_file:5BUYMWAF	
385	zcollection:Calibre;zkey:DJPFJNCJ;zkey_file:S3GL5SS7	
3850	zcollection:Calibre;zkey:DJPFJNCJ;zkey_file:GBLS5TZ8	
3851	zcollection:Calibre;zkey:DJPFJNCJ;zkey_file:RW2CCC34	
3853	zcollection:Calibre;zkey:DJPFJNCJ;zkey_file:NY4NVYXL	
3854	zcollection:Calibre;zkey:DJPFJNCJ;zkey_file:IF6YCI9B	
3855	zcollection:Calibre;zkey:DJPFJNCJ;zkey_file:2CRRQHT3	
3856	zcollection:Calibre;zkey:DJPFJNCJ;zkey_file:4Y62EWIP	
3857	zcollection:Calibre;zkey:DJPFJNCJ;zkey_file:5IYZDNVC	
3858	zcollection:Calibre;zkey:DJPFJNCJ;zkey_file:HKX4AB8D	
3859	zcollection:Calibre;zkey:DJPFJNCJ;zkey_file:F38BLYKA	
386	zcollection:Calibre;zkey:DJPFJNCJ;zkey_file:KM89XUUB	
387	zcollection:Calibre;zkey:DJPFJNCJ;zkey_file:52R92VRB	
388	zcollection:Calibre;zkey:DJPFJNCJ;zkey_file:CKFR3WSK	
3883	zcollection:Calibre;zkey:DJPFJNCJ;zkey_file:QD7IJQDZ	
389	zcollection:Calibre;zkey:DJPFJNCJ;zkey_file:SJ3DUE7E	
39	zcollection:Calibre;zkey:DJPFJNCJ;zkey_file:WP7X9CAU	
390	zcollection:Calibre;zkey:DJPFJNCJ;zkey_file:Z2VGNY8F	
3904	zcollection:Calibre;zkey:DJPFJNCJ;zkey_file:EX767I3C	
3905	zcollection:Calibre;zkey:DJPFJNCJ;zkey_file:JME3QC82	
3906	zcollection:Calibre;zkey:DJPFJNCJ;zkey_file:MCUM9TRB	
391	zcollection:Calibre;zkey:DJPFJNCJ;zkey_file:5B985UA4	
3912	zcollection:Calibre;zkey:DJPFJNCJ;zkey_file:43TYGV9J	
3913	zcollection:Calibre;zkey:DJPFJNCJ;zkey_file:ATITPYIP	
3914	zcollection:Calibre;zkey:DJPFJNCJ;zkey_file:4FB5RE6P	
3915	zcollection:Calibre;zkey:DJPFJNCJ;zkey_file:9Y73H8WC	
3917	zcollection:Calibre;zkey:DJPFJNCJ;zkey_file:ZMETRRWU	
3918	zcollection:Calibre;zkey:DJPFJNCJ;zkey_file:TQXIUUY8	
3919	zcollection:Calibre;zkey:DJPFJNCJ;zkey_file:H5G2MEPY	
3920	zcollection:Calibre;zkey:DJPFJNCJ;zkey_file:KLN3EHQB	
3921	zcollection:Calibre;zkey:DJPFJNCJ;zkey_file:NHW63CDU	
3922	zcollection:Calibre;zkey:DJPFJNCJ;zkey_file:EXWGJK75	
3923	zcollection:Calibre;zkey:DJPFJNCJ;zkey_file:R5LPQ2MM	
3924	zcollection:Calibre;zkey:DJPFJNCJ;zkey_file:KZEHPGSN	
3925	zcollection:Calibre;zkey:DJPFJNCJ;zkey_file:D8Y82T9U	
3926	zcollection:Calibre;zkey:DJPFJNCJ;zkey_file:NHJKHZQR	
3927	zcollection:Calibre;zkey:DJPFJNCJ;zkey_file:5KSW4DT7	
3928	zcollection:Calibre;zkey:DJPFJNCJ;zkey_file:LIINCM7E	
3929	zcollection:Calibre;zkey:DJPFJNCJ;zkey_file:8II8PKPR	
393	zcollection:Calibre;zkey:DJPFJNCJ;zkey_file:CMNQFYFB	
3931	zcollection:Calibre;zkey:DJPFJNCJ;zkey_file:NP78KJ7S	
3933	zcollection:Calibre;zkey:DJPFJNCJ;zkey_file:XV335MNQ	
3935	zcollection:Calibre;zkey:DJPFJNCJ;zkey_file:IPQ8EJ3P	
3936	zcollection:Calibre;zkey:DJPFJNCJ;zkey_file:C6MQNF3W	
3937	zcollection:Calibre;zkey:DJPFJNCJ;zkey_file:AFZKR2BB	
3938	zcollection:Calibre;zkey:DJPFJNCJ;zkey_file:MMBNL8EA	
3939	zcollection:Calibre;zkey:DJPFJNCJ;zkey_file:ZYFGLIV8	
394	zcollection:Calibre;zkey:DJPFJNCJ;zkey_file:PK9BZWQG	
3940	zcollection:Calibre;zkey:DJPFJNCJ;zkey_file:L8ELKEBH	
3941	zcollection:Calibre;zkey:DJPFJNCJ;zkey_file:77LJYMKQ	
3942	zcollection:Calibre;zkey:DJPFJNCJ;zkey_file:KGT79SDJ	
3943	zcollection:Calibre;zkey:DJPFJNCJ;zkey_file:LZLVTM3Z	
3944	zcollection:Calibre;zkey:DJPFJNCJ;zkey_file:9DEMRBTX	
3945	zcollection:Calibre;zkey:DJPFJNCJ;zkey_file:YJLM5TJ4	
3946	zcollection:Calibre;zkey:DJPFJNCJ;zkey_file:JD2HJS2R	
3947	zcollection:Calibre;zkey:DJPFJNCJ;zkey_file:MB947GEC	
3948	zcollection:Calibre;zkey:DJPFJNCJ;zkey_file:YEEC8F8U	
3949	zcollection:Calibre;zkey:DJPFJNCJ;zkey_file:S8GJUBFB	
395	zcollection:Calibre;zkey:DJPFJNCJ;zkey_file:WQCMGFH4	
3954	zcollection:Calibre;zkey:DJPFJNCJ;zkey_file:RF5MNU4B	
3955	zcollection:Calibre;zkey:DJPFJNCJ;zkey_file:JYQQK2XG	
3956	zcollection:Calibre;zkey:DJPFJNCJ;zkey_file:QX22ZJ82	
3958	zcollection:Calibre;zkey:DJPFJNCJ;zkey_file:SB9GC9NW	
396	zcollection:Calibre;zkey:DJPFJNCJ;zkey_file:KXJM8VJD	
397	zcollection:Calibre;zkey:DJPFJNCJ;zkey_file:2D7SSFL4	
3979	zcollection:Calibre;zkey:DJPFJNCJ;zkey_file:92R2ZW84	
398	zcollection:Calibre;zkey:DJPFJNCJ;zkey_file:FZQ5D5F8	
3985	zcollection:Calibre;zkey:DJPFJNCJ;zkey_file:6FLGCV7R	
3986	zcollection:Calibre;zkey:DJPFJNCJ;zkey_file:6FVD4K3V	
3989	zcollection:Calibre;zkey:DJPFJNCJ;zkey_file:IEA2675K	
461	zcollection:Calibre;zkey:DJPFJNCJ;zkey_file:LMHYYJQS	
40	zcollection:Calibre;zkey:DJPFJNCJ;zkey_file:YJJS3F26	
400	zcollection:Calibre;zkey:DJPFJNCJ;zkey_file:FUWT7MUR	
4000	zcollection:Calibre;zkey:DJPFJNCJ;zkey_file:FWGH3QX7	
4005	zcollection:Calibre;zkey:DJPFJNCJ;zkey_file:EB8KW2WQ	
401	zcollection:Calibre;zkey:DJPFJNCJ;zkey_file:R2WW85DS	
4012	zcollection:Calibre;zkey:DJPFJNCJ;zkey_file:YV2QYM4E	
4013	zcollection:Calibre;zkey:DJPFJNCJ;zkey_file:RVCQWR8N	
4016	zcollection:Calibre;zkey:DJPFJNCJ;zkey_file:W93RGQQW	
402	zcollection:Calibre;zkey:DJPFJNCJ;zkey_file:Q57N7QK2	
4023	zcollection:Calibre;zkey:DJPFJNCJ;zkey_file:NIHETNEM	
4024	zcollection:Calibre;zkey:DJPFJNCJ;zkey_file:BX7UP869	
4025	zcollection:Calibre;zkey:DJPFJNCJ;zkey_file:SHSC34C7	
4027	zcollection:Calibre;zkey:DJPFJNCJ;zkey_file:DNHUW4C8	
4028	zcollection:Calibre;zkey:DJPFJNCJ;zkey_file:8HYLH8M5	
4029	zcollection:Calibre;zkey:DJPFJNCJ;zkey_file:LUGMWI8E	
403	zcollection:Calibre;zkey:DJPFJNCJ;zkey_file:4N9C9MV3	
4032	zcollection:Calibre;zkey:DJPFJNCJ;zkey_file:KHPEIA83	
4034	zcollection:Calibre;zkey:DJPFJNCJ;zkey_file:6BIVM6PH	
4037	zcollection:Calibre;zkey:DJPFJNCJ;zkey_file:ZTB6CSET	
4039	zcollection:Calibre;zkey:DJPFJNCJ;zkey_file:DRSTX3RH	
404	zcollection:Calibre;zkey:DJPFJNCJ;zkey_file:W6BFVTZ7	
4043	zcollection:Calibre;zkey:DJPFJNCJ;zkey_file:BIR3M95U	
4044	zcollection:Calibre;zkey:DJPFJNCJ;zkey_file:3KNZGWL8	
4046	zcollection:Calibre;zkey:DJPFJNCJ;zkey_file:AVAELIX8	
4047	zcollection:Calibre;zkey:DJPFJNCJ;zkey_file:BE354Y7Z	
4049	zcollection:Calibre;zkey:DJPFJNCJ;zkey_file:48IS6RHU	
405	zcollection:Calibre;zkey:DJPFJNCJ;zkey_file:5IRTHLLZ	
4050	zcollection:Calibre;zkey:DJPFJNCJ;zkey_file:CHT35CM8	
4051	zcollection:Calibre;zkey:DJPFJNCJ;zkey_file:9WKVE7FQ	
4052	zcollection:Calibre;zkey:DJPFJNCJ;zkey_file:8H947LLU	
4053	zcollection:Calibre;zkey:DJPFJNCJ;zkey_file:9L3QKE9Z	
4054	zcollection:Calibre;zkey:DJPFJNCJ;zkey_file:42KQHG5I	
4055	zcollection:Calibre;zkey:DJPFJNCJ;zkey_file:EKS7VB5U	
4056	zcollection:Calibre;zkey:DJPFJNCJ;zkey_file:48EWE67T	
4058	zcollection:Calibre;zkey:DJPFJNCJ;zkey_file:FNTHC7KM	
406	zcollection:Calibre;zkey:DJPFJNCJ;zkey_file:33WLF6FP	
4061	zcollection:Calibre;zkey:DJPFJNCJ;zkey_file:HWDCQTHB	
407	zcollection:Calibre;zkey:DJPFJNCJ;zkey_file:TGZAYRL2	
408	zcollection:Calibre;zkey:DJPFJNCJ;zkey_file:BTMJC62J	
409	zcollection:Calibre;zkey:DJPFJNCJ;zkey_file:DYJTJ9DY	
41	zcollection:Calibre;zkey:DJPFJNCJ;zkey_file:X6XVPCAQ	
411	zcollection:Calibre;zkey:DJPFJNCJ;zkey_file:II2Z3MUN	
4118	zcollection:Calibre;zkey:DJPFJNCJ;zkey_file:J973HX7D	
4119	zcollection:Calibre;zkey:DJPFJNCJ;zkey_file:TFDW8T46	
412	zcollection:Calibre;zkey:DJPFJNCJ;zkey_file:XG3LTL23	
4120	zcollection:Calibre;zkey:DJPFJNCJ;zkey_file:LXWUKX73	
4121	zcollection:Calibre;zkey:DJPFJNCJ;zkey_file:BXCLRG3A	
4122	zcollection:Calibre;zkey:DJPFJNCJ;zkey_file:W64TFGGH	
4128	zcollection:Calibre;zkey:DJPFJNCJ;zkey_file:N8AVCGIP	
4129	zcollection:Calibre;zkey:DJPFJNCJ;zkey_file:RD6SUB4B	
413	zcollection:Calibre;zkey:DJPFJNCJ;zkey_file:UJXQAYEZ	
4130	zcollection:Calibre;zkey:DJPFJNCJ;zkey_file:685YUQLG	
4138	zcollection:Calibre;zkey:DJPFJNCJ;zkey_file:IAC8S7RI	
4139	zcollection:Calibre;zkey:DJPFJNCJ;zkey_file:VBGXUQR3	
4140	zcollection:Calibre;zkey:DJPFJNCJ;zkey_file:7IHMWC7K	
4142	zcollection:Calibre;zkey:DJPFJNCJ;zkey_file:ILYWMVSZ	
4143	zcollection:Calibre;zkey:DJPFJNCJ;zkey_file:K7C8MN35	
4144	zcollection:Calibre;zkey:DJPFJNCJ;zkey_file:YPLY7CFG	
4145	zcollection:Calibre;zkey:DJPFJNCJ;zkey_file:BSZFDH8X	
4146	zcollection:Calibre;zkey:DJPFJNCJ;zkey_file:9NN6QEUL	
4147	zcollection:Calibre;zkey:DJPFJNCJ;zkey_file:K7NETBNF	
4148	zcollection:Calibre;zkey:DJPFJNCJ;zkey_file:BQKUDTBS	
4149	zcollection:Calibre;zkey:DJPFJNCJ;zkey_file:6RWKG78H	
415	zcollection:Calibre;zkey:DJPFJNCJ;zkey_file:QRXREJZ5	
4150	zcollection:Calibre;zkey:DJPFJNCJ;zkey_file:DEXXU9ZZ	
4153	zcollection:Calibre;zkey:DJPFJNCJ;zkey_file:JE7JLMWP	
4154	zcollection:Calibre;zkey:DJPFJNCJ;zkey_file:QV9Z3YZC	
4155	zcollection:Calibre;zkey:DJPFJNCJ;zkey_file:W6CGW2KK	
4156	zcollection:Calibre;zkey:DJPFJNCJ;zkey_file:78M7T9MX	
4157	zcollection:Calibre;zkey:DJPFJNCJ;zkey_file:GBUDDTYA	
4158	zcollection:Calibre;zkey:DJPFJNCJ;zkey_file:WXWRZP68	
4159	zcollection:Calibre;zkey:DJPFJNCJ;zkey_file:RU9FMC52	
416	zcollection:Calibre;zkey:DJPFJNCJ;zkey_file:RF3N3SLX	
4160	zcollection:Calibre;zkey:DJPFJNCJ;zkey_file:XEGQMBPN	
4165	zcollection:Calibre;zkey:DJPFJNCJ;zkey_file:ECHE8RTS	
4167	zcollection:Calibre;zkey:DJPFJNCJ;zkey_file:3WAAM23B	
4168	zcollection:Calibre;zkey:DJPFJNCJ;zkey_file:NNYSLA3I	
4169	zcollection:Calibre;zkey:DJPFJNCJ;zkey_file:6DCXQJDZ	
4170	zcollection:Calibre;zkey:DJPFJNCJ;zkey_file:JJN8DYKS	
4171	zcollection:Calibre;zkey:DJPFJNCJ;zkey_file:EMLD9TS2	
4172	zcollection:Calibre;zkey:DJPFJNCJ;zkey_file:55RQA3X6	
4173	zcollection:Calibre;zkey:DJPFJNCJ;zkey_file:8P2XNTUC	
4174	zcollection:Calibre;zkey:DJPFJNCJ;zkey_file:RQRVQTTU	
4175	zcollection:Calibre;zkey:DJPFJNCJ;zkey_file:WQ826XGR	
4176	zcollection:Calibre;zkey:DJPFJNCJ;zkey_file:XN6BHAPW	
4177	zcollection:Calibre;zkey:DJPFJNCJ;zkey_file:8J7SM89I	
4178	zcollection:Calibre;zkey:DJPFJNCJ;zkey_file:PB7JEFNS	
4179	zcollection:Calibre;zkey:DJPFJNCJ;zkey_file:UCE79CWV	
4180	zcollection:Calibre;zkey:DJPFJNCJ;zkey_file:2MMLXU5C	
4181	zcollection:Calibre;zkey:DJPFJNCJ;zkey_file:AIU6HMNP	
4182	zcollection:Calibre;zkey:DJPFJNCJ;zkey_file:INRWLMLT	
4183	zcollection:Calibre;zkey:DJPFJNCJ;zkey_file:CIWATVBW	
4184	zcollection:Calibre;zkey:DJPFJNCJ;zkey_file:AFYB2FG9	
4185	zcollection:Calibre;zkey:DJPFJNCJ;zkey_file:IFL9D29F	
4186	zcollection:Calibre;zkey:DJPFJNCJ;zkey_file:YT62JZ9T	
4187	zcollection:Calibre;zkey:DJPFJNCJ;zkey_file:U7TM9XUB	
4188	zcollection:Calibre;zkey:DJPFJNCJ;zkey_file:QUI955IH	
4189	zcollection:Calibre;zkey:DJPFJNCJ;zkey_file:PN2UMSUA	
419	zcollection:Calibre;zkey:DJPFJNCJ;zkey_file:IGEJUHH4	
4190	zcollection:Calibre;zkey:DJPFJNCJ;zkey_file:LYWXKSSB	
4191	zcollection:Calibre;zkey:DJPFJNCJ;zkey_file:IB5KD8KN	
4192	zcollection:Calibre;zkey:DJPFJNCJ;zkey_file:RDNDNBNB	
4193	zcollection:Calibre;zkey:DJPFJNCJ;zkey_file:ZYN5GH9B	
4194	zcollection:Calibre;zkey:DJPFJNCJ;zkey_file:Y3SXLRP3	
4195	zcollection:Calibre;zkey:DJPFJNCJ;zkey_file:GWIZRLJV	
4196	zcollection:Calibre;zkey:DJPFJNCJ;zkey_file:4NUNVXEJ	
4197	zcollection:Calibre;zkey:DJPFJNCJ;zkey_file:QI3UAB9V	
4198	zcollection:Calibre;zkey:DJPFJNCJ;zkey_file:2W2L5TMX	
4199	zcollection:Calibre;zkey:DJPFJNCJ;zkey_file:CF4QWDAA	
420	zcollection:Calibre;zkey:DJPFJNCJ;zkey_file:C6QKGHAF	
4200	zcollection:Calibre;zkey:DJPFJNCJ;zkey_file:2UZAB3TE	
4201	zcollection:Calibre;zkey:DJPFJNCJ;zkey_file:SJTCZ36M	
4202	zcollection:Calibre;zkey:DJPFJNCJ;zkey_file:VWMYP7UK	
4203	zcollection:Calibre;zkey:DJPFJNCJ;zkey_file:L8LGJWKF	
4204	zcollection:Calibre;zkey:DJPFJNCJ;zkey_file:AMYT7CRR	
4206	zcollection:Calibre;zkey:DJPFJNCJ;zkey_file:XQCUTZC4	
4207	zcollection:Calibre;zkey:DJPFJNCJ;zkey_file:BHGPFEN7	
4208	zcollection:Calibre;zkey:DJPFJNCJ;zkey_file:758ZWZJX	
4209	zcollection:Calibre;zkey:DJPFJNCJ;zkey_file:Z22YVL9H	
421	zcollection:Calibre;zkey:DJPFJNCJ;zkey_file:RHS7BDIY	
4210	zcollection:Calibre;zkey:DJPFJNCJ;zkey_file:KJFS8TU8	
4211	zcollection:Calibre;zkey:DJPFJNCJ;zkey_file:IPWRASD2	
4214	zcollection:Calibre;zkey:DJPFJNCJ;zkey_file:VHFDXBAJ	
4215	zcollection:Calibre;zkey:DJPFJNCJ;zkey_file:JTUTUGS5	
4216	zcollection:Calibre;zkey:DJPFJNCJ;zkey_file:UUKL3TWL	
4217	zcollection:Calibre;zkey:DJPFJNCJ;zkey_file:NZRHWNKL	
423	zcollection:Calibre;zkey:DJPFJNCJ;zkey_file:YFRSXCYJ	
424	zcollection:Calibre;zkey:DJPFJNCJ;zkey_file:NCT5K2SE	
4256	zcollection:Calibre;zkey:DJPFJNCJ;zkey_file:5EPNQYQ4	
4257	zcollection:Calibre;zkey:DJPFJNCJ;zkey_file:8V75Y34Z	
426	zcollection:Calibre;zkey:DJPFJNCJ;zkey_file:PPPYTRJN	
4261	zcollection:Calibre;zkey:DJPFJNCJ;zkey_file:WN9ME8XR	
4262	zcollection:Calibre;zkey:DJPFJNCJ;zkey_file:TIFKZYFN	
4263	zcollection:Calibre;zkey:DJPFJNCJ;zkey_file:JQUK4DMZ	
4264	zcollection:Calibre;zkey:DJPFJNCJ;zkey_file:3KSGYRGG	
4265	zcollection:Calibre;zkey:DJPFJNCJ;zkey_file:VXN9HMNC	
427	zcollection:Calibre;zkey:DJPFJNCJ;zkey_file:VYZ9TAFE	
4270	zcollection:Calibre;zkey:DJPFJNCJ;zkey_file:F8PRURCV	
428	zcollection:Calibre;zkey:DJPFJNCJ;zkey_file:7PD79XD2	
4300	zcollection:Calibre;zkey:DJPFJNCJ;zkey_file:FPJTLSFV	
4312	zcollection:Calibre;zkey:DJPFJNCJ;zkey_file:GFLCZD6F	
4313	zcollection:Calibre;zkey:DJPFJNCJ;zkey_file:GYW4AWW8	
4314	zcollection:Calibre;zkey:DJPFJNCJ;zkey_file:BG5L6HVM	
4315	zcollection:Calibre;zkey:DJPFJNCJ;zkey_file:7PWRLEAL	
4316	zcollection:Calibre;zkey:DJPFJNCJ;zkey_file:CXJE2AS8	
4317	zcollection:Calibre;zkey:DJPFJNCJ;zkey_file:AW6YJRXN	
4318	zcollection:Calibre;zkey:DJPFJNCJ;zkey_file:3WESJAGZ	
4319	zcollection:Calibre;zkey:DJPFJNCJ;zkey_file:YVB6CFZC	
432	zcollection:Calibre;zkey:DJPFJNCJ;zkey_file:DAAEVVSM	
4320	zcollection:Calibre;zkey:DJPFJNCJ;zkey_file:9SUILMGQ	
4321	zcollection:Calibre;zkey:DJPFJNCJ;zkey_file:WRU9UCIB	
4328	zcollection:Calibre;zkey:DJPFJNCJ;zkey_file:7KF34YHV	
4329	zcollection:Calibre;zkey:DJPFJNCJ;zkey_file:8I83NGNT	
433	isbn:9684441878;zcollection:Calibre;zkey:DJPFJNCJ;zkey_file:2Z8RKBEK	isbn:9684441878
4330	zcollection:Calibre;zkey:DJPFJNCJ;zkey_file:ULBV2US8	
4331	zcollection:Calibre;zkey:DJPFJNCJ;zkey_file:RNVXIBYN	
4336	zcollection:Calibre;zkey:DJPFJNCJ;zkey_file:ZBUUXDST	
4337	zcollection:Calibre;zkey:DJPFJNCJ;zkey_file:EI7PLMPW	
4338	zcollection:Calibre;zkey:DJPFJNCJ;zkey_file:MU2YMTXF	
4339	zcollection:Calibre;zkey:DJPFJNCJ;zkey_file:KDFMDQXS	
434	zcollection:Calibre;zkey:DJPFJNCJ;zkey_file:XBLSJJN4	
4340	zcollection:Calibre;zkey:DJPFJNCJ;zkey_file:MR64IUZP	
4341	zcollection:Calibre;zkey:DJPFJNCJ;zkey_file:RL95QGP4	
4342	zcollection:Calibre;zkey:DJPFJNCJ;zkey_file:32TIKD73	
4343	zcollection:Calibre;zkey:DJPFJNCJ;zkey_file:KD6UH685	
4344	zcollection:Calibre;zkey:DJPFJNCJ;zkey_file:TDIGVCRN	
4347	zcollection:Calibre;zkey:DJPFJNCJ;zkey_file:DKCP5PGM	
4348	zcollection:Calibre;zkey:DJPFJNCJ;zkey_file:5LHEMBVC	
4349	zcollection:Calibre;zkey:DJPFJNCJ;zkey_file:MK7LVRLM	
4350	zcollection:Calibre;zkey:DJPFJNCJ;zkey_file:BIHIFUB5	
4351	zcollection:Calibre;zkey:DJPFJNCJ;zkey_file:KPXFSP7W	
4352	zcollection:Calibre;zkey:DJPFJNCJ;zkey_file:KBNJEFUI	
4353	zcollection:Calibre;zkey:DJPFJNCJ;zkey_file:M2JIEI39	
4354	zcollection:Calibre;zkey:DJPFJNCJ;zkey_file:TLR442CL	
4357	zcollection:Calibre;zkey:DJPFJNCJ;zkey_file:SKGKZWHK	
4358	zcollection:Calibre;zkey:DJPFJNCJ;zkey_file:2RA7X3VP	
436	zcollection:Calibre;zkey:DJPFJNCJ;zkey_file:N3DGRCNU	
4361	zcollection:Calibre;zkey:DJPFJNCJ;zkey_file:7R32IR35	
4365	zcollection:Calibre;zkey:DJPFJNCJ;zkey_file:F4FMCTY6	
4366	zcollection:Calibre;zkey:DJPFJNCJ;zkey_file:PB8WRZ6P	
4367	zcollection:Calibre;zkey:DJPFJNCJ;zkey_file:S8AV6JJH	
4368	zcollection:Calibre;zkey:DJPFJNCJ;zkey_file:YAZJ2VL8	
4369	zcollection:Calibre;zkey:DJPFJNCJ;zkey_file:E75RFZC3	
437	isbn:9789682322259;zcollection:Calibre;zkey:DJPFJNCJ;zkey_file:7VFGDMZM	isbn:9789682322259
4371	zcollection:Calibre;zkey:DJPFJNCJ;zkey_file:2CBGKLDJ	
4372	zcollection:Calibre;zkey:DJPFJNCJ;zkey_file:2WXV9I92	
4376	zcollection:Calibre;zkey:DJPFJNCJ;zkey_file:ZKHN6YX4	
4377	zcollection:Calibre;zkey:DJPFJNCJ;zkey_file:84D8RZCG	
4378	zcollection:Calibre;zkey:DJPFJNCJ;zkey_file:8EMY22MC	
4379	zcollection:Calibre;zkey:DJPFJNCJ;zkey_file:69LKS2YB	
4380	zcollection:Calibre;zkey:DJPFJNCJ;zkey_file:ZSSI973N	
4381	zcollection:Calibre;zkey:DJPFJNCJ;zkey_file:4A63STRK	
4382	zcollection:Calibre;zkey:DJPFJNCJ;zkey_file:54TPEHLX	
4383	zcollection:Calibre;zkey:DJPFJNCJ;zkey_file:G5W6I9EJ	
4384	zcollection:Calibre;zkey:DJPFJNCJ;zkey_file:RUHQWB9W	
4385	zcollection:Calibre;zkey:DJPFJNCJ;zkey_file:53XRYIW7	
4387	zcollection:Calibre;zkey:DJPFJNCJ;zkey_file:LXE8NY7M	
4388	zcollection:Calibre;zkey:DJPFJNCJ;zkey_file:YIE4C92Q	
4389	zcollection:Calibre;zkey:DJPFJNCJ;zkey_file:2V5VWA5R	
439	zcollection:Calibre;zkey:DJPFJNCJ;zkey_file:67YT3LVM	
4391	zcollection:Calibre;zkey:DJPFJNCJ;zkey_file:5DC5ELMD	
4392	zcollection:Calibre;zkey:DJPFJNCJ;zkey_file:WEJ8S6QC	
4393	zcollection:Calibre;zkey:DJPFJNCJ;zkey_file:I2JGYWQL	
4394	zcollection:Calibre;zkey:DJPFJNCJ;zkey_file:WEWG2NCJ	
4395	zcollection:Calibre;zkey:DJPFJNCJ;zkey_file:J2UYQDL3	
4396	zcollection:Calibre;zkey:DJPFJNCJ;zkey_file:RCAS6UUC	
4397	zcollection:Calibre;zkey:DJPFJNCJ;zkey_file:KBQGW3LW	
4398	zcollection:Calibre;zkey:DJPFJNCJ;zkey_file:BJAHXL34	
4399	zcollection:Calibre;zkey:DJPFJNCJ;zkey_file:4IAE6362	
440	zcollection:Calibre;zkey:DJPFJNCJ;zkey_file:5D9GJ7TT	
4400	zcollection:Calibre;zkey:DJPFJNCJ;zkey_file:HBJQRN5J	
4401	zcollection:Calibre;zkey:DJPFJNCJ;zkey_file:UMVHN8ZH	
4402	zcollection:Calibre;zkey:DJPFJNCJ;zkey_file:9GDSGAXE	
4403	zcollection:Calibre;zkey:DJPFJNCJ;zkey_file:4JF4IGBF	
4404	zcollection:Calibre;zkey:DJPFJNCJ;zkey_file:YT875ESR	
4405	zcollection:Calibre;zkey:DJPFJNCJ;zkey_file:2DTTPYRZ	
4406	zcollection:Calibre;zkey:DJPFJNCJ;zkey_file:S4I5FKG7	
4407	zcollection:Calibre;zkey:DJPFJNCJ;zkey_file:R9T6483H	
4408	zcollection:Calibre;zkey:DJPFJNCJ;zkey_file:6A46BGH3	
4409	zcollection:Calibre;zkey:DJPFJNCJ;zkey_file:TETDNDG3	
441	zcollection:Calibre;zkey:DJPFJNCJ;zkey_file:PE86L87Q	
4410	zcollection:Calibre;zkey:DJPFJNCJ;zkey_file:K8GNMSTG	
4411	zcollection:Calibre;zkey:DJPFJNCJ;zkey_file:VMAV559F	
4412	zcollection:Calibre;zkey:DJPFJNCJ;zkey_file:GLUTWFD8	
4413	zcollection:Calibre;zkey:DJPFJNCJ;zkey_file:HQCJCMRM	
4414	zcollection:Calibre;zkey:DJPFJNCJ;zkey_file:ZU8JH6AM	
4415	zcollection:Calibre;zkey:DJPFJNCJ;zkey_file:44774TTU	
4416	zcollection:Calibre;zkey:DJPFJNCJ;zkey_file:IJ7EX82Y	
4417	zcollection:Calibre;zkey:DJPFJNCJ;zkey_file:WRINY2LQ	
4418	zcollection:Calibre;zkey:DJPFJNCJ;zkey_file:MA74JRNN	
4419	zcollection:Calibre;zkey:DJPFJNCJ;zkey_file:R3Y2ZPUW	
4420	zcollection:Calibre;zkey:DJPFJNCJ;zkey_file:ZQEI2U3N	
4421	zcollection:Calibre;zkey:DJPFJNCJ;zkey_file:JARKQHC4	
4422	zcollection:Calibre;zkey:DJPFJNCJ;zkey_file:MVUBKTTU	
4423	zcollection:Calibre;zkey:DJPFJNCJ;zkey_file:FKX4G2R6	
4424	zcollection:Calibre;zkey:DJPFJNCJ;zkey_file:M3S8TPHR	
4425	zcollection:Calibre;zkey:DJPFJNCJ;zkey_file:ZBEM99IR	
4426	zcollection:Calibre;zkey:DJPFJNCJ;zkey_file:AFIP37UW	
4427	zcollection:Calibre;zkey:DJPFJNCJ;zkey_file:5AG3ZGG6	
4428	zcollection:Calibre;zkey:DJPFJNCJ;zkey_file:JG6DQEZZ	
4430	zcollection:Calibre;zkey:DJPFJNCJ;zkey_file:W52IXPNZ	
4431	zcollection:Calibre;zkey:DJPFJNCJ;zkey_file:KFY5JIMA	
4432	zcollection:Calibre;zkey:DJPFJNCJ;zkey_file:C9A33DTV	
4433	zcollection:Calibre;zkey:DJPFJNCJ;zkey_file:5IS942ZA	
4434	zcollection:Calibre;zkey:DJPFJNCJ;zkey_file:TI52GLYY	
4435	zcollection:Calibre;zkey:DJPFJNCJ;zkey_file:PD6FXTT9	
4436	zcollection:Calibre;zkey:DJPFJNCJ;zkey_file:SX7AERI8	
4437	zcollection:Calibre;zkey:DJPFJNCJ;zkey_file:JZP2F8AA	
4438	zcollection:Calibre;zkey:DJPFJNCJ;zkey_file:86VWEFBI	
4439	zcollection:Calibre;zkey:DJPFJNCJ;zkey_file:D2PNF8Q4	
4440	zcollection:Calibre;zkey:DJPFJNCJ;zkey_file:VA8VSSZ6	
445	zcollection:Calibre;zkey:DJPFJNCJ;zkey_file:KDPLRE64	
446	zcollection:Calibre;zkey:DJPFJNCJ;zkey_file:V3ZJYKQP	
4460	zcollection:Calibre;zkey:DJPFJNCJ;zkey_file:YH5GTCRN	
4461	zcollection:Calibre;zkey:DJPFJNCJ;zkey_file:XYQA4YTM	
4462	zcollection:Calibre;zkey:DJPFJNCJ;zkey_file:DEB5TFDD	
4463	zcollection:Calibre;zkey:DJPFJNCJ;zkey_file:Y8XEXWYD	
4465	zcollection:Calibre;zkey:DJPFJNCJ;zkey_file:KP342ISE	
4466	zcollection:Calibre;zkey:DJPFJNCJ;zkey_file:6WRYSFWM	
447	zcollection:Calibre;zkey:DJPFJNCJ;zkey_file:EXVN57RM	
448	zcollection:Calibre;zkey:DJPFJNCJ;zkey_file:ZDD2V238	
4499	zcollection:Calibre;zkey:DJPFJNCJ;zkey_file:5IHZYXC7	
4506	zcollection:Calibre;zkey:DJPFJNCJ;zkey_file:YS7VTKD7	
4507	zcollection:Calibre;zkey:DJPFJNCJ;zkey_file:MJ395XQG	
4508	zcollection:Calibre;zkey:DJPFJNCJ;zkey_file:WR5HMHAL	
4509	zcollection:Calibre;zkey:DJPFJNCJ;zkey_file:G7KBG927	
4510	zcollection:Calibre;zkey:DJPFJNCJ;zkey_file:KKAJVBS7	
4519	zcollection:Calibre;zkey:DJPFJNCJ;zkey_file:ZQ7LGZXJ	
452	zcollection:Calibre;zkey:DJPFJNCJ;zkey_file:G5EK466X	
4520	zcollection:Calibre;zkey:DJPFJNCJ;zkey_file:2J6NMEMY	
4521	zcollection:Calibre;zkey:DJPFJNCJ;zkey_file:ZB9PML5U	
4522	zcollection:Calibre;zkey:DJPFJNCJ;zkey_file:2GIK2A42	
4523	zcollection:Calibre;zkey:DJPFJNCJ;zkey_file:FCUZW77P	
4524	zcollection:Calibre;zkey:DJPFJNCJ;zkey_file:MNRALWHT	
4525	zcollection:Calibre;zkey:DJPFJNCJ;zkey_file:F444QIEP	
4526	zcollection:Calibre;zkey:DJPFJNCJ;zkey_file:437B8Z35	
4527	zcollection:Calibre;zkey:DJPFJNCJ;zkey_file:YD5E8KQJ	
4528	zcollection:Calibre;zkey:DJPFJNCJ;zkey_file:LXDCXVGC	
4529	zcollection:Calibre;zkey:DJPFJNCJ;zkey_file:ZQTG9XMW	
453	zcollection:Calibre;zkey:DJPFJNCJ;zkey_file:QTVDHRJT	
4530	zcollection:Calibre;zkey:DJPFJNCJ;zkey_file:J2VSJYKI	
4531	zcollection:Calibre;zkey:DJPFJNCJ;zkey_file:LJPFXKLP	
4532	zcollection:Calibre;zkey:DJPFJNCJ;zkey_file:A3FX6NRR	
4533	zcollection:Calibre;zkey:DJPFJNCJ;zkey_file:YKS87NVT	
4534	zcollection:Calibre;zkey:DJPFJNCJ;zkey_file:5MEK4ZNA	
4535	zcollection:Calibre;zkey:DJPFJNCJ;zkey_file:EM8LIBNW	
4536	zcollection:Calibre;zkey:DJPFJNCJ;zkey_file:EEVQ4TGH	
4537	zcollection:Calibre;zkey:DJPFJNCJ;zkey_file:53BG4HU7	
4538	zcollection:Calibre;zkey:DJPFJNCJ;zkey_file:YN6WM2UW	
4539	zcollection:Calibre;zkey:DJPFJNCJ;zkey_file:ASK4B6YF	
4540	zcollection:Calibre;zkey:DJPFJNCJ;zkey_file:5MUVFXST	
4541	zcollection:Calibre;zkey:DJPFJNCJ;zkey_file:UBAN6XTS	
4542	zcollection:Calibre;zkey:DJPFJNCJ;zkey_file:LCGZ9K5P	
4546	zcollection:Calibre;zkey:DJPFJNCJ;zkey_file:NPWCC9Y3	
4547	zcollection:Calibre;zkey:DJPFJNCJ;zkey_file:6E7VFUQC	
4548	zcollection:Calibre;zkey:DJPFJNCJ;zkey_file:KTEKVLE8	
4549	zcollection:Calibre;zkey:DJPFJNCJ;zkey_file:6XXWP4TC	
455	zcollection:Calibre;zkey:DJPFJNCJ;zkey_file:F76H4Q52	
4554	zcollection:Calibre;zkey:DJPFJNCJ;zkey_file:GJ6EXK5B	
4555	zcollection:Calibre;zkey:DJPFJNCJ;zkey_file:B5SXHGDV	
4556	zcollection:Calibre;zkey:DJPFJNCJ;zkey_file:GDKJRDHV	
4557	zcollection:Calibre;zkey:DJPFJNCJ;zkey_file:VN6PXR74	
4558	zcollection:Calibre;zkey:DJPFJNCJ;zkey_file:WPEEWAMJ	
4559	zcollection:Calibre;zkey:DJPFJNCJ;zkey_file:5NAS79ZL	
456	zcollection:Calibre;zkey:DJPFJNCJ;zkey_file:HZYYYE8A	
4561	zcollection:Calibre;zkey:DJPFJNCJ;zkey_file:YBLDPSQY	
4562	zcollection:Calibre;zkey:DJPFJNCJ;zkey_file:CEIYQZ3R	
4565	zcollection:Calibre;zkey:DJPFJNCJ;zkey_file:NIZNSJR2	
4566	zcollection:Calibre;zkey:DJPFJNCJ;zkey_file:RV6SY992	
4567	zcollection:Calibre;zkey:DJPFJNCJ;zkey_file:BTVFCYUV	
4568	zcollection:Calibre;zkey:DJPFJNCJ;zkey_file:SCXRSRS8	
4569	zcollection:Calibre;zkey:DJPFJNCJ;zkey_file:KMMEVJ92	
457	zcollection:Calibre;zkey:DJPFJNCJ;zkey_file:6SHJXJIP	
4570	zcollection:Calibre;zkey:DJPFJNCJ;zkey_file:MVT2C8G9	
4571	zcollection:Calibre;zkey:DJPFJNCJ;zkey_file:WCNIIKHF	
4572	zcollection:Calibre;zkey:DJPFJNCJ;zkey_file:64J2NESJ	
4574	zcollection:Calibre;zkey:DJPFJNCJ;zkey_file:V8PWMD9M	
4575	zcollection:Calibre;zkey:DJPFJNCJ;zkey_file:U67FL4PW	
4576	zcollection:Calibre;zkey:DJPFJNCJ;zkey_file:AKMAMZ8Z	
4577	zcollection:Calibre;zkey:DJPFJNCJ;zkey_file:8E74TZMK	
4578	zcollection:Calibre;zkey:DJPFJNCJ;zkey_file:5446NRFK	
458	zcollection:Calibre;zkey:DJPFJNCJ;zkey_file:GC94RELE	
4580	zcollection:Calibre;zkey:DJPFJNCJ;zkey_file:QX3JJVPI	
4581	zcollection:Calibre;zkey:DJPFJNCJ;zkey_file:977F59WZ	
459	zcollection:Calibre;zkey:DJPFJNCJ;zkey_file:CHHLBAZL	
462	zcollection:Calibre;zkey:DJPFJNCJ;zkey_file:VC5YXM67	
463	zcollection:Calibre;zkey:DJPFJNCJ;zkey_file:M45A6IND	
464	zcollection:Calibre;zkey:DJPFJNCJ;zkey_file:29G75A9S	
465	zcollection:Calibre;zkey:DJPFJNCJ;zkey_file:G3J7BQPP	
467	doi:10.4324/9780203460269;zcollection:Calibre;zkey:DJPFJNCJ;zkey_file:GZVMB3NS	doi:10.4324/9780203460269
468	zcollection:Calibre;zkey:DJPFJNCJ;zkey_file:4533D8CJ	
469	zcollection:Calibre;zkey:DJPFJNCJ;zkey_file:M4N355I4	
470	zcollection:Calibre;zkey:DJPFJNCJ;zkey_file:HGL9UNXL	
471	zcollection:Calibre;zkey:DJPFJNCJ;zkey_file:RRCNURTD	
472	zcollection:Calibre;zkey:DJPFJNCJ;zkey_file:WWKY4JRD	
475	zcollection:Calibre;zkey:DJPFJNCJ;zkey_file:TDR37652	
476	zcollection:Calibre;zkey:DJPFJNCJ;zkey_file:X6RB9VQJ	
477	zcollection:Calibre;zkey:DJPFJNCJ;zkey_file:E7NSKEZM	
479	isbn:9780071715386;zcollection:Calibre;zkey:DJPFJNCJ;zkey_file:BS4IXJ3U	isbn:9780071715386
480	zcollection:Calibre;zkey:DJPFJNCJ;zkey_file:S3PZP7DD	
481	zcollection:Calibre;zkey:DJPFJNCJ;zkey_file:XVUPBXAX	
483	zcollection:Calibre;zkey:DJPFJNCJ;zkey_file:NPVATMQ9	
485	zcollection:Calibre;zkey:DJPFJNCJ;zkey_file:B2UVLXLV	
486	zcollection:Calibre;zkey:DJPFJNCJ;zkey_file:W484TI8A	
487	zcollection:Calibre;zkey:DJPFJNCJ;zkey_file:3K5L5ZVB	
488	zcollection:Calibre;zkey:DJPFJNCJ;zkey_file:QKSGBLKC	
489	zcollection:Calibre;zkey:DJPFJNCJ;zkey_file:DMJ5P846	
49	zcollection:Calibre;zkey:DJPFJNCJ;zkey_file:DIPMWA23	
490	zcollection:Calibre;zkey:DJPFJNCJ;zkey_file:IBIJ4DLP	
492	zcollection:Calibre;zkey:DJPFJNCJ;zkey_file:X7YQCHSC	
493	zcollection:Calibre;zkey:DJPFJNCJ;zkey_file:PNG7UEIW	
494	zcollection:Calibre;zkey:DJPFJNCJ;zkey_file:487H538Q	
495	zcollection:Calibre;zkey:DJPFJNCJ;zkey_file:A36YUUJA	
497	zcollection:Calibre;zkey:DJPFJNCJ;zkey_file:CJYQSY5L	
498	zcollection:Calibre;zkey:DJPFJNCJ;zkey_file:49U9FLVQ	
499	zcollection:Calibre;zkey:DJPFJNCJ;zkey_file:7F8CUMMM	
50	zcollection:Calibre;zkey:DJPFJNCJ;zkey_file:LDUXGJV5	
500	zcollection:Calibre;zkey:DJPFJNCJ;zkey_file:Z2C54AQB	
501	zcollection:Calibre;zkey:DJPFJNCJ;zkey_file:I6E6SJEE	
502	zcollection:Calibre;zkey:DJPFJNCJ;zkey_file:MVYG76KY	
503	zcollection:Calibre;zkey:DJPFJNCJ;zkey_file:82BHJTLR	
504	zcollection:Calibre;zkey:DJPFJNCJ;zkey_file:K3FDGHDQ	
506	zcollection:Calibre;zkey:DJPFJNCJ;zkey_file:BSG7IZWE	
507	zcollection:Calibre;zkey:DJPFJNCJ;zkey_file:VITNNPJ4	
509	zcollection:Calibre;zkey:DJPFJNCJ;zkey_file:KTDDTZSC	
51	doi:10.3386/w7147;zcollection:Calibre;zkey:DJPFJNCJ;zkey_file:5IAENV8G	doi:10.3386/w7147
510	zcollection:Calibre;zkey:DJPFJNCJ;zkey_file:2M5R5C7L	
511	zcollection:Calibre;zkey:DJPFJNCJ;zkey_file:M8X3E9L9	
512	zcollection:Calibre;zkey:DJPFJNCJ;zkey_file:8KNENJAX	
513	zcollection:Calibre;zkey:DJPFJNCJ;zkey_file:2TIXBZTP	
514	zcollection:Calibre;zkey:DJPFJNCJ;zkey_file:KRGR9PDM	
517	zcollection:Calibre;zkey:DJPFJNCJ;zkey_file:DY75D6AM	
518	zcollection:Calibre;zkey:DJPFJNCJ;zkey_file:IGUASJAQ	
519	zcollection:Calibre;zkey:DJPFJNCJ;zkey_file:M3MEHL49	
52	zcollection:Calibre;zkey:DJPFJNCJ;zkey_file:DIH3CZLG	
521	zcollection:Calibre;zkey:DJPFJNCJ;zkey_file:ANMSXWZA	
523	zcollection:Calibre;zkey:DJPFJNCJ;zkey_file:S5CCECBR	
524	zcollection:Calibre;zkey:DJPFJNCJ;zkey_file:FVGD2RQ8	
525	zcollection:Calibre;zkey:DJPFJNCJ;zkey_file:PA3FU8UP	
526	zcollection:Calibre;zkey:DJPFJNCJ;zkey_file:MTU89YH6	
527	zcollection:Calibre;zkey:DJPFJNCJ;zkey_file:Y6BLXWBR	
528	zcollection:Calibre;zkey:DJPFJNCJ;zkey_file:F83AS2EE	
529	zcollection:Calibre;zkey:DJPFJNCJ;zkey_file:9Q3RCCBS	
53	zcollection:Calibre;zkey:DJPFJNCJ;zkey_file:UVSSV9XP	
531	zcollection:Calibre;zkey:DJPFJNCJ;zkey_file:WNW2LCPB	
532	zcollection:Calibre;zkey:DJPFJNCJ;zkey_file:HQ96XRW6	
533	zcollection:Calibre;zkey:DJPFJNCJ;zkey_file:EPCDBW9R	
534	zcollection:Calibre;zkey:DJPFJNCJ;zkey_file:696EINR7	
535	zcollection:Calibre;zkey:DJPFJNCJ;zkey_file:X6XQ4QS4	
536	zcollection:Calibre;zkey:DJPFJNCJ;zkey_file:I2F6KMG5	
537	zcollection:Calibre;zkey:DJPFJNCJ;zkey_file:W7JW7CQN	
538	doi:10.7238/o.n2.1414;zcollection:Calibre;zkey:DJPFJNCJ;zkey_file:67P9VV58	doi:10.7238/o.n2.1414
539	zcollection:Calibre;zkey:DJPFJNCJ;zkey_file:UIS85CP8	
54	zcollection:Calibre;zkey:DJPFJNCJ;zkey_file:Z6ZSWJZR	
540	zcollection:Calibre;zkey:DJPFJNCJ;zkey_file:TSFTAGZA	
541	zcollection:Calibre;zkey:DJPFJNCJ;zkey_file:HETWVXQ5	
542	zcollection:Calibre;zkey:DJPFJNCJ;zkey_file:UXKSCAIU	
543	zcollection:Calibre;zkey:DJPFJNCJ;zkey_file:VLQ7QZV2	
544	zcollection:Calibre;zkey:DJPFJNCJ;zkey_file:G9UH8UXG	
545	zcollection:Calibre;zkey:DJPFJNCJ;zkey_file:BTGZTSYW	
546	zcollection:Calibre;zkey:DJPFJNCJ;zkey_file:H5Y9VSAM	
547	zcollection:Calibre;zkey:DJPFJNCJ;zkey_file:25DAYS73	
548	zcollection:Calibre;zkey:DJPFJNCJ;zkey_file:GTA3PI2A	
549	zcollection:Calibre;zkey:DJPFJNCJ;zkey_file:VYT2NJE4	
55	zcollection:Calibre;zkey:DJPFJNCJ;zkey_file:WPTSSQVG	
550	zcollection:Calibre;zkey:DJPFJNCJ;zkey_file:BB9PZFVJ	
551	zcollection:Calibre;zkey:DJPFJNCJ;zkey_file:6UXPRQDU	
552	zcollection:Calibre;zkey:DJPFJNCJ;zkey_file:7I6DPNE9	
553	zcollection:Calibre;zkey:DJPFJNCJ;zkey_file:2WJQQLWJ	
554	doi:10.1086/260724;zcollection:Calibre;zkey:DJPFJNCJ;zkey_file:8NS7JARP	doi:10.1086/260724
556	zcollection:Calibre;zkey:DJPFJNCJ;zkey_file:BH63REKC	
557	zcollection:Calibre;zkey:DJPFJNCJ;zkey_file:F53W7KUZ	
558	zcollection:Calibre;zkey:DJPFJNCJ;zkey_file:A99BKQMI	
559	zcollection:Calibre;zkey:DJPFJNCJ;zkey_file:A2MTKMXH	
56	zcollection:Calibre;zkey:DJPFJNCJ;zkey_file:62E2R9MJ	
561	zcollection:Calibre;zkey:DJPFJNCJ;zkey_file:Q4F366U8	
562	zcollection:Calibre;zkey:DJPFJNCJ;zkey_file:4BF4IBE3	
563	zcollection:Calibre;zkey:DJPFJNCJ;zkey_file:LA8WXEAK	
564	zcollection:Calibre;zkey:DJPFJNCJ;zkey_file:ZAVYZK53	
566	zcollection:Calibre;zkey:DJPFJNCJ;zkey_file:KSCKP5CX	
567	zcollection:Calibre;zkey:DJPFJNCJ;zkey_file:Y5VWF7TM	
568	zcollection:Calibre;zkey:DJPFJNCJ;zkey_file:XUW8TIB3	
569	zcollection:Calibre;zkey:DJPFJNCJ;zkey_file:YBY426PA	
57	zcollection:Calibre;zkey:DJPFJNCJ;zkey_file:WYWA6BWH	
570	zcollection:Calibre;zkey:DJPFJNCJ;zkey_file:H2BUNVQ8	
571	zcollection:Calibre;zkey:DJPFJNCJ;zkey_file:TYD5ILHS	
572	zcollection:Calibre;zkey:DJPFJNCJ;zkey_file:DWK8LY33	
574	zcollection:Calibre;zkey:DJPFJNCJ;zkey_file:87JVX57P	
575	zcollection:Calibre;zkey:DJPFJNCJ;zkey_file:HNAKXWRZ	
576	zcollection:Calibre;zkey:DJPFJNCJ;zkey_file:FBBW6D4K	
577	zcollection:Calibre;zkey:DJPFJNCJ;zkey_file:NU23Q6DG	
579	zcollection:Calibre;zkey:DJPFJNCJ;zkey_file:SV3AFLMK	
58	zcollection:Calibre;zkey:DJPFJNCJ;zkey_file:T7Z93TFC	
580	zcollection:Calibre;zkey:DJPFJNCJ;zkey_file:ALX5CAM3	
582	zcollection:Calibre;zkey:DJPFJNCJ;zkey_file:KT4BNUTT	
583	zcollection:Calibre;zkey:DJPFJNCJ;zkey_file:GMYL6LLB	
584	zcollection:Calibre;zkey:DJPFJNCJ;zkey_file:TZDUKYHY	
588	zcollection:Calibre;zkey:DJPFJNCJ;zkey_file:BC766E2Q	
589	zcollection:Calibre;zkey:DJPFJNCJ;zkey_file:VBB2WEU4	
59	zcollection:Calibre;zkey:DJPFJNCJ;zkey_file:DCP8M22J	
590	zcollection:Calibre;zkey:DJPFJNCJ;zkey_file:PB5TI2ZY	
591	zcollection:Calibre;zkey:DJPFJNCJ;zkey_file:CWAZNLN7	
592	zcollection:Calibre;zkey:DJPFJNCJ;zkey_file:5P5GICCC	
593	zcollection:Calibre;zkey:DJPFJNCJ;zkey_file:MFKD9VWY	
594	zcollection:Calibre;zkey:DJPFJNCJ;zkey_file:IEE4KLYU	
595	zcollection:Calibre;zkey:DJPFJNCJ;zkey_file:PQY92ACX	
596	zcollection:Calibre;zkey:DJPFJNCJ;zkey_file:TYWGF86C	
597	zcollection:Calibre;zkey:DJPFJNCJ;zkey_file:4K3ARISM	
598	zcollection:Calibre;zkey:DJPFJNCJ;zkey_file:SS9L59YT	
60	zcollection:Calibre;zkey:DJPFJNCJ;zkey_file:QVA5E8Q4	
600	zcollection:Calibre;zkey:DJPFJNCJ;zkey_file:PTJUZLTN	
601	zcollection:Calibre;zkey:DJPFJNCJ;zkey_file:P7UKEWKM	
602	zcollection:Calibre;zkey:DJPFJNCJ;zkey_file:36E7YK2H	
603	zcollection:Calibre;zkey:DJPFJNCJ;zkey_file:I9AXU7TX	
604	zcollection:Calibre;zkey:DJPFJNCJ;zkey_file:GIGY7SD3	
605	zcollection:Calibre;zkey:DJPFJNCJ;zkey_file:6REP8RT8	
606	zcollection:Calibre;zkey:DJPFJNCJ;zkey_file:65NDIBMM	
607	zcollection:Calibre;zkey:DJPFJNCJ;zkey_file:4LLR7IIU	
608	zcollection:Calibre;zkey:DJPFJNCJ;zkey_file:A8UEYLJ4	
609	zcollection:Calibre;zkey:DJPFJNCJ;zkey_file:9NANL6IM	
61	zcollection:Calibre;zkey:DJPFJNCJ;zkey_file:ZFKI5DBG	
610	zcollection:Calibre;zkey:DJPFJNCJ;zkey_file:FYC45ER8	
611	zcollection:Calibre;zkey:DJPFJNCJ;zkey_file:DSNWC4IZ	
612	zcollection:Calibre;zkey:DJPFJNCJ;zkey_file:2YBTE998	
613	zcollection:Calibre;zkey:DJPFJNCJ;zkey_file:L6X27FVJ	
614	zcollection:Calibre;zkey:DJPFJNCJ;zkey_file:YT2QYNS8	
615	zcollection:Calibre;zkey:DJPFJNCJ;zkey_file:I36X8YLC	
616	zcollection:Calibre;zkey:DJPFJNCJ;zkey_file:GTIUIWSV	
617	zcollection:Calibre;zkey:DJPFJNCJ;zkey_file:VP2GSVKI	
62	zcollection:Calibre;zkey:DJPFJNCJ;zkey_file:T7VQ5Q8V	
622	zcollection:Calibre;zkey:DJPFJNCJ;zkey_file:NU887XKN	
623	zcollection:Calibre;zkey:DJPFJNCJ;zkey_file:G489DLJQ	
624	zcollection:Calibre;zkey:DJPFJNCJ;zkey_file:E3UWTISS	
625	zcollection:Calibre;zkey:DJPFJNCJ;zkey_file:KDNV6GM3	
626	zcollection:Calibre;zkey:DJPFJNCJ;zkey_file:L3YQIYAT	
627	doi:10.1111/j.2517-6161.1973.tb00932.x;zcollection:Calibre;zkey:DJPFJNCJ;zkey_file:7X3NT4R6	doi:10.1111/j.2517-6161.1973.tb00932.x
628	zcollection:Calibre;zkey:DJPFJNCJ;zkey_file:ESY83E92	
629	zcollection:Calibre;zkey:DJPFJNCJ;zkey_file:K79JDBW9	
63	zcollection:Calibre;zkey:DJPFJNCJ;zkey_file:WS5B3HZ4	
630	zcollection:Calibre;zkey:DJPFJNCJ;zkey_file:3E2CDETM	
631	zcollection:Calibre;zkey:DJPFJNCJ;zkey_file:ZTW6VCNJ	
632	zcollection:Calibre;zkey:DJPFJNCJ;zkey_file:EXXCSKC7	
633	zcollection:Calibre;zkey:DJPFJNCJ;zkey_file:JSJDL6P2	
634	zcollection:Calibre;zkey:DJPFJNCJ;zkey_file:ZZXJZNUB	
635	doi:10.1146/annurev.economics.050708.143405;zcollection:Calibre;zkey:DJPFJNCJ;zkey_file:TTD6EK3Z	doi:10.1146/annurev.economics.050708.143405
636	doi:10.1146/annurev-economics-080511-110930;zcollection:Calibre;zkey:DJPFJNCJ;zkey_file:CY3N5XVU	doi:10.1146/annurev-economics-080511-110930
637	doi:10.1146/annurev-economics-080511-110909;zcollection:Calibre;zkey:DJPFJNCJ;zkey_file:3IUPJ7CS	doi:10.1146/annurev-economics-080511-110909
638	doi:10.1146/annurev-economics-080511-111006;zcollection:Calibre;zkey:DJPFJNCJ;zkey_file:3MQC8X35	doi:10.1146/annurev-economics-080511-111006
639	zcollection:Calibre;zkey:DJPFJNCJ;zkey_file:6G8WXG4U	
640	doi:10.1146/annurev-economics-080511-110950;zcollection:Calibre;zkey:DJPFJNCJ;zkey_file:R8QH2RTF	doi:10.1146/annurev-economics-080511-110950
641	doi:10.7249/wr880;zcollection:Calibre;zkey:DJPFJNCJ;zkey_file:VE5Q2B6D	doi:10.7249/wr880
642	doi:10.1146/annurev-economics-080511-110942;zcollection:Calibre;zkey:DJPFJNCJ;zkey_file:AM8KUFCA	doi:10.1146/annurev-economics-080511-110942
643	doi:10.3386/w17328;zcollection:Calibre;zkey:DJPFJNCJ;zkey_file:VLM5JYD5	doi:10.3386/w17328
644	zcollection:Calibre;zkey:DJPFJNCJ;zkey_file:MAL22XYB	
645	zcollection:Calibre;zkey:DJPFJNCJ;zkey_file:895AGUL4	
646	zcollection:Calibre;zkey:DJPFJNCJ;zkey_file:XEL93DD2	
647	zcollection:Calibre;zkey:DJPFJNCJ;zkey_file:Z4HKJ9MH	
648	zcollection:Calibre;zkey:DJPFJNCJ;zkey_file:JCVI8E6Z	
649	doi:10.18356/da9c4c43-es;zcollection:Calibre;zkey:DJPFJNCJ;zkey_file:3DBRLQ8E	doi:10.18356/da9c4c43-es
650	zcollection:Calibre;zkey:DJPFJNCJ;zkey_file:4DZ2XWX2	
651	zcollection:Calibre;zkey:DJPFJNCJ;zkey_file:QPGU336C	
652	zcollection:Calibre;zkey:DJPFJNCJ;zkey_file:L89ATGBM	
653	zcollection:Calibre;zkey:DJPFJNCJ;zkey_file:QKGDP74N	
655	zcollection:Calibre;zkey:DJPFJNCJ;zkey_file:EE7KSVN4	
656	zcollection:Calibre;zkey:DJPFJNCJ;zkey_file:J2GLRYZZ	
657	zcollection:Calibre;zkey:DJPFJNCJ;zkey_file:VKTNVN8D	
658	zcollection:Calibre;zkey:DJPFJNCJ;zkey_file:WBP5RRL5	
659	zcollection:Calibre;zkey:DJPFJNCJ;zkey_file:Y7USVJ6E	
66	zcollection:Calibre;zkey:DJPFJNCJ;zkey_file:WEUXSYS3	
660	zcollection:Calibre;zkey:DJPFJNCJ;zkey_file:9ZTCER3F	
661	doi:10.21678/apuntes.56/57.552;zcollection:Calibre;zkey:DJPFJNCJ;zkey_file:ELTIJFTC	doi:10.21678/apuntes.56/57.552
662	doi:10.18356/63e7452f-es;zcollection:Calibre;zkey:DJPFJNCJ;zkey_file:EWWJFFUK	doi:10.18356/63e7452f-es
663	zcollection:Calibre;zkey:DJPFJNCJ;zkey_file:99AW47WE	
664	zcollection:Calibre;zkey:DJPFJNCJ;zkey_file:WL224DH7	
665	zcollection:Calibre;zkey:DJPFJNCJ;zkey_file:HIBXV9DE	
666	zcollection:Calibre;zkey:DJPFJNCJ;zkey_file:MPUQJ7VF	
668	zcollection:Calibre;zkey:DJPFJNCJ;zkey_file:CW98Z7D6	
669	zcollection:Calibre;zkey:DJPFJNCJ;zkey_file:5XI6D7A2	
67	zcollection:Calibre;zkey:DJPFJNCJ;zkey_file:UHVTBN9U	
670	zcollection:Calibre;zkey:DJPFJNCJ;zkey_file:2ZB3YCJR	
671	zcollection:Calibre;zkey:DJPFJNCJ;zkey_file:SDXKQJ2C	
672	zcollection:Calibre;zkey:DJPFJNCJ;zkey_file:YYKPHFET	
674	zcollection:Calibre;zkey:DJPFJNCJ;zkey_file:H35U5EGM	
675	zcollection:Calibre;zkey:DJPFJNCJ;zkey_file:IBFPL567	
677	zcollection:Calibre;zkey:DJPFJNCJ;zkey_file:AFSLDCCX	
678	zcollection:Calibre;zkey:DJPFJNCJ;zkey_file:WHFALSN9	
679	zcollection:Calibre;zkey:DJPFJNCJ;zkey_file:DHCUPGLR	
68	zcollection:Calibre;zkey:DJPFJNCJ;zkey_file:GTJN3ZQ5	
680	zcollection:Calibre;zkey:DJPFJNCJ;zkey_file:2IRB8HM7	
681	zcollection:Calibre;zkey:DJPFJNCJ;zkey_file:TWET3NRJ	
682	zcollection:Calibre;zkey:DJPFJNCJ;zkey_file:HBJ5ALG5	
683	zcollection:Calibre;zkey:DJPFJNCJ;zkey_file:LN5E24I4	
685	zcollection:Calibre;zkey:DJPFJNCJ;zkey_file:M6G7VI9X	
687	zcollection:Calibre;zkey:DJPFJNCJ;zkey_file:VUZEEP5A	
688	zcollection:Calibre;zkey:DJPFJNCJ;zkey_file:2P9PI2WQ	
689	zcollection:Calibre;zkey:DJPFJNCJ;zkey_file:GPMJYXWH	
691	zcollection:Calibre;zkey:DJPFJNCJ;zkey_file:WFDF5N98	
693	zcollection:Calibre;zkey:DJPFJNCJ;zkey_file:R8WLXSK7	
694	zcollection:Calibre;zkey:DJPFJNCJ;zkey_file:PRSXNXB4	
695	zcollection:Calibre;zkey:DJPFJNCJ;zkey_file:JAMJ7GGW	
697	zcollection:Calibre;zkey:DJPFJNCJ;zkey_file:CTCGWYAI	
698	zcollection:Calibre;zkey:DJPFJNCJ;zkey_file:S8YZ5T5G	
699	zcollection:Calibre;zkey:DJPFJNCJ;zkey_file:VV3XIZMH	
7	zcollection:Calibre;zkey:DJPFJNCJ;zkey_file:NWDNQCRB	
70	zcollection:Calibre;zkey:DJPFJNCJ;zkey_file:2CAZY23M	
700	zcollection:Calibre;zkey:DJPFJNCJ;zkey_file:YUZSUEPV	
701	zcollection:Calibre;zkey:DJPFJNCJ;zkey_file:44B7IQAI	
702	zcollection:Calibre;zkey:DJPFJNCJ;zkey_file:XPTB4IHI	
703	zcollection:Calibre;zkey:DJPFJNCJ;zkey_file:RBG3XMIF	
705	zcollection:Calibre;zkey:DJPFJNCJ;zkey_file:V5D4L56I	
708	zcollection:Calibre;zkey:DJPFJNCJ;zkey_file:LMDUGAUC	
71	zcollection:Calibre;zkey:DJPFJNCJ;zkey_file:7ARPEC5T	
712	zcollection:Calibre;zkey:DJPFJNCJ;zkey_file:6QPL87BM	
713	doi:10.1111/j.2517-6161.1960.tb00361.x;zcollection:Calibre;zkey:DJPFJNCJ;zkey_file:KGMA8KHC	doi:10.1111/j.2517-6161.1960.tb00361.x
714	zcollection:Calibre;zkey:DJPFJNCJ;zkey_file:VNFRYVQX	
715	zcollection:Calibre;zkey:DJPFJNCJ;zkey_file:Z4Y3QYUE	
716	zcollection:Calibre;zkey:DJPFJNCJ;zkey_file:BU9AWNBJ	
717	zcollection:Calibre;zkey:DJPFJNCJ;zkey_file:SQ3L5PUB	
718	zcollection:Calibre;zkey:DJPFJNCJ;zkey_file:DFNZIZLL	
719	zcollection:Calibre;zkey:DJPFJNCJ;zkey_file:RPWVR3N2	
72	zcollection:Calibre;zkey:DJPFJNCJ;zkey_file:74NIARF4	
721	zcollection:Calibre;zkey:DJPFJNCJ;zkey_file:GSPKQTH8	
722	zcollection:Calibre;zkey:DJPFJNCJ;zkey_file:L4N8PZ6D	
723	zcollection:Calibre;zkey:DJPFJNCJ;zkey_file:2WLFBELJ	
724	zcollection:Calibre;zkey:DJPFJNCJ;zkey_file:NV5XY68I	
725	zcollection:Calibre;zkey:DJPFJNCJ;zkey_file:G7YDZALL	
726	zcollection:Calibre;zkey:DJPFJNCJ;zkey_file:SJS7NB6K	
727	zcollection:Calibre;zkey:DJPFJNCJ;zkey_file:9BZE5PJ7	
728	zcollection:Calibre;zkey:DJPFJNCJ;zkey_file:YYT9JNEK	
729	zcollection:Calibre;zkey:DJPFJNCJ;zkey_file:DMY4ILR4	
73	zcollection:Calibre;zkey:DJPFJNCJ;zkey_file:Q6LWG6QR	
730	zcollection:Calibre;zkey:DJPFJNCJ;zkey_file:YU3CHUMZ	
732	isbn:978-1-4562-2396-0;zcollection:Calibre;zkey:DJPFJNCJ;zkey_file:VSKIKYN2	isbn:9781456223960
733	zcollection:Calibre;zkey:DJPFJNCJ;zkey_file:FWVKHEBY	
734	zcollection:Calibre;zkey:DJPFJNCJ;zkey_file:SW3M5P6Q	
735	isbn:978-958-699-128-5;zcollection:Calibre;zkey:DJPFJNCJ;zkey_file:CDC46MJ9	isbn:9789586991285
736	zcollection:Calibre;zkey:DJPFJNCJ;zkey_file:GJZD29DG	
738	doi:10.1111/1467-9442.00280;zcollection:Calibre;zkey:DJPFJNCJ;zkey_file:NS7IBQCK	doi:10.1111/1467-9442.00280
74	zcollection:Calibre;zkey:DJPFJNCJ;zkey_file:JUM6GXBG	
741	zcollection:Calibre;zkey:DJPFJNCJ;zkey_file:XH2K6HUG	
744	zcollection:Calibre;zkey:DJPFJNCJ;zkey_file:TU9FFWCF	
745	zcollection:Calibre;zkey:DJPFJNCJ;zkey_file:BL8Y9UYA	
746	zcollection:Calibre;zkey:DJPFJNCJ;zkey_file:IA4H2HR4	
747	zcollection:Calibre;zkey:DJPFJNCJ;zkey_file:ECK2QSJA	
748	zcollection:Calibre;zkey:DJPFJNCJ;zkey_file:ZXSRAZSX	
75	zcollection:Calibre;zkey:DJPFJNCJ;zkey_file:ZLS3GAFJ	
750	zcollection:Calibre;zkey:DJPFJNCJ;zkey_file:YAWGYW7G	
755	zcollection:Calibre;zkey:DJPFJNCJ;zkey_file:NND7X8CI	
757	zcollection:Calibre;zkey:DJPFJNCJ;zkey_file:P9EIJ9FC	
758	doi:10.4206/rev.austral.cienc.soc.2006.n11-01;zcollection:Calibre;zkey:DJPFJNCJ;zkey_file:GIPRHFGU	doi:10.4206/rev.austral.cienc.soc.2006.n11-01
759	zcollection:Calibre;zkey:DJPFJNCJ;zkey_file:SCCWST46	
76	zcollection:Calibre;zkey:DJPFJNCJ;zkey_file:EZ9A2HIN	
760	zcollection:Calibre;zkey:DJPFJNCJ;zkey_file:HM2M82RU	
763	zcollection:Calibre;zkey:DJPFJNCJ;zkey_file:IC8F99T9	
764	zcollection:Calibre;zkey:DJPFJNCJ;zkey_file:GMERBW79	
765	zcollection:Calibre;zkey:DJPFJNCJ;zkey_file:GSSQQBQJ	
766	zcollection:Calibre;zkey:DJPFJNCJ;zkey_file:2PW2FA74	
767	zcollection:Calibre;zkey:DJPFJNCJ;zkey_file:CAM2FCJQ	
768	zcollection:Calibre;zkey:DJPFJNCJ;zkey_file:8C759WXM	
769	zcollection:Calibre;zkey:DJPFJNCJ;zkey_file:QC2BL6FN	
77	zcollection:Calibre;zkey:DJPFJNCJ;zkey_file:Q48WFWRK	
770	zcollection:Calibre;zkey:DJPFJNCJ;zkey_file:Q652WNEV	
772	zcollection:Calibre;zkey:DJPFJNCJ;zkey_file:GW7VI7PJ	
773	zcollection:Calibre;zkey:DJPFJNCJ;zkey_file:6E9KL4FF	
774	zcollection:Calibre;zkey:DJPFJNCJ;zkey_file:UE79HSX3	
775	doi:10.1086/665048;zcollection:Calibre;zkey:DJPFJNCJ;zkey_file:CW8QQU3Q	doi:10.1086/665048
776	zcollection:Calibre;zkey:DJPFJNCJ;zkey_file:YS2EZR9I	
777	zcollection:Calibre;zkey:DJPFJNCJ;zkey_file:XE7CQUMN	
778	zcollection:Calibre;zkey:DJPFJNCJ;zkey_file:Z9ERHENM	
78	zcollection:Calibre;zkey:DJPFJNCJ;zkey_file:9DTV5H9Y	
780	zcollection:Calibre;zkey:DJPFJNCJ;zkey_file:Z9UZKI3R	
781	zcollection:Calibre;zkey:DJPFJNCJ;zkey_file:DQXWPBUJ	
784	zcollection:Calibre;zkey:DJPFJNCJ;zkey_file:MV5DMWD6	
785	zcollection:Calibre;zkey:DJPFJNCJ;zkey_file:GBZYIGHD	
786	zcollection:Calibre;zkey:DJPFJNCJ;zkey_file:7YYTRPW3	
788	doi:10.23943/princeton/9780691159904.003.0004;zcollection:Calibre;zkey:DJPFJNCJ;zkey_file:BDDMK8BV	doi:10.23943/princeton/9780691159904.003.0004
789	doi:10.2307/1913830;zcollection:Calibre;zkey:DJPFJNCJ;zkey_file:PNDK2IPU	doi:10.2307/1913830
79	zcollection:Calibre;zkey:DJPFJNCJ;zkey_file:CL4D97EQ	
790	zcollection:Calibre;zkey:DJPFJNCJ;zkey_file:UYB8AZ97	
791	doi:10.2307/1913829;zcollection:Calibre;zkey:DJPFJNCJ;zkey_file:ZB8EA64I	doi:10.2307/1913829
793	zcollection:Calibre;zkey:DJPFJNCJ;zkey_file:ZKC78WJ6	
794	zcollection:Calibre;zkey:DJPFJNCJ;zkey_file:834NMLHM	
795	zcollection:Calibre;zkey:DJPFJNCJ;zkey_file:WQMLNDAA	
796	zcollection:Calibre;zkey:DJPFJNCJ;zkey_file:B7BGDW8I	
797	zcollection:Calibre;zkey:DJPFJNCJ;zkey_file:MMZC7EXN	
798	zcollection:Calibre;zkey:DJPFJNCJ;zkey_file:2IUKSH56	
799	doi:10.18356/d651200d-es;zcollection:Calibre;zkey:DJPFJNCJ;zkey_file:UQQAQX62	doi:10.18356/d651200d-es
8	zcollection:Calibre;zkey:DJPFJNCJ;zkey_file:JUF57CX8	
80	zcollection:Calibre;zkey:DJPFJNCJ;zkey_file:8KEJE5WF	
800	zcollection:Calibre;zkey:DJPFJNCJ;zkey_file:W5ESVAGH	
801	zcollection:Calibre;zkey:DJPFJNCJ;zkey_file:E5RSHLCR	
802	zcollection:Calibre;zkey:DJPFJNCJ;zkey_file:8QSQICMU	
803	zcollection:Calibre;zkey:DJPFJNCJ;zkey_file:3S5Z5DYY	
806	zcollection:Calibre;zkey:DJPFJNCJ;zkey_file:5BJXVGAL	
807	zcollection:Calibre;zkey:DJPFJNCJ;zkey_file:M4I863DR	
809	zcollection:Calibre;zkey:DJPFJNCJ;zkey_file:F78NZQGX	
81	zcollection:Calibre;zkey:DJPFJNCJ;zkey_file:PDJIFFRG	
811	zcollection:Calibre;zkey:DJPFJNCJ;zkey_file:E62VRWPS	
812	zcollection:Calibre;zkey:DJPFJNCJ;zkey_file:82JHYMTQ	
815	zcollection:Calibre;zkey:DJPFJNCJ;zkey_file:NWGEDB4X	
816	zcollection:Calibre;zkey:DJPFJNCJ;zkey_file:MN3AZCAX	
818	zcollection:Calibre;zkey:DJPFJNCJ;zkey_file:MZA3T4S6	
82	zcollection:Calibre;zkey:DJPFJNCJ;zkey_file:PWVK5Q7A	
822	zcollection:Calibre;zkey:DJPFJNCJ;zkey_file:JZVJ8YUU	
824	zcollection:Calibre;zkey:DJPFJNCJ;zkey_file:Z999DGJF	
826	zcollection:Calibre;zkey:DJPFJNCJ;zkey_file:4V3SKGHX	
83	zcollection:Calibre;zkey:DJPFJNCJ;zkey_file:XL8V9QH3	
830	zcollection:Calibre;zkey:DJPFJNCJ;zkey_file:TJT23PJY	
831	zcollection:Calibre;zkey:DJPFJNCJ;zkey_file:ZYBGTCCQ	
833	zcollection:Calibre;zkey:DJPFJNCJ;zkey_file:H2FX5BXM	
834	isbn:9789871105489;zcollection:Calibre;zkey:DJPFJNCJ;zkey_file:4XMCELPH	isbn:9789871105489
835	zcollection:Calibre;zkey:DJPFJNCJ;zkey_file:TCYU3BRU	
836	zcollection:Calibre;zkey:DJPFJNCJ;zkey_file:3JNXDVP7	
837	zcollection:Calibre;zkey:DJPFJNCJ;zkey_file:EIRA3FSI	
838	zcollection:Calibre;zkey:DJPFJNCJ;zkey_file:ZLICAHRX	
839	zcollection:Calibre;zkey:DJPFJNCJ;zkey_file:LBWE9QXZ	
84	zcollection:Calibre;zkey:DJPFJNCJ;zkey_file:UASLJ9YL	
844	zcollection:Calibre;zkey:DJPFJNCJ;zkey_file:2QPKSI95	
845	zcollection:Calibre;zkey:DJPFJNCJ;zkey_file:DBJJ4E2V	
846	zcollection:Calibre;zkey:DJPFJNCJ;zkey_file:SYCPVK76	
847	zcollection:Calibre;zkey:DJPFJNCJ;zkey_file:UI8XRCFZ	
848	zcollection:Calibre;zkey:DJPFJNCJ;zkey_file:4NAFUYG3	
849	zcollection:Calibre;zkey:DJPFJNCJ;zkey_file:UDNC9TYA	
850	zcollection:Calibre;zkey:DJPFJNCJ;zkey_file:T7J9WSYI	
851	zcollection:Calibre;zkey:DJPFJNCJ;zkey_file:CSLWJQPH	
8511	zcollection:Calibre;zkey:DJPFJNCJ;zkey_file:6TG7TQ3P	
8516	zcollection:Calibre;zkey:DJPFJNCJ;zkey_file:EKQLCFFK	
8517	zcollection:Calibre;zkey:DJPFJNCJ;zkey_file:4HGL67RI	
8518	zcollection:Calibre;zkey:DJPFJNCJ;zkey_file:PBCBBNWX	
8519	zcollection:Calibre;zkey:DJPFJNCJ;zkey_file:RFBS2TSZ	
852	zcollection:Calibre;zkey:DJPFJNCJ;zkey_file:NP69ZFEC	
8520	zcollection:Calibre;zkey:DJPFJNCJ;zkey_file:FDNB2TAR	
8521	zcollection:Calibre;zkey:DJPFJNCJ;zkey_file:MNK23945	
8522	zcollection:Calibre;zkey:DJPFJNCJ;zkey_file:H429PI9I	
8523	zcollection:Calibre;zkey:DJPFJNCJ;zkey_file:W9VJXB99	
8524	zcollection:Calibre;zkey:DJPFJNCJ;zkey_file:GSMYHDQM	
8525	zcollection:Calibre;zkey:DJPFJNCJ;zkey_file:MNSUIWEF	
8526	zcollection:Calibre;zkey:DJPFJNCJ;zkey_file:WG59CJRP	
8527	zcollection:Calibre;zkey:DJPFJNCJ;zkey_file:HCDGWPNN	
8528	zcollection:Calibre;zkey:DJPFJNCJ;zkey_file:3HNH5PVP	
853	zcollection:Calibre;zkey:DJPFJNCJ;zkey_file:XF8K5S4I	
8530	zcollection:Calibre;zkey:DJPFJNCJ;zkey_file:RLCULATZ	
8531	zcollection:Calibre;zkey:DJPFJNCJ;zkey_file:UR9ZU372	
8533	zcollection:Calibre;zkey:DJPFJNCJ;zkey_file:TLPBUNBR	
8537	zcollection:Calibre;zkey:DJPFJNCJ;zkey_file:77BIDNU9	
8539	zcollection:Calibre;zkey:DJPFJNCJ;zkey_file:WXCIDTFK	
854	zcollection:Calibre;zkey:DJPFJNCJ;zkey_file:DG2LIEYR	
8540	zcollection:Calibre;zkey:DJPFJNCJ;zkey_file:V2NR7VSE	
8541	zcollection:Calibre;zkey:DJPFJNCJ;zkey_file:F5ICQDPL	
8542	zcollection:Calibre;zkey:DJPFJNCJ;zkey_file:TDHVEXQ5	
8543	zcollection:Calibre;zkey:DJPFJNCJ;zkey_file:59WJ6SYJ	
8544	zcollection:Calibre;zkey:DJPFJNCJ;zkey_file:K23SUEJ8	
8545	zcollection:Calibre;zkey:DJPFJNCJ;zkey_file:6CAET3JD	
8546	zcollection:Calibre;zkey:DJPFJNCJ;zkey_file:99BSEU2K	
8547	zcollection:Calibre;zkey:DJPFJNCJ;zkey_file:BH975DVT	
8548	zcollection:Calibre;zkey:DJPFJNCJ;zkey_file:BJ6MMD3N	
8549	zcollection:Calibre;zkey:DJPFJNCJ;zkey_file:D4YP9IF4	
855	zcollection:Calibre;zkey:DJPFJNCJ;zkey_file:SBVUINDB	
8550	zcollection:Calibre;zkey:DJPFJNCJ;zkey_file:SSA7ALP6	
8551	zcollection:Calibre;zkey:DJPFJNCJ;zkey_file:F9NC55P2	
8553	zcollection:Calibre;zkey:DJPFJNCJ;zkey_file:CRH4RNYR	
8554	zcollection:Calibre;zkey:DJPFJNCJ;zkey_file:ZTHGV74P	
8555	zcollection:Calibre;zkey:DJPFJNCJ;zkey_file:NF8AWK6N	
8556	zcollection:Calibre;zkey:DJPFJNCJ;zkey_file:UNXXFHX8	
8557	zcollection:Calibre;zkey:DJPFJNCJ;zkey_file:96JXA9MT	
8558	zcollection:Calibre;zkey:DJPFJNCJ;zkey_file:5QUZ84FR	
856	zcollection:Calibre;zkey:DJPFJNCJ;zkey_file:YIYXFPT8	
8563	zcollection:Calibre;zkey:DJPFJNCJ;zkey_file:D39PUHPR	
8564	zcollection:Calibre;zkey:DJPFJNCJ;zkey_file:IDMRVU8H	
8565	zcollection:Calibre;zkey:DJPFJNCJ;zkey_file:GIATGW85	
8567	zcollection:Calibre;zkey:DJPFJNCJ;zkey_file:KJEERHBR	
8568	zcollection:Calibre;zkey:DJPFJNCJ;zkey_file:324WF2RP	
8569	zcollection:Calibre;zkey:DJPFJNCJ;zkey_file:G2L6JA6U	
857	zcollection:Calibre;zkey:DJPFJNCJ;zkey_file:4HIU29Z5	
8570	zcollection:Calibre;zkey:DJPFJNCJ;zkey_file:TW5WCZ36	
8571	zcollection:Calibre;zkey:DJPFJNCJ;zkey_file:IIKKTF6D	
8572	zcollection:Calibre;zkey:DJPFJNCJ;zkey_file:5P8DQ8F7	
8573	zcollection:Calibre;zkey:DJPFJNCJ;zkey_file:PPZAZV7S	
8574	zcollection:Calibre;zkey:DJPFJNCJ;zkey_file:B3EFGZ9N	
858	zcollection:Calibre;zkey:DJPFJNCJ;zkey_file:EN7VFMNT	
8580	zcollection:Calibre;zkey:DJPFJNCJ;zkey_file:B6KURQ8R	
8581	zcollection:Calibre;zkey:DJPFJNCJ;zkey_file:9UQF8CSY	
8582	zcollection:Calibre;zkey:DJPFJNCJ;zkey_file:E6S4RIAB	
8583	zcollection:Calibre;zkey:DJPFJNCJ;zkey_file:CTB5H8VJ	
8584	zcollection:Calibre;zkey:DJPFJNCJ;zkey_file:W2JLQMCX	
8585	zcollection:Calibre;zkey:DJPFJNCJ;zkey_file:ZEVNTS74	
8586	zcollection:Calibre;zkey:DJPFJNCJ;zkey_file:XA6LJJ87	
8588	zcollection:Calibre;zkey:DJPFJNCJ;zkey_file:76A8J2YC	
8589	zcollection:Calibre;zkey:DJPFJNCJ;zkey_file:KVZRUM22	
859	zcollection:Calibre;zkey:DJPFJNCJ;zkey_file:BK3B28SI	
8590	zcollection:Calibre;zkey:DJPFJNCJ;zkey_file:U3XPXX9S	
8591	zcollection:Calibre;zkey:DJPFJNCJ;zkey_file:6VLQ59H5	
8592	zcollection:Calibre;zkey:DJPFJNCJ;zkey_file:MA4W5QQU	
8593	zcollection:Calibre;zkey:DJPFJNCJ;zkey_file:AJJDW3ZW	
8594	zcollection:Calibre;zkey:DJPFJNCJ;zkey_file:WMT9M2RN	
8595	zcollection:Calibre;zkey:DJPFJNCJ;zkey_file:PGT4AZH6	
8596	zcollection:Calibre;zkey:DJPFJNCJ;zkey_file:I5VBE9VD	
8597	zcollection:Calibre;zkey:DJPFJNCJ;zkey_file:SBPJ34RY	
8598	zcollection:Calibre;zkey:DJPFJNCJ;zkey_file:SE3Y3274	
8599	zcollection:Calibre;zkey:DJPFJNCJ;zkey_file:WMRAGMRI	
86	zcollection:Calibre;zkey:DJPFJNCJ;zkey_file:EICSE3SG	
8600	zcollection:Calibre;zkey:DJPFJNCJ;zkey_file:ZDCZ7X57	
8601	zcollection:Calibre;zkey:DJPFJNCJ;zkey_file:KXJBZ2M2	
8602	zcollection:Calibre;zkey:DJPFJNCJ;zkey_file:A9Z4ZNES	
8603	zcollection:Calibre;zkey:DJPFJNCJ;zkey_file:PX97ISW7	
8604	zcollection:Calibre;zkey:DJPFJNCJ;zkey_file:9VIU97SQ	
8605	zcollection:Calibre;zkey:DJPFJNCJ;zkey_file:6WFIZN3U	
8606	zcollection:Calibre;zkey:DJPFJNCJ;zkey_file:YCSRP8DY	
8607	zcollection:Calibre;zkey:DJPFJNCJ;zkey_file:5X3Z4WQB	
8608	zcollection:Calibre;zkey:DJPFJNCJ;zkey_file:EZSBLVV9	
8609	zcollection:Calibre;zkey:DJPFJNCJ;zkey_file:BZVYSWSG	
861	zcollection:Calibre;zkey:DJPFJNCJ;zkey_file:76IEG3N3	
8610	zcollection:Calibre;zkey:DJPFJNCJ;zkey_file:794JYTCZ	
8611	zcollection:Calibre;zkey:DJPFJNCJ;zkey_file:PRDGW7BA	
8612	zcollection:Calibre;zkey:DJPFJNCJ;zkey_file:VK9XLWH6	
8613	zcollection:Calibre;zkey:DJPFJNCJ;zkey_file:R8ZKIZAK	
8614	zcollection:Calibre;zkey:DJPFJNCJ;zkey_file:ET5FV7GD	
8615	zcollection:Calibre;zkey:DJPFJNCJ;zkey_file:9WWDZZD7	
8616	zcollection:Calibre;zkey:DJPFJNCJ;zkey_file:S7TW7TUG	
8617	zcollection:Calibre;zkey:DJPFJNCJ;zkey_file:GSYZKN5L	
8618	zcollection:Calibre;zkey:DJPFJNCJ;zkey_file:WWYQ4BA2	
8619	zcollection:Calibre;zkey:DJPFJNCJ;zkey_file:V9R5IA8Q	
8620	zcollection:Calibre;zkey:DJPFJNCJ;zkey_file:PBHTZMHS	
8621	zcollection:Calibre;zkey:DJPFJNCJ;zkey_file:MC3G5W7Y	
8622	zcollection:Calibre;zkey:DJPFJNCJ;zkey_file:NELI8JKS	
8623	zcollection:Calibre;zkey:DJPFJNCJ;zkey_file:F8WR67JY	
8634	zcollection:Calibre;zkey:DJPFJNCJ;zkey_file:PQFIB4YP	
8635	zcollection:Calibre;zkey:DJPFJNCJ;zkey_file:IN282CHJ	
8636	zcollection:Calibre;zkey:DJPFJNCJ;zkey_file:STH7S36Z	
8649	zcollection:Calibre;zkey:DJPFJNCJ;zkey_file:FQPZPYR9	
865	zcollection:Calibre;zkey:DJPFJNCJ;zkey_file:C4YTR593	
866	zcollection:Calibre;zkey:DJPFJNCJ;zkey_file:BMZ2W4KK	
8660	zcollection:Calibre;zkey:DJPFJNCJ;zkey_file:V7F9LM7W	
8661	zcollection:Calibre;zkey:DJPFJNCJ;zkey_file:VYCL45BR	
8662	zcollection:Calibre;zkey:DJPFJNCJ;zkey_file:VCUBQWIA	
8663	zcollection:Calibre;zkey:DJPFJNCJ;zkey_file:X2NQL5XG	
8664	zcollection:Calibre;zkey:DJPFJNCJ;zkey_file:KGB9H5KR	
867	zcollection:Calibre;zkey:DJPFJNCJ;zkey_file:BQBDLQJS	
8676	zcollection:Calibre;zkey:DJPFJNCJ;zkey_file:YJ2QMWPR	
8677	zcollection:Calibre;zkey:DJPFJNCJ;zkey_file:M9FXZCVV	
8678	zcollection:Calibre;zkey:DJPFJNCJ;zkey_file:TT2TCDVV	
8679	zcollection:Calibre;zkey:DJPFJNCJ;zkey_file:GZ5N7JEN	
8683	zcollection:Calibre;zkey:DJPFJNCJ;zkey_file:SFCTVC2C	
8684	zcollection:Calibre;zkey:DJPFJNCJ;zkey_file:RIVB59N4	
8685	zcollection:Calibre;zkey:DJPFJNCJ;zkey_file:TB6DQ93R	
8686	zcollection:Calibre;zkey:DJPFJNCJ;zkey_file:FGGR7MQF	
8687	zcollection:Calibre;zkey:DJPFJNCJ;zkey_file:SNVWA624	
8688	zcollection:Calibre;zkey:DJPFJNCJ;zkey_file:ZCPBQKN4	
8689	zcollection:Calibre;zkey:DJPFJNCJ;zkey_file:JTBKSD8Q	
869	zcollection:Calibre;zkey:DJPFJNCJ;zkey_file:I263FWKA	
8690	zcollection:Calibre;zkey:DJPFJNCJ;zkey_file:SZPRYQBP	
8691	zcollection:Calibre;zkey:DJPFJNCJ;zkey_file:XRGKCIU8	
8692	zcollection:Calibre;zkey:DJPFJNCJ;zkey_file:DWT6XMJ6	
8693	zcollection:Calibre;zkey:DJPFJNCJ;zkey_file:TADYMWN4	
8694	zcollection:Calibre;zkey:DJPFJNCJ;zkey_file:7JAAX3ZR	
8695	zcollection:Calibre;zkey:DJPFJNCJ;zkey_file:S95RA2ER	
8696	zcollection:Calibre;zkey:DJPFJNCJ;zkey_file:X25YSTUY	
8697	zcollection:Calibre;zkey:DJPFJNCJ;zkey_file:LH75LKY9	
8698	zcollection:Calibre;zkey:DJPFJNCJ;zkey_file:SDR9IPX7	
8699	zcollection:Calibre;zkey:DJPFJNCJ;zkey_file:LXTAUKPF	
87	zcollection:Calibre;zkey:DJPFJNCJ;zkey_file:X98I9RSF	
8700	zcollection:Calibre;zkey:DJPFJNCJ;zkey_file:6VBUUI7J	
8701	zcollection:Calibre;zkey:DJPFJNCJ;zkey_file:EV7TW4AL	
8702	zcollection:Calibre;zkey:DJPFJNCJ;zkey_file:DU3VWNB9	
8703	zcollection:Calibre;zkey:DJPFJNCJ;zkey_file:V6BPC94Z	
8704	zcollection:Calibre;zkey:DJPFJNCJ;zkey_file:T4FJG5QC	
8705	zcollection:Calibre;zkey:DJPFJNCJ;zkey_file:IUAMZUQL	
8706	zcollection:Calibre;zkey:DJPFJNCJ;zkey_file:K8KZ6CNY	
8708	zcollection:Calibre;zkey:DJPFJNCJ;zkey_file:47MRQPE8	
8709	zcollection:Calibre;zkey:DJPFJNCJ;zkey_file:ZVCE284E	
871	zcollection:Calibre;zkey:DJPFJNCJ;zkey_file:7KLT3IXK	
8710	zcollection:Calibre;zkey:DJPFJNCJ;zkey_file:YC5HCUV4	
8713	zcollection:Calibre;zkey:DJPFJNCJ;zkey_file:CHB62CBQ	
8714	zcollection:Calibre;zkey:DJPFJNCJ;zkey_file:MS5EGKUM	
8715	zcollection:Calibre;zkey:DJPFJNCJ;zkey_file:V2BIXQSJ	
8716	zcollection:Calibre;zkey:DJPFJNCJ;zkey_file:GSIAIE3R	
8717	zcollection:Calibre;zkey:DJPFJNCJ;zkey_file:J8F5NL6P	
8723	zcollection:Calibre;zkey:DJPFJNCJ;zkey_file:L88RUX38	
8725	zcollection:Calibre;zkey:DJPFJNCJ;zkey_file:QECK4FQP	
8726	zcollection:Calibre;zkey:DJPFJNCJ;zkey_file:6RILGVKL	
8727	zcollection:Calibre;zkey:DJPFJNCJ;zkey_file:SKU42GML	
8728	zcollection:Calibre;zkey:DJPFJNCJ;zkey_file:EDIFBW2L	
8729	zcollection:Calibre;zkey:DJPFJNCJ;zkey_file:H5TX5B3L	
873	zcollection:Calibre;zkey:DJPFJNCJ;zkey_file:EKKD4FRV	
8730	zcollection:Calibre;zkey:DJPFJNCJ;zkey_file:RPDBQ59V	
8731	zcollection:Calibre;zkey:DJPFJNCJ;zkey_file:ESD6XMNR	
8732	zcollection:Calibre;zkey:DJPFJNCJ;zkey_file:2UTAAQEU	
8733	zcollection:Calibre;zkey:DJPFJNCJ;zkey_file:XFN2A6HS	
8734	zcollection:Calibre;zkey:DJPFJNCJ;zkey_file:6L4XFZBJ	
8735	zcollection:Calibre;zkey:DJPFJNCJ;zkey_file:CH9MFBVX	
8736	zcollection:Calibre;zkey:DJPFJNCJ;zkey_file:Y3K387LP	
8737	zcollection:Calibre;zkey:DJPFJNCJ;zkey_file:EIT2LWPC	
874	zcollection:Calibre;zkey:DJPFJNCJ;zkey_file:YLCRBYN2	
875	zcollection:Calibre;zkey:DJPFJNCJ;zkey_file:7BW2AZSG	
8757	zcollection:Calibre;zkey:DJPFJNCJ;zkey_file:WQ3WBJFE	
8758	zcollection:Calibre;zkey:DJPFJNCJ;zkey_file:P745DD82	
8759	zcollection:Calibre;zkey:DJPFJNCJ;zkey_file:EYFCYK4R	
8760	zcollection:Calibre;zkey:DJPFJNCJ;zkey_file:CABFRDPN	
8761	zcollection:Calibre;zkey:DJPFJNCJ;zkey_file:AUV8P9KQ	
8762	zcollection:Calibre;zkey:DJPFJNCJ;zkey_file:B9PUGWFA	
8763	zcollection:Calibre;zkey:DJPFJNCJ;zkey_file:FW4TRVCJ	
8767	zcollection:Calibre;zkey:DJPFJNCJ;zkey_file:24L6Y2PT	
8769	zcollection:Calibre;zkey:DJPFJNCJ;zkey_file:86R7HUVP	
877	zcollection:Calibre;zkey:DJPFJNCJ;zkey_file:UFLFVGFK	
8770	zcollection:Calibre;zkey:DJPFJNCJ;zkey_file:WNWR5UEN	
8771	zcollection:Calibre;zkey:DJPFJNCJ;zkey_file:AHZG7JWP	
8772	zcollection:Calibre;zkey:DJPFJNCJ;zkey_file:TQYQKRCQ	
8773	zcollection:Calibre;zkey:DJPFJNCJ;zkey_file:AK5AAW7R	
8774	zcollection:Calibre;zkey:DJPFJNCJ;zkey_file:MSMJ39PR	
8775	zcollection:Calibre;zkey:DJPFJNCJ;zkey_file:NK76XCI4	
8776	zcollection:Calibre;zkey:DJPFJNCJ;zkey_file:S9ZVIKUD	
8777	zcollection:Calibre;zkey:DJPFJNCJ;zkey_file:JWI8AUM4	
8778	zcollection:Calibre;zkey:DJPFJNCJ;zkey_file:W7TVF2RU	
8779	zcollection:Calibre;zkey:DJPFJNCJ;zkey_file:P3KZAV47	
8780	zcollection:Calibre;zkey:DJPFJNCJ;zkey_file:N3PA6TT6	
8781	zcollection:Calibre;zkey:DJPFJNCJ;zkey_file:NTSYMHBV	
8782	zcollection:Calibre;zkey:DJPFJNCJ;zkey_file:NRYJ6IXW	
8783	zcollection:Calibre;zkey:DJPFJNCJ;zkey_file:QQRMDUYC	
8784	zcollection:Calibre;zkey:DJPFJNCJ;zkey_file:D8QAR84D	
8785	zcollection:Calibre;zkey:DJPFJNCJ;zkey_file:W22FEU42	
8786	zcollection:Calibre;zkey:DJPFJNCJ;zkey_file:EAGY86N9	
8787	zcollection:Calibre;zkey:DJPFJNCJ;zkey_file:FTAUA6H6	
8788	zcollection:Calibre;zkey:DJPFJNCJ;zkey_file:883PL8MB	
8789	zcollection:Calibre;zkey:DJPFJNCJ;zkey_file:LRWL6JIH	
879	zcollection:Calibre;zkey:DJPFJNCJ;zkey_file:XIAT6QS8	
8790	zcollection:Calibre;zkey:DJPFJNCJ;zkey_file:VZMITP73	
8791	zcollection:Calibre;zkey:DJPFJNCJ;zkey_file:K9AV6M88	
8792	zcollection:Calibre;zkey:DJPFJNCJ;zkey_file:FABXZUEY	
8793	zcollection:Calibre;zkey:DJPFJNCJ;zkey_file:JSMDKDWK	
8794	zcollection:Calibre;zkey:DJPFJNCJ;zkey_file:PDDZMD5V	
8795	zcollection:Calibre;zkey:DJPFJNCJ;zkey_file:FEB23LKW	
8796	zcollection:Calibre;zkey:DJPFJNCJ;zkey_file:P8RGVTYT	
8797	zcollection:Calibre;zkey:DJPFJNCJ;zkey_file:PRLML7RW	
8798	zcollection:Calibre;zkey:DJPFJNCJ;zkey_file:FURIZMKE	
8799	zcollection:Calibre;zkey:DJPFJNCJ;zkey_file:I5CUZDAP	
88	zcollection:Calibre;zkey:DJPFJNCJ;zkey_file:QTEVJQ8C	
8800	zcollection:Calibre;zkey:DJPFJNCJ;zkey_file:F968QMVJ	
8801	zcollection:Calibre;zkey:DJPFJNCJ;zkey_file:4D84BNL4	
8802	zcollection:Calibre;zkey:DJPFJNCJ;zkey_file:6ILCDTIP	
8803	zcollection:Calibre;zkey:DJPFJNCJ;zkey_file:MSX2YWQZ	
8804	zcollection:Calibre;zkey:DJPFJNCJ;zkey_file:VZZPXF5P	
8805	zcollection:Calibre;zkey:DJPFJNCJ;zkey_file:RNTDZACN	
8806	zcollection:Calibre;zkey:DJPFJNCJ;zkey_file:SAZDXBBN	
8807	zcollection:Calibre;zkey:DJPFJNCJ;zkey_file:Q5S4ETEV	
8808	zcollection:Calibre;zkey:DJPFJNCJ;zkey_file:68DMCNHF	
8810	zcollection:Calibre;zkey:DJPFJNCJ;zkey_file:Y2LY8KZG	
8811	zcollection:Calibre;zkey:DJPFJNCJ;zkey_file:7W25LGHE	
8812	zcollection:Calibre;zkey:DJPFJNCJ;zkey_file:KX7WMPU4	
8813	zcollection:Calibre;zkey:DJPFJNCJ;zkey_file:CFX9LMC8	
8814	zcollection:Calibre;zkey:DJPFJNCJ;zkey_file:PF5HGZLB	
8815	zcollection:Calibre;zkey:DJPFJNCJ;zkey_file:XPKQ9KFX	
8816	zcollection:Calibre;zkey:DJPFJNCJ;zkey_file:XK5LG2LC	
8817	zcollection:Calibre;zkey:DJPFJNCJ;zkey_file:RWJ73W6Q	
8818	zcollection:Calibre;zkey:DJPFJNCJ;zkey_file:U7STV7NT	
8819	zcollection:Calibre;zkey:DJPFJNCJ;zkey_file:YNH32ATY	
8820	zcollection:Calibre;zkey:DJPFJNCJ;zkey_file:DZKI64NI	
8821	zcollection:Calibre;zkey:DJPFJNCJ;zkey_file:2V562G72	
8822	zcollection:Calibre;zkey:DJPFJNCJ;zkey_file:7Y844HL6	
8823	zcollection:Calibre;zkey:DJPFJNCJ;zkey_file:JGX7U5UV	
8824	zcollection:Calibre;zkey:DJPFJNCJ;zkey_file:R5FAJPXX	
8825	zcollection:Calibre;zkey:DJPFJNCJ;zkey_file:6B9VGK6F	
8826	zcollection:Calibre;zkey:DJPFJNCJ;zkey_file:5JTHGJ9U	
8827	zcollection:Calibre;zkey:DJPFJNCJ;zkey_file:LMLVE5Q6	
8828	zcollection:Calibre;zkey:DJPFJNCJ;zkey_file:CK5GZSML	
8829	zcollection:Calibre;zkey:DJPFJNCJ;zkey_file:SAEEZR5W	
8830	zcollection:Calibre;zkey:DJPFJNCJ;zkey_file:MJFQLEVQ	
8831	zcollection:Calibre;zkey:DJPFJNCJ;zkey_file:HBJ9I4C7	
8833	zcollection:Calibre;zkey:DJPFJNCJ;zkey_file:EY3XUY5N	
8834	zcollection:Calibre;zkey:DJPFJNCJ;zkey_file:CHHRKJBC	
8835	zcollection:Calibre;zkey:DJPFJNCJ;zkey_file:QIGHV7D9	
8836	zcollection:Calibre;zkey:DJPFJNCJ;zkey_file:FALG6GN6	
8837	zcollection:Calibre;zkey:DJPFJNCJ;zkey_file:JHTVVVPQ	
8838	zcollection:Calibre;zkey:DJPFJNCJ;zkey_file:GZ7LWFLZ	
8842	zcollection:Calibre;zkey:DJPFJNCJ;zkey_file:52FGMQHP	
8845	zcollection:Calibre;zkey:DJPFJNCJ;zkey_file:6QBVB4VA	
8848	zcollection:Calibre;zkey:DJPFJNCJ;zkey_file:UUZSVPL2	
8849	zcollection:Calibre;zkey:DJPFJNCJ;zkey_file:3KGLBPXE	
885	zcollection:Calibre;zkey:DJPFJNCJ;zkey_file:ARGVQMIT	
8850	zcollection:Calibre;zkey:DJPFJNCJ;zkey_file:YEYNR52I	
8851	zcollection:Calibre;zkey:DJPFJNCJ;zkey_file:5N4P6T8N	
8853	zcollection:Calibre;zkey:DJPFJNCJ;zkey_file:LBWPKMNX	
8855	zcollection:Calibre;zkey:DJPFJNCJ;zkey_file:VCB45I8B	
8856	zcollection:Calibre;zkey:DJPFJNCJ;zkey_file:B4GV658E	
886	zcollection:Calibre;zkey:DJPFJNCJ;zkey_file:XQ9QCKJU	
8862	zcollection:Calibre;zkey:DJPFJNCJ;zkey_file:7J8WN5SF	
8863	zcollection:Calibre;zkey:DJPFJNCJ;zkey_file:H7ZPHUD7	
8864	zcollection:Calibre;zkey:DJPFJNCJ;zkey_file:LKTGBFC8	
8865	zcollection:Calibre;zkey:DJPFJNCJ;zkey_file:SPZH7JJ4	
8868	zcollection:Calibre;zkey:DJPFJNCJ;zkey_file:PX9UGZUK	
887	zcollection:Calibre;zkey:DJPFJNCJ;zkey_file:VBZXKUB5	
8870	zcollection:Calibre;zkey:DJPFJNCJ;zkey_file:4U57EBDV	
8872	zcollection:Calibre;zkey:DJPFJNCJ;zkey_file:SRNMXHK6	
8873	zcollection:Calibre;zkey:DJPFJNCJ;zkey_file:GWU5DBNN	
8874	zcollection:Calibre;zkey:DJPFJNCJ;zkey_file:XF6FM5SP	
8875	zcollection:Calibre;zkey:DJPFJNCJ;zkey_file:9W2TBXW3	
8876	zcollection:Calibre;zkey:DJPFJNCJ;zkey_file:I757CWED	
8877	zcollection:Calibre;zkey:DJPFJNCJ;zkey_file:ZRX7VLF5	
888	zcollection:Calibre;zkey:DJPFJNCJ;zkey_file:CZ4Z6UWM	
8880	zcollection:Calibre;zkey:DJPFJNCJ;zkey_file:8BT4ZKH6	
8881	zcollection:Calibre;zkey:DJPFJNCJ;zkey_file:8DSQTWYB	
8883	zcollection:Calibre;zkey:DJPFJNCJ;zkey_file:6E372Z6T	
8884	zcollection:Calibre;zkey:DJPFJNCJ;zkey_file:2RXQ7RPQ	
8885	zcollection:Calibre;zkey:DJPFJNCJ;zkey_file:KYGABEXY	
8886	zcollection:Calibre;zkey:DJPFJNCJ;zkey_file:54NVNE89	
8887	zcollection:Calibre;zkey:DJPFJNCJ;zkey_file:YYJETDDF	
8888	zcollection:Calibre;zkey:DJPFJNCJ;zkey_file:W7JFD3B6	
8889	zcollection:Calibre;zkey:DJPFJNCJ;zkey_file:S2LZUIYD	
889	zcollection:Calibre;zkey:DJPFJNCJ;zkey_file:P7GPGPVI	
8891	zcollection:Calibre;zkey:DJPFJNCJ;zkey_file:8BKRQIFC	
8892	zcollection:Calibre;zkey:DJPFJNCJ;zkey_file:B3ANP75G	
8893	zcollection:Calibre;zkey:DJPFJNCJ;zkey_file:9464FN4D	
8894	zcollection:Calibre;zkey:DJPFJNCJ;zkey_file:LH26RDFK	
8895	zcollection:Calibre;zkey:DJPFJNCJ;zkey_file:YRQN5BFT	
8896	zcollection:Calibre;zkey:DJPFJNCJ;zkey_file:VC9ZHKFK	
8897	zcollection:Calibre;zkey:DJPFJNCJ;zkey_file:WRXRMTYY	
8898	zcollection:Calibre;zkey:DJPFJNCJ;zkey_file:XDA9XE3S	
8899	zcollection:Calibre;zkey:DJPFJNCJ;zkey_file:2CUUFVAM	
89	zcollection:Calibre;zkey:DJPFJNCJ;zkey_file:SR4Y2M69	
8900	zcollection:Calibre;zkey:DJPFJNCJ;zkey_file:W9IQKIYC	
8901	zcollection:Calibre;zkey:DJPFJNCJ;zkey_file:WQZP46P8	
8902	zcollection:Calibre;zkey:DJPFJNCJ;zkey_file:GTHZSSLI	
8903	zcollection:Calibre;zkey:DJPFJNCJ;zkey_file:T5KWP2HQ	
8904	zcollection:Calibre;zkey:DJPFJNCJ;zkey_file:5GID46UA	
8905	zcollection:Calibre;zkey:DJPFJNCJ;zkey_file:UFNC7PVW	
8907	zcollection:Calibre;zkey:DJPFJNCJ;zkey_file:546J8ZG6	
8908	zcollection:Calibre;zkey:DJPFJNCJ;zkey_file:L2DWK2VK	
8909	zcollection:Calibre;zkey:DJPFJNCJ;zkey_file:7GDIF8IN	
8910	zcollection:Calibre;zkey:DJPFJNCJ;zkey_file:M9VKUQKV	
8911	zcollection:Calibre;zkey:DJPFJNCJ;zkey_file:97VQ3GSX	
8917	zcollection:Calibre;zkey:DJPFJNCJ;zkey_file:H76RZVHJ	
8918	zcollection:Calibre;zkey:DJPFJNCJ;zkey_file:TH5VKRG3	
8919	zcollection:Calibre;zkey:DJPFJNCJ;zkey_file:R9ZZE2LW	
8920	zcollection:Calibre;zkey:DJPFJNCJ;zkey_file:S2F6CI7Q	
8921	zcollection:Calibre;zkey:DJPFJNCJ;zkey_file:F8KSWEQF	
8922	zcollection:Calibre;zkey:DJPFJNCJ;zkey_file:MKEDKT3V	
8923	zcollection:Calibre;zkey:DJPFJNCJ;zkey_file:L8472MB5	
8924	zcollection:Calibre;zkey:DJPFJNCJ;zkey_file:ATZZD4MF	
8925	zcollection:Calibre;zkey:DJPFJNCJ;zkey_file:WNJS3J98	
8926	zcollection:Calibre;zkey:DJPFJNCJ;zkey_file:WYNJX4HK	
8927	zcollection:Calibre;zkey:DJPFJNCJ;zkey_file:G7R9TU3Z	
8928	zcollection:Calibre;zkey:DJPFJNCJ;zkey_file:SFDPZ4JX	
8929	zcollection:Calibre;zkey:DJPFJNCJ;zkey_file:BX5LPHXS	
8930	zcollection:Calibre;zkey:DJPFJNCJ;zkey_file:8PTCB3VD	
8931	zcollection:Calibre;zkey:DJPFJNCJ;zkey_file:PTVRLVUN	
8932	zcollection:Calibre;zkey:DJPFJNCJ;zkey_file:3TRIGXMG	
8933	zcollection:Calibre;zkey:DJPFJNCJ;zkey_file:FWESHPJV	
8934	zcollection:Calibre;zkey:DJPFJNCJ;zkey_file:MKBX6WAV	
8935	zcollection:Calibre;zkey:DJPFJNCJ;zkey_file:GMSQAXDT	
8936	zcollection:Calibre;zkey:DJPFJNCJ;zkey_file:VRPJTCT3	
8947	zcollection:Calibre;zkey:DJPFJNCJ;zkey_file:AU7ZHDKH	
8948	zcollection:Calibre;zkey:DJPFJNCJ;zkey_file:2T4FAISM	
8949	zcollection:Calibre;zkey:DJPFJNCJ;zkey_file:299HGNBR	
8950	zcollection:Calibre;zkey:DJPFJNCJ;zkey_file:EDYTD9RP	
8951	zcollection:Calibre;zkey:DJPFJNCJ;zkey_file:62KLTIGX	
8952	zcollection:Calibre;zkey:DJPFJNCJ;zkey_file:7FVRF4XS	
8953	zcollection:Calibre;zkey:DJPFJNCJ;zkey_file:86MLMZFT	
8954	zcollection:Calibre;zkey:DJPFJNCJ;zkey_file:UKZSPMVA	
8955	zcollection:Calibre;zkey:DJPFJNCJ;zkey_file:56F8URDM	
8957	zcollection:Calibre;zkey:DJPFJNCJ;zkey_file:G6KKPFK2	
8958	zcollection:Calibre;zkey:DJPFJNCJ;zkey_file:FAAJ47ED	
8959	zcollection:Calibre;zkey:DJPFJNCJ;zkey_file:EHFVE6LA	
896	zcollection:Calibre;zkey:DJPFJNCJ;zkey_file:ZJUF6JPV	
8960	zcollection:Calibre;zkey:DJPFJNCJ;zkey_file:4LU4ZLDK	
8961	zcollection:Calibre;zkey:DJPFJNCJ;zkey_file:EXTTXBPU	
8962	zcollection:Calibre;zkey:DJPFJNCJ;zkey_file:AR2FCTXL	
8963	zcollection:Calibre;zkey:DJPFJNCJ;zkey_file:PCXD6QDB	
8964	zcollection:Calibre;zkey:DJPFJNCJ;zkey_file:KNYPH824	
8965	zcollection:Calibre;zkey:DJPFJNCJ;zkey_file:8ECAIHI5	
8966	zcollection:Calibre;zkey:DJPFJNCJ;zkey_file:UX8LYPLX	
8967	zcollection:Calibre;zkey:DJPFJNCJ;zkey_file:YXAZYCCJ	
8968	zcollection:Calibre;zkey:DJPFJNCJ;zkey_file:JV9BK6U8	
8969	zcollection:Calibre;zkey:DJPFJNCJ;zkey_file:WJLZXT9J	
897	isbn:848310654X;zcollection:Calibre;zkey:DJPFJNCJ;zkey_file:3XM7EGB4	isbn:848310654X
8970	zcollection:Calibre;zkey:DJPFJNCJ;zkey_file:Q27RJFPM	
8971	zcollection:Calibre;zkey:DJPFJNCJ;zkey_file:DL7RCR6M	
8972	zcollection:Calibre;zkey:DJPFJNCJ;zkey_file:TFAFWG82	
8974	zcollection:Calibre;zkey:DJPFJNCJ;zkey_file:IFB35PEU	
8975	zcollection:Calibre;zkey:DJPFJNCJ;zkey_file:6L629TX9	
8976	zcollection:Calibre;zkey:DJPFJNCJ;zkey_file:MTCL8RL9	
8977	zcollection:Calibre;zkey:DJPFJNCJ;zkey_file:P8ARUUZC	
8978	zcollection:Calibre;zkey:DJPFJNCJ;zkey_file:RXYYN2VZ	
8979	zcollection:Calibre;zkey:DJPFJNCJ;zkey_file:BXUAIWDQ	
898	isbn:9788485081912;zcollection:Calibre;zkey:DJPFJNCJ;zkey_file:N9Y4YJZZ	isbn:9788485081912
8981	zcollection:Calibre;zkey:DJPFJNCJ;zkey_file:9FEX76G6	
8982	zcollection:Calibre;zkey:DJPFJNCJ;zkey_file:24P8HEBC	
8983	zcollection:Calibre;zkey:DJPFJNCJ;zkey_file:DTUCKCMG	
8984	zcollection:Calibre;zkey:DJPFJNCJ;zkey_file:977Q5GA3	
8987	zcollection:Calibre;zkey:DJPFJNCJ;zkey_file:P7ISXGED	
899	zcollection:Calibre;zkey:DJPFJNCJ;zkey_file:8FP2YJ8U	
8990	zcollection:Calibre;zkey:DJPFJNCJ;zkey_file:RK5QL35A	
8991	zcollection:Calibre;zkey:DJPFJNCJ;zkey_file:CLNTK8LS	
8993	zcollection:Calibre;zkey:DJPFJNCJ;zkey_file:ATJ2KCIC	
8994	zcollection:Calibre;zkey:DJPFJNCJ;zkey_file:TFM9G5A7	
8996	zcollection:Calibre;zkey:DJPFJNCJ;zkey_file:GPADZLDM	
8997	zcollection:Calibre;zkey:DJPFJNCJ;zkey_file:QFC4GW7C	
8998	zcollection:Calibre;zkey:DJPFJNCJ;zkey_file:2MHJCFG7	
8999	zcollection:Calibre;zkey:DJPFJNCJ;zkey_file:378K6ED4	
90	zcollection:Calibre;zkey:DJPFJNCJ;zkey_file:3BDZ98PU	
900	zcollection:Calibre;zkey:DJPFJNCJ;zkey_file:M5IX34MU	
9001	zcollection:Calibre;zkey:DJPFJNCJ;zkey_file:QVCHYA3C	
9006	zcollection:Calibre;zkey:DJPFJNCJ;zkey_file:N5DD3HX4	
9007	zcollection:Calibre;zkey:DJPFJNCJ;zkey_file:CV4BRPMC	
9008	zcollection:Calibre;zkey:DJPFJNCJ;zkey_file:3C8WNRF9	
901	zcollection:Calibre;zkey:DJPFJNCJ;zkey_file:HEJJ5H34	
9010	zcollection:Calibre;zkey:DJPFJNCJ;zkey_file:DSBE8HZZ	
9011	zcollection:Calibre;zkey:DJPFJNCJ;zkey_file:GCNFUHIS	
9012	zcollection:Calibre;zkey:DJPFJNCJ;zkey_file:ZC8L6BMP	
9015	isbn:060830137X;zcollection:Calibre;zkey:DJPFJNCJ;zkey_file:F5SRC4ZN	isbn:060830137X
9017	zcollection:Calibre;zkey:DJPFJNCJ;zkey_file:YIPSJCRC	
9019	zcollection:Calibre;zkey:DJPFJNCJ;zkey_file:5CWGYA4Q	
902	zcollection:Calibre;zkey:DJPFJNCJ;zkey_file:KMGTMQ3C	
9020	isbn:9780816655557;zcollection:Calibre;zkey:DJPFJNCJ;zkey_file:K7L2439V	isbn:9780816655557
9021	zcollection:Calibre;zkey:DJPFJNCJ;zkey_file:BLVVQJBH	
9022	zcollection:Calibre;zkey:DJPFJNCJ;zkey_file:W4PK54TV	
9023	zcollection:Calibre;zkey:DJPFJNCJ;zkey_file:63SNPIM8	
9026	zcollection:Calibre;zkey:DJPFJNCJ;zkey_file:YALZIEDQ	
903	isbn:9788485081974;zcollection:Calibre;zkey:DJPFJNCJ;zkey_file:7NEG9V6L	isbn:9788485081974
9030	zcollection:Calibre;zkey:DJPFJNCJ;zkey_file:KZG447M6	
9031	zcollection:Calibre;zkey:DJPFJNCJ;zkey_file:SG5G6WB8	
9032	zcollection:Calibre;zkey:DJPFJNCJ;zkey_file:RT7M5I5P	
9036	zcollection:Calibre;zkey:DJPFJNCJ;zkey_file:PLM7YWGT	
9037	zcollection:Calibre;zkey:DJPFJNCJ;zkey_file:G3LWGDJE	
9038	zcollection:Calibre;zkey:DJPFJNCJ;zkey_file:PTCGJS43	
9039	zcollection:Calibre;zkey:DJPFJNCJ;zkey_file:XLLW3IKC	
9040	zcollection:Calibre;zkey:DJPFJNCJ;zkey_file:SKGGDRG7	
9041	zcollection:Calibre;zkey:DJPFJNCJ;zkey_file:EEFZETYT	
9042	zcollection:Calibre;zkey:DJPFJNCJ;zkey_file:VBZILAFF	
9043	zcollection:Calibre;zkey:DJPFJNCJ;zkey_file:XVZN6NKD	
9044	zcollection:Calibre;zkey:DJPFJNCJ;zkey_file:4GXRCWY3	
9046	zcollection:Calibre;zkey:DJPFJNCJ;zkey_file:5RILMCCY	
9047	zcollection:Calibre;zkey:DJPFJNCJ;zkey_file:TCKPSFMM	
9048	zcollection:Calibre;zkey:DJPFJNCJ;zkey_file:KEJWQK6P	
9049	zcollection:Calibre;zkey:DJPFJNCJ;zkey_file:M2Y9H6UC	
9051	zcollection:Calibre;zkey:DJPFJNCJ;zkey_file:T9XJ9G62	
9052	zcollection:Calibre;zkey:DJPFJNCJ;zkey_file:BBCBKXLY	
9053	zcollection:Calibre;zkey:DJPFJNCJ;zkey_file:9FMU7B9M	
9054	zcollection:Calibre;zkey:DJPFJNCJ;zkey_file:TBFM54AI	
9055	zcollection:Calibre;zkey:DJPFJNCJ;zkey_file:IP37BS5F	
9056	zcollection:Calibre;zkey:DJPFJNCJ;zkey_file:UTS83QKQ	
9057	zcollection:Calibre;zkey:DJPFJNCJ;zkey_file:78Z9Y6Y8	
9058	zcollection:Calibre;zkey:DJPFJNCJ;zkey_file:6YNCEL7K	
9060	zcollection:Calibre;zkey:DJPFJNCJ;zkey_file:T2UWT4JR	
9061	zcollection:Calibre;zkey:DJPFJNCJ;zkey_file:KPYGJCNY	
9063	zcollection:Calibre;zkey:DJPFJNCJ;zkey_file:RMMR426Z	
9065	zcollection:Calibre;zkey:DJPFJNCJ;zkey_file:UYXA6UDT	
9068	zcollection:Calibre;zkey:DJPFJNCJ;zkey_file:HAJLYG7P	
9073	zcollection:Calibre;zkey:DJPFJNCJ;zkey_file:V9CLVPHW	
9074	zcollection:Calibre;zkey:DJPFJNCJ;zkey_file:9H3LUEMR	
9075	zcollection:Calibre;zkey:DJPFJNCJ;zkey_file:CT9HMHJH	
9076	zcollection:Calibre;zkey:DJPFJNCJ;zkey_file:5DNQIYQV	
9078	zcollection:Calibre;zkey:DJPFJNCJ;zkey_file:ISK3I2VS	
9083	zcollection:Calibre;zkey:DJPFJNCJ;zkey_file:S5JGG8VA	
9084	zcollection:Calibre;zkey:DJPFJNCJ;zkey_file:4P3JTT98	
909	zcollection:Calibre;zkey:DJPFJNCJ;zkey_file:LP2GGLXR	
9091	zcollection:Calibre;zkey:DJPFJNCJ;zkey_file:42H7P749	
9094	zcollection:Calibre;zkey:DJPFJNCJ;zkey_file:RMJYHPGP	
9095	zcollection:Calibre;zkey:DJPFJNCJ;zkey_file:PGA57TC6	
91	zcollection:Calibre;zkey:DJPFJNCJ;zkey_file:743DX6UV	
910	zcollection:Calibre;zkey:DJPFJNCJ;zkey_file:SABW7ET9	
9108	zcollection:Calibre;zkey:DJPFJNCJ;zkey_file:F2XJ6GUH	
9109	zcollection:Calibre;zkey:DJPFJNCJ;zkey_file:9EBRK6UR	
9110	zcollection:Calibre;zkey:DJPFJNCJ;zkey_file:IQSBFYUA	
9111	zcollection:Calibre;zkey:DJPFJNCJ;zkey_file:WVURE6XD	
9112	zcollection:Calibre;zkey:DJPFJNCJ;zkey_file:EDSP8WUY	
9113	zcollection:Calibre;zkey:DJPFJNCJ;zkey_file:TRWZSQKP	
9114	zcollection:Calibre;zkey:DJPFJNCJ;zkey_file:6IZE92N4	
9115	zcollection:Calibre;zkey:DJPFJNCJ;zkey_file:3W2CL4JP	
9116	zcollection:Calibre;zkey:DJPFJNCJ;zkey_file:RRT4QWR5	
9117	zcollection:Calibre;zkey:DJPFJNCJ;zkey_file:HMXJ5JB8	
9118	zcollection:Calibre;zkey:DJPFJNCJ;zkey_file:KAS8G9J3	
9119	zcollection:Calibre;zkey:DJPFJNCJ;zkey_file:DZGQ47MT	
9120	zcollection:Calibre;zkey:DJPFJNCJ;zkey_file:IE6QP95K	
9121	zcollection:Calibre;zkey:DJPFJNCJ;zkey_file:FP5W6KIT	
9122	zcollection:Calibre;zkey:DJPFJNCJ;zkey_file:EM94RVE5	
9123	zcollection:Calibre;zkey:DJPFJNCJ;zkey_file:TC8UYWQ6	
9124	zcollection:Calibre;zkey:DJPFJNCJ;zkey_file:ZK4Z34VA	
9125	zcollection:Calibre;zkey:DJPFJNCJ;zkey_file:KW64QFRY	
9126	zcollection:Calibre;zkey:DJPFJNCJ;zkey_file:S5V789D7	
9127	zcollection:Calibre;zkey:DJPFJNCJ;zkey_file:T9LCI3X7	
9128	zcollection:Calibre;zkey:DJPFJNCJ;zkey_file:ZETXUQE9	
9129	zcollection:Calibre;zkey:DJPFJNCJ;zkey_file:I23BHBKI	
9130	zcollection:Calibre;zkey:DJPFJNCJ;zkey_file:38EL3GCA	
9131	zcollection:Calibre;zkey:DJPFJNCJ;zkey_file:VDLE9BRN	
9132	zcollection:Calibre;zkey:DJPFJNCJ;zkey_file:H8DUHJA9	
9133	zcollection:Calibre;zkey:DJPFJNCJ;zkey_file:26H9NAIA	
9134	zcollection:Calibre;zkey:DJPFJNCJ;zkey_file:WXDZHZZ8	
9135	zcollection:Calibre;zkey:DJPFJNCJ;zkey_file:YQYQIWJ9	
9136	zcollection:Calibre;zkey:DJPFJNCJ;zkey_file:JRJDTW5D	
9137	zcollection:Calibre;zkey:DJPFJNCJ;zkey_file:XTZR5R6D	
9138	zcollection:Calibre;zkey:DJPFJNCJ;zkey_file:VND3JYRK	
9139	zcollection:Calibre;zkey:DJPFJNCJ;zkey_file:QE6X7V7M	
9140	zcollection:Calibre;zkey:DJPFJNCJ;zkey_file:BT4KLRV7	
9141	zcollection:Calibre;zkey:DJPFJNCJ;zkey_file:5K6LBL8E	
9142	zcollection:Calibre;zkey:DJPFJNCJ;zkey_file:LPW5GHQZ	
9143	zcollection:Calibre;zkey:DJPFJNCJ;zkey_file:SG7AEDLY	
9144	zcollection:Calibre;zkey:DJPFJNCJ;zkey_file:R9MSWCNC	
9145	zcollection:Calibre;zkey:DJPFJNCJ;zkey_file:KG6ZXL8V	
9146	zcollection:Calibre;zkey:DJPFJNCJ;zkey_file:GGJ3X6Z9	
9147	zcollection:Calibre;zkey:DJPFJNCJ;zkey_file:J66L8JET	
9148	zcollection:Calibre;zkey:DJPFJNCJ;zkey_file:FH4PEF7N	
9149	zcollection:Calibre;zkey:DJPFJNCJ;zkey_file:W98EJTGB	
915	zcollection:Calibre;zkey:DJPFJNCJ;zkey_file:JMDFVVEZ	
9150	zcollection:Calibre;zkey:DJPFJNCJ;zkey_file:SFAQIEW4	
9151	zcollection:Calibre;zkey:DJPFJNCJ;zkey_file:GJ52AM4S	
9152	zcollection:Calibre;zkey:DJPFJNCJ;zkey_file:3VUAJKSM	
9153	zcollection:Calibre;zkey:DJPFJNCJ;zkey_file:2WGB5QCK	
9155	zcollection:Calibre;zkey:DJPFJNCJ;zkey_file:GADNNI8S	
9156	zcollection:Calibre;zkey:DJPFJNCJ;zkey_file:R8S64A5M	
9157	zcollection:Calibre;zkey:DJPFJNCJ;zkey_file:FUUT9T3I	
9158	zcollection:Calibre;zkey:DJPFJNCJ;zkey_file:ZJTFDT9Q	
9159	zcollection:Calibre;zkey:DJPFJNCJ;zkey_file:BY4JPX6Z	
9160	zcollection:Calibre;zkey:DJPFJNCJ;zkey_file:AF952Z6S	
9161	zcollection:Calibre;zkey:DJPFJNCJ;zkey_file:GMEQF5EC	
9162	zcollection:Calibre;zkey:DJPFJNCJ;zkey_file:G75TNJPJ	
9163	zcollection:Calibre;zkey:DJPFJNCJ;zkey_file:LFJAZ6XK	
9164	zcollection:Calibre;zkey:DJPFJNCJ;zkey_file:WLBPVYMC	
9165	zcollection:Calibre;zkey:DJPFJNCJ;zkey_file:ZKMTAIEZ	
9166	zcollection:Calibre;zkey:DJPFJNCJ;zkey_file:ZJUTFJMP	
9167	zcollection:Calibre;zkey:DJPFJNCJ;zkey_file:W66URLU5	
9168	zcollection:Calibre;zkey:DJPFJNCJ;zkey_file:4ZKB62M6	
9169	zcollection:Calibre;zkey:DJPFJNCJ;zkey_file:22UDW77S	
9170	zcollection:Calibre;zkey:DJPFJNCJ;zkey_file:YKISP4TL	
9171	zcollection:Calibre;zkey:DJPFJNCJ;zkey_file:89A7RAWD	
9172	zcollection:Calibre;zkey:DJPFJNCJ;zkey_file:QMZS4WGV	
9174	zcollection:Calibre;zkey:DJPFJNCJ;zkey_file:7TJYYSBM	
9175	zcollection:Calibre;zkey:DJPFJNCJ;zkey_file:XUJD46EJ	
9176	zcollection:Calibre;zkey:DJPFJNCJ;zkey_file:RDCC5PFF	
9180	zcollection:Calibre;zkey:DJPFJNCJ;zkey_file:WGV4AAKI	
9181	zcollection:Calibre;zkey:DJPFJNCJ;zkey_file:KU5WMSE5	
9182	zcollection:Calibre;zkey:DJPFJNCJ;zkey_file:TLITP9N4	
9183	zcollection:Calibre;zkey:DJPFJNCJ;zkey_file:JW7352UV	
9184	zcollection:Calibre;zkey:DJPFJNCJ;zkey_file:3XQ7M2U8	
9185	zcollection:Calibre;zkey:DJPFJNCJ;zkey_file:SFRJ44D8	
9186	zcollection:Calibre;zkey:DJPFJNCJ;zkey_file:3J85XCLX	
9187	zcollection:Calibre;zkey:DJPFJNCJ;zkey_file:DJW46X6D	
9188	zcollection:Calibre;zkey:DJPFJNCJ;zkey_file:ZA6IIF2G	
9189	zcollection:Calibre;zkey:DJPFJNCJ;zkey_file:6KZVPPYP	
9190	zcollection:Calibre;zkey:DJPFJNCJ;zkey_file:5RFVKRCY	
9191	zcollection:Calibre;zkey:DJPFJNCJ;zkey_file:3QX7EUJS	
9192	zcollection:Calibre;zkey:DJPFJNCJ;zkey_file:2JJI5RAL	
9193	zcollection:Calibre;zkey:DJPFJNCJ;zkey_file:38HQMPUP	
9194	zcollection:Calibre;zkey:DJPFJNCJ;zkey_file:BJV69B4J	
9195	zcollection:Calibre;zkey:DJPFJNCJ;zkey_file:FC7UE452	
9196	zcollection:Calibre;zkey:DJPFJNCJ;zkey_file:C6TSNWH2	
9197	zcollection:Calibre;zkey:DJPFJNCJ;zkey_file:BWWH8D2P	
9198	zcollection:Calibre;zkey:DJPFJNCJ;zkey_file:R6RPJDFD	
9199	zcollection:Calibre;zkey:DJPFJNCJ;zkey_file:EKM36V77	
92	zcollection:Calibre;zkey:DJPFJNCJ;zkey_file:YZ64FLZD	
9200	zcollection:Calibre;zkey:DJPFJNCJ;zkey_file:PVGDJYBW	
9201	zcollection:Calibre;zkey:DJPFJNCJ;zkey_file:22K7CMEH	
9202	zcollection:Calibre;zkey:DJPFJNCJ;zkey_file:M95ABHTB	
9203	zcollection:Calibre;zkey:DJPFJNCJ;zkey_file:V5363NVN	
9204	zcollection:Calibre;zkey:DJPFJNCJ;zkey_file:48QT2Y5Y	
9205	zcollection:Calibre;zkey:DJPFJNCJ;zkey_file:IBFJAALV	
9206	zcollection:Calibre;zkey:DJPFJNCJ;zkey_file:3N4S2X5F	
9207	zcollection:Calibre;zkey:DJPFJNCJ;zkey_file:U575MN8H	
9208	zcollection:Calibre;zkey:DJPFJNCJ;zkey_file:NLYH7XX9	
9209	zcollection:Calibre;zkey:DJPFJNCJ;zkey_file:7QNJRZJL	
921	zcollection:Calibre;zkey:DJPFJNCJ;zkey_file:J749PK3P	
9210	zcollection:Calibre;zkey:DJPFJNCJ;zkey_file:CHJ8SHKL	
9211	zcollection:Calibre;zkey:DJPFJNCJ;zkey_file:CJJUKEBY	
9212	zcollection:Calibre;zkey:DJPFJNCJ;zkey_file:AAGWD95Q	
9213	zcollection:Calibre;zkey:DJPFJNCJ;zkey_file:467R9Y3H	
9214	zcollection:Calibre;zkey:DJPFJNCJ;zkey_file:3WHEY92G	
9215	zcollection:Calibre;zkey:DJPFJNCJ;zkey_file:ZD3KWERM	
9216	zcollection:Calibre;zkey:DJPFJNCJ;zkey_file:YUUSJB6M	
9217	zcollection:Calibre;zkey:DJPFJNCJ;zkey_file:6WTCQS4Z	
9218	zcollection:Calibre;zkey:DJPFJNCJ;zkey_file:ITZPSQJ7	
9219	zcollection:Calibre;zkey:DJPFJNCJ;zkey_file:DAQNP2ZZ	
9220	zcollection:Calibre;zkey:DJPFJNCJ;zkey_file:S8FPUSDV	
9221	zcollection:Calibre;zkey:DJPFJNCJ;zkey_file:W43765ME	
9222	zcollection:Calibre;zkey:DJPFJNCJ;zkey_file:Y4BFIJKS	
9223	zcollection:Calibre;zkey:DJPFJNCJ;zkey_file:X5JB5HFW	
9224	zcollection:Calibre;zkey:DJPFJNCJ;zkey_file:GVGK5A6G	
9225	zcollection:Calibre;zkey:DJPFJNCJ;zkey_file:KEQCT3YL	
9226	zcollection:Calibre;zkey:DJPFJNCJ;zkey_file:HKHDA6QV	
9227	zcollection:Calibre;zkey:DJPFJNCJ;zkey_file:MXRYV3B8	
9228	zcollection:Calibre;zkey:DJPFJNCJ;zkey_file:FM77JBZS	
923	isbn:8420614440;zcollection:Calibre;zkey:DJPFJNCJ;zkey_file:SW3K6VA2	isbn:8420614440
9235	zcollection:Calibre;zkey:DJPFJNCJ;zkey_file:LPESLZ9W	
9236	zcollection:Calibre;zkey:DJPFJNCJ;zkey_file:4IWDJRXU	
9237	zcollection:Calibre;zkey:DJPFJNCJ;zkey_file:YE9QT5YH	
9238	zcollection:Calibre;zkey:DJPFJNCJ;zkey_file:EDM9GIBX	
9246	zcollection:Calibre;zkey:DJPFJNCJ;zkey_file:WWUF73W3	
9247	zcollection:Calibre;zkey:DJPFJNCJ;zkey_file:SRKICYW7	
9248	zcollection:Calibre;zkey:DJPFJNCJ;zkey_file:H8PQSGBY	
9251	zcollection:Calibre;zkey:DJPFJNCJ;zkey_file:3AM49AQK	
9252	zcollection:Calibre;zkey:DJPFJNCJ;zkey_file:65M8H6ZH	
9253	zcollection:Calibre;zkey:DJPFJNCJ;zkey_file:Z7IJRV7J	
9254	zcollection:Calibre;zkey:DJPFJNCJ;zkey_file:FGHLJ77M	
9255	zcollection:Calibre;zkey:DJPFJNCJ;zkey_file:4DUSQ5K4	
9256	zcollection:Calibre;zkey:DJPFJNCJ;zkey_file:YAZL5DFN	
9258	zcollection:Calibre;zkey:DJPFJNCJ;zkey_file:9PHM5L9S	
926	zcollection:Calibre;zkey:DJPFJNCJ;zkey_file:MUYZXPL7	
9260	zcollection:Calibre;zkey:DJPFJNCJ;zkey_file:YRRCLKGA	
9262	zcollection:Calibre;zkey:DJPFJNCJ;zkey_file:7A9FBKWL	
9265	zcollection:Calibre;zkey:DJPFJNCJ;zkey_file:EWANDS99	
9267	zcollection:Calibre;zkey:DJPFJNCJ;zkey_file:Z7ALKTGD	
9269	zcollection:Calibre;zkey:DJPFJNCJ;zkey_file:BF3Q3ZIC	
927	zcollection:Calibre;zkey:DJPFJNCJ;zkey_file:CIGUGKZU	
9270	zcollection:Calibre;zkey:DJPFJNCJ;zkey_file:JSB3NKBU	
9271	zcollection:Calibre;zkey:DJPFJNCJ;zkey_file:5Q2RC8PL	
9272	zcollection:Calibre;zkey:DJPFJNCJ;zkey_file:I52T8HRS	
9274	zcollection:Calibre;zkey:DJPFJNCJ;zkey_file:J6IBIKL5	
9276	zcollection:Calibre;zkey:DJPFJNCJ;zkey_file:NDRFPAAS	
9277	zcollection:Calibre;zkey:DJPFJNCJ;zkey_file:P4I3GY4V	
9278	zcollection:Calibre;zkey:DJPFJNCJ;zkey_file:5G8YJ6SC	
9279	zcollection:Calibre;zkey:DJPFJNCJ;zkey_file:EC8XWE2X	
928	zcollection:Calibre;zkey:DJPFJNCJ;zkey_file:TLDR6YNR	
9280	zcollection:Calibre;zkey:DJPFJNCJ;zkey_file:MIHC7XAB	
9281	zcollection:Calibre;zkey:DJPFJNCJ;zkey_file:6B4828QH	
9282	zcollection:Calibre;zkey:DJPFJNCJ;zkey_file:KEAIYIXJ	
9283	zcollection:Calibre;zkey:DJPFJNCJ;zkey_file:ZPVCYKPY	
9284	zcollection:Calibre;zkey:DJPFJNCJ;zkey_file:RWMXFLQC	
929	zcollection:Calibre;zkey:DJPFJNCJ;zkey_file:M5V4V2CJ	
9309	zcollection:Calibre;zkey:DJPFJNCJ;zkey_file:WJAP2Y47	
932	zcollection:Calibre;zkey:DJPFJNCJ;zkey_file:MY2DG94X	
9333	zcollection:Calibre;zkey:DJPFJNCJ;zkey_file:W3JDM5ZF	
9334	zcollection:Calibre;zkey:DJPFJNCJ;zkey_file:KIC8XZIT	
938	zcollection:Calibre;zkey:DJPFJNCJ;zkey_file:FB7YGBCA	
94	zcollection:Calibre;zkey:DJPFJNCJ;zkey_file:2NJN5ZY2	
943	zcollection:Calibre;zkey:DJPFJNCJ;zkey_file:RL2ECMHN	
95	zcollection:Calibre;zkey:DJPFJNCJ;zkey_file:729LUKUV	
955	zcollection:Calibre;zkey:DJPFJNCJ;zkey_file:VPY8N2CL	
956	zcollection:Calibre;zkey:DJPFJNCJ;zkey_file:PK2E9X77	
957	zcollection:Calibre;zkey:DJPFJNCJ;zkey_file:K8BTBTZ8	
9576	zcollection:Calibre;zkey:DJPFJNCJ;zkey_file:7KIB3USV	
9577	zcollection:Calibre;zkey:DJPFJNCJ;zkey_file:YPWI682X	
9578	zcollection:Calibre;zkey:DJPFJNCJ;zkey_file:NX8EYFQW	
9579	zcollection:Calibre;zkey:DJPFJNCJ;zkey_file:8PK2S8VQ	
9580	zcollection:Calibre;zkey:DJPFJNCJ;zkey_file:HVVQNMNN	
9581	zcollection:Calibre;zkey:DJPFJNCJ;zkey_file:6VEHZ2I2	
9582	zcollection:Calibre;zkey:DJPFJNCJ;zkey_file:BBNX54GD	
9583	zcollection:Calibre;zkey:DJPFJNCJ;zkey_file:BZL22ZYH	
9584	zcollection:Calibre;zkey:DJPFJNCJ;zkey_file:HBDU3Z7Q	
9585	zcollection:Calibre;zkey:DJPFJNCJ;zkey_file:YN3IGX4B	
9586	zcollection:Calibre;zkey:DJPFJNCJ;zkey_file:E8FJILAB	
9587	zcollection:Calibre;zkey:DJPFJNCJ;zkey_file:E555CZDR	
9589	zcollection:Calibre;zkey:DJPFJNCJ;zkey_file:ZMPX7L49	
9590	zcollection:Calibre;zkey:DJPFJNCJ;zkey_file:ZWQVILX9	
9591	zcollection:Calibre;zkey:DJPFJNCJ;zkey_file:75P3ZVC8	
9592	zcollection:Calibre;zkey:DJPFJNCJ;zkey_file:BBY2KSVF	
9593	zcollection:Calibre;zkey:DJPFJNCJ;zkey_file:3LCQNGYW	
9594	zcollection:Calibre;zkey:DJPFJNCJ;zkey_file:4A69MSEZ	
9595	zcollection:Calibre;zkey:DJPFJNCJ;zkey_file:GYDRPWYZ	
9596	zcollection:Calibre;zkey:DJPFJNCJ;zkey_file:Q2KBU33W	
9597	zcollection:Calibre;zkey:DJPFJNCJ;zkey_file:NN2MFT9P	
9599	zcollection:Calibre;zkey:DJPFJNCJ;zkey_file:QEZHMSF8	
96	zcollection:Calibre;zkey:DJPFJNCJ;zkey_file:79TKRZ7E	
960	isbn:1604880236;zcollection:Calibre;zkey:DJPFJNCJ;zkey_file:LY57JWXE	isbn:1604880236
9600	zcollection:Calibre;zkey:DJPFJNCJ;zkey_file:JFVH7NVX	
9601	zcollection:Calibre;zkey:DJPFJNCJ;zkey_file:HRVNFCUT	
9602	zcollection:Calibre;zkey:DJPFJNCJ;zkey_file:WJM74JMD	
9603	zcollection:Calibre;zkey:DJPFJNCJ;zkey_file:6UX8WNW9	
9604	zcollection:Calibre;zkey:DJPFJNCJ;zkey_file:7VCWWBTA	
9605	zcollection:Calibre;zkey:DJPFJNCJ;zkey_file:TACTTXQT	
9606	zcollection:Calibre;zkey:DJPFJNCJ;zkey_file:XI94DAI6	
9607	zcollection:Calibre;zkey:DJPFJNCJ;zkey_file:GPE9KV2T	
9608	zcollection:Calibre;zkey:DJPFJNCJ;zkey_file:DTD3AELU	
9609	zcollection:Calibre;zkey:DJPFJNCJ;zkey_file:LPH8RYRM	
9610	zcollection:Calibre;zkey:DJPFJNCJ;zkey_file:3RI6WXN5	
9611	zcollection:Calibre;zkey:DJPFJNCJ;zkey_file:BFSEYEQB	
9612	zcollection:Calibre;zkey:DJPFJNCJ;zkey_file:TLFV9DGL	
9613	zcollection:Calibre;zkey:DJPFJNCJ;zkey_file:SYJKCBAF	
9614	zcollection:Calibre;zkey:DJPFJNCJ;zkey_file:F3H28MCS	
9615	zcollection:Calibre;zkey:DJPFJNCJ;zkey_file:KDMMDQK4	
9616	zcollection:Calibre;zkey:DJPFJNCJ;zkey_file:52UZWBKS	
9617	zcollection:Calibre;zkey:DJPFJNCJ;zkey_file:HIWJA8S4	
9618	zcollection:Calibre;zkey:DJPFJNCJ;zkey_file:KA3EBS5M	
9619	zcollection:Calibre;zkey:DJPFJNCJ;zkey_file:TTDAYFF8	
963	zcollection:Calibre;zkey:DJPFJNCJ;zkey_file:RW932IBD	
964	zcollection:Calibre;zkey:DJPFJNCJ;zkey_file:5IV7N8VB	
969	zcollection:Calibre;zkey:DJPFJNCJ;zkey_file:839FPYIJ	
97	zcollection:Calibre;zkey:DJPFJNCJ;zkey_file:DVJHD655	
971	isbn:8481647888;zcollection:Calibre;zkey:DJPFJNCJ;zkey_file:VX4XP9Q3	isbn:8481647888
972	zcollection:Calibre;zkey:DJPFJNCJ;zkey_file:ZHLU8D2I	
973	zcollection:Calibre;zkey:DJPFJNCJ;zkey_file:JA875383	
976	zcollection:Calibre;zkey:DJPFJNCJ;zkey_file:8NMLPZ2V	
978	zcollection:Calibre;zkey:DJPFJNCJ;zkey_file:WS3QNS8D	
979	zcollection:Calibre;zkey:DJPFJNCJ;zkey_file:UYAVKJ3I	
98	zcollection:Calibre;zkey:DJPFJNCJ;zkey_file:8LJMDD8T	
980	zcollection:Calibre;zkey:DJPFJNCJ;zkey_file:W6DF5S6U	
982	isbn:8425424356;zcollection:Calibre;zkey:DJPFJNCJ;zkey_file:B96M8UGA	isbn:8425424356
985	zcollection:Calibre;zkey:DJPFJNCJ;zkey_file:ZCV5EH8D	
99	zcollection:Calibre;zkey:DJPFJNCJ;zkey_file:6699P2Q5	
990	zcollection:Calibre;zkey:DJPFJNCJ;zkey_file:DGYXP5ET	
991	zcollection:Calibre;zkey:DJPFJNCJ;zkey_file:K5WRKVHF	
992	zcollection:Calibre;zkey:DJPFJNCJ;zkey_file:FCQMGW8X	
993	doi:10.18800/economia.199902.004;zcollection:Calibre;zkey:DJPFJNCJ;zkey_file:EK2ADKWN	doi:10.18800/economia.199902.004
994	zcollection:Calibre;zkey:DJPFJNCJ;zkey_file:WXT3VZMI	
995	doi:10.18800/9789972429798;zcollection:Calibre;zkey:DJPFJNCJ;zkey_file:YK5YJKWC	doi:10.18800/9789972429798
996	zcollection:Calibre;zkey:DJPFJNCJ;zkey_file:PEH85CXU	
997	zcollection:Calibre;zkey:DJPFJNCJ;zkey_file:NHZTYLWM	
998	zcollection:Calibre;zkey:DJPFJNCJ;zkey_file:TDB22JGN	
999	zcollection:Calibre;zkey:DJPFJNCJ;zkey_file:JDNV9TSQ	
9621	zcollection:Calibre;zkey:DJPFJNCJ;zkey_file:3W6HRMYC	
9622	zcollection:Calibre;zkey:DJPFJNCJ;zkey_file:5FEZ2BFT	
9623	zcollection:Calibre;zkey:DJPFJNCJ;zkey_file:ZSLKN9KE	
9663	zcollection:Calibre;zkey:DJPFJNCJ;zkey_file:8A8FKUCH	
9664	zcollection:Calibre;zkey:DJPFJNCJ;zkey_file:N8XHDVIX	
9665	zcollection:Calibre;zkey:DJPFJNCJ;zkey_file:6B5Q8DS6	
9666	zcollection:Calibre;zkey:DJPFJNCJ;zkey_file:993N8EWX	
9667	isbn:978-84-10282-57-5;zcollection:Calibre;zkey:DJPFJNCJ;zkey_file:UWGV4RBE	isbn:9788410282575
9668	zcollection:Calibre;zkey:DJPFJNCJ;zkey_file:QTMK2ENJ	
9669	isbn:978-84-19814-42-5;zcollection:Calibre;zkey:DJPFJNCJ;zkey_file:WPI57A49	isbn:9788419814425
9670	zcollection:Calibre;zkey:DJPFJNCJ;zkey_file:72DE4S2D	
9671	isbn:978-84-1361-202-7;zcollection:Calibre;zkey:DJPFJNCJ;zkey_file:5EY97KAX	isbn:9788413612027
9672	zcollection:Calibre;zkey:DJPFJNCJ;zkey_file:3N2GIJE6	
9673	zcollection:Calibre;zkey:DJPFJNCJ;zkey_file:YSSEVA4F	
9674	zcollection:Calibre;zkey:DJPFJNCJ;zkey_file:DWCM2CE4	
9675	zcollection:Calibre;zkey:DJPFJNCJ;zkey_file:C2SIZ97V	
9676	zcollection:Calibre;zkey:DJPFJNCJ;zkey_file:VE7BPTW4	
9677	zcollection:Calibre;zkey:DJPFJNCJ;zkey_file:A34HJQUW	
9678	zcollection:Calibre;zkey:DJPFJNCJ;zkey_file:IUSS5BJJ	
9679	zcollection:Calibre;zkey:DJPFJNCJ;zkey_file:C2KMHQJG	
9680	zcollection:Calibre;zkey:DJPFJNCJ;zkey_file:3TU6KNMW	
9681	zcollection:Calibre;zkey:DJPFJNCJ;zkey_file:NWLWBSK4	
9682	zcollection:Calibre;zkey:DJPFJNCJ;zkey_file:BQV86C5L	
9683	zcollection:Calibre;zkey:DJPFJNCJ;zkey_file:2H6YN6SI	
9685	zcollection:Calibre;zkey:DJPFJNCJ;zkey_file:I82LMWUC	
9686	zcollection:Calibre;zkey:DJPFJNCJ;zkey_file:RDEDJPRG	
9687	zcollection:Calibre;zkey:DJPFJNCJ;zkey_file:UIZYXGP3	
9688	zcollection:Calibre;zkey:DJPFJNCJ;zkey_file:CQXZCKV5	
9689	zcollection:Calibre;zkey:DJPFJNCJ;zkey_file:NU8ASD7P	
9690	zcollection:Calibre;zkey:DJPFJNCJ;zkey_file:FGW3PYZM	
9691	zcollection:Calibre;zkey:DJPFJNCJ;zkey_file:4P5NCQP8	
9692	isbn:978-84-472-2202-5;zcollection:Calibre;zkey:DJPFJNCJ;zkey_file:8REK6QK8	isbn:9788447222025
9693	zcollection:Calibre;zkey:DJPFJNCJ;zkey_file:JYXF9LHZ	
9694	zcollection:Calibre;zkey:DJPFJNCJ;zkey_file:M6VIHCY3	
9695	zcollection:Calibre;zkey:DJPFJNCJ;zkey_file:IUITJPTN	
9696	zcollection:Calibre;zkey:DJPFJNCJ;zkey_file:R89YTP36	
9697	zcollection:Calibre;zkey:DJPFJNCJ;zkey_file:PHXXTFKP	
9698	zcollection:Calibre;zkey:DJPFJNCJ;zkey_file:HRB9VWJI	
9699	zcollection:Calibre;zkey:DJPFJNCJ;zkey_file:MV8GIH82	
9700	zcollection:Calibre;zkey:DJPFJNCJ;zkey_file:QUJ6AJTA	
9701	isbn:978-84-1079-003-2;zcollection:Calibre;zkey:DJPFJNCJ;zkey_file:4KAT7UR3	isbn:9788410790032
9702	zcollection:Calibre;zkey:DJPFJNCJ;zkey_file:YRIUJ2MS	
9703	zcollection:Calibre;zkey:DJPFJNCJ;zkey_file:9MCYALET	
9704	zcollection:Calibre;zkey:DJPFJNCJ;zkey_file:Q8L9I63R	
9705	zcollection:Calibre;zkey:DJPFJNCJ;zkey_file:SHLC7IPH	
9706	zcollection:Calibre;zkey:DJPFJNCJ;zkey_file:HZWJT3IX	
9708	zcollection:Calibre;zkey:DJPFJNCJ;zkey_file:MISKCMA8	
9709	zcollection:Calibre;zkey:DJPFJNCJ;zkey_file:I7WCFUEH	
9707	zcollection:Calibre;zkey:DJPFJNCJ;zkey_file:9T7FS8SK	
9712	zcollection:Calibre;zkey:DJPFJNCJ;zkey_file:MSIRFAPL	
9713	zcollection:Calibre;zkey:DJPFJNCJ;zkey_file:JGTHRLNX	
9714	zcollection:Calibre;zkey:DJPFJNCJ;zkey_file:4Q4JGGVE	
9715	zcollection:Calibre;zkey:DJPFJNCJ;zkey_file:MBHAR3Y8	
9716	zcollection:Calibre;zkey:DJPFJNCJ;zkey_file:FBYNZHE3	
9717	zcollection:Calibre;zkey:DJPFJNCJ;zkey_file:EI6RFYJG	
9718	zcollection:Calibre;zkey:DJPFJNCJ;zkey_file:C9LCFQ59	
9719	zcollection:Calibre;zkey:DJPFJNCJ;zkey_file:FMP9ATLS	
9720	zcollection:Calibre;zkey:DJPFJNCJ;zkey_file:SM7UNN5I	
9721	zcollection:Calibre;zkey:DJPFJNCJ;zkey_file:JYSNX2ZY	
9722	zcollection:Calibre;zkey:DJPFJNCJ;zkey_file:3XR8QQKV	
9723	zcollection:Calibre;zkey:DJPFJNCJ;zkey_file:77H7LLYM	
9724	zcollection:Calibre;zkey:DJPFJNCJ;zkey_file:TYCFK783	
9725	zcollection:Calibre;zkey:DJPFJNCJ;zkey_file:7R6Z68P4	
9726	zcollection:Calibre;zkey:DJPFJNCJ;zkey_file:Q8ZE6E3I	
9727	zcollection:Calibre;zkey:DJPFJNCJ;zkey_file:557338XT	
9730	zcollection:Calibre;zkey:DJPFJNCJ;zkey_file:4APYLWAD	
9731	zcollection:Calibre;zkey:DJPFJNCJ;zkey_file:VX7NPJW5	
9732	zcollection:Calibre;zkey:DJPFJNCJ;zkey_file:UAAMTKMS	
9733	zcollection:Calibre;zkey:DJPFJNCJ;zkey_file:UZ6NHXDI	
9734	zcollection:Calibre;zkey:DJPFJNCJ;zkey_file:YL8DUBIP	
9735	zcollection:Calibre;zkey:DJPFJNCJ;zkey_file:3648HKM2	
9736	zcollection:Calibre;zkey:DJPFJNCJ;zkey_file:53WB63UB	
9740	zcollection:Calibre;zkey:DJPFJNCJ;zkey_file:ZGRL7PMJ	
9742	zcollection:Calibre;zkey:DJPFJNCJ;zkey_file:A4PQX6FL	
9748	zcollection:Calibre;zkey:DJPFJNCJ;zkey_file:RTND8UYJ	
9756	zcollection:Calibre;zkey:DJPFJNCJ;zkey_file:9LX7KC9T	
9764	zcollection:Calibre;zkey:DJPFJNCJ;zkey_file:KJXW8JRM	
9765	zcollection:Calibre;zkey:DJPFJNCJ;zkey_file:CH8D8YTQ	
9766	zcollection:Calibre;zkey:DJPFJNCJ;zkey_file:TKQB5GY3	
9774	zcollection:Calibre;zkey:DJPFJNCJ;zkey_file:Z459873P	
9776	zcollection:Calibre;zkey:DJPFJNCJ;zkey_file:SM7CKTV9	
9777	zcollection:Calibre;zkey:DJPFJNCJ;zkey_file:SBAVDWPB	
9778	zcollection:Calibre;zkey:DJPFJNCJ;zkey_file:LJ5X3Z39	
9779	zcollection:Calibre;zkey:DJPFJNCJ;zkey_file:YH2BFXDQ	
9780	zcollection:Calibre;zkey:DJPFJNCJ;zkey_file:UFYVL4ZS	
9781	zcollection:Calibre;zkey:DJPFJNCJ;zkey_file:CYZPGKF7	
9782	zcollection:Calibre;zkey:DJPFJNCJ;zkey_file:NX2IV8GH	
9783	zcollection:Calibre;zkey:DJPFJNCJ;zkey_file:N845G9FM	
9784	zcollection:Calibre;zkey:DJPFJNCJ;zkey_file:WUSEAUXH	
9785	zcollection:Calibre;zkey:DJPFJNCJ;zkey_file:CVVPAJQB	
9786	zcollection:Calibre;zkey:DJPFJNCJ;zkey_file:B3RWRYZY	
9787	zcollection:Calibre;zkey:DJPFJNCJ;zkey_file:DXKCABI2	
9788	zcollection:Calibre;zkey:DJPFJNCJ;zkey_file:S76G5VQE	
9789	zcollection:Calibre;zkey:DJPFJNCJ;zkey_file:7UQNE29E	
9790	zcollection:Calibre;zkey:DJPFJNCJ;zkey_file:LWH5C7CJ	
9791	zcollection:Calibre;zkey:DJPFJNCJ;zkey_file:U7LDU3VX	
9792	zcollection:Calibre;zkey:DJPFJNCJ;zkey_file:DB4259AW	
9793	zcollection:Calibre;zkey:DJPFJNCJ;zkey_file:ULR3C9XX	
9795	zcollection:Calibre;zkey:DJPFJNCJ;zkey_file:L9YCQ4C3	
9796	zcollection:Calibre;zkey:DJPFJNCJ;zkey_file:FENAMJ3B	
9798	zcollection:Calibre;zkey:DJPFJNCJ;zkey_file:QDW2MYGU	
9801	zcollection:Calibre;zkey:DJPFJNCJ;zkey_file:GKQY4ZEH	
9805	zcollection:Calibre;zkey:DJPFJNCJ;zkey_file:6JUREUP8	
9809	zcollection:Calibre;zkey:DJPFJNCJ;zkey_file:ADTMG7D6	
9810	zcollection:Calibre;zkey:DJPFJNCJ;zkey_file:AFZ8372P	
9818	zcollection:Calibre;zkey:DJPFJNCJ;zkey_file:674WMLZ8	
9819	zcollection:Calibre;zkey:DJPFJNCJ;zkey_file:VB5XY63D	
9820	zcollection:Calibre;zkey:DJPFJNCJ;zkey_file:77FE82X5	
9823	zcollection:Calibre;zkey:DJPFJNCJ;zkey_file:5Y8RHEIR	
9825	zcollection:Calibre;zkey:DJPFJNCJ;zkey_file:UZ8EM27H	
9826	zcollection:Calibre;zkey:DJPFJNCJ;zkey_file:D6HW9LUQ	
9827	zcollection:Calibre;zkey:DJPFJNCJ;zkey_file:R7A4YJIA	
9828	zcollection:Calibre;zkey:DJPFJNCJ;zkey_file:CLLUYV96	
9829	zcollection:Calibre;zkey:DJPFJNCJ;zkey_file:48XVV8GX	
9830	zcollection:Calibre;zkey:DJPFJNCJ;zkey_file:7NUYVTL9	
9831	zcollection:Calibre;zkey:DJPFJNCJ;zkey_file:U7H9GXZ9	
9832	zcollection:Calibre;zkey:DJPFJNCJ;zkey_file:CZWZW23H	
9833	zcollection:Calibre;zkey:DJPFJNCJ;zkey_file:R2MRW2MJ	
9834	zcollection:Calibre;zkey:DJPFJNCJ;zkey_file:SIC6ZJ9W	
9835	zcollection:Calibre;zkey:DJPFJNCJ;zkey_file:U6EFP6SI	
9837	zcollection:Calibre;zkey:DJPFJNCJ;zkey_file:7XD4BGNW	
9839	zcollection:Calibre;zkey:DJPFJNCJ;zkey_file:IFEC2NIP	
9840	zcollection:Calibre;zkey:DJPFJNCJ;zkey_file:KJGD62FA	
9842	zcollection:Calibre;zkey:DJPFJNCJ;zkey_file:ZJLCI9PF	
9843	zcollection:Calibre;zkey:DJPFJNCJ;zkey_file:EP6FLVC7	
9844	zcollection:Calibre;zkey:DJPFJNCJ;zkey_file:ER7VMI4Y	
9846	zcollection:Calibre;zkey:DJPFJNCJ;zkey_file:375ZX7AU	
9847	zcollection:Calibre;zkey:DJPFJNCJ;zkey_file:NSZPNEYG	
9848	zcollection:Calibre;zkey:DJPFJNCJ;zkey_file:P6BZ9L6Y	
9849	zcollection:Calibre;zkey:DJPFJNCJ;zkey_file:S3NVHWKL	
9850	zcollection:Calibre;zkey:DJPFJNCJ;zkey_file:FCCFEU3S	
9852	zcollection:Calibre;zkey:DJPFJNCJ;zkey_file:QZJKXH2Z	
9854	zcollection:Calibre;zkey:DJPFJNCJ;zkey_file:QBL4EZXU	
9855	zcollection:Calibre;zkey:DJPFJNCJ;zkey_file:HMGXAEAN	
9856	zcollection:Calibre;zkey:DJPFJNCJ;zkey_file:E4D2VSJ8	
9857	zcollection:Calibre;zkey:DJPFJNCJ;zkey_file:Q8ATVV63	
9858	zcollection:Calibre;zkey:DJPFJNCJ;zkey_file:6KDZZFXU	
9860	zcollection:Calibre;zkey:DJPFJNCJ;zkey_file:X2M6SCEN	
9861	zcollection:Calibre;zkey:DJPFJNCJ;zkey_file:KBGFMQAL	
9862	zcollection:Calibre;zkey:DJPFJNCJ;zkey_file:XSKAYN96	
9864	zcollection:Calibre;zkey:DJPFJNCJ;zkey_file:LRMNVWD8	
9865	zcollection:Calibre;zkey:DJPFJNCJ;zkey_file:WBI68EN9	
9868	zcollection:Calibre;zkey:DJPFJNCJ;zkey_file:ZQIXJQZ5	
9869	zcollection:Calibre;zkey:DJPFJNCJ;zkey_file:EJMKA5EZ	
9870	zcollection:Calibre;zkey:DJPFJNCJ;zkey_file:2U3SWTG2	
9871	zcollection:Calibre;zkey:DJPFJNCJ;zkey_file:SGCVEJSW	
460	isbn:0124766525;zcollection:Calibre	isbn:0124766525
48	url:https://www.revistasice.com/index.php/BICE/article/view/3603;zcollection:ICE - Informacion Comercial Espanola	url:https://www.revistasice.com/index.php/BICE/article/view/3603
444	url:https://users.ox.ac.uk/~exet2581/msc/ec924cia.pdf;zcollection:Calibre	url:https://users.ox.ac.uk/~exet2581/msc/ec924cia.pdf
449	url:https://peoi.org/Courses/Coursessp/mac/mac7.html;zcollection:Calibre	url:https://peoi.org/Courses/Coursessp/mac/mac7.html
1773	url:https://catarina.udlap.mx/u_dl_a/tales/documentos/lcp/baqueiro_l_cr/capitulo2.pdf;zcollection:Calibre	url:https://catarina.udlap.mx/u_dl_a/tales/documentos/lcp/baqueiro_l_cr/capitulo2.pdf
1717	url:https://economia.uniandes.edu.co/sites/default/files/pregrado/pracademicos/200720/Microeconomia2-JuanCarlosMendieta-200720.pdf;zcollection:Calibre	url:https://economia.uniandes.edu.co/sites/default/files/pregrado/pracademicos/200720/Microeconomia2-JuanCarlosMendieta-200720.pdf
3908	url:https://www.sbs.gob.pe/app/stats/Glosarios/Glosario_Banca_(Mayo2010).doc;zcollection:Calibre	url:https://www.sbs.gob.pe/app/stats/Glosarios/Glosario_Banca_(Mayo2010).doc
1659	url:https://eva.interior.udelar.edu.uy/pluginfile.php/21186/mod_resource/content/1/IO%20Teorico.pdf;zcollection:Calibre	url:https://eva.interior.udelar.edu.uy/pluginfile.php/21186/mod_resource/content/1/IO%20Teorico.pdf
1615	url:https://www.maxwell.vrac.puc-rio.br/5407/5407_4.PDF;zcollection:Calibre	url:https://www.maxwell.vrac.puc-rio.br/5407/5407_4.PDF
242	url:https://repositorio.uam.es/server/api/core/bitstreams/fb7792f7-1957-40cf-8938-a448cc734099/content;zcollection:Calibre	url:https://repositorio.uam.es/server/api/core/bitstreams/fb7792f7-1957-40cf-8938-a448cc734099/content
478	url:http://www.ugr.es/~deromero/resumen3.pdf;zcollection:Calibre	url:http://www.ugr.es/~deromero/resumen3.pdf
1933	url:https://efxto.com/diccionario/fed-sistema-de-reserva-federal;zcollection:Calibre	url:https://efxto.com/diccionario/fed-sistema-de-reserva-federal
9620	url:https://personales.upv.es/jbenitez/cajon_sastre/val_prop.pdf;zcollection:Calibre	url:https://personales.upv.es/jbenitez/cajon_sastre/val_prop.pdf
1430	url:https://archive.org/details/economicsofregul0000visc_p1o1;zcollection:Calibre	url:https://archive.org/details/economicsofregul0000visc_p1o1
9932	isbn:9972-51-050-6	isbn:9972510506
9933	isbn:9972-9742-7-8	isbn:9972974278
10421	isbn:978-0-8213-7613-3	isbn:9780821376133
619	zcollection:Calibre;zkey:DJPFJNCJ;zkey_file:QGGR7F9P	
