# libro	título	título propuesto (solo T)	señales (T tilde única · T? varias · E posible errata)
16	Hegel y el idealismo	Hegel y el idealismo	E:Hegel→he gel/he-gel/hegeliano
21	Kant y el problema de la metafísica	Kant y el problema de la metafísica	E:Kant→kan
29	Keynes vs hayek: el choque que definió la economía moderna	Keynes vs hayek: el choque que definió la economía moderna	E:Keynes→kermes E:hayek→hayedo
48	60 años después de Bretton Woods	60 años después de Bretton Woods	E:Bretton→bretoniano E:Woods→
57	El modelo de cagan-sargent-wallace de la dinámica de inflación	El modelo de cagan-sargent-wallace de la dinámica de inflación	E:sargent→sargenta/sargente/sargento E:wallace→acallare
61	Las instituciones de bretton woods: 60 años de cambio	Las instituciones de bretton woods: 60 años de cambio	E:bretton→bretoniano E:woods→
66	Las áreas monetarias óptimas y el experimento latinoamericano: el caso de la dolarización	Las áreas monetarias óptimas y el experimento latinoamericano: el caso de la dolarización	E:dolarización→polarización/escolarización
67	Notas de macoeconomía avanzada ii	Notas de macoeconomía avanzada ii	E:macoeconomía→maco economía/maco-economía/economía
68	Contraste empírico del modelo monetario de tipos de cambio: cointegración y ajuste no lineal	Contraste empírico del modelo monetario de tipos de cambio: cointegración y ajuste no lineal	E:cointegración→integración/interrogación/congregación
75	Macroeconomía intermedia para América latina	Macroeconomía intermedia para América latina	E:Macroeconomía→macro economía/macro-economía/economizaría
76	Nueva síntesis keynesiana	Nueva síntesis keynesiana	E:keynesiana→magnesiana
77	Regímenes cambiarios y bienestar	Regímenes cambiarios y bienestar	E:cambiarios→cambiaros/cambiarnos/cambiarlos
79	El modelo de Krugman de los ataques especulativos	El modelo de Krugman de los ataques especulativos	E:Krugman→madrugan
88	El management en la empresa	El management en la empresa	E:management→alemanamente/magenta
92	General competitive analysis	General competitive analysis	E:competitive→competitiva/competitivo/competitividad E:analysis→analista
96	Modelos de equilibrio general dinámico y estocástico egde una introducción no 2010 47 working paper	Modelos de equilibrio general dinámico y estocástico egde una introducción no 2010 47 working paper	E:egde→ende/fedega E:working→vikingo E:paper→papee/pape/papera
101	Macroeconomía. con aplicaciones a latinoamérica	Macroeconomía. con aplicaciones a latinoamérica	E:Macroeconomía→macro economía/macro-economía/economizaría
109	Hacia la regla de oro en el modelo de ramsey	Hacia la regla de oro en el modelo de ramsey	E:ramsey→ramera
111	Regímenes cambiarios de facto y de iure	Regímenes cambiarios de facto y de iure	E:cambiarios→cambiaros/cambiarnos/cambiarlos E:iure→cure/dure/mure
112	Modelos de elección intertemporal	Modelos de elección intertemporal	E:intertemporal→intemporalidad/temporalmente/temporalizar
118	Venezuela presión cambiaria	Venezuela presión cambiaría	T:cambiaria→cambiaría
123	El modelo de información imperfecta de Lucas	El modelo de información imperfecta de Lucas	E:Lucas→luxas/lucras/lucias
128	La deuda externa como obstáculo para el desarrollo: evaluación del nuevo debate sobre la sustentabilidad de la deuda	La deuda externa como obstáculo para el desarrollo: evaluación del nuevo debate sobre la sustentabilidad de la deuda	E:sustentabilidad→incontestabilidad/sostenibilidad/rentabilidad
130	La sustentabilidad de la política fiscal bajo incertidumbre	La sustentabilidad de la política fiscal bajo incertidumbre	E:sustentabilidad→incontestabilidad/sostenibilidad/rentabilidad
134	Determinación equilibrio general modelo bienes no transables	Determinación equilibrio general modelo bienes no transables	E:transables→transitables/transmutables/transitable
140	Política cambiaria ajuste ordenado	Política cambiaría ajuste ordenado	T:cambiaria→cambiaría
144	La demanda de dinero por motivo transacción en chile	La demanda de dinero por motivo transacción en chile	E:chile→Chile/hile/chirle
147	Guía de ejercicios macroeconomía i	Guía de ejercicios macroeconomía i	E:macroeconomía→macro economía/macro-economía/economizaría
150	Economic growth	Economic growth	E:Economic→economice/economicé/economiza E:growth→grosor
154	Notas de macroeconomía avanzada	Notas de macroeconomía avanzada	E:macroeconomía→macro economía/macro-economía/economizaría
159	Transmisión de shocks y política monetaria en la u.e.m. un ejercicio con nigem	Transmisión de shocks y política monetaria en la u.e.m. un ejercicio con nigem	E:shocks→hockeys E:nigem→nigerino
165	El proceso de globalización y la naturaleza cambiante de las crisis cambiarias y financieras: antiguas y nuevas interpretaciones	El proceso de globalización y la naturaleza cambiante de las crisis cambiarías y financieras: antiguas y nuevas interpretaciones	T:cambiarias→cambiarías
167	Crítica de las teorías monetarista y keynesiana	Crítica de las teorías monetarista y keynesiana	E:monetarista→monetaria/monetario/monometalista E:keynesiana→magnesiana
182	Macroeconomía teoría y política	Macroeconomía teoría y política	E:Macroeconomía→macro economía/macro-economía/economizaría
187	Riesgos oportunidades dolarizar economía peruana	Riesgos oportunidades dolarizar economía peruana	E:dolarizar→polarizar/despolariza/polariza
193	Estado macroeconomía y cuestiones básicas	Estado macroeconomía y cuestiones básicas	E:macroeconomía→macro economía/macro-economía/economizaría
204	Macroeconomía avanzada i	Macroeconomía avanzada i	E:Macroeconomía→macro economía/macro-economía/economizaría
205	Crisis cambiarias evidencia	Crisis cambiarías evidencia	T:cambiarias→cambiarías
214	Shocks cambiarios	Shocks cambiarios	E:Shocks→hockeys E:cambiarios→cambiaros/cambiarnos/cambiarlos
215	Teorías monetarias postkeynesianas	Teorías monetarias postkeynesianas	E:postkeynesianas→postmeridianas
224	Keynesian macroeconomics without the lm curve	Keynesian macroeconomics without the lm curve	E:Keynesian→anestesian E:macroeconomics→macroscópicos E:without→ E:the→te/he/toe
230	La endogeneidad de la oferta monetaria: teoría y evidencia empírica para la economía española	La endogeneidad de la oferta monetaria: teoría y evidencia empírica para la economía española	E:endogeneidad→homogeneidad/heterogeneidad/generosidad
234	Sistemas de bandas cambiarias	Sistemas de bandas cambiarías	T:cambiarias→cambiarías
235	Un análisis del comportamiento del tipo de cambio real en chile	Un análisis del comportamiento del tipo de cambio real en chile	E:chile→Chile/hile/chirle
237	Pensador de referencia para el siglo xxi	Pensador de referencia para el siglo xxi	E:xxi→xi
240	Poder de voto en las instituciones de bretton woods	Poder de voto en las instituciones de bretton woods	E:bretton→bretoniano E:woods→
241	Propuesta de indicadores macroeconómicos y financieros de alerta temprana para la detección de crisis bancarias	Propuesta de indicadores macroeconómicos y financieros de alerta temprana para la detección de crisis bancarias	E:macroeconómicos→macro económicos/macro-económicos/socioeconómicos
242	Modelos cambiarios	Modelos cambiarios	E:cambiarios→cambiaros/cambiarnos/cambiarlos
245	Tractatus lógico philosophicus	Tractatus lógico philosophicus	E:Tractatus→tractar E:philosophicus→
248	Hegel y el estado	Hegel y el estado	E:Hegel→he gel/he-gel/hegeliano
249	Webb r distribución del ingreso en el Perú	Webb r distribución del ingreso en el Perú	E:Webb→web/webs
258	La pobreza en el Perú pucp	La pobreza en el Perú pucp	E:pucp→pucia
262	Manual microeconomía intermedia	Manual microeconomía intermedia	E:microeconomía→micro economía/micro-economía/economizaría
263	Microeconomí­a intermedia: un enfoque actual	Microeconomí­a intermedia: un enfoque actual	E:Microeconomí→micronesio
273	Ejercicios de macroeconomía	Ejercicios de macroeconomía	E:macroeconomía→macro economía/macro-economía/economizaría
283	Notas técnicas de microeconomía	Notas técnicas de microeconomía	E:microeconomía→micro economía/micro-economía/economizaría
285	El último oficio de nietzsche y la polémica sobre "el nacimiento de la tragedia"	El último oficio de nietzsche y la polémica sobre "el nacimiento de la tragedia"	E:nietzsche→Nietzsche/nietastro
299	La reingeniería la ventaja competitiva de las naciones y la planificación estratégica en el cuadro de la revolución científica y tecnológica	La reingeniería la ventaja competitiva de las naciones y la planificación estratégica en el cuadro de la revolución científica y tecnológica	E:reingeniería→re ingeniería/re-ingeniería/ingeniería
304	La teoría dual del consumidor microeconomía superior i	La teoría dual del consumidor microeconomía superior i	E:microeconomía→micro economía/micro-economía/economizaría
310	Tablas en latex	Tablas en látex	T:latex→látex
317	El efecto del suavizamiento de la tasa de interés en una regla de política monetaria bajo un régimen de “inflation targeting”: el caso peruano	El efecto del suavizamiento de la tasa de interés en una regla de política monetaria bajo un régimen de “inflation targeting”: el caso peruano	E:suavizamiento→suaviza miento/suaviza-miento/autorizamiento E:inflation→inflamatorio E:targeting→retinglar/argentar
319	Introducción a la econometría	Introducción a la econometría	E:econometría→cronometraría/trigonometría/economizaría
324	Obras completas tomo iii	Obras completas tomo iii	E:iii→inri
339	Shocks cambiarios asimétricos	Shocks cambiarios asimétricos	E:Shocks→hockeys E:cambiarios→cambiaros/cambiarnos/cambiarlos
357	Introducción a la econometría	Introducción a la econometría	E:econometría→cronometraría/trigonometría/economizaría
358	Microeconomía comportamiento instituciones y evolución	Microeconomía comportamiento instituciones y evolución	E:Microeconomía→micro economía/micro-economía/economizaría
366	Ejercicios de microeconomía intermedia	Ejercicios de microeconomía intermedia	E:microeconomía→micro economía/micro-economía/economizaría
367	Ejercicios de microeconomía financiera	Ejercicios de microeconomía financiera	E:microeconomía→micro economía/micro-economía/economizaría
373	Política cambiaria estabilidad económico	Política cambiaría estabilidad económico	T:cambiaria→cambiaría
377	Macroeconomía avanzada	Macroeconomía avanzada	E:Macroeconomía→macro economía/macro-economía/economizaría
382	Visual basic para excel: guía de referencia	Visual basic para excel: guía de referencia	E:basic→basilical E:excel→excelso
388	Narratividad fenomenología y hermenéutica	Narratividad fenomenología y hermenéutica	E:Narratividad→natividad/narrativa/radiactividad
391	Resumen circunstanciado de lo actuado por la Junta Monetaria con motivo de la emisión de la resolución JM-303-2002, por la que determinó la política monetaria, cambiaria y crediticia para 2003	Resumen circunstanciado de lo actuado por la Junta Monetaria con motivo de la emisión de la resolución JM-303-2002, por la que determinó la política monetaria, cambiaría y crediticia para 2003	T:cambiaria→cambiaría
393	Las reglas monetarias y su falsa simplicidad. una aproximación a la regla de taylor	Las reglas monetarias y su falsa simplicidad. una aproximación a la regla de taylor	E:taylor→talador
395	Reformas a bretton woods	Reformas a bretton woods	E:bretton→bretoniano E:woods→
400	Evaluación ex ante del programa operativo feder de Galicia 2014-2020	Evaluación ex ante del programa operativo feder de Galicia 2014-2020	E:feder→federa/federe/federo
401	Análisis posmarxista del estado latinoamericano	Análisis posmarxista del estado latinoamericano	E:posmarxista→pos marxista/pos-marxista/marxista
405	Avances de la política sectorial en el marco de la política general de gobierno, ocde y la agenda 2030 a noviembre de 2016	Avances de la política sectorial en el marco de la política general de gobierno, ocde y la agenda 2030 a noviembre de 2016	E:ocde→doce/ocre/ocie
407	Apuntes de macroeconomía i tema 01	Apuntes de macroeconomía i tema 01	E:macroeconomía→macro economía/macro-economía/economizaría
408	Apuntes de macroeconomía i tema 04 05	Apuntes de macroeconomía i tema 04 05	E:macroeconomía→macro economía/macro-economía/economizaría
409	Apuntes sobre el trabajo asalariado en marx	Apuntes sobre el trabajo asalariado en marx	E:marx→mar/maro
411	Álgebra lineal con aplicaciones y python	Álgebra lineal con aplicaciones y python	E:python→pichona
416	Microeconomía practica	Microeconomía practica	E:Microeconomía→micro economía/micro-economía/economizaría
419	Econometría aplicada utilizando r	Econometría aplicada utilizando r	E:Econometría→cronometraría/trigonometría/economizaría
420	Portfolio optimization mean - variance optimization (protegido)	Portfolio optimization mean - variance optimization (protegido)	E:Portfolio→porfolio/portafolio/polimorfo E:optimization→optimizan/optimizar/optimiza E:variance→variante/acriance E:optimization→optimizan/optimizar/optimiza
423	Guía para elaborar modelos econometricos con eviews	Guía para elaborar modelos econometricos con eviews	E:econometricos→trigonométricos E:eviews→evitas
424	Crítica de la microeconomía política teorías del valor y cierre categorial	Crítica de la microeconomía política teorías del valor y cierre categorial	E:microeconomía→micro economía/micro-economía/economizaría E:categorial→categoriza/categorismo
426	Manual econometría parte 01	Manual econometría parte 01	E:econometría→cronometraría/trigonometría/economizaría
427	Aplicación de las matrices modelos de entrada y salida de leontief	Aplicación de las matrices modelos de entrada y salida de leontief	E:leontief→leontina
432	La transmisión internacional de políticas monetarias mundell fleming vs obstfeld rogoff	La transmisión internacional de políticas monetarias mundell fleming vs obstfeld rogoff	E:mundell→rundel E:fleming→feminela E:obstfeld→obstados E:rogoff→fogonero
436	Bretton Woods, el BM y el FMI	Bretton Woods, el BM y el FMI	E:Bretton→bretoniano E:Woods→
438	Contra el postmodernismo una critica marxista	Contra el postmodernismo una critica marxista	E:postmodernismo→posmodernidad/modernismo/modernista
441	Econometría moderna	Econometría moderna	E:Econometría→cronometraría/trigonometría/economizaría
445	Heráclito vs. Pitágoras y Parménides	Heráclito vs. Pitágoras y Parménides	E:Heráclito→paráclito E:Parménides→paranoides
446	Microeconomía intermedia problemas y cuestiones	Microeconomía intermedia problemas y cuestiones	E:Microeconomía→micro economía/micro-economía/economizaría
449	Comparación entre el modelo clásico y el de Keynes	Comparación entre el modelo clásico y el de Keynes	E:Keynes→kermes
465	Diccionario akal de filosofía	Diccionario akal de filosofía	E:akal→anal/aval
471	España y el sistema bretton woods	España y el sistema bretton woods	E:bretton→bretoniano E:woods→
476	Econometría espacial aplicada utilizando r	Econometría espacial aplicada utilizando r	E:Econometría→cronometraría/trigonometría/economizaría
481	Microeconomía II	Microeconomía II	E:Microeconomía→micro economía/micro-economía/economizaría
487	Guía de eviews modelos de regresión	Guía de eviews modelos de regresión	E:eviews→evitas
501	Funciones estadísticas de distribución con eviews	Funciones estadísticas de distribución con eviews	E:eviews→evitas
504	Guía de citado referenciación estilo vancouver	Guía de citado referenciación estilo vancouver	E:referenciación→diferenciación/referencian/referenciar E:vancouver→navanco
510	Guía para la elaboración de indicadores de políticas nacionales y planes estratégicos ceplan	Guía para la elaboración de indicadores de políticas nacionales y planes estratégicos ceplan	E:ceplan→celan/ce plan/ce-plan
511	El principio antropico	El principio antropico	E:antropico→antro pico/antro-pico/antropológico
521	De la guerra etnosanta a la iglesia tawantinsuyana	De la guerra etnosanta a la iglesia tawantinsuyana	E:etnosanta→pantanosa/cosetano E:tawantinsuyana→estudiantina
524	Introducción modelos rbc	Introducción modelos rbc	E:rbc→abc
525	Microeconomía	Microeconomía	E:Microeconomía→micro economía/micro-economía/economizaría
529	Ejercicios de macroeconomía avanzada	Ejercicios de macroeconomía avanzada	E:macroeconomía→macro economía/macro-economía/economizaría
536	La introducción no tan corta a latex	La introducción no tan corta a látex	T:latex→látex
537	Kunhn vrs lakatos de la teoría de las revoluciones científicas a los programas científicos de investigación	Kunhn vrs lakatos de la teoría de las revoluciones científicas a los programas científicos de investigación	E:Kunhn→ E:vrs→ves/vs/vas E:lakatos→latosos/latos
556	La investigación científica y su propedeutica en el derecho	La investigación científica y su propedeutica en el derecho	E:propedeutica→protomedicato
559	Apuntes de clase: macroeconomía 2	Apuntes de clase: macroeconomía 2	E:macroeconomía→macro economía/macro-economía/economizaría
562	Macroeconomía intermedia	Macroeconomía intermedia	E:Macroeconomía→macro economía/macro-economía/economizaría
569	Mariátegui defensa del marxismo	Mariátegui defensa del marxismo	E:Mariátegui→mariquita
570	Notas sobre econometría con eviews estimación	Notas sobre econometría con eviews estimación	E:econometría→cronometraría/trigonometría/economizaría E:eviews→evitas
571	Guía para el análisis estadístico básico pruebas de hipótesis y regresiones en el eviews	Guía para el análisis estadístico básico pruebas de hipótesis y regresiones en el eviews	E:eviews→evitas
572	Microeconomía avanzada	Microeconomía avanzada	E:Microeconomía→micro economía/micro-economía/economizaría
574	Macroeconomía internacional	Macroeconomía internacional	E:Macroeconomía→macro economía/macro-economía/economizaría
577	Microeconometria	Microeconometria	E:Microeconometria→microelectrónica
579	Microeconomía avanzada ii	Microeconomía avanzada ii	E:Microeconomía→micro economía/micro-economía/economizaría
584	Mml programas sociales crecer	Mml programas sociales crecer	E:Mml→mal/mol/mil
591	Notas de microeconomía i	Notas de microeconomía i	E:microeconomía→micro economía/micro-economía/economizaría
592	Macroeconomía avanzada con método computacionales	Macroeconomía avanzada con método computacionales	E:Macroeconomía→macro economía/macro-economía/economizaría
593	Álgebra lineal, vectores, rectas y planos en r3 pdf interactivo	Álgebra lineal, vectores, rectas y planos en r3 pdf interactivo	E:pdf→paf/puf/pdte
594	Notas sobre macroeconomía dinámica	Notas sobre macroeconomía dinámica	E:macroeconomía→macro economía/macro-economía/economizaría
597	Una aplicación del método de mco retornos a escala en la industria eléctrica	Una aplicación del método de mco retornos a escala en la industria eléctrica	E:mco→maco/meco/moco
598	Regresión multivariada y otras herramientas del análisis de datos	Regresión multivariada y otras herramientas del análisis de datos	E:multivariada→multitudinaria
602	E-views básico intermedio análisis económetrico con e-views	E-views básico intermedio análisis económetrico con e-views	E:views→viejos E:económetrico→económicamente/económico E:views→viejos
604	Peirce charles sanders la lógica considerada como semiótica	Peirce charles sanders la lógica considerada como semiótica	E:Peirce→percebe E:sanders→satandera/desande/desandarse
608	Estadística aplicada: conceptos y ejercicios a través de Excel	Estadística aplicada: conceptos y ejercicios a través de Excel	E:Excel→excelso
629	Manual de marxismo-leninismo	Manual de marxismo-leninismo	E:leninismo→helenismo/chilenismo/molinismo
644	La crisis financiera internacional: una visión desde la cepal	La crisis financiera internacional: una visión desde la cepal	E:cepal→cepa/cepas/cecal
649	Sesenta años de la cepal: estructuralismo y neoestructuralismo	Sesenta años de la cepal: estructuralismo y neoestructuralismo	E:cepal→cepa/cepas/cecal E:neoestructuralismo→neo estructuralismo/neo-estructuralismo/estructuralismo
662	Prebisch: actualidad de sus ideas básicas	Prebisch: actualidad de sus ideas básicas	E:Prebisch→prescribir
671	Análisis con series de fourier en r	Análisis con series de fourier en r	E:fourier→furrier
672	Análisis multivariante aplicado con r	Análisis multivariante aplicado con r	E:multivariante→tumultuariamente
674	Apuntes de introducción a los modelos econometricos	Apuntes de introducción a los modelos econometricos	E:econometricos→trigonométricos
678	Econometría: ejercicios resueltos	Econometría: ejercicios resueltos	E:Econometría→cronometraría/trigonometría/economizaría
685	Cointegración estacional en la demanda de dinero	Cointegración estacional en la demanda de dinero	E:Cointegración→integración/interrogación/congregación
688	Boletín del fmi, volumen 36, no. 11	Boletín del fmi, volumen 36, no. 11	E:fmi→mi/ami/fui
695	Historia del tiempo: del big bang a los agujeros negros	Historia del tiempo: del big bang a los agujeros negros	E:big→biga/bis/sig E:bang→yang/banaba
697	Hegel acerca de la libertad de auto-conciencia	Hegel acerca de la libertad de auto-conciencia	E:Hegel→he gel/he-gel/hegeliano
702	Guía básica de e-views	Guía básica de e-views	E:views→viejos
721	El otro modelo: del orden neoliberal al régimen de lo público	El otro modelo: del orden neoliberal al régimen de lo público	E:neoliberal→neo liberal/neo-liberal/liberal
724	Microeconomía: consumidores, productores y estructuras de mercado	Microeconomía: consumidores, productores y estructuras de mercado	E:Microeconomía→micro economía/micro-economía/economizaría
725	Microeconomía. versión para Latinoamérica	Microeconomía. versión para Latinoamérica	E:Microeconomía→micro economía/micro-economía/economizaría
727	Microeconomía	Microeconomía	E:Microeconomía→micro economía/micro-economía/economizaría
744	Macroeconomía.versión para Latinoamérica	Macroeconomía.versión para Latinoamérica	E:Macroeconomía→macro economía/macro-economía/economizaría
746	Macreconomía	Macreconomía	E:Macreconomía→reconcomía/reconcomería/economía
748	Los diez mandamientos de la econometría aplicada	Los diez mandamientos de la econometría aplicada	E:econometría→cronometraría/trigonometría/economizaría
763	La microeconomía	La microeconomía	E:microeconomía→micro economía/micro-economía/economizaría
773	Keynes, poskeynesianos y keynesianos neoclásicos	Keynes, poskeynesianos y keynesianos neoclásicos	E:Keynes→kermes E:poskeynesianos→posesionarnos E:keynesianos→magnesianos
778	Modelos de oligopolio en la economía	Modelos de oligopolio en la economía	E:oligopolio→oligopólico/poligonal/polipodio
794	Teoría microeconómica. principios básicos y ampliaciones	Teoría microeconómica. principios básicos y ampliaciones	E:microeconómica→micro económica/micro-económica/socioeconómica
796	El apoyo del banco mundial y del fmi a las dictaduras	El apoyo del banco mundial y del fmi a las dictaduras	E:fmi→mi/ami/fui
798	Rstudio para estadística descriptiva en ciencias sociales	Rstudio para estadística descriptiva en ciencias sociales	E:Rstudio→estudio
801	Pruebas de raíces unitarias en eviews	Pruebas de raíces unitarias en eviews	E:eviews→evitas
806	Paul feyerabend	Paúl feyerabend	T:Paul→paúl E:feyerabend→albendera
812	Karl Marx: dinero, capital y crisis	Karl Marx: dinero, capital y crisis	E:Karl→arlar E:Marx→mar/maro
858	Entorno dolarización financiera caso Perú 1996 2006	Entorno dolarización financiera caso Perú 1996 2006	E:dolarización→polarización/escolarización
861	Las intenciones del Tío Sam	Las intenciones del Tío Sam	E:Sam→mas/san/sama
865	Econometría	Econometría	E:Econometría→cronometraría/trigonometría/economizaría
873	Lingüística y gramatologia iii	Lingüística y gramatologia iii	E:gramatologia→malogramiento E:iii→inri
874	Lingüística y gramatologia ii	Lingüística y gramatologia ii	E:gramatologia→malogramiento
875	Lingüística y gramatologia i	Lingüística y gramatologia i	E:gramatologia→malogramiento
885	Econometría	Econometría	E:Econometría→cronometraría/trigonometría/economizaría
887	Anti during	Anti during	E:during→durina
899	Historia de la locura i ii y iii	Historia de la locura i ii y iii	E:iii→inri
900	Conferencias de berkeley	Conferencias de berkeley	E:berkeley→Berkeley/berebere
903	Nietzsche la genealogía la historia	Nietzsche la genealogía la historia	E:Nietzsche→Nietzsche/nietastro
932	Ethos y ética	Ethos y ética	E:Ethos→echos/hoste
938	Hegel y heidegger	Hegel y heidegger	E:Hegel→he gel/he-gel/hegeliano E:heidegger→hervidero
963	Mensaje a los pueblos del mundo a través de la tricontinental	Mensaje a los pueblos del mundo a través de la tricontinental	E:tricontinental→transcontinental/continental/incontinenti
973	La tesis de kant sobre el ser	La tesis de kant sobre el ser	E:kant→kan
978	Introducción a la fenomenología de hegel	Introducción a la fenomenología de hegel	E:hegel→he gel/he-gel/hegeliano
979	Encuentros con ortega y gasset	Encuentros con ortega y gasset	E:gasset→gastes/gas set/gas-set
991	Desestacionalización de series económicas	Desestacionalización de series económicas	E:Desestacionalización→desestabilización/institucionalización
992	Modelo logit y probit	Modelo logit y probit	E:logit→logia/logis E:probit→pro bit/pro-bit/oprobio
994	Agregados macroeconomicos	Agregados macroeconomicos	E:macroeconomicos→socioeconómicos
997	Macroeconomía keynesiana de la determinación de los niveles de producción y empleo complemento	Macroeconomía keynesiana de la determinación de los niveles de producción y empleo complemento	E:Macroeconomía→macro economía/macro-economía/economizaría E:keynesiana→magnesiana
998	Keynesianismo monetarismo y nueva macroeconomía clásica complemento	Keynesianismo monetarismo y nueva macroeconomía clásica complemento	E:Keynesianismo→mesianismo E:monetarismo→monetario/monometalismo/sedentarismo E:macroeconomía→macro economía/macro-economía/economizaría
999	Elementos de teoría y política macroeconómica ejercicios	Elementos de teoría y política macroeconómica ejercicios	E:macroeconómica→macro económica/macro-económica/socioeconómica
1000	Elementos de teoría y política macroeconómica teoría	Elementos de teoría y política macroeconómica teoría	E:macroeconómica→macro económica/macro-económica/socioeconómica
1001	Elementos de teoría y política macroeconómica para una economía abierta. segunda parte	Elementos de teoría y política macroeconómica para una economía abierta. segunda parte	E:macroeconómica→macro económica/macro-económica/socioeconómica
1002	Elementos de teoría y política macroeconómica para una economía abierta. primera parte	Elementos de teoría y política macroeconómica para una economía abierta. primera parte	E:macroeconómica→macro económica/macro-económica/socioeconómica
1015	Selección de escritos políticos de immanuel kant	Selección de escritos políticos de immanuel kant	E:immanuel→manuelino/manuella/manuela E:kant→kan
1023	Psicoanálisis, radiofonía y televisión	Psicoanálisis, radiofonía y televisión	E:radiofonía→radiofonista
1026	Diccionario de topología lacaniana	Diccionario de topología lacaniana	E:lacaniana→acanillada/acaciana/acanala
1051	Política macroprudencial y prociclicidad	Política macroprudencial y prociclicidad	E:macroprudencial→macro prudencial/macro-prudencial/prudencialmente E:prociclicidad→proclividad/procacidad/reciprocidad
1052	Macroeconomía	Macroeconomía	E:Macroeconomía→macro economía/macro-economía/economizaría
1072	El capital iii	El capital iii	E:iii→inri
1092	Econometría	Econometría	E:Econometría→cronometraría/trigonometría/economizaría
1093	Macroeconomía	Macroeconomía	E:Macroeconomía→macro economía/macro-economía/economizaría
1094	Fluctuaciones, shocks, incertidumbre y la elección consumo⁄ahorro	Fluctuaciones, shocks, incertidumbre y la elección consumo⁄ahorro	E:shocks→hockeys
1106	Una vista sobre la situación del manager en la sociedad actual	Una vista sobre la situación del mánager en la sociedad actual	T:manager→mánager
1119	Protagoras	Protagoras	E:Protagoras→protagonizaras/protagonizas/protagonistas
1141	Me002 macroeconomía: enfoques y modelos. Ejercicios resueltos	Me002 macroeconomía: enfoques y modelos. Ejercicios resueltos	E:macroeconomía→macro economía/macro-economía/economizaría
1143	Econometría de evaluación de impacto	Econometría de evaluación de impacto	E:Econometría→cronometraría/trigonometría/economizaría
1144	La economía de ppk promesas y resultados la distancia que los separa	La economía de ppk promesas y resultados la distancia que los separa	E:ppk→pp
1146	Microcredito y crecimiento regional en el Perú	Microcredito y crecimiento regional en el Perú	E:Microcredito→crediticio
1147	Perú 1990 2021 la causa del milagro económico constitución de 1993 o superciclo de las materias primas	Perú 1990 2021 la causa del milagro económico constitución de 1993 o superciclo de las materias primas	E:superciclo→superficial
1148	La ley de okun en el Perú lima metropolitana 1971 2016	La ley de okun en el Perú lima metropolitana 1971 2016	E:okun→okupan
1156	Que hubiera pasado en 2014 2016 si un modelo macroeconometrico para el Perú	Que hubiera pasado en 2014 2016 si un modelo macroeconometrico para el Perú	E:macroeconometrico→cronometrador
1157	Crecimiento y desindustrialización prematura en Perú un análisis kaldoriano	Crecimiento y desindustrialización prematura en Perú un análisis kaldoriano	E:desindustrialización→des industrialización/des-industrialización/industrialización E:kaldoriano→isidoriano
1159	Intervención cambiaria y política monetaria en el Perú	Intervención cambiaría y política monetaria en el Perú	T:cambiaria→cambiaría
1160	Contratos curva de phillips y política monetaria	Contratos curva de phillips y política monetaria	E:phillips→chillidos
1161	Regímenes cambiarios y desempeño macroeconómico: una evaluación de la literatura	Regímenes cambiarios y desempeño macroeconómico: una evaluación de la literatura	E:cambiarios→cambiaros/cambiarnos/cambiarlos E:macroeconómico→macro económico/macro-económico/socioeconómico
1163	Microeconomía teoría de la empresa	Microeconomía teoría de la empresa	E:Microeconomía→micro economía/micro-economía/economizaría
1164	Microeconomía aplicaciones de la teoría del consumidor	Microeconomía aplicaciones de la teoría del consumidor	E:Microeconomía→micro economía/micro-economía/economizaría
1165	Microeconomía: preferencias y elecciones de los consumidores	Microeconomía: preferencias y elecciones de los consumidores	E:Microeconomía→micro economía/micro-economía/economizaría
1167	Dinero e inflación: el overshooting y el canal del tipo de cambio	Dinero e inflación: el overshooting y el canal del tipo de cambio	E:overshooting→introversión
1169	Breve historia de la macroeconomía	Breve historia de la macroeconomía	E:macroeconomía→macro economía/macro-economía/economizaría
1177	La nueva macroeconomía clásica: una versión algebraica	La nueva macroeconomía clásica: una versión algebraica	E:macroeconomía→macro economía/macro-economía/economizaría
1178	Robert merton y myron scholes: premios nobel de economía 1997 y sus aportes a la teoría financiera	Robert merton y myron scholes: premios nobel de economía 1997 y sus aportes a la teoría financiera	E:Robert→cobertor E:merton→mentor E:myron→morondo E:scholes→escolles/holees/chulesco
1179	Macroeconomía intermedia teorías y modelos	Macroeconomía intermedia teorías y modelos	E:Macroeconomía→macro economía/macro-economía/economizaría
1181	Macroeconomía abierta	Macroeconomía abierta	E:Macroeconomía→macro economía/macro-economía/economizaría
1183	Macroeconomía 02 (notas de clase preliminares)	Macroeconomía 02 (notas de clase preliminares)	E:Macroeconomía→macro economía/macro-economía/economizaría
1187	Introducción a la macroeconomía	Introducción a la macroeconomía	E:macroeconomía→macro economía/macro-economía/economizaría
1189	Globalización, riesgo país y la política macroeconómica	Globalización, riesgo país y la política macroeconómica	E:macroeconómica→macro económica/macro-económica/socioeconómica
1191	Las expectativas en la macroeconomía	Las expectativas en la macroeconomía	E:macroeconomía→macro economía/macro-economía/economizaría
1193	Dolarización cajas de convertibilidad	Dolarización cajas de convertibilidad	E:Dolarización→polarización/escolarización
1218	Federalismo, socialismo y antiteologismo	Federalismo, socialismo y antiteologismo	E:antiteologismo→ontologismo
1225	Introducción a la econometría	Introducción a la econometría	E:econometría→cronometraría/trigonometría/economizaría
1265	Discurso ante la tumba de marx	Discurso ante la tumba de marx	E:marx→mar/maro
1297	Marx y la teoría subjetiva del valor	Marx y la teoría subjetiva del valor	E:Marx→mar/maro
1312	Mirada retrospectiva a mis dos años en leipzig	Mirada retrospectiva a mis dos años en leipzig	E:leipzig→leila
1349	El comunismo postmoderno	El comunismo postmoderno	E:postmoderno→podernos
1375	Una mayor integración económica en el asia oriental	Una mayor integración económica en el asía oriental	T:asia→asía
1376	Trabajo la cepal y la teoría de la industrialización	Trabajo la cepal y la teoría de la industrialización	E:cepal→cepa/cepas/cecal
1384	Relaciones del Perú con Taiwán	Relaciones del Perú con Taiwán	E:Taiwán→taiwanés
1385	Reunión cumbre de lideres del apec	Reunión cumbre de lideres del apec	E:apec→pace/peca/cape
1400	Importancia de la participación del Perú en el FOCALAE	Importancia de la participación del Perú en el FOCALAE	E:FOCALAE→focal
1403	La economía japonesa bajo el primer ministro abe	La economía japonesa bajo el primer ministro abe	E:abe→ave/be/abre
1404	La política exterior japonesa y la situación geopolítica en el asia oriental	La política exterior japonesa y la situación geopolítica en el asía oriental	T:asia→asía
1415	El acorazado yamato	El acorazado yamato	E:yamato→ya mato/ya-mato/alpamato
1419	Entrevista al presidente gonzalo	Entrevista al presidente gonzalo	E:gonzalo→Gonzalo/engonza
1434	Notes on growth accounting	Notes on growth accounting	E:growth→grosor E:accounting→contingenta
1457	El marxismo, mariátegui y el movimiento femenino	El marxismo, mariátegui y el movimiento femenino	E:mariátegui→mariquita
1464	Análisis de regresión en eviews	Análisis de regresión en eviews	E:eviews→evitas
1490	La esencia del neoliberalismo	La esencia del neoliberalismo	E:neoliberalismo→neo liberalismo/neo-liberalismo/liberalismo
1501	Negociación con los comunistas: adenauer, churchill y eisenhawer	Negociación con los comunistas: adenauer, churchill y eisenhawer	E:adenauer→encuaderna/nadadera E:churchill→cuchillar E:eisenhawer→desenhastiar
1502	Para entender a mariátegui	Para entender a mariátegui	E:mariátegui→mariquita
1510	Retomemos a mariátegui y reconstituyamos su partido	Retomemos a mariátegui y reconstituyamos su partido	E:mariátegui→mariquita
1530	Notas de macoeconomía avanzada i	Notas de macoeconomía avanzada i	E:macoeconomía→maco economía/maco-economía/economía
1531	Modelo microeconometrico para el análisis de la diferenciación de producto	Modelo microeconometrico para el análisis de la diferenciación de producto	E:microeconometrico→microelectrónica
1532	Macroeconomía avanzada ii	Macroeconomía avanzada ii	E:Macroeconomía→macro economía/macro-economía/economizaría
1537	Kronstadt 1921	Kronstadt 1921	E:Kronstadt→constatar
1545	Bienes notransables comercio internacional	Bienes notransables comercio internacional	E:notransables→transitables/transmutables/transitable
1553	Microeconomía avanzada	Microeconomía avanzada	E:Microeconomía→micro economía/micro-economía/economizaría
1554	Modelos sencillos de optimización intertemporal	Modelos sencillos de optimización intertemporal	E:intertemporal→intemporalidad/temporalmente/temporalizar
1556	Microeconomía i problemas	Microeconomía i problemas	E:Microeconomía→micro economía/micro-economía/economizaría
1557	Microeconomía intermedia	Microeconomía intermedia	E:Microeconomía→micro economía/micro-economía/economizaría
1561	Prácticas de macroeconomía i	Prácticas de macroeconomía i	E:macroeconomía→macro economía/macro-economía/economizaría
1564	La filosofía de la ciencia de Popper	La filosofía de la ciencia de Popper	E:Popper→polipero
1576	Seminario de filosofía del presidente gonzalo	Seminario de filosofía del presidente gonzalo	E:gonzalo→Gonzalo/engonza
1577	Acerca del pensamiento gonzalo	Acerca del pensamiento gonzalo	E:gonzalo→Gonzalo/engonza
1578	Transcripción de Abimael Guzmán ante el GEIN	Transcripción de Abimael Guzmán ante el GEIN	E:Abimael→abismal
1584	Microeconomía ii	Microeconomía ii	E:Microeconomía→micro economía/micro-economía/economizaría
1593	Leyes de murphy	Leyes de murphy	E:murphy→murmura
1594	Problemas de microeconomía	Problemas de microeconomía	E:microeconomía→micro economía/micro-economía/economizaría
1602	El modelo Barro-Gordon: ¿reglas o discreción?	El modelo Barro-Gordon: ¿reglas o discreción?	E:Gordon→gordo/gordos
1605	Miriadax módulo 07 tercera edición	Miriadax módulo 07 tercera edición	E:Miriadax→mirada
1606	Miriadax módulo 06 tercera edición	Miriadax módulo 06 tercera edición	E:Miriadax→mirada
1607	Miriadax módulo 05 tercera edición	Miriadax módulo 05 tercera edición	E:Miriadax→mirada
1608	Miriadax módulo 04 tercera edición	Miriadax módulo 04 tercera edición	E:Miriadax→mirada
1613	Microeconomía avanzada ejercicios	Microeconomía avanzada ejercicios	E:Microeconomía→micro economía/micro-economía/economizaría
1614	Métodos numéricos resolver modelosmacro dinámico	Métodos numéricos resolver modelosmacro dinámico	E:modelosmacro→modelos macro/modelos-macro/macrocosmo
1624	Introducción al eviews 05 01	Introducción al eviews 05 01	E:eviews→evitas
1625	Guía de manejo del programa eviews 02	Guía de manejo del programa eviews 02	E:eviews→evitas
1627	Macroeconomía solución	Macroeconomía solución	E:Macroeconomía→macro economía/macro-economía/economizaría
1632	Los filósofos presocraticos	Los filósofos presocraticos	E:presocraticos→prelaticios
1633	Selección de escritos políticos de john locke	Selección de escritos políticos de john locke	E:john→jonio E:locke→loche/locuelo
1640	Sociología de marx	Sociología de marx	E:marx→mar/maro
1643	Organización industrial miguel pisfil imprimir	Organización industrial miguel pisfil imprimir	E:miguel→Miguel/migue/miguen E:pisfil→pis fil/pis-fil/pistilo
1648	La teoría desarrollista de prebisch	La teoría desarrollista de prebisch	E:desarrollista→desarrollara/desarrollar/desarrollador E:prebisch→prescribir
1652	Nietzsche y el cristianismo	Nietzsche y el cristianismo	E:Nietzsche→Nietzsche/nietastro
1655	Naturaleza de la econometría y de los datos económicos	Naturaleza de la econometría y de los datos económicos	E:econometría→cronometraría/trigonometría/economizaría
1663	Selección de escritos políticos de david hume	Selección de escritos políticos de david hume	E:david→David/da vid/da-vid
1676	Los alcances de los nuevos programas informáticos para el desarrollo de la econometría	Los alcances de los nuevos programas informáticos para el desarrollo de la econometría	E:econometría→cronometraría/trigonometría/economizaría
1677	Rosa luxemburg y la espontaneidad revolucionaria	Rosa luxemburg y la espontaneidad revolucionaria	E:luxemburg→luxemburgués
1683	Introducción a la microeconomía	Introducción a la microeconomía	E:microeconomía→micro economía/micro-economía/economizaría
1689	Monitoreo y evaluación	Monitoreo y evaluación	E:Monitoreo→monitorio/monitores/monitorizo
1695	Análisis de involucrados las peripecias del niño elian gonzales	Análisis de involucrados las peripecias del niño elian gonzales	E:elian→elidan/elijan/exilian E:gonzales→ronzales/esgonzares/esgonzas
1696	Análisis involucrados stakeholders	Análisis involucrados stakeholders	E:stakeholders→rescolderas
1706	De la inversión y mercados financieros la q de tobin y su uso para la valuación de empresas	De la inversión y mercados financieros la q de tobin y su uso para la valuación de empresas	E:tobin→tobillo
1710	Dialogo sobre los máximos sistemas del mundo ptolemaico y copernicano	Dialogo sobre los máximos sistemas del mundo ptolemaico y copernicano	E:copernicano→pernicote
1713	El mundo de sofia 03	El mundo de sofia 03	E:sofia→sosia/socia/cofia
1714	El mundo de sofia 02	El mundo de sofia 02	E:sofia→sosia/socia/cofia
1715	El mundo de sofia 01	El mundo de sofia 01	E:sofia→sosia/socia/cofia
1717	Apuntes de microeconomía II: teoría del consumidor, teoría del productor y competencia imperfecta	Apuntes de microeconomía II: teoría del consumidor, teoría del productor y competencia imperfecta	E:microeconomía→micro economía/micro-economía/economizaría
1734	Manual del modelo de regresión lineal múltiple uso de eviews	Manual del modelo de regresión lineal múltiple uso de eviews	E:eviews→evitas
1740	El pensamiento económico de milton friedman	El pensamiento económico de milton friedman	E:milton→mil ton/mil-ton/milonga E:friedman→friera
1742	El neoestructuralismo y el subdesarrollo	El neoestructuralismo y el subdesarrollo	E:neoestructuralismo→neo estructuralismo/neo-estructuralismo/estructuralismo
1750	Nociones de econometría intermedia	Nociones de econometría intermedia	E:econometría→cronometraría/trigonometría/economizaría
1751	Dolarización causas efectos y retos	Dolarización causas efectos y retos	E:Dolarización→polarización/escolarización
1756	La guía de eduscrum	La guía de eduscrum	E:eduscrum→descerruma
1764	¿Qué debe entenderse por “crisis de balanza de pagos” en economías dolarizadas?	¿Qué debe entenderse por “crisis de balanza de pagos” en economías dolarizadas?	E:dolarizadas→polarizadas/escolarizadas/solidarizadas
1766	Crisis cambiarias ataques especulativos	Crisis cambiarías ataques especulativos	T:cambiarias→cambiarías
1767	Conjunto de tests en EViews	Conjunto de tests en EViews	E:tests→testa/test/testas E:EViews→evitas
1776	Productividad en el Perú medición determinantes e implicancias	Productividad en el Perú medición determinantes e implicancias	E:implicancias→implicatorias/implicaras/implicación
1777	Econometría aplicada	Econometría aplicada	E:Econometría→cronometraría/trigonometría/economizaría
1782	La teoría social ante la prueba de la política: pierre bourdieu y anthony giddens	La teoría social ante la prueba de la política: pierre bourdieu y anthony giddens	E:pierre→Pierre/pirre/sierre E:bourdieu→urdiembre E:anthony→hontana E:giddens→densidad
1791	Rigideces nominales precios en la nueva economía keynesiana una panorámica	Rigideces nominales precios en la nueva economía keynesiana una panorámica	E:keynesiana→magnesiana
1896	El mal desafio a la filosofía y la teología	El mal desafio a la filosofía y la teología	T?:desafio→desafió/desafío
1935	Objetivos macroprudenciales e instrumentos	Objetivos macroprudenciales e instrumentos	E:macroprudenciales→macro prudenciales/macro-prudenciales/prudencialmente
1941	Cien ejercicios de econometría (introducción y caps. 1-2)	Cien ejercicios de econometría (introducción y caps. 1-2)	E:econometría→cronometraría/trigonometría/economizaría E:caps→caos/capa/cap
1942	Cien ejercicios de econometría (caps. 3-6)	Cien ejercicios de econometría (caps. 3-6)	E:econometría→cronometraría/trigonometría/economizaría E:caps→caos/capa/cap
1943	Cien ejercicios de econometría (caps. 7-9)	Cien ejercicios de econometría (caps. 7-9)	E:econometría→cronometraría/trigonometría/economizaría E:caps→caos/capa/cap
1944	Cien ejercicios de econometría (cap. 10)	Cien ejercicios de econometría (cap. 10)	E:econometría→cronometraría/trigonometría/economizaría
1946	Hamlet adaptación	Hamlet adaptación	E:Hamlet→chalet
1947	Guía resumen del manual de publicaciones de normas apa séptima edición	Guía resumen del manual de publicaciones de normas apa séptima edición	E:apa→ap/apea/arpa
1949	Normas apa séptima edición	Normas apa séptima edición	E:apa→ap/apea/arpa
1950	Guía normas apa 7a edición	Guía normas apa 7a edición	E:apa→ap/apea/arpa
1951	Manual para presentación de trabajo escritos normas apa	Manual para presentación de trabajo escritos normas apa	E:apa→ap/apea/arpa
1968	Guía rápida ratios financieros y matemáticas de la mercadotecnia	Guía rápida ratios financieros y matemáticas de la mercadotecnia	E:ratios→ratio/ratos/ratitos
1971	Manual contabilidad gerencial	Manual contabilidad gerencial	E:gerencial→gerencia/gerencias/reverencial
1980	El marxismo:una exposición sinóptica	El marxismo:una exposición sinóptica	E:sinóptica→sinópica/sináptica/sin óptica
2010	El precurso fiscal maldición: descubrimientos gigantes y sostenibilidad de la deuda	El precurso fiscal maldición: descubrimientos gigantes y sostenibilidad de la deuda	E:precurso→recurso/precursor/precioso
2011	Manual para la elaboración de planes de bionegocios	Manual para la elaboración de planes de bionegocios	E:bionegocios→negociosos/negocioso/negocios
2016	Valoración económica de los recursos naturales en la cuenca binacional catamayo-chira	Valoración económica de los recursos naturales en la cuenca binacional catamayo-chira	E:binacional→combinacional/habitacional/nacional E:catamayo→cata mayo/cata-mayo/catamarcano E:chira→chora/chita/chaira
2026	El punto de vista moral en las empresas: una descripción del uso deontológico de la razón	El punto de vista moral en las empresas: una descripción del uso deontológico de la razón	E:deontológico→de ontológico/de-ontológico/paleontológico
2039	El método de las necesidades básicas insatisfechas (nbi) y sus aplicaciones en América latina	El método de las necesidades básicas insatisfechas (nbi) y sus aplicaciones en América latina	E:nbi→ni/Ibi/bien
2040	Consideraciones sobre los cambios en la linea de pobreza del ine	Consideraciones sobre los cambios en la linea de pobreza del ine	E:ine→une/in/ne
2057	Utilidad esperada latex	Utilidad esperada látex	T:latex→látex
2066	Marx. del ágora al mercado	Marx. del ágora al mercado	E:Marx→mar/maro
2068	Kant el giro copernicano en la filosofía	Kant el giro copernicano en la filosofía	E:Kant→kan E:copernicano→pernicote
2069	Jeremy bentham. la moral utilitaria	Jeremy bentham. la moral utilitaria	E:Jeremy→remejer E:bentham→benjamita
2072	John stuart mill el utilitarismo que cambiaría el mundo	John stuart mill el utilitarismo que cambiaría el mundo	E:John→jonio E:stuart→estatuar E:mill→mil/milla/millo
2073	Locke. la mente es una «tabula rasa»	Locke. la mente es una «tabula rasa»	E:Locke→loche/locuelo
2078	Compendio ayacucho	Compendio ayacucho	E:ayacucho→aya cucho/aya-cucho/achucho
2079	Indicadores económicos de región ayacucho	Indicadores económicos de región ayacucho	E:ayacucho→aya cucho/aya-cucho/achucho
2082	Búsqueda en la web y el formato apa en los trabajos académicos	Búsqueda en la web y el formato apa en los trabajos académicos	E:apa→ap/apea/arpa
2088	Stata básico intermedio aplicado a la investigación económica	Stata básico intermedio aplicado a la investigación económica	E:Stata→tata/tatas/sta
2090	Econometría con stata: introducción y análisis de datos	Econometría con stata: introducción y análisis de datos	E:Econometría→cronometraría/trigonometría/economizaría E:stata→tata/tatas/sta
2092	Programa de introducción a stata	Programa de introducción a stata	E:stata→tata/tatas/sta
2094	Econometría aplicada usando stata 13	Econometría aplicada usando stata 13	E:Econometría→cronometraría/trigonometría/economizaría E:stata→tata/tatas/sta
2108	Apuntes n 5 - teoría macroeconómica ii - teoría q	Apuntes n 5 - teoría macroeconómica ii - teoría q	E:macroeconómica→macro económica/macro-económica/socioeconómica
2122	Syllabus 23 comercio internacional	Syllabus 23 comercio internacional	E:Syllabus→bullabesa
2130	Exportaciones y ied evidencia empírica	Exportaciones y ied evidencia empírica	E:ied→id/ed/red
2132	El modelo de melitz ii inversión extranjera directa	El modelo de melitz ii inversión extranjera directa	E:melitz→melito
2133	El modelo de melitz i	El modelo de melitz i	E:melitz→melito
2134	El modelo de krugman ii	El modelo de krugman ii	E:krugman→madrugan
2135	El modelo de krugman i	El modelo de krugman i	E:krugman→madrugan
2136	El modelo de heckscher ohlin ii	El modelo de heckscher ohlin ii	E:heckscher→hechiceresco E:ohlin→linio
2137	El modelo de heckscher ohlin i	El modelo de heckscher ohlin i	E:heckscher→hechiceresco E:ohlin→linio
2138	El modelo ricardiano iii	El modelo ricardiano iii	E:ricardiano→anacardino/incardino/sardiano E:iii→inri
2139	El modelo ricardiano ii	El modelo ricardiano ii	E:ricardiano→anacardino/incardino/sardiano
2140	El modelo ricardiano i	El modelo ricardiano i	E:ricardiano→anacardino/incardino/sardiano
2143	Syllabus 11 crecimiento económico	Syllabus 11 crecimiento económico	E:Syllabus→bullabesa
2152	Cambio tecnológico el modelo de schumpeter de escalas de calidad	Cambio tecnológico el modelo de schumpeter de escalas de calidad	E:schumpeter→chuperretear
2154	Modelos de crecimiento endógeno con comportamiento optimizador II	Modelos de crecimiento endógeno con comportamiento optimizador II	E:endógeno→andrógeno/erógeno E:optimizador→optimizado/optimizados/optimizar
2155	Modelos de crecimiento endógeno con comportamiento optimizador I	Modelos de crecimiento endógeno con comportamiento optimizador I	E:endógeno→andrógeno/erógeno E:optimizador→optimizado/optimizados/optimizar
2156	Ampliaciones al modelo de ramsey	Ampliaciones al modelo de ramsey	E:ramsey→ramera
2157	Modelos con comportamiento optimizador el modelo de ramsey	Modelos con comportamiento optimizador el modelo de ramsey	E:optimizador→optimizado/optimizados/optimizar E:ramsey→ramera
2159	Modelos de crecimiento endógeno con tasa de ahorro constante	Modelos de crecimiento endógeno con tasa de ahorro constante	E:endógeno→andrógeno/erógeno
2162	El modelo neoclásico de solow y swan ii	El modelo neoclásico de solow y swan ii	E:solow→solo/solos E:swan→sean/san/sían
2163	El modelo neoclásico de solow y swan i	El modelo neoclásico de solow y swan i	E:solow→solo/solos E:swan→sean/san/sían
2189	Syllabus 13 econometría i	Syllabus 13 econometría i	E:Syllabus→bullabesa E:econometría→cronometraría/trigonometría/economizaría
2232	Syllabus 16 econometría ii	Syllabus 16 econometría ii	E:Syllabus→bullabesa E:econometría→cronometraría/trigonometría/economizaría
2237	Modelos de variable dependiente limitada iii	Modelos de variable dependiente limitada iii	E:iii→inri
2247	Teoría de la regresión lineal con regresor único	Teoría de la regresión lineal con regresor único	E:regresor→regreso/regresar/regresos
2277	Syllabus 18 economía computacional	Syllabus 18 economía computacional	E:Syllabus→bullabesa
2278	El modelo neokeynesiano extensiones	El modelo neokeynesiano extensiones	E:neokeynesiano→magnesiano
2279	El modelo neokeynesiano	El modelo neokeynesiano	E:neokeynesiano→magnesiano
2281	El modelo neoclásico (cont. II)	El modelo neoclásico (cont. II)	E:cont→con/contó/conté
2283	El modelo neoclásico (cont. I)	El modelo neoclásico (cont. I)	E:cont→con/contó/conté
2284	Dynare	Dynare	E:Dynare→donare/drenare
2286	Introducción a matlab	Introducción a matlab	E:matlab→matula
2302	Syllabus 15 economía de los rrnn y medioambiente	Syllabus 15 economía de los rrnn y medioambiente	E:Syllabus→bullabesa E:rrnn→narran
2329	Syllabus 19 economía del desarrollo	Syllabus 19 economía del desarrollo	E:Syllabus→bullabesa
2370	Syllabus 21 teoría y política monetaria	Syllabus 21 teoría y política monetaria	E:Syllabus→bullabesa
2376	Tema 05 banca central e implementación de política monetaria iii	Tema 05 banca central e implementación de política monetaria iii	E:iii→inri
2381	Tema 03 el modelo neo keynesiano básico ii	Tema 03 el modelo neo keynesiano básico ii	E:keynesiano→magnesiano
2382	Tema 03 el modelo neo keynesiano básico i	Tema 03 el modelo neo keynesiano básico i	E:keynesiano→magnesiano
2384	Tema 02 el dinero en el modelo neoclásico iii	Tema 02 el dinero en el modelo neoclásico iii	E:iii→inri
2414	Syllabus 12 economía publica	Syllabus 12 economía publica	E:Syllabus→bullabesa
2442	Syllabus 22 evaluación social de proyectos	Syllabus 22 evaluación social de proyectos	E:Syllabus→bullabesa
2443	Metodologías de evaluación social de proyectos: evaluación contingente y evaluación hedónica	Metodologías de evaluación social de proyectos: evaluación contingente y evaluación hedónica	E:hedónica→hegemónica
2444	Metodologías de esp otras metodologías	Metodologías de esp otras metodologías	E:esp→eso/es/pes
2445	Metodologías de esp análisis costo efectividad	Metodologías de esp análisis costo efectividad	E:esp→eso/es/pes
2446	Metodologías de esp análisis costo beneficio	Metodologías de esp análisis costo beneficio	E:esp→eso/es/pes
2456	Introducción a la esp la inversión publica en América latina	Introducción a la esp la inversión publica en América latina	E:esp→eso/es/pes
2458	Introducción a la evaluación social de proyectos esp conceptos básicos	Introducción a la evaluación social de proyectos esp conceptos básicos	E:esp→eso/es/pes
2506	Syllabus 06 economía financiera i	Syllabus 06 economía financiera i	E:Syllabus→bullabesa
2509	El capm en la practica	El capm en la practica	E:capm→cap/capa/cape
2510	Del modelo de selección al capm	Del modelo de selección al capm	E:capm→cap/capa/cape
2515	La estructura temporal de los tipos de interés (etti)	La estructura temporal de los tipos de interés (etti)	E:etti→et ti/et-ti/etites
2525	Folleto acciones bbva	Folleto acciones bbva	E:bbva→brava
2526	Folleto acciones bankia	Folleto acciones bankia	E:bankia→baniano
2544	Syllabus 09 economía financiera ii	Syllabus 09 economía financiera ii	E:Syllabus→bullabesa
2553	La previsión de los cash flows de un proyecto de inversión empresarial ii	La previsión de los cash flows de un proyecto de inversión empresarial ii	E:cash→chas/casa/case E:flows→flojos
2554	La previsión de los cash flows de un proyecto de inversión empresarial i	La previsión de los cash flows de un proyecto de inversión empresarial i	E:cash→chas/casa/case E:flows→flojos
2555	La tir y otros criterios sencillos para la toma de decisiones	La tir y otros criterios sencillos para la toma de decisiones	E:tir→ti/ir/tira
2571	Syllabus 17 finanzas iii	Syllabus 17 finanzas iii	E:Syllabus→bullabesa E:iii→inri
2574	Medidas de performance clásicas	Medidas de performance clásicas	E:performance→permanecer/permanece
2575	Futuros swaps y estrategias de gestión del riesgo	Futuros swaps y estrategias de gestión del riesgo	E:swaps→sapas
2576	Mercados de futuros y forwards	Mercados de futuros y forwards	E:forwards→forzados
2577	Anomalías y behavioral finance	Anomalías y behavioral finance	E:behavioral→behaviorismo E:finance→financie/finan ce/finan-ce
2579	Modelos multifactoriales	Modelos multifactoriales	E:multifactoriales→multiculturales
2580	Modelo de valoración por arbitraje (apt)	Modelo de valoración por arbitraje (apt)	E:apt→pat/ap/apta
2582	Riesgo de tipo de interés e inmunización	Riesgo de tipo de interés e inmunización	E:inmunización→indemnización/incomunicación/humanización
2583	Hedge funds y otros activos alternativos	Hedge funds y otros activos alternativos	E:Hedge→heder E:funds→funda/fundas/fundes
2609	Syllabus 00 curso 0	Syllabus 00 curso 0	E:Syllabus→bullabesa
2617	Conceptos básicos para el análisis macroeconómico	Conceptos básicos para el análisis macroeconómico	E:macroeconómico→macro económico/macro-económico/socioeconómico
2650	Syllabus 14 macroeconomía dinámica	Syllabus 14 macroeconomía dinámica	E:Syllabus→bullabesa E:macroeconomía→macro economía/macro-economía/economizaría
2653	Tema 04 ciclos económicos modelo rbc	Tema 04 ciclos económicos modelo rbc	E:rbc→abc
2656	Tema 03 el gobierno sostenibilidad de los sistemas payg y equivalencia ricardiana	Tema 03 el gobierno sostenibilidad de los sistemas payg y equivalencia ricardiana	E:payg→paya/payo/pagaya E:ricardiana→anacardina/incardinar/sardiana
2677	Syllabus 04 macroeconomía i	Syllabus 04 macroeconomía i	E:Syllabus→bullabesa E:macroeconomía→macro economía/macro-economía/economizaría
2683	El medio plazo la curva de phillips la tasa natural de desempleo y la inflación	El medio plazo la curva de phillips la tasa natural de desempleo y la inflación	E:phillips→chillidos
2694	Syllabus 07 macroeconomía ii	Syllabus 07 macroeconomía ii	E:Syllabus→bullabesa E:macroeconomía→macro economía/macro-economía/economizaría
2721	Las expectativas la producción y la política macroeconómica	Las expectativas la producción y la política macroeconómica	E:macroeconómica→macro económica/macro-económica/socioeconómica
2725	Macroeconomía II: introducción	Macroeconomía II: introducción	E:Macroeconomía→macro economía/macro-economía/economizaría
2746	Syllabus 01 matemáticas i	Syllabus 01 matemáticas i	E:Syllabus→bullabesa
2750	Teoremas de derivabilidad	Teoremas de derivabilidad	E:derivabilidad→verificabilidad/variabilidad/inderogabilidad
2754	Derivabilidad	Derivabilidad	E:Derivabilidad→verificabilidad/variabilidad/inderogabilidad
2776	Syllabus 03 matemáticas ii	Syllabus 03 matemáticas ii	E:Syllabus→bullabesa
2791	El plano euclideo y el espacio tridimensional	El plano euclideo y el espacio tridimensional	E:euclideo→euclidiano
2819	Syllabus 10 matemáticas iii	Syllabus 10 matemáticas iii	E:Syllabus→bullabesa E:iii→inri
2820	Teoría del control optimo iii	Teoría del control optimo iii	E:iii→inri
2828	Programación dinámica iii	Programación dinámica iii	E:iii→inri
2831	Diagonalización de matrices	Diagonalización de matrices	E:Diagonalización→nacionalización/racionalización/regionalización
2862	Syllabus 20 microeconometria aplicada	Syllabus 20 microeconometria aplicada	E:Syllabus→bullabesa E:microeconometria→microelectrónica
2868	Variables instrumentales iii	Variables instrumentales iii	E:iii→inri
2871	Selección en observables matching o emparejamiento ii	Selección en observables matching o emparejamiento ii	E:matching→machina
2872	Selección en observables matching o emparejamiento i	Selección en observables matching o emparejamiento i	E:matching→machina
2877	S0 información importante practicas microeconometria aplicada	S0 información importante practicas microeconometria aplicada	E:microeconometria→microelectrónica
2878	S0 guía stata	S0 guía stata	E:stata→tata/tatas/sta
2907	Syllabus 02 microeconomía i	Syllabus 02 microeconomía i	E:Syllabus→bullabesa E:microeconomía→micro economía/micro-economía/economizaría
2908	La competencia monopolística y el oligopolio II	La competencia monopolística y el oligopolio II	E:monopolística→monopolista/monolítica/anomalística E:oligopolio→oligopólico/poligonal/polipodio
2909	La competencia monopolística y el oligopolio I	La competencia monopolística y el oligopolio I	E:monopolística→monopolista/monolítica/anomalística E:oligopolio→oligopólico/poligonal/polipodio
2921	Prolegomenos los elementos básicos de la oferta y demanda	Prolegomenos los elementos básicos de la oferta y demanda	E:Prolegomenos→prometernos
2950	Syllabus 05 microeconomía ii	Syllabus 05 microeconomía ii	E:Syllabus→bullabesa E:microeconomía→micro economía/micro-economía/economizaría
2955	Las decisiones intertemporales	Las decisiones intertemporales	E:intertemporales→intemporalidades/intemporalidad/interpersonales
2959	Fallos de mercado las externalidades	Fallos de mercado las externalidades	E:externalidades→externalizares/exterioridades/literalidades
2994	Syllabus 08 organización industrial	Syllabus 08 organización industrial	E:Syllabus→bullabesa
2996	Integración vertical y subcontratación de bienes y servicios	Integración vertical y subcontratación de bienes y servicios	E:subcontratación→contratación/contraprestación/constatación
3003	Modelos de diferenciación endógena	Modelos de diferenciación endógena	E:endógena→erógena
3004	Diferenciación de producto y competencia monopolística	Diferenciación de producto y competencia monopolística	E:monopolística→monopolista/monolítica/anomalística
3007	Colusión y carteles	Colusión y carteles	E:Colusión→oclusión/solución/colisión
3048	200+1 prompts para educación: guía para docentes innovadores	200+1 prompts para educación: guía para docentes innovadores	E:prompts→prometes
3050	La naturaleza y ámbito de la microeconomía	La naturaleza y ámbito de la microeconomía	E:microeconomía→micro economía/micro-economía/economizaría
3053	La teoría de la multiproducción	La teoría de la multiproducción	E:multiproducción→postproducción/preproducción
3061	Los fisiocratas	Los fisiocratas	E:fisiocratas→fisioterapias
3062	Adam smith y la economía política	Adam smith y la economía política	E:Adam→dama/amad/adama E:smith→semita
3063	El núcleo del pensamiento clásico david ricardo	El núcleo del pensamiento clásico david ricardo	E:david→David/da vid/da-vid E:ricardo→Ricardo/picardo/rica rdo
3065	Marx y la crítica de la economía política	Marx y la crítica de la economía política	E:Marx→mar/maro
3066	La revolución marginalista	La revolución marginalista	E:marginalista→margina lista/margina-lista/marginal
3067	Economía marginalistas: equilibrio monetario y teoría del interés	Economía marginalistas: equilibrio monetario y teoría del interés	E:marginalistas→margina listas/margina-listas/nominalistas
3069	Keynes: la teoría general del empleo, el interés y el dinero	Keynes: la teoría general del empleo, el interés y el dinero	E:Keynes→kermes
3071	El regreso a keynes	El regreso a keynes	E:keynes→kermes
3084	Distribución binomial y distribución normal	Distribución binomial y distribución normal	E:binomial→binomio/nominal/albino
3107	Introducción a la econometría: un enfoque moderno	Introducción a la econometría: un enfoque moderno	E:econometría→cronometraría/trigonometría/economizaría
3108	Cómo escribir un artículo con estilo apa. pautas y consejos	Cómo escribir un artículo con estilo apa. pautas y consejos	E:apa→ap/apea/arpa
3136	Cointegration	Cointegration	E:Cointegration→contingente
3137	Structural vars	Structural vars	E:Structural→estructural/estructura E:vars→vara/vas/varas
3138	Multivariate time series	Multivariate time series	E:Multivariate→cultivarte
3143	Var and cointegration	Var and cointegration	E:Var→car/bar/va E:and→ad/anda/ande E:cointegration→contingente
3145	Asymptotic theory	Asymptotic theory	E:Asymptotic→asintomático E:theory→trecheo
3155	Macroeconomía	Macroeconomía	E:Macroeconomía→macro economía/macro-economía/economizaría
3157	Modelos de crecimiento neoclásico y rbc	Modelos de crecimiento neoclásico y rbc	E:rbc→abc
3161	Modelos de crecimiento neoclásico y rbc	Modelos de crecimiento neoclásico y rbc	E:rbc→abc
3172	Las infraestructuras del mercado financiero en el Perú el rol del bcrp	Las infraestructuras del mercado financiero en el Perú el rol del bcrp	E:bcrp→crup
3175	El canvas del modelo de negocios	El canvas del modelo de negocios	E:canvas→cambas/canas/cavas
3183	Econometría, clase 4: cointegración	Econometría, clase 4: cointegración	E:Econometría→cronometraría/trigonometría/economizaría E:cointegración→integración/interrogación/congregación
3184	Econometría, clase 3: procesos estocásticos en series de tiempo II	Econometría, clase 3: procesos estocásticos en series de tiempo II	E:Econometría→cronometraría/trigonometría/economizaría
3185	Econometría, clase 2: inferencia y pruebas de hipótesis	Econometría, clase 2: inferencia y pruebas de hipótesis	E:Econometría→cronometraría/trigonometría/economizaría
3186	Econometría, clase 1: introducción	Econometría, clase 1: introducción	E:Econometría→cronometraría/trigonometría/economizaría
3199	Econometría 01 sesión 01	Econometría 01 sesión 01	E:Econometría→cronometraría/trigonometría/economizaría
3200	Econometría 01 sesión 02	Econometría 01 sesión 02	E:Econometría→cronometraría/trigonometría/economizaría
3201	Econometría 01 sesión 03	Econometría 01 sesión 03	E:Econometría→cronometraría/trigonometría/economizaría
3243	Eg i 2012 apendiceii	Eg i 2012 apendiceii	E:apendiceii→apéndice
3260	Oligopolio	Oligopolio	E:Oligopolio→oligopólico/poligonal/polipodio
3268	Swaps	Swaps	E:Swaps→sapas
3272	Intro mercados financieros	Intro mercados financieros	E:Intro→nitro/antro/entro
3279	Opción real valoración método binomial	Opción real valoración método binomial	E:binomial→binomio/nominal/albino
3282	Introducción al var	Introducción al var	E:var→car/bar/va
3283	Procesos estocásticos de wienner	Procesos estocásticos de wienner	E:wienner→perenne
3311	Oligopolio	Oligopolio	E:Oligopolio→oligopólico/poligonal/polipodio
3316	Pareto 02	Pareto 02	E:Pareto→parteo/patero/pareo
3317	Pareto 01	Pareto 01	E:Pareto→parteo/patero/pareo
3319	Elección intertemporal	Elección intertemporal	E:intertemporal→intemporalidad/temporalmente/temporalizar
3341	Aspectos intertemporales de la demanda de dinero	Aspectos intertemporales de la demanda de dinero	E:intertemporales→intemporalidades/intemporalidad/interpersonales
3342	Dinero en la función de utilidad miu model	Dinero en la función de utilidad miu model	E:miu→mi/mu/miau E:model→moled/modela/modele
3343	Shopping time model	Shopping time model	E:Shopping→pingajoso E:model→moled/modela/modele
3345	La teoría monetarista moderna de demanda de dinero	La teoría monetarista moderna de demanda de dinero	E:monetarista→monetaria/monetario/monometalista
3346	El modelo de portafolio de tobin de la demanda de dinero	El modelo de portafolio de tobin de la demanda de dinero	E:tobin→tobillo
3347	Demanda de dinero: enfoque de inventarios de baumol y tobin	Demanda de dinero: enfoque de inventarios de baumol y tobin	E:baumol→bautismo E:tobin→tobillo
3348	Teoría keynesiana de demanda de dinero	Teoría keynesiana de demanda de dinero	E:keynesiana→magnesiana
3354	Macroeconomía avanzada	Macroeconomía avanzada	E:Macroeconomía→macro economía/macro-economía/economizaría
3357	Modelo de ineficacia de sargent y wallace	Modelo de ineficacia de sargent y wallace	E:sargent→sargenta/sargente/sargento E:wallace→acallare
3358	La inversión intertemporal	La inversión intertemporal	E:intertemporal→intemporalidad/temporalmente/temporalizar
3359	El consumo intertemporal	El consumo intertemporal	E:intertemporal→intemporalidad/temporalmente/temporalizar
3360	Las expectativas adaptativas y racionales y la dinámica macroeconómica	Las expectativas adaptativas y racionales y la dinámica macroeconómica	E:macroeconómica→macro económica/macro-económica/socioeconómica
3361	Macroeconomía dinámica de una economía abierta y la sobre reacción del tipo de cambio	Macroeconomía dinámica de una economía abierta y la sobre reacción del tipo de cambio	E:Macroeconomía→macro economía/macro-economía/economizaría
3362	Modelo macroeconómico dinámico de argandona para una economía cerrada	Modelo macroeconómico dinámico de argandona para una economía cerrada	E:macroeconómico→macro económico/macro-económico/socioeconómico E:argandona→abandonar/arganda/galardonar
3364	La teoría keynesiana en la versión de sargent	La teoría keynesiana en la versión de sargent	E:keynesiana→magnesiana E:sargent→sargenta/sargente/sargento
3365	La teoría clásica en la versión de sargent	La teoría clásica en la versión de sargent	E:sargent→sargenta/sargente/sargento
3366	Evolución y estado actual de la macroeconomía	Evolución y estado actual de la macroeconomía	E:macroeconomía→macro economía/macro-economía/economizaría
3367	Modelos macroeconomicos estáticos	Modelos macroeconomicos estáticos	E:macroeconomicos→socioeconómicos
3369	Enfoque intertemporal de la cuenta corriente	Enfoque intertemporal de la cuenta corriente	E:intertemporal→intemporalidad/temporalmente/temporalizar
3370	Enfoque intertemporal del sector publico	Enfoque intertemporal del sector publico	E:intertemporal→intemporalidad/temporalmente/temporalizar
3379	Índice de Macroeconomía II	Índice de Macroeconomía II	E:Macroeconomía→macro economía/macro-economía/economizaría
3381	El modelo keynesiano	El modelo keynesiano	E:keynesiano→magnesiano
3382	Historia de la macroeconomía	Historia de la macroeconomía	E:macroeconomía→macro economía/macro-economía/economizaría
3385	La nueva macroeconomía clásica	La nueva macroeconomía clásica	E:macroeconomía→macro economía/macro-economía/economizaría
3386	El monetarismo moderno	El monetarismo moderno	E:monetarismo→monetario/monometalismo/sedentarismo
3387	La síntesis neoclásica keynesiana	La síntesis neoclásica keynesiana	E:keynesiana→magnesiana
3388	La teoría keynesiana da oa	La teoría keynesiana da oa	E:keynesiana→magnesiana
3389	La teoría keynesiana is lm	La teoría keynesiana is lm	E:keynesiana→magnesiana
3390	La macroeconomía clásica o neoclásica de corto plazo	La macroeconomía clásica o neoclásica de corto plazo	E:macroeconomía→macro economía/macro-economía/economizaría
3392	Introducción a macroeconomía	Introducción a macroeconomía	E:macroeconomía→macro economía/macro-economía/economizaría
3393	Índice de Macroeconomía I	Índice de Macroeconomía I	E:Macroeconomía→macro economía/macro-economía/economizaría
3394	Introducción a la macroeconomía	Introducción a la macroeconomía	E:macroeconomía→macro economía/macro-economía/economizaría
3395	Friedman y los monetaristas	Friedman y los monetaristas	E:Friedman→friera E:monetaristas→monetarias/monetarios/monometalistas
3402	Gobierno y el rols del estado	Gobierno y el rols del estado	E:rols→rola/rol/ros
3433	El formato i(at) mryd	El formato i(at) mryd	E:mryd→mayad
3452	Software dynare	Software dynare	E:dynare→donare/drenare
3453	Modelo nek estándar	Modelo nek estándar	E:nek→ne/nea/neo
3454	Nueva economía keynesiana	Nueva economía keynesiana	E:keynesiana→magnesiana
3455	Rbc en una economía abierta	Rbc en una economía abierta	E:Rbc→abc
3456	Modelo de mehra y prescott	Modelo de mehra y prescott	E:mehra→mera/meara/metra E:prescott→prescrito
3457	Modelo de cooley hansen	Modelo de cooley hansen	E:cooley→coleto E:hansen→cansen/han sen/han-sen
3458	Modelo hansen	Modelo hansen	E:hansen→cansen/han sen/han-sen
3459	Modelo rbc en dynare	Modelo rbc en dynare	E:rbc→abc E:dynare→donare/drenare
3460	Panorama de los modelos rbc	Panorama de los modelos rbc	E:rbc→abc
3461	Introducción al equilibrio general dinámico macroeconómico	Introducción al equilibrio general dinámico macroeconómico	E:macroeconómico→macro económico/macro-económico/socioeconómico
3487	Análisis de componentes principales (pca)	Análisis de componentes principales (pca)	E:pca→oca/ca/paca
3490	Introducción a la estadística multivariante	Introducción a la estadística multivariante	E:multivariante→tumultuariamente
3494	Introducción a la estadística bayesiana	Introducción a la estadística bayesiana	E:bayesiana→silesiana
3502	Teoría macroeconómica i	Teoría macroeconómica i	E:macroeconómica→macro económica/macro-económica/socioeconómica
3508	Fundamentos microeconomicos de la inversión	Fundamentos microeconomicos de la inversión	E:microeconomicos→socioeconómicos/microscópicos/cromodinámicos
3509	Introducción a los problemas macroeconomicos fundamentales	Introducción a los problemas macroeconomicos fundamentales	E:macroeconomicos→socioeconómicos
3510	Fundamentos microeconomicos del consumo	Fundamentos microeconomicos del consumo	E:microeconomicos→socioeconómicos/microscópicos/cromodinámicos
3515	Propiedades en muestras finitas del estimador mco propiedades de muestra finitas	Propiedades en muestras finitas del estimador mco propiedades de muestra finitas	E:mco→maco/meco/moco
3517	Propiedades en muestras infinitas del estimador mco	Propiedades en muestras infinitas del estimador mco	E:mco→maco/meco/moco
3521	Problemas de endogeneidad	Problemas de endogeneidad	E:endogeneidad→homogeneidad/heterogeneidad/generosidad
3524	Modelo general de regresión lineal permitiendo heterocedasticidad en los errores	Modelo general de regresión lineal permitiendo heterocedasticidad en los errores	E:heterocedasticidad→heterosexualidad
3525	Análisis univariado: regresiones con series de tiempo	Análisis univariado: regresiones con series de tiempo	E:univariado→variado
3526	Análisis univariado i: cointegración unicuacional	Análisis univariado i: cointegración unicuacional	E:univariado→variado E:cointegración→integración/interrogación/congregación E:unicuacional→comunicacional/ocupacional/fundacional
3527	Análisis univariado i: paseo aleatorio y test de raíz unitaria	Análisis univariado i: paseo aleatorio y test de raíz unitaria	E:univariado→variado
3528	Análisis univariado i: autocorrelación, estacionariedad y modelos arma	Análisis univariado i: autocorrelación, estacionariedad y modelos arma	E:univariado→variado E:autocorrelación→auto correlación/auto-correlación/autorregulación E:estacionariedad→estacionalidad/estacionario
3529	Análisis univariado i: proyecciones con modelos arma	Análisis univariado i: proyecciones con modelos arma	E:univariado→variado
3530	Análisis multivariado i: modelos var y svar	Análisis multivariado i: modelos var y svar	E:multivariado→multicopiado E:var→car/bar/va E:svar→ovar/vasar
3531	Análisis multivariado: simulaciones con modelos var	Análisis multivariado: simulaciones con modelos var	E:multivariado→multicopiado E:var→car/bar/va
3534	Modelos de selección discreta probit y logit bondad de ajuste	Modelos de selección discreta probit y logit bondad de ajuste	E:probit→pro bit/pro-bit/oprobio E:logit→logia/logis
3535	Modelos de selección discreta probit y logit variable dep	Modelos de selección discreta probit y logit variable dep	E:probit→pro bit/pro-bit/oprobio E:logit→logia/logis E:dep→de/der/rep
3536	Modelos de selección discreta probit y logit: modelo de probabilidad lineal	Modelos de selección discreta probit y logit: modelo de probabilidad lineal	E:probit→pro bit/pro-bit/oprobio E:logit→logia/logis
3537	Modelos de selección discreta probit y logit modelo d	Modelos de selección discreta probit y logit modelo d	E:probit→pro bit/pro-bit/oprobio E:logit→logia/logis
3540	Modelos fraccionados transformación log odds	Modelos fraccionados transformación log odds	E:log→gol/lo/logo E:odds→odas
3541	Modelos multinomiales y ordenados variable dependiente no ordenada	Modelos multinomiales y ordenados variable dependiente no ordenada	E:multinomiales→multinacionales
3542	Modelos multinomiales y ordenados presentación del modelo multinomial	Modelos multinomiales y ordenados presentación del modelo multinomial	E:multinomiales→multinacionales E:multinomial→multinacional
3543	Modelos multinomiales y ordenados variable dependiente ordenada	Modelos multinomiales y ordenados variable dependiente ordenada	E:multinomiales→multinacionales
3553	Modelo de bolona y klein	Modelo de bolona y klein	E:bolona→bolina/borona/colona E:klein→kelvin
3568	Introducción a la econometría bayesiana	Introducción a la econometría bayesiana	E:econometría→cronometraría/trigonometría/economizaría E:bayesiana→silesiana
3570	Simulación y estimación bayesiana	Simulación y estimación bayesiana	E:bayesiana→silesiana
3576	Introducción a los experimentos aleatorios aleatorización	Introducción a los experimentos aleatorios aleatorización	E:aleatorización→autorización/monitorización/exteriorización
3577	Modelo de emparejamiento introducción al psm	Modelo de emparejamiento introducción al psm	E:psm→psi/pum
3578	Modelo de emparejamiento implementación del psm	Modelo de emparejamiento implementación del psm	E:psm→psi/pum
3579	Modelo de emparejamiento teoría del psm	Modelo de emparejamiento teoría del psm	E:psm→psi/pum
3580	Modelo de emparejamiento implementación del psm	Modelo de emparejamiento implementación del psm	E:psm→psi/pum
3582	Regresión discontinua sharp vs fuzzy	Regresión discontinua sharp vs fuzzy	E:sharp→harpa E:fuzzy→fugaz
3584	Analizando papers con rdd usando stata y r	Analizando papers con rdd usando stata y r	E:papers→papees/papera/papes E:rdd→red/rdo/rvd E:stata→tata/tatas/sta
3587	Introducción a la programación con eviews	Introducción a la programación con eviews	E:eviews→evitas
3684	¿Qué tan difícil es programar? HTML, CSS y JavaScript	¿Qué tan difícil es programar? HTML, CSS y JavaScript	E:JavaScript→suscriptor
3685	Estructura html	Estructura html	E:html→light
3687	Introducción html css java script	Introducción html css java script	E:html→light E:css→ss/ces E:script→rescripto
3688	Introducción al latex	Introducción al látex	T:latex→látex
3689	Latex y matemática	Látex y matemática	T:Latex→látex
3690	Latex como editor de texto	Látex como editor de texto	T:Latex→látex
3691	Latex y referencias	Látex y referencias	T:Latex→látex
3692	Presentaciones en beamer	Presentaciones en beamer	E:beamer→bermejea/berrea
3693	Tiks	Tiks	E:Tiks→kits/tics/tisis
3697	Teoría del consumo iii	Teoría del consumo iii	E:iii→inri
3701	Modelos mundell fleming	Modelos mundell fleming	E:mundell→rundel E:fleming→feminela
3712	Precios rígidos y curva de phillips	Precios rígidos y curva de phillips	E:phillips→chillidos
3727	Monopolio y modelos de oligopolio	Monopolio y modelos de oligopolio	E:oligopolio→oligopólico/poligonal/polipodio
3732	Introducción al mundo de bi y la suite power conceptos básicos	Introducción al mundo de bi y la suite power conceptos básicos	E:power→poner/poder
3733	Power query proceso etl	Power query proceso etl	E:Power→poner/poder E:query→quera/querer E:etl→tel/et/el
3734	Proceso etl 2	Proceso etl 2	E:etl→tel/et/el
3735	Power pivot modelo de datos	Power pívot modelo de datos	E:Power→poner/poder T:pivot→pívot
3737	Lenguaje de análisis de datos dax columnas campos calculados	Lenguaje de análisis de datos dax columnas campos calculados	E:dax→fax/da/ax
3752	Informe de actividades en ccasanjay	Informe de actividades en ccasanjay	E:ccasanjay→sanjacado
3766	Manual de lectura, escritura y oralidad académicas para ingresantes a la universidad	Manual de lectura, escritura y oralidad académicas para ingresantes a la universidad	E:oralidad→moralidad/corporalidad/mortalidad E:ingresantes→ingresan tes/ingresan-tes/interesantes
3797	La crisis internacional y los desbalances globales	La crisis internacional y los desbalances globales	E:desbalances→des balances/des-balances/desbancares
3799	Flujo de capitales y manejo macroeconómico	Flujo de capitales y manejo macroeconómico	E:macroeconómico→macro económico/macro-económico/socioeconómico
3800	Del decoupling al recoupling los canales de transmisión de la crisis internacional	Del decoupling al recoupling los canales de transmisión de la crisis internacional	E:decoupling→decuplica E:recoupling→reconcilia
3804	Syllabus macroeconomía	Syllabus macroeconomía	E:Syllabus→bullabesa E:macroeconomía→macro economía/macro-economía/economizaría
3824	Instrucciones para el uso del programa eviews	Instrucciones para el uso del programa eviews	E:eviews→evitas
3825	Teoría econometrica	Teoría econometrica	E:econometrica→trigonométrica
3828	Introducción a la econometría	Introducción a la econometría	E:econometría→cronometraría/trigonometría/economizaría
3829	Series tiempo modelos programación en eviews	Series tiempo modelos programación en eviews	E:eviews→evitas
3830	Modelos arch programación en eviews	Modelos arch programación en eviews	E:arch→archa/arché/arca E:eviews→evitas
3831	Modelo de ecuaciones simultaneas programación en eviews	Modelo de ecuaciones simultaneas programación en eviews	E:eviews→evitas
3833	Modelos de elección discreta (logit y probit)	Modelos de elección discreta (logit y probit)	E:logit→logia/logis E:probit→pro bit/pro-bit/oprobio
3835	Econometría 02	Econometría 02	E:Econometría→cronometraría/trigonometría/economizaría
3836	Programación eviews 02	Programación eviews 02	E:eviews→evitas
3837	Programación eviews 01	Programación eviews 01	E:eviews→evitas
3838	Introducción a la programación en eviews	Introducción a la programación en eviews	E:eviews→evitas
3844	Multicolinealidad	Multicolinealidad	E:Multicolinealidad→multiculturalidad
3846	Econometría 01	Econometría 01	E:Econometría→cronometraría/trigonometría/economizaría
3847	Regresión lineal en eviews	Regresión lineal en eviews	E:eviews→evitas
3848	Programación orientado a objetos en eviews	Programación orientado a objetos en eviews	E:eviews→evitas
3851	Programación econometrica en eviews	Programación econometrica en eviews	E:econometrica→trigonométrica E:eviews→evitas
3939	Heterocedasticidad	Heterocedasticidad	E:Heterocedasticidad→heterosexualidad
3941	Temas adicionales del modelo lineal (wooldridge cap. 5 y 6)	Temas adicionales del modelo lineal (wooldridge cap. 5 y 6)	E:wooldridge→
3958	El socialismo asociacionista	El socialismo asociacionista	E:asociacionista→asociacionismo/desviacionista/aislacionista
3989	Escuela keynesiana	Escuela keynesiana	E:keynesiana→magnesiana
4028	Modelo mundell fleming is lm para una economía abierta	Modelo mundell fleming is lm para una economía abierta	E:mundell→rundel E:fleming→feminela
4047	El modelo de harrod domar	El modelo de harrod domar	E:harrod→arrodear
4050	Modelo de lucas	Modelo de lucas	E:lucas→luxas/lucras/lucias
4051	Modelo de romer	Modelo de romer	E:romer→roer/romera/romero
4052	El modelo de harrod domar	El modelo de harrod domar	E:harrod→arrodear
4053	El modelo de solow básico	El modelo de solow básico	E:solow→solo/solos
4055	El modelo de malthus	El modelo de malthus	E:malthus→maltas
4119	Modelo canvas	Modelo canvas	E:canvas→cambas/canas/cavas
4138	Proyecto de inversión planta empacadora de frutas para exportación en el distrito de tambogrande - piura	Proyecto de inversión planta empacadora de frutas para exportación en el distrito de tambogrande - piura	E:tambogrande→grandemente E:piura→pira/pura/piara
4140	Plan de negocios de servicio de coaching para mujeres	Plan de negocios de servicio de coaching para mujeres	E:coaching→chinga
4150	Eduscrum	Eduscrum	E:Eduscrum→descerruma
4157	Modelo de negocio canvas	Modelo de negocio canvas	E:canvas→cambas/canas/cavas
4159	Modelo canvas	Modelo canvas	E:canvas→cambas/canas/cavas
4168	Escenarios económicos post elecciones	Escenarios económicos post elecciones	E:post→pos/posta/poste
4170	Habilidades gerenciales iii	Habilidades gerenciales iii	E:gerenciales→gerencia les/gerencia-les/referenciales E:iii→inri
4171	Habilidades gerenciales ii	Habilidades gerenciales ii	E:gerenciales→gerencia les/gerencia-les/referenciales
4172	Habilidades gerenciales i	Habilidades gerenciales i	E:gerenciales→gerencia les/gerencia-les/referenciales
4196	Costo de capital iii	Costo de capital iii	E:iii→inri
4216	Snip aspectos generales	Snip aspectos generales	E:Snip→nipa
4256	Slide 01 sistema nacional de programación multianual y gestión de inversiones	Slide 01 sistema nacional de programación multianual y gestión de inversiones	E:Slide→solide/lides/elide E:multianual→multinacional
4257	Programación multianual de inversiones 2022-2024	Programación multianual de inversiones 2022-2024	E:multianual→multinacional
4312	Geografía, población, e idiomas en el asia oriental	Geografía, población, e idiomas en el asía oriental	T:asia→asía
4313	Colonización occidental, invasión japonesa y asia después de la posguerra	Colonización occidental, invasión japonesa y asía después de la posguerra	T:asia→asía
4317	Geografía, población, e idiomas en el asia oriental introducción	Geografía, población, e idiomas en el asía oriental introducción	T:asia→asía
4329	Modelos de kaldor y pasinetti	Modelos de kaldor y pasinetti	E:kaldor→aldorta E:pasinetti→patinete
4337	Los modelos keynesianos de harrod y domar	Los modelos keynesianos de harrod y domar	E:keynesianos→magnesianos E:harrod→arrodear
4338	El modelo neoclásico de solow swan	El modelo neoclásico de solow swan	E:solow→solo/solos E:swan→sean/san/sían
4340	Modelo de ramsey cass koopmans	Modelo de ramsey cass koopmans	E:ramsey→ramera E:cass→casa/casas/cases E:koopmans→manoplas
4341	Modelo de generaciones de diamond	Modelo de generaciones de diamond	E:diamond→monodia/dinamo
4342	Teoría del crecimiento endógeno	Teoría del crecimiento endógeno	E:endógeno→andrógeno/erógeno
4343	Teoría del crecimiento endógeno: primera generación	Teoría del crecimiento endógeno: primera generación	E:endógeno→andrógeno/erógeno
4347	Teoría del crecimiento endógeno: segunda generación	Teoría del crecimiento endógeno: segunda generación	E:endógeno→andrógeno/erógeno
4357	Walsh small open economics	Walsh small open economics	E:Walsh→halls E:small→alisma E:open→pone/sopen/copen E:economics→economices/economice/economicé
4365	Crecimiento y rbc	Crecimiento y rbc	E:rbc→abc
4366	Curva phillips, oferta agregada, reglas de política monetaria	Curva phillips, oferta agregada, reglas de política monetaria	E:phillips→chillidos
4368	Evolución de la economía y política macroeconomicas	Evolución de la economía y política macroeconomicas	E:macroeconomicas→socioeconómicas
4380	La enseñanza de macroeconomía en los programas de pregrado en el Perú	La enseñanza de macroeconomía en los programas de pregrado en el Perú	E:macroeconomía→macro economía/macro-economía/economizaría E:pregrado→pregonado/degradado/degrado
4383	Política monetaria en chile	Política monetaria en chile	E:chile→Chile/hile/chirle
4385	Mercado cambiario internacional	Mercado cambiario internacional	E:cambiario→cambiarlo/cambia rio/cambia-rio
4389	Acumulación de capital y crecimiento (II). El modelo de Solow	Acumulación de capital y crecimiento (II). El modelo de Solow	E:Solow→solo/solos
4391	Dolarización financiera	Dolarización financiera	E:Dolarización→polarización/escolarización
4392	Expectativas y política macroeconómica	Expectativas y política macroeconómica	E:macroeconómica→macro económica/macro-económica/socioeconómica
4397	Juegos bayesianos y aplicaciones subastas	Juegos bayesianos y aplicaciones subastas	E:bayesianos→silesianos/banianos/babianos
4405	La nueva macroeconomía clásica	La nueva macroeconomía clásica	E:macroeconomía→macro economía/macro-economía/economizaría
4406	Campo y método de la macroeconomía: definiciones y conceptos básicos	Campo y método de la macroeconomía: definiciones y conceptos básicos	E:macroeconomía→macro economía/macro-economía/economizaría
4410	Modelo de la síntesis neoclásica-keynesiana	Modelo de la síntesis neoclásica-keynesiana	E:keynesiana→magnesiana
4413	La escuela monetarista	La escuela monetarista	E:monetarista→monetaria/monetario/monometalista
4416	Modelo keynesiano conceptos	Modelo keynesiano conceptos	E:keynesiano→magnesiano
4420	Value at risk (var)	Value at risk (var)	T?:Value→valué/valúe E:risk→risa/riso E:var→car/bar/va
4421	Forwards y futuros i introducción	Forwards y futuros i introducción	E:Forwards→forzados
4422	Forwards y futuros ii formación de precios y aplicaciones prácticas	Forwards y futuros ii formación de precios y aplicaciones prácticas	E:Forwards→forzados
4425	Opciones iii estrategias especulativas utilizando opciones	Opciones iii estrategias especulativas utilizando opciones	E:iii→inri
4433	Elección intertemporal e incertidumbre	Elección intertemporal e incertidumbre	E:intertemporal→intemporalidad/temporalmente/temporalizar
4434	Microeconomía: teoría de juegos y modelos de oligopolio	Microeconomía: teoría de juegos y modelos de oligopolio	E:Microeconomía→micro economía/micro-economía/economizaría E:oligopolio→oligopólico/poligonal/polipodio
4438	Microeconomics general equilibrium and externalities	Microeconomics general equilibrium and externalities	E:Microeconomics→microelectrónicas E:equilibrium→equilibrismo/equilibrio/equilibrar E:and→ad/anda/ande E:externalities→externalizares/externalizas/externalizar
4439	Microeconomía: bienes públicos y asimetría de la información	Microeconomía: bienes públicos y asimetría de la información	E:Microeconomía→micro economía/micro-economía/economizaría
4440	Microeconomía: teoría del consumidor II	Microeconomía: teoría del consumidor II	E:Microeconomía→micro economía/micro-economía/economizaría
4519	Coste viaje prestige	Coste viaje prestige	E:prestige→prestigie/prestigiare/prestigio
4520	Valoración contingente y coste del viatge en el medio rural	Valoración contingente y coste del viatge en el medio rural	E:viatge→viatica
4522	Impacto del ruido urbano en el valor de los departamentos nuevos: un estudio de precio hedónico aplicado a bienes ambientales	Impacto del ruido urbano en el valor de los departamentos nuevos: un estudio de precio hedónico aplicado a bienes ambientales	E:hedónico→hegemónico
4525	Data visualization	Data visualization	E:visualization→visualizan/visualiza
4534	Introducción al lenguaje y editor vba	Introducción al lenguaje y editor vba	E:vba→va/vea/iba
4537	Funciones en vba	Funciones en vba	E:vba→va/vea/iba
4542	Finanzas pymex	Finanzas pymex	E:pymex→mexica
4565	Inversión de matrices por el método de gauss y jordan	Inversión de matrices por el método de gauss y jordán	E:gauss→gaussiano T:jordan→jordán
4566	El sistema explicito de un pplc	El sistema explicito de un pplc	E:pplc→ppal
4570	Soluciones iniciales de un pplc	Soluciones iniciales de un pplc	E:pplc→ppal
4571	Método simplex con tablas	Método simplex con tablas	E:simplex→simple/simples
4572	Forma general de un ppl	Forma general de un ppl	E:ppl→pol/pp/pl
4575	Problemas de transporte prueba de optimalidad	Problemas de transporte prueba de optimalidad	E:optimalidad→optimad
4580	Syllabus finanzas internacionales	Syllabus finanzas internacionales	E:Syllabus→bullabesa
4581	Syllabus finanzas internacionales	Syllabus finanzas internacionales	E:Syllabus→bullabesa
8520	Econometría: definición, preguntas y datos	Econometría: definición, preguntas y datos	E:Econometría→cronometraría/trigonometría/economizaría
8522	Muestreo aleatorio y distribución del promedio muestral	Muestreo aleatorio y distribución del promedio muestral	E:muestral→muestra/maestral/muestran
8526	Modelo de vectores autorregresivos	Modelo de vectores autorregresivos	E:autorregresivos→autor regresivos/autor-regresivos/autocorrectivos
8528	Análisis de series de tiempo, modelos univariados	Análisis de series de tiempo, modelos univariados	E:univariados→voluntariados/univocados/variados
8531	Estimación de los modelos arima	Estimación de los modelos arima	E:arima→aroma/aria/arma
8533	Microeconomía y conducta	Microeconomía y conducta	E:Microeconomía→micro economía/micro-economía/economizaría
8539	Modelo estándar neokeynesiano para economía cerrada	Modelo estándar neokeynesiano para economía cerrada	E:neokeynesiano→magnesiano
8550	Inestabilidad y crisis macroeconomicas	Inestabilidad y crisis macroeconomicas	E:macroeconomicas→socioeconómicas
8551	Política monetaria y cambiaria alcances y limitaciones del sistema financiero	Política monetaria y cambiaría alcances y limitaciones del sistema financiero	T:cambiaria→cambiaría
8573	Las políticas exitosas de ied en América latina y elcaribe	Las políticas exitosas de ied en América latina y elcaribe	E:ied→id/ed/red E:elcaribe→el caribe/el-caribe/caribello
8575	Aplicaciones econometricas	Aplicaciones econometricas	E:econometricas→trigonométricas/cronometraras/cronometras
8577	Métodos de estimación objeto equatio objeto table	Métodos de estimación objeto equatio objeto table	E:equatio→equitativo
8582	Unsupervised learning	Unsupervised learning	E:Unsupervised→supervisad E:learning→ingletear
8585	Getting ready for text analytics	Getting ready for text analytics	E:Getting→tinge E:ready→redada E:for→fo/foro/flor E:text→texto/test/textil E:analytics→analíticas
8586	Text mining: sentiment analysis visualización de datos	Text mining: sentiment analysis visualización de datos	E:Text→texto/test/textil E:mining→minina/minino/minga E:sentiment→sentimental/sentimiento/sentidamente E:analysis→analista
8590	El modelo de crecimiento de solow-swan	El modelo de crecimiento de solow-swan	E:solow→solo/solos E:swan→sean/san/sían
8591	El modelo de solow aumentado con capital humano	El modelo de solow aumentado con capital humano	E:solow→solo/solos
8592	El modelo de cambio tecnológico endógeno	El modelo de cambio tecnológico endógeno	E:endógeno→andrógeno/erógeno
8613	Modelos autoregresivos de media móvil (arma)	Modelos autoregresivos de media móvil (arma)	E:autoregresivos→auto regresivos/auto-regresivos/autocorrectivos
8620	Vectores auto-regresivos (var)	Vectores auto-regresivos (var)	E:var→car/bar/va
8621	Cointegración y vector de corrección de errores (vecm) preliminar	Cointegración y vector de corrección de errores (vecm) preliminar	E:Cointegración→integración/interrogación/congregación E:vecm→vece/vecé/ve cm
8623	Macroeconometría	Macroeconometría	E:Macroeconometría→cronometradora
8689	Scn en Uruguay	Scn en Uruguay	E:Scn→san/sen/son
8705	Econometría i con eviews	Econometría i con eviews	E:Econometría→cronometraría/trigonometría/economizaría E:eviews→evitas
8706	Modelo lineal general con eviews	Modelo lineal general con eviews	E:eviews→evitas
8717	Monitoreo y evaluación de proyectos	Monitoreo y evaluación de proyectos	E:Monitoreo→monitorio/monitores/monitorizo
8757	Coevaluación de trabajo de integrantes del equipo	Coevaluación de trabajo de integrantes del equipo	E:Coevaluación→autoevaluación/evaluación/valuación
8760	Cálculo actuarial o matemática del seguro	Cálculo actuarial o matemática del seguro	E:actuarial→actuaria/actuarias/actualizar
8776	Laboratorios de pruebas (CyberSOC)	Laboratorios de pruebas (CyberSOC)	E:CyberSOC→converso
8777	Bitácora del curso (CyberSOC)	Bitácora del curso (CyberSOC)	E:CyberSOC→converso
8779	Syllabus ciberseguridad cybersoc (ccs)	Syllabus ciberseguridad cybersoc (ccs)	E:Syllabus→bullabesa E:ciberseguridad→regularidad E:cybersoc→converso E:ccs→ces
8780	Laboratorios de pruebas (Ethical Hacking)	Laboratorios de pruebas (Ethical Hacking)	E:Ethical→metical E:Hacking→hacina
8782	Bitácora del curso (Ethical Hacking)	Bitácora del curso (Ethical Hacking)	E:Ethical→metical E:Hacking→hacina
8784	Scan meta2	Scan meta2	E:Scan→san/can/sacan
8785	Scan meta3	Scan meta3	E:Scan→san/can/sacan
8786	Syllabus ciberseguridad ethical hacking (ceh)	Syllabus ciberseguridad ethical hacking (ceh)	E:Syllabus→bullabesa E:ciberseguridad→regularidad E:ethical→metical E:hacking→hacina E:ceh→che/ce/ch
8793	Syllabus	Syllabus	E:Syllabus→bullabesa
8797	Análisis de variabilidad de procesos: usando software minitab	Análisis de variabilidad de procesos: usando software minitab	E:minitab→minimista
8798	Análisis de capacidad de procesos: usando software minitab	Análisis de capacidad de procesos: usando software minitab	E:minitab→minimista
8799	Syllabus gestión por procesos	Syllabus gestión por procesos	E:Syllabus→bullabesa
8800	Latex primeros pasos	Látex primeros pasos	T:Latex→látex
8806	Guía: normas apa	Guía: normas apa	E:apa→ap/apea/arpa
8807	Símbolos matemáticos en latex	Símbolos matemáticos en látex	T:latex→látex
8808	Syllabus latex	Syllabus látex	E:Syllabus→bullabesa T:latex→látex
8817	Gestión publica con enfoque macroeconómico	Gestión publica con enfoque macroeconómico	E:macroeconómico→macro económico/macro-económico/socioeconómico
8825	Fase de programación multianual de inversiones	Fase de programación multianual de inversiones	E:multianual→multinacional
8826	Sistema de programación multianual y gestión de las inversiones	Sistema de programación multianual y gestión de las inversiones	E:multianual→multinacional
8835	Organización y funcionamiento de los gobiernos sub nacionales	Organización y funcionamiento de los gobiernos sub nacionales	E:sub→bus/su/suba
8850	Resumen metodológico para la medición del pbi por departamentos	Resumen metodológico para la medición del pbi por departamentos	E:pbi→pi/psi/Ibi
8863	Introducción y matriz de transacciones intersectoriales sin gobierno	Introducción y matriz de transacciones intersectoriales sin gobierno	E:intersectoriales→inspectoriales/intersticiales/interpersonales
8864	Matriz de transacciones intersectoriales con gobierno y scn	Matriz de transacciones intersectoriales con gobierno y scn	E:intersectoriales→inspectoriales/intersticiales/interpersonales E:scn→san/sen/son
8876	Modelo input-output: modelo de demanda	Modelo input-output: modelo de demanda	E:input→inmuta E:output→puto
8883	Que estudia la macroeconomía	Que estudia la macroeconomía	E:macroeconomía→macro economía/macro-economía/economizaría
8889	Versión simplificada del scn 93	Versión simplificada del scn 93	E:scn→san/sen/son
8892	El riesgo cambiario y la decisión de los agentes económicos	El riesgo cambiario y la decisión de los agentes económicos	E:cambiario→cambiarlo/cambia rio/cambia-rio
8919	Competencia en cantidades modelo de cournot	Competencia en cantidades modelo de cournot	E:cournot→coturno/nocturno
8921	El modelo de stackelberg	El modelo de stackelberg	E:stackelberg→albergadura
8922	Competencia en precios modelo de bertrand	Competencia en precios modelo de bertrand	E:bertrand→benditera
8923	Competencia en precios con restricciones de capacidad - solución de edgeworth	Competencia en precios con restricciones de capacidad - solución de edgeworth	E:edgeworth→
8924	Modelo de spence dixit	Modelo de spence dixit	E:spence→encespede/encepe/encrespe E:dixit→dix
8925	Colusión tácita: juegos repetidos	Colusión tácita: juegos repetidos	E:Colusión→oclusión/solución/colisión
8926	La ciudad lineal – modelo de hotelling	La ciudad lineal – modelo de hotelling	E:hotelling→lingote
8927	La ciudad circular – el modelo de salop	La ciudad circular – el modelo de salop	E:salop→palos/salo/salep
8952	Modelo de boloña	Modelo de boloña	E:boloña→boloñés
8953	El estado actual de la teoría macroeconómica	El estado actual de la teoría macroeconómica	E:macroeconómica→macro económica/macro-económica/socioeconómica
8959	Intervención cambiaria en el Perú 2007 a 2013	Intervención cambiaría en el Perú 2007 a 2013	T:cambiaria→cambiaría
8961	Flujo de capitales política monetaria e intervención cambiaria en el Perú	Flujo de capitales política monetaria e intervención cambiaría en el Perú	T:cambiaria→cambiaría
8963	De metas monetarias a metas de inflación en una economía con dolarización parcial: el caso peruano	De metas monetarias a metas de inflación en una economía con dolarización parcial: el caso peruano	E:dolarización→polarización/escolarización
8969	Política monetaria en una economía con dolarización parcial	Política monetaria en una economía con dolarización parcial	E:dolarización→polarización/escolarización
8970	Reformas estructurales política macroeconómica Perú: 1990-96	Reformas estructurales política macroeconómica Perú: 1990-96	E:macroeconómica→macro económica/macro-económica/socioeconómica
8976	La curva de phillips en México: ¿existe una relación de largo plazo entre la inflación y la brecha del producto?	La curva de phillips en México: ¿existe una relación de largo plazo entre la inflación y la brecha del producto?	E:phillips→chillidos
8991	Desempleo involuntario síntesis neoclásica: la teoría de patinkin	Desempleo involuntario síntesis neoclásica: la teoría de patinkin	E:patinkin→patinan/patina
8993	La ley de okun en el Perú: 1970-2000	La ley de okun en el Perú: 1970-2000	E:okun→okupan
8996	Laa naturaleza del mercado laboral	Laa naturaleza del mercado laboral	E:Laa→ala/las/la
9001	Relación entre la inflación y el desempleo: una aplicación de la curva de phillips para ecuador, latinoamérica y el mundo	Relación entre la inflación y el desempleo: una aplicación de la curva de phillips para ecuador, latinoamérica y el mundo	E:phillips→chillidos
9008	Inflation and unemployment	Inflation and unemployment	E:Inflation→inflamatorio E:and→ad/anda/ande E:unemployment→impunemente
9023	Una discusión sobre la curva de phillips de friedman y la tasa natural de desempleo	Una discusión sobre la curva de phillips de friedman y la tasa natural de desempleo	E:phillips→chillidos E:friedman→friera
9030	La neutralidad del dinero y la dicotomía clásica en la macroeconomía	La neutralidad del dinero y la dicotomía clásica en la macroeconomía	E:macroeconomía→macro economía/macro-economía/economizaría
9037	Financial modeling glossary and relevant formulas	Financial modeling glossary and relevant formulas	E:Financial→financia/financiar/financian E:modeling→modeliza E:glossary→glosar E:and→ad/anda/ande E:relevant→relevan/relevante/levantar
9053	Sesión excel	Sesión excel	E:excel→excelso
9068	Microeconomía i	Microeconomía i	E:Microeconomía→micro economía/micro-economía/economizaría
9073	Microeconomía i completo	Microeconomía i completo	E:Microeconomía→micro economía/micro-economía/economizaría
9074	Microeconomía i	Microeconomía i	E:Microeconomía→micro economía/micro-economía/economizaría
9083	Manual de ejercicios microeconomía	Manual de ejercicios microeconomía	E:microeconomía→micro economía/micro-economía/economizaría
9094	Historia y situación actual de la macroeconomía	Historia y situación actual de la macroeconomía	E:macroeconomía→macro economía/macro-economía/economizaría
9095	How strong infrastructure governance can end waste in public investment	How strong infrastructure governance can end waste in public investment	E:How→show/hoz/hoy E:strong→tronga E:infrastructure→infraestructura/reestructurare/reestructurar E:governance→gobernante E:end→en/ed/ende E:waste→laste/paste/baste E:public→publica/publico/publicó E:investment→vestimenta/vestimento
9113	Aplicaciones siaf en la gestión presupuestaria	Aplicaciones siaf en la gestión presupuestaria	E:siaf→afasia
9114	Aplicaciones siaf en la gestión financiera	Aplicaciones siaf en la gestión financiera	E:siaf→afasia
9116	Aplicaciones siaf en la gestión financiera	Aplicaciones siaf en la gestión financiera	E:siaf→afasia
9118	Aplicaciones siaf para la gestión financiera	Aplicaciones siaf para la gestión financiera	E:siaf→afasia
9120	Registro proveedores beneficiario ope	Registro proveedores beneficiario ope	E:ope→op/pe/sope
9121	Marco normativo aplicado en el siaf	Marco normativo aplicado en el siaf	E:siaf→afasia
9123	Centralización de los rdr en la cut	Centralización de los rdr en la cut	E:rdr→rdo E:cut→cit/cu/chut
9126	Aplicaciones en el siaf para la gestión financiera y presupuestaria	Aplicaciones en el siaf para la gestión financiera y presupuestaria	E:siaf→afasia
9128	Acreditación de responsables de devengados en el aeraf y autorización de devengados en web	Acreditación de responsables de devengados en el aeraf y autorización de devengados en web	E:aeraf→aferra/afuera/raer
9134	Opciones reales valoración por el modelo binomial	Opciones reales valoración por el modelo binomial	E:binomial→binomio/nominal/albino
9138	Real options valuation	Real options valuation	E:options→optimas E:valuation→evaluativo
9139	Real options analysis	Real options analysis	E:options→optimas E:analysis→analista
9140	Opciones reales en hoja de cálculo: caso de un edificio de parqueo	Opciones reales en hoja de cálculo: caso de un edificio de parqueo	E:parqueo→parque/paqueo/arqueo
9146	Evaluación de inversiones bajo incertidumbre teoría y aplicaciones en chile	Evaluación de inversiones bajo incertidumbre teoría y aplicaciones en chile	E:chile→Chile/hile/chirle
9160	Opciones reales para las decisiones de inversión: aspectos introductivos	Opciones reales para las decisiones de inversión: aspectos introductivos	E:introductivos→introductorios/introduciros/introductorio
9162	Las opciones reales y la simulación por monte carlo	Las opciones reales y la simulación por monte carlo	E:carlo→corla/caro/calo
9171	Las externalidades	Las externalidades	E:externalidades→externalizares/exterioridades/literalidades
9180	Modelo de precios ramsey	Modelo de precios ramsey	E:ramsey→ramera
9183	Creating survival plots informative and elegant with survminer	Creating survival plots informative and elegant with survminer	E:Creating→creativa E:survival→salival E:plots→ploteas E:informative→informatice/informativa/informativo E:and→ad/anda/ande E:elegant→elegante/elegantiza/entalega E:with→wifi E:survminer→minerva
9184	Manipulación de cadenas con stringr	Manipulación de cadenas con stringr	E:stringr→astringir
9185	Ciencia de datos en spark con sparklyr	Ciencia de datos en spark con sparklyr	E:spark→aspar E:sparklyr→sollispar
9186	Shiny	Shiny	E:Shiny→hin
9187	Rstudio ide	Rstudio ide	E:Rstudio→estudio E:ide→id/de/idea
9188	R markdown	R markdown	E:markdown→marginado
9189	Python con r reticulate	Python con r reticulate	E:Python→pichona E:reticulate→reticular/articulare/testicular
9190	Aplicar funciones con purrr	Aplicar funciones con purrr	E:purrr→purre/purrir/purra
9192	Fechas y horas con lubridate	Fechas y horas con lubridate	E:lubridate→lubricidad
9193	Aprendizaje profundo con keras	Aprendizaje profundo con keras	E:keras→queras/jeras/leras
9195	Factors con forcats	Factors con forcats	E:Factors→factora/factor/factos E:forcats→forcateas/forcatea
9197	Visualización de datos con ggplot2	Visualización de datos con ggplot2	E:ggplot→plotea
9198	Data transformation	Data transformation	E:transformation→transformacional/transformamiento/transformador
9213	El comunitarismo	El comunitarismo	E:comunitarismo→comunitario/unitarismo/humanitarismo
9217	Métodos matemáticos en macroeconomía	Métodos matemáticos en macroeconomía	E:macroeconomía→macro economía/macro-economía/economizaría
9224	La teoría de la gran convergencia de richard baldwin	La teoría de la gran convergencia de richard baldwin	E:richard→chicharrad E:baldwin→baldan
9228	Plan de negocio exportador (manual planex)	Plan de negocio exportador (manual planex)	E:planex→planea/planee/planeo
9235	Incoterms 2020	Incoterms 2020	E:Incoterms→terminotes/terminote
9236	Incoterms 2020: principales aspectos y casos prácticos	Incoterms 2020: principales aspectos y casos prácticos	E:Incoterms→terminotes/terminote
9238	Términos de comercio internacional (incoterms)	Términos de comercio internacional (incoterms)	E:incoterms→terminotes/terminote
9246	Incoterms 2020	Incoterms 2020	E:Incoterms→terminotes/terminote
9248	Productividad del trabajo y ventaja comparativa: el modelo ricardiano	Productividad del trabajo y ventaja comparativa: el modelo ricardiano	E:ricardiano→anacardino/incardino/sardiano
9251	El modelo de david ricardo	El modelo de david ricardo	E:david→David/da vid/da-vid E:ricardo→Ricardo/picardo/rica rdo
9252	Modelo factores específicos cond	Modelo factores específicos cond	E:cond→con/conde/cono
9255	Dotación de recursos y comercio: el modelo de heckscher-ohlin	Dotación de recursos y comercio: el modelo de heckscher-ohlin	E:heckscher→hechiceresco E:ohlin→linio
9269	Introducción a los modelos de comercio intertemporal	Introducción a los modelos de comercio intertemporal	E:intertemporal→intemporalidad/temporalmente/temporalizar
9270	Notas de clase de economía internacional: modelo de heckscher-ohlin	Notas de clase de economía internacional: modelo de heckscher-ohlin	E:heckscher→hechiceresco E:ohlin→linio
9274	Normas apa 7ma edición	Normas apa 7ma edición	E:apa→ap/apea/arpa
9276	Normas de redacción según estilo apa 7ma edición	Normas de redacción según estilo apa 7ma edición	E:apa→ap/apea/arpa
9278	Tipos de operadores en excel aritméticos	Tipos de operadores en excel aritméticos	E:excel→excelso
9279	Tipos de datos en excel	Tipos de datos en excel	E:excel→excelso
9284	Funciones excel	Funciones excel	E:excel→excelso
9599	Evaluación econometrica	Evaluación econometrica	E:econometrica→trigonométrica
9672	Manual para el Tesista: Guía del Estilo APA	Manual para el Tesista: Guía del Estilo APA	E:Tesista→resista/tenista/desista
9676	¿Cómo citar y referenciar según la norma Vancouver?	¿Cómo citar y referenciar según la norma Vancouver?	E:Vancouver→navanco
9691	Manual de citas y referencias bibliográficas: APA, Chicago, IEEE, Latino, MLA, Vancouver	Manual de citas y referencias bibliográficas: APA, Chicago, IEEE, Latino, MLA, Vancouver	E:Chicago→chicano/chica E:Vancouver→navanco
9694	Estilo de Vancouver	Estilo de Vancouver	E:Vancouver→navanco
9703	ChatGPT en la Investigación: Creando Prompts Efectivos	ChatGPT en la Investigación: Creando Prompts Efectivos	E:ChatGPT→chapatal E:Prompts→prometes
9709	Obras, 1: El revés y el derecho; Nupcias; El extranjero; El mito de Sísifo; Calígula; Carnets, 1	Obras, 1: El revés y el derecho; Nupcias; El extranjero; El mito de Sísifo; Calígula; Carnets, 1	E:Sísifo→sifosis E:Calígula→ca lígula/ca-lígula/lígula
9710	Sobre Dios: Pensar con Simone Weil	Sobre Dios: Pensar con Simone Weil	E:Simone→simones/simonía E:Weil→leila
9715	Nuestro frente intelectual: Mensaje de Haya de la Torre para "Amauta"	Nuestro frente intelectual: Mensaje de Haya de la Torre para "Amauta"	E:Amauta→amanta/amputa/ama uta
9721	Compañero Presidente: Salvador Allende Gossens	Compañero Presidente: Salvador Allende Gossens	E:Gossens→consensos
9723	Trilce	Trilce	E:Trilce→trile/trice/trille
9734	Pájinas libres	Pájinas libres	E:Pájinas→pejinas/pátinas/páginas
9735	Así habló Zaratustra	Así habló Zaratustra	E:Zaratustra→zarrapastra/zaparrastrar/zaparrastra
9749	Matemáticas Preuniversitarias	Matemáticas Preuniversitarias	E:Preuniversitarias→universitarias/universitarios/universitario
9755	Los Simpson y las matemáticas	Los Simpson y las matemáticas	E:Simpson→simposio
9767	Manual de matemática preuniversitaria	Manual de matemática preuniversitaria	E:preuniversitaria→universitaria/universitario
9824	Fundamentos de econometría intermedia: Teoría y aplicaciones	Fundamentos de econometría intermedia: Teoría y aplicaciones	E:econometría→cronometraría/trigonometría/economizaría
9833	La introducción no-tan-corta a LaTeX 2ε: o LaTeX 2ε en 147 minutos	La introducción no-tan-corta a Látex 2ε: o Látex 2ε en 147 minutos	T:LaTeX→látex T:LaTeX→látex
9839	Calculus. Volumen I: Cálculo con funciones de una variable, con una introducción al álgebra lineal	Calculus. Volumen I: Cálculo con funciones de una variable, con una introducción al álgebra lineal	E:Calculus→calculas/calcules/calcula
9860	Carta Encíclica Magnifica Humanitas del Santo Padre León XIV sobre la custodia de la persona humana en el tiempo de la inteligencia artificial	Carta Encíclica Magnifica Humanitas del Santo Padre León XIV sobre la custodia de la persona humana en el tiempo de la inteligencia artificial	E:Humanitas→humanistas/humanista/humanizas
9866	Guía de capacitación dirigida al coordinador distrital - Elecciones Generales 2026	Guía de capacitación dirigida al coordinador distrital - Elecciones Generales 2026	E:distrital→alabastrita/distal/ritualista
9877	Guía rápida de Markdown	Guía rápida de Markdown	E:Markdown→marginado
9878	Guía rápida de fundamentos en Python	Guía rápida de fundamentos en Python	E:Python→pichona
9883	Estadística no paramétrica aplicada a la investigación científica con software SPSS, MINITAB y Excel: enfoque práctico	Estadística no paramétrica aplicada a la investigación científica con software SPSS, MINITAB y Excel: enfoque práctico	E:MINITAB→minimista E:Excel→excelso
9887	Contabilidad de costos: un enfoque gerencial	Contabilidad de costos: un enfoque gerencial	E:gerencial→gerencia/gerencias/reverencial
9907	Un paso por delante de Wall Street	Un paso por delante de Wall Street	E:Wall→hall/Vall E:Street→retrete
9910	Macroeconomía	Macroeconomía	E:Macroeconomía→macro economía/macro-economía/economizaría
9911	Anti-Blanchard. Un enfoque comparativo para el estudio de la macroeconomía	Anti-Blanchard. Un enfoque comparativo para el estudio de la macroeconomía	E:Blanchard→lanchar E:macroeconomía→macro economía/macro-economía/economizaría
9912	Macroeconomía. Un marco de análisis para una economía pequeña y abierta	Macroeconomía. Un marco de análisis para una economía pequeña y abierta	E:Macroeconomía→macro economía/macro-economía/economizaría
9913	César Guardia Mayorga. Insigne maestro	César Guardia Mayorga. Insigne maestro	E:Mayorga→mayoría/mayorazga/mayorar
9919	Ley N.° 29148. Fondo de garantía para el campo fogasa	Ley N.° 29148. Fondo de garantía para el campo fogasa	E:fogasa→fogosa/fogata/fo gasa
9920	Ley N.° 30852. Exoneración requisitos damnificados bfh	Ley N.° 30852. Exoneración requisitos damnificados bfh	E:Exoneración→exageración/exasperación/exornación E:bfh→bah
9925	ENAPRES 2024: principales resultados	ENAPRES 2024: principales resultados	E:ENAPRES→penares/aprendes/enarenares
9932	El fujimorismo: ascenso y caída de un régimen autoritario	El fujimorismo: ascenso y caída de un régimen autoritario	E:fujimorismo→futurismo
9939	Perú: Indicadores de Programas Presupuestales 2011-2016. Capítulo XIII: Déficit habitacional (ENAPRES)	Perú: Indicadores de Programas Presupuestales 2011-2016. Capítulo XIII: Déficit habitacional (ENAPRES)	E:Presupuestales→presupuestares/presupuestases/presupuesta les E:ENAPRES→penares/aprendes/enarenares
9942	Resolución Directoral N.° 0004-2025-MINEM/DGFM. Declaran concluido el proceso de formalización minera integral de 50 565 inscripciones del REINFO suspendidas por más de un año	Resolución Directoral N.° 0004-2025-MINEM/DGFM. Declaran concluido el proceso de formalización minera integral de 50 565 inscripciones del REINFO suspendidas por más de un año	E:Directoral→directora/directoras/di rectoral
9943	Programa Presupuestal 0146 Acceso de las familias a vivienda y entorno urbano adecuado: resultado específico (vigente al 2026)	Programa Presupuestal 0146 Acceso de las familias a vivienda y entorno urbano adecuado: resultado específico (vigente al 2026)	E:Presupuestal→presupuesta/presupuestar/presupuestan
9992	Taller 40. Zotero: tus citas y referencias en estilo APA en pocos clics (práctica)	Taller 40. Zotero: tus citas y referencias en estilo APA en pocos clics (práctica)	E:Zotero→otero/lotero/motero
9997	Clase 1: introducción a Stata	Clase 1: introducción a Stata	E:Stata→tata/tatas/sta
10017	Resolución Directoral N.° 0002-2025-EF. 6301 modifica directiva general invierte pe	Resolución Directoral N.° 0002-2025-EF. 6301 modifica directiva general invierte pe	E:Directoral→directora/directoras/di rectoral
10019	Decreto Supremo N.° 284-2018-EF. Reglamento D.Leg. 1252	Decreto Supremo N.° 284-2018-EF. Reglamento D.Leg. 1252	E:Leg→gel/le/lega
10045	Reglamento pas responsabilidad administrativa funcional versión integrada	Reglamento pas responsabilidad administrativa funcional versión integrada	E:pas→as/pasa/pase
10046	Ley N.° 29622. Amplía facultades sancionadoras de la Contraloría	Ley N.° 29622. Amplía facultades sancionadoras de la Contraloría	E:Contraloría→controlaría/contralorea/contralor
10087	Manual del parlamento delgado guembes oficialía mayor 2012	Manual del parlamento delgado guembes oficialía mayor 2012	E:guembes→embebes E:oficialía→oficiala/oficiaría/oficia lía
10093	Manual del proceso legislativo oficialía mayor 2012	Manual del proceso legislativo oficialía mayor 2012	E:oficialía→oficiala/oficiaría/oficia lía
10100	Directiva N.° 011-2023-DGP/CR. Transferencia documentos archivisticos comisiones	Directiva N.° 011-2023-DGP/CR. Transferencia documentos archivisticos comisiones	E:archivisticos→archivistas/archivista
10104	Informe temático 147 sistema bicameral marco constitucional y legal 2026	Informe temático 147 sistema bicameral marco constitucional y legal 2026	E:bicameral→alambicar/alambica
10110	Decreto Legislativo N.° 1088. Sinaplan CEPLAN	Decreto Legislativo N.° 1088. Sinaplan CEPLAN	E:Sinaplan→sinapsis/aplanan/aplana
10119	Código civil D.Leg. 295 actualizado	Código civil D.Leg. 295 actualizado	E:Leg→gel/le/lega
10122	Código procesal penal D.Leg. 957 actualizado	Código procesal penal D.Leg. 957 actualizado	E:Leg→gel/le/lega
10128	Código penal D.Leg. 635 12a edición oficial	Código penal D.Leg. 635 12a edición oficial	E:Leg→gel/le/lega
10130	Código procesal penal D.Leg. 957 8a edición oficial 2024	Código procesal penal D.Leg. 957 8a edición oficial 2024	E:Leg→gel/le/lega
10131	Código civil D.Leg. 295 16a edición oficial	Código civil D.Leg. 295 16a edición oficial	E:Leg→gel/le/lega
10133	Código penal D.Leg. 635 actualizado	Código penal D.Leg. 635 actualizado	E:Leg→gel/le/lega
10136	Código civil D.Leg. 295 texto actualizado	Código civil D.Leg. 295 texto actualizado	E:Leg→gel/le/lega
10145	Manual para la aplicación del análisis de calidad regulatoria	Manual para la aplicación del análisis de calidad regulatoria	E:regulatoria→gratulatoria/regulativo/autorregulara
10146	Guía práctica de Consulta Pública en el marco de los instrumentos de mejora de la calidad regulatoria	Guía práctica de Consulta Pública en el marco de los instrumentos de mejora de la calidad regulatoria	E:regulatoria→gratulatoria/regulativo/autorregulara
10147	Reglamento D.L. 1565 ley general mejora calidad regulatoria D.S. 023-2025 PCM	Reglamento D.L. 1565 ley general mejora calidad regulatoria D.S. 023-2025 PCM	E:regulatoria→gratulatoria/regulativo/autorregulara
10152	Lineamientos para la evaluación Ex Post de las regulaciones vigentes en el marco de la mejora de la calidad regulatoria	Lineamientos para la evaluación Ex Post de las regulaciones vigentes en el marco de la mejora de la calidad regulatoria	E:Post→pos/posta/poste E:regulatoria→gratulatoria/regulativo/autorregulara
10153	Manual análisis impacto regulatorio AIR ex ante PCM 2021	Manual análisis impacto regulatorio AIR ex ante PCM 2021	E:regulatorio→regula torio/regula-torio/regulativo
10159	Decreto Supremo N.° 012-2025-IN. Reglamento D.Leg. 1267 PNP vigente	Decreto Supremo N.° 012-2025-IN. Reglamento D.Leg. 1267 PNP vigente	E:Leg→gel/le/lega
10162	Decreto Legislativo N.° 1182. Geolocalización datos telecomunicaciones	Decreto Legislativo N.° 1182. Geolocalización datos telecomunicaciones	E:Geolocalización→localización/globalización/generalización
10164	Decreto Supremo N.° 026-2017-IN. Reglamento D.Leg. 1267 PNP	Decreto Supremo N.° 026-2017-IN. Reglamento D.Leg. 1267 PNP	E:Leg→gel/le/lega
10166	Decreto Legislativo N.° 1338. Registro nacional equipos terminales móviles RENTESEG	Decreto Legislativo N.° 1338. Registro nacional equipos terminales móviles RENTESEG	E:RENTESEG→regente/presente/resistente
10167	Decreto Supremo N.° 009-2007-JUS. Rof inpe	Decreto Supremo N.° 009-2007-JUS. Rof inpe	E:Rof→ro/prof/roa E:inpe→in pe/in-pe/peine
10171	Marco Macroeconómico Multianual 2026-2029	Marco Macroeconómico Multianual 2026-2029	E:Macroeconómico→macro económico/macro-económico/socioeconómico E:Multianual→multinacional
10181	Perú 2050 escenarios prospectivos PEDN act 2025	Perú 2050 escenarios prospectivos PEDN act 2025	E:act→acta/acto/cta
10186	XXXVIII Curso de Derecho Internacional 2011	XXXVIII Curso de Derecho Internacional 2011	E:XXXVIII→
10193	Encuesta Demográfica y de Salud Familiar (ENDES) 2024. Informe departamental Ayacucho, capítulo 9: estado nutricional	Encuesta Demográfica y de Salud Familiar (ENDES) 2024. Informe departamental Ayacucho, capítulo 9: estado nutricional	E:Ayacucho→aya cucho/aya-cucho/achucho
10194	Conclusiones y recomendaciones en el marco del buen retorno al año académico 2025 (foro regional, Ayacucho)	Conclusiones y recomendaciones en el marco del buen retorno al año académico 2025 (foro regional, Ayacucho)	E:Ayacucho→aya cucho/aya-cucho/achucho
10195	Vigésimo octavo informe anual de la Defensoría del Pueblo, enero-diciembre 2024	Vigésimo octavo informe anual de la Defensoría del Pueblo, enero-diciembre 2024	E:Defensoría→defensora/defensor/defendería
10196	Ayacucho: síntesis de actividad económica, enero 2025	Ayacucho: síntesis de actividad económica, enero 2025	E:Ayacucho→aya cucho/aya-cucho/achucho
10197	ENLA 2023: resultados de aprendizaje, Ayacucho	ENLA 2023: resultados de aprendizaje, Ayacucho	E:Ayacucho→aya cucho/aya-cucho/achucho
10198	ENLA 2024: resultados regionales, Ayacucho	ENLA 2024: resultados regionales, Ayacucho	E:Ayacucho→aya cucho/aya-cucho/achucho
10200	Resumen ejecutivo del pliego 444 Gobierno Regional de Ayacucho, proyecto de presupuesto 2026	Resumen ejecutivo del pliego 444 Gobierno Regional de Ayacucho, proyecto de presupuesto 2026	E:Ayacucho→aya cucho/aya-cucho/achucho
10201	Ficha regional de Educación Básica, DRE Ayacucho (padrón de instituciones educativas al 9 de diciembre de 2021)	Ficha regional de Educación Básica, DRE Ayacucho (padrón de instituciones educativas al 9 de diciembre de 2021)	E:Ayacucho→aya cucho/aya-cucho/achucho
10203	El Proyecto Educativo Regional de Ayacucho 2025-2036: movilización ciudadana por la educación ayacuchana	El Proyecto Educativo Regional de Ayacucho 2025-2036: movilización ciudadana por la educación ayacuchana	E:Ayacucho→aya cucho/aya-cucho/achucho E:ayacuchana→cucharrena
10205	Proyecto Educativo Regional de Ayacucho al 2036 (Ordenanza Regional N.° 001-2025-GRA/CR)	Proyecto Educativo Regional de Ayacucho al 2036 (Ordenanza Regional N.° 001-2025-GRA/CR)	E:Ayacucho→aya cucho/aya-cucho/achucho
10207	Conclusiones del foro virtual «Situación de la educación en la región Ayacucho: problemas y posibilidades» (26 de noviembre de 2025)	Conclusiones del foro virtual «Situación de la educación en la región Ayacucho: problemas y posibilidades» (26 de noviembre de 2025)	E:Ayacucho→aya cucho/aya-cucho/achucho
10208	Ayacucho: ¿cómo vamos en educación?	Ayacucho: ¿cómo vamos en educación?	E:Ayacucho→aya cucho/aya-cucho/achucho
10210	¿Cuáles son los logros y desafíos de los estudiantes de primaria según la ENLA 2024? (infografía)	¿Cuáles son los logros y desafíos de los estudiantes de primaria según la ENLA 2024? (infografía)	E:infografía→iconografía/fotografía/radiografía
10211	Marco Macroeconómico Multianual 2027-2030	Marco Macroeconómico Multianual 2027-2030	E:Macroeconómico→macro económico/macro-económico/socioeconómico E:Multianual→multinacional
10238	Seguridad ciudadana ivt24	Seguridad ciudadana ivt24	E:ivt→vto
10239	Criminalidad i sem 2025	Criminalidad i sem 2025	E:sem→mes/sen/se
10240	Seguridad ciudadana set25 feb26	Seguridad ciudadana set25 feb26	E:feb→fe/fea/fer
10242	Perú: indicadores de resultados de los programas presupuestales, ENDES 2025	Perú: indicadores de resultados de los programas presupuestales, ENDES 2025	E:presupuestales→presupuestares/presupuestases/presupuesta les
10244	Seguridad ciudadana dic24 may25	Seguridad ciudadana dic24 may25	E:dic→cid/sic/dix E:may→ay/maya/maye
10254	ENLA 2025: resultados regionales, Ayacucho (presentación regional)	ENLA 2025: resultados regionales, Ayacucho (presentación regional)	E:Ayacucho→aya cucho/aya-cucho/achucho
10260	Tracking SDG7: The Energy Progress Report 2025	Tracking SDG7: The Energy Progress Report 2025	E:Tracking→tracción E:The→te/he/toe E:Energy→energía E:Progress→progresa/progresas/progreses E:Report→reporta/reporte/reporto
10265	Estrategias de enfermería para el manejo de ansiedad en pacientes prequirúrgicos: revisión bibliográfica	Estrategias de enfermería para el manejo de ansiedad en pacientes prequirúrgicos: revisión bibliográfica	E:prequirúrgicos→quirúrgicos/quirúrgico
10270	Intervenciones de enfermería psicoeducativas presenciales y on-line, para el manejo de la ansiedad: revisión integradora de la literatura	Intervenciones de enfermería psicoeducativas presenciales y on-line, para el manejo de la ansiedad: revisión integradora de la literatura	E:psicoeducativas→predicativas E:line→libe/lime/lie
10271	Musicoterapia en la reducción de ansiedad	Musicoterapia en la reducción de ansiedad	E:Musicoterapia→mu sicoterapia/mu-sicoterapia/sicoterapia
10272	Evaluación del grado de ansiedad y depresión en pacientes oncológicos ante la perspectiva de alta médica	Evaluación del grado de ansiedad y depresión en pacientes oncológicos ante la perspectiva de alta médica	E:oncológicos→ontológicos/fonológicos/cronológicos
10279	Ejecución del presupuesto público y su influencia sobre el desarrollo humano en las provincias de Ayacucho 2007--2019	Ejecución del presupuesto público y su influencia sobre el desarrollo humano en las provincias de Ayacucho 2007--2019	E:Ayacucho→aya cucho/aya-cucho/achucho
10282	Infraestructura y empleo: el rol de los sectores de transporte, energía, agua y saneamiento en la recuperación económica post COVID-19	Infraestructura y empleo: el rol de los sectores de transporte, energía, agua y saneamiento en la recuperación económica post COVID-19	E:post→pos/posta/poste
10285	Mercado laboral y empleo en la región Ayacucho: 2020	Mercado laboral y empleo en la región Ayacucho: 2020	E:Ayacucho→aya cucho/aya-cucho/achucho
10288	Gasto público per cápita en inversiones y su impacto en el nivel de empleo en las regiones del Perú (2010--2023)	Gasto público per cápita en inversiones y su impacto en el nivel de empleo en las regiones del Perú (2010--2023)	E:per→rep/pee/pe
10289	La gestión de los proyectos de inversión pública en el Gobierno Regional de Ayacucho, 2021--2023	La gestión de los proyectos de inversión pública en el Gobierno Regional de Ayacucho, 2021--2023	E:Ayacucho→aya cucho/aya-cucho/achucho
10291	La inversión pública en el desarrollo humano de la región Ayacucho, periodo 2007--2018	La inversión pública en el desarrollo humano de la región Ayacucho, periodo 2007--2018	E:Ayacucho→aya cucho/aya-cucho/achucho
10297	Informe de impacto 2025: transformando para una mayor escala e impacto (BID Lab)	Informe de impacto 2025: transformando para una mayor escala e impacto (BID Lab)	E:Lab→la/bla/lar
10299	Benchmarking infrastructure development: PPP regulatory landscape, assessing quality and exploring reforms	Benchmarking infrastructure development: PPP regulatory landscape, assessing quality and exploring reforms	E:Benchmarking→emberrenchinar E:infrastructure→infraestructura/reestructurare/reestructurar E:development→velozmente E:regulatory→autorregula E:landscape→pelandusca E:assessing→asesina E:quality→igualito E:and→ad/anda/ande E:exploring→exploratorio E:reforms→reforma/reformas/reformes
10300	Inversión pública en infraestructura vial y su influencia en la actividad económica de los sectores productivos en la provincia de Huamanga, 2009-2013	Inversión pública en infraestructura vial y su influencia en la actividad económica de los sectores productivos en la provincia de Huamanga, 2009-2013	E:Huamanga→mangana
10305	Trees, maps, and theorems: effective communication for rational minds (páginas de muestra y resúmenes oficiales de los capítulos 2, 3 y 4, plantilla y lista de comprobación)	Trees, maps, and theorems: effective communication for rational minds (páginas de muestra y resúmenes oficiales de los capítulos 2, 3 y 4, plantilla y lista de comprobación)	E:Trees→terse/tres/torees E:maps→mapa/mas/mapas E:and→ad/anda/ande E:theorems→teoremas E:effective→efectivo E:communication→comunicativo/comunicacional/comunicatorias E:for→fo/foro/flor E:rational→racional E:minds→minas/mines/minados
10309	Ley N.° 32490. Medidas extraordinarias contra la extorsión y el sicariato en el transporte	Ley N.° 32490. Medidas extraordinarias contra la extorsión y el sicariato en el transporte	E:sicariato→sicario/caricato/carichato
10315	Organigrama de Municipalidad Provincial de Cangallo (estructura orgánica (gob.pe/municangallo))	Organigrama de Municipalidad Provincial de Cangallo (estructura orgánica (gob.pe/municangallo))	E:Cangallo→can gallo/can-gallo/descangallo E:municangallo→comunicacional
10316	Organigrama de Contraloría General de la República (ROF (organigrama oficial CGR))	Organigrama de Contraloría General de la República (ROF (organigrama oficial CGR))	E:Contraloría→controlaría/contralorea/contralor
10317	Organigrama de Municipalidad Distrital de Chuschi (organigrama 2023-2026)	Organigrama de Municipalidad Distrital de Chuschi (organigrama 2023-2026)	E:Distrital→alabastrita/distal/ritualista E:Chuschi→ichus
10318	Organigrama de PRONABEC (Organigrama del MOP (gob.pe))	Organigrama de PRONABEC (Organigrama del MOP (gob.pe))	E:PRONABEC→pronación
10319	Organigrama de Ministerio del Interior (RM 1050-2019-IN, modif. RM 0429-2026-IN y 0642-2026-IN)	Organigrama de Ministerio del Interior (RM 1050-2019-IN, modif. RM 0429-2026-IN y 0642-2026-IN)	E:modif→modio/modifica
10321	Organigrama de Dirección Regional de Educación de Ayacucho (ROF (bajo GORE Ayacucho))	Organigrama de Dirección Regional de Educación de Ayacucho (ROF (bajo GORE Ayacucho))	E:Ayacucho→aya cucho/aya-cucho/achucho E:Ayacucho→aya cucho/aya-cucho/achucho
10322	Organigrama de Municipalidad Distrital de Jesús Nazareno (ROF (Anexo Organigrama), Huamanga)	Organigrama de Municipalidad Distrital de Jesús Nazareno (ROF (Anexo Organigrama), Huamanga)	E:Distrital→alabastrita/distal/ritualista E:Huamanga→mangana
10324	Organigrama de Municipalidad Provincial de Huanta (organigrama oficial (munihuanta.gob.pe))	Organigrama de Municipalidad Provincial de Huanta (organigrama oficial (munihuanta.gob.pe))	E:Huanta→cuanta E:munihuanta→marihuana
10326	Organigrama de Gobierno Regional de Ayacucho (ROF, organigrama modificado 2025)	Organigrama de Gobierno Regional de Ayacucho (ROF, organigrama modificado 2025)	E:Ayacucho→aya cucho/aya-cucho/achucho
10327	Organigrama de Municipalidad Distrital de San Juan Bautista (ROF (Anexo Organigrama), Huamanga)	Organigrama de Municipalidad Distrital de San Juan Bautista (ROF (Anexo Organigrama), Huamanga)	E:Distrital→alabastrita/distal/ritualista E:Huamanga→mangana
10330	Organigrama de Municipalidad Provincial de Huamanga (Ordenanza Municipal 013-2021-MPH/A)	Organigrama de Municipalidad Provincial de Huamanga (Ordenanza Municipal 013-2021-MPH/A)	E:Huamanga→mangana
10333	Organigrama de Univ. Nac. de San Cristóbal de Huamanga (ROF 2021, RR 041-2021-UNSCH (Art. 5))	Organigrama de Univ. Nac. de San Cristóbal de Huamanga (ROF 2021, RR 041-2021-UNSCH (Art. 5))	E:Nac→can/nace/nací E:Huamanga→mangana
10335	Organigrama de Oficina Nacional de Procesos Electorales (Res. Jefatural 125-2024-JN)	Organigrama de Oficina Nacional de Procesos Electorales (Res. Jefatural 125-2024-JN)	E:Jefatural→jefatura/jefaturas/conjetural
10339	Organigrama de PROMPERÚ (adscrito a MINCETUR) (ROF (organigrama estructural))	Organigrama de PROMPERÚ (adscrito a MINCETUR) (ROF (organigrama estructural))	E:PROMPERÚ→romper/rompedero E:MINCETUR→miniatura
10341	Organigrama de Instituto Nacional de Estadística e Informática (D.S. 043-2001-PCM, mod. 066-2003-PCM)	Organigrama de Instituto Nacional de Estadística e Informática (D.S. 043-2001-PCM, mod. 066-2003-PCM)	E:mod→dom/moda/modo
10342	Organigrama de Presidencia del Consejo de Ministros (RM 141-2021-PCM y modif. hasta RM 234-2026-PCM (Anexo 2 del ROF))	Organigrama de Presidencia del Consejo de Ministros (RM 141-2021-PCM y modif. hasta RM 234-2026-PCM (Anexo 2 del ROF))	E:modif→modio/modifica
10379	Regímenes cambiarios y desempeño macroeconómico: una evaluación de la literatura	Regímenes cambiarios y desempeño macroeconómico: una evaluación de la literatura	E:cambiarios→cambiaros/cambiarnos/cambiarlos E:macroeconómico→macro económico/macro-económico/socioeconómico
10381	Reporte de Inflación, junio 2016. Recuadro 6: Esquemas de metas de inflación y política monetaria anticíclica	Reporte de Inflación, junio 2016. Recuadro 6: Esquemas de metas de inflación y política monetaria anticíclica	E:anticíclica→anti cíclica/anti-cíclica/anticlinal
10391	Decreto Supremo N.° 110-2026-PCM. Prórroga del estado de emergencia en distritos y centros poblados de Ayacucho, Huancavelica, Junín y Cusco (VRAEM) y en las franjas territoriales del Eje Energético de Camisea y del Corredor del Ene	Decreto Supremo N.° 110-2026-PCM. Prórroga del estado de emergencia en distritos y centros poblados de Ayacucho, Huancavelica, Junín y Cusco (VRAEM) y en las franjas territoriales del Eje Energético de Camisea y del Corredor del Ene	E:Ayacucho→aya cucho/aya-cucho/achucho E:Huancavelica→melancólica E:Junín→juntan E:Cusco→cisco/cuso/cuco E:Camisea→camisa/camisera/camiseta
10395	Guía completa de LaTeX	Guía completa de Látex	T:LaTeX→látex
10396	Guía completa de APA 7.ª edición en LaTeX: paquete apa7	Guía completa de APA 7.ª edición en Látex: paquete apa7	T:LaTeX→látex E:apa→ap/apea/arpa
10397	Guía completa de apaquarto: APA 7.ª edición en Quarto	Guía completa de apaquarto: APA 7.ª edición en Quarto	E:apaquarto→aparto E:Quarto→cuarto
10398	Guía completa de Quarto	Guía completa de Quarto	E:Quarto→cuarto
10401	Guía completa de Linux: Kubuntu 26.04 y Arch Linux	Guía completa de Linux: Kubuntu 26.04 y Arch Linux	E:Linux→linuezo E:Kubuntu→untura E:Arch→archa/arché/arca E:Linux→linuezo
10402	Guía completa de tree en Linux	Guía completa de tree en Linux	E:tree→toree/trece/treme E:Linux→linuezo
10403	Guía completa de PDF: manipulación de PDF en Linux desde la terminal	Guía completa de PDF: manipulación de PDF en Linux desde la terminal	E:Linux→linuezo
10411	Comisión Bicameral aprueba cronograma de presentaciones para sustentación del presupuesto público 2027 (nota de prensa, 1 de setiembre de 2026)	Comisión Bicameral aprueba cronograma de presentaciones para sustentación del presupuesto público 2027 (nota de prensa, 1 de setiembre de 2026)	E:Bicameral→alambicar/alambica
10419	Postwar U.S. Business Cycles: An Empirical Investigation	Postwar U.S. Business Cycles: An Empirical Investigation	E:Postwar→postar/postrar/postular E:Business→pusinescos E:Cycles→cicles/chicles E:Empirical→empicar E:Investigation→investigación/investigador/investigan
10424	Ley N.° 24064. Establece el Inti como unidad monetaria (con la Regulación Inti N.° 001-85-EF/90)	Ley N.° 24064. Establece el Inti como unidad monetaria (con la Regulación Inti N.° 001-85-EF/90)	E:Inti→inri/anti/in ti E:Inti→inri/anti/in ti
10426	Mipyme en cifras 2024	Mipyme en cifras 2024	E:Mipyme→menipeo
