fecha	sha256	origen	titulo	autores	tipo_zotero	clasificador	fecha_doc	editorial	tags	calibre_id	ruta_calibre	zotero_key	estado
2026-09-02	d22a2c68ea1114a1f6fccf242c830d8aaaddaf730f76c29d566567ed290ab9ad	02_investigacion/marco_legal/20_desarrollo_productivo/dleg_1280_ley_marco_gestion_servicios_saneamiento.pdf	Decreto Legislativo N.° 1280. Ley marco gestion servicios saneamiento	Congreso de la República	Statute	Normativa	2016	Diario Oficial El Peruano	desarrollo_productivo, legislacion	9914	biblioteca/Congreso de la Republica/Decreto Legislativo N.deg 1280. Ley marco gestion servicios saneamiento (9914)/Decreto Legislativo N.deg 1280. Ley marco - Congreso de la Republica.pdf		archivado
2026-09-02	143c02cf0735cea3b572506113a881a2897a1e0b91eac14c96ec34f628c3be77	02_investigacion/marco_legal/20_desarrollo_productivo/dley_25844_ley_de_concesiones_electricas.pdf	Decreto Ley N.° 25844. Ley de concesiones electricas	Congreso de la República	Statute	Normativa	1998	Diario Oficial El Peruano	desarrollo_productivo, legislacion	9915	biblioteca/Congreso de la Republica/Decreto Ley N.deg 25844. Ley de concesiones electricas (9915)/Decreto Ley N.deg 25844. Ley de concesione - Congreso de la Republica.pdf		archivado
2026-09-02	2c016703c2347336d6def4ac71c8311a9b1a8a05c50a93e62f439f2bd98b8585	02_investigacion/marco_legal/20_desarrollo_productivo/ley_27829_bono_familiar_habitacional.pdf	Ley N.° 27829. Bono familiar habitacional	Congreso de la República	Statute	Normativa	2013	Diario Oficial El Peruano	desarrollo_productivo, legislacion	9916	biblioteca/Congreso de la Republica/Ley N.deg 27829. Bono familiar habitacional (9916)/Ley N.deg 27829. Bono familiar habitaciona - Congreso de la Republica.pdf		archivado
2026-09-02	feaa4ee8bf24feb0682ef9531d3ae2ccc473c87d9cecc8b2ebe77cfdf1b02209	02_investigacion/marco_legal/20_desarrollo_productivo/ley_28832_desarrollo_eficiente_generacion_electrica.pdf	Ley N.° 28832. Desarrollo eficiente generacion electrica	Congreso de la República	Statute	Normativa	2012	Diario Oficial El Peruano	desarrollo_productivo, legislacion	9917	biblioteca/Congreso de la Republica/Ley N.deg 28832. Desarrollo eficiente generacion electrica (9917)/Ley N.deg 28832. Desarrollo eficiente gene - Congreso de la Republica.pdf		archivado
2026-09-02	5a1664c6c06b1f5219f6310c7c1693cd6b790ab1c9a110a37937ba708aca2851	02_investigacion/marco_legal/20_desarrollo_productivo/ley_28890_crea_sierra_exportadora.pdf	Ley N.° 28890. Crea sierra exportadora	Congreso de la República	Statute	Normativa	2012	Diario Oficial El Peruano	desarrollo_productivo, legislacion	9918	biblioteca/Congreso de la Republica/Ley N.deg 28890. Crea sierra exportadora (9918)/Ley N.deg 28890. Crea sierra exportadora - Congreso de la Republica.pdf		archivado
2026-09-02	51784505d1790e2cd99a06b64a24e02b9009ef717428ec8f9ca30c78d208e0ad	02_investigacion/marco_legal/20_desarrollo_productivo/ley_29148_fondo_de_garantia_para_el_campo_fogasa.pdf	Ley N.° 29148. Fondo de garantia para el campo fogasa	Congreso de la República	Statute	Normativa	2012	Diario Oficial El Peruano	desarrollo_productivo, legislacion	9919	biblioteca/Congreso de la Republica/Ley N.deg 29148. Fondo de garantia para el campo fogasa (9919)/Ley N.deg 29148. Fondo de garantia para el - Congreso de la Republica.pdf		archivado
2026-09-02	bea4a9fa6946f80c09b69ef45499d3180057a755b9aff75f7248c6e55a7e82a6	02_investigacion/marco_legal/20_desarrollo_productivo/ley_30852_exoneracion_requisitos_damnificados_bfh.pdf	Ley N.° 30852. Exoneracion requisitos damnificados bfh	Congreso de la República	Statute	Normativa	2018	Diario Oficial El Peruano	desarrollo_productivo, legislacion	9920	biblioteca/Congreso de la Republica/Ley N.deg 30852. Exoneracion requisitos damnificados bfh (9920)/Ley N.deg 30852. Exoneracion requisitos da - Congreso de la Republica.pdf		archivado
2026-09-02	55eab5df76b6459bad34599ae1c9b30f9436e14dd6ba986f3451ce4127256f6b	02_investigacion/marco_legal/20_desarrollo_productivo/ley_31071_compras_estatales_alimentos_agricultura_familiar.pdf	Ley N.° 31071. Compras estatales alimentos agricultura familiar	Congreso de la República	Statute	Normativa	2020	Congreso de la República	desarrollo_productivo, legislacion	9921	biblioteca/Congreso de la Republica/Ley N.deg 31071. Compras estatales alimentos agricultura familiar (9921)/Ley N.deg 31071. Compras estatales aliment - Congreso de la Republica.pdf		archivado
2026-09-02	c50b971bd4c3711e79600c194259936786877733ed8af1154d86cff2e59ff71e	02_investigacion/marco_legal/20_desarrollo_productivo/ley_31145_saneamiento_fisico_legal_predios_rurales.pdf	Ley N.° 31145. Saneamiento fisico legal predios rurales	Congreso de la República	Statute	Normativa	2021	Congreso de la República	desarrollo_productivo, legislacion	9922	biblioteca/Congreso de la Republica/Ley N.deg 31145. Saneamiento fisico legal predios rurales (9922)/Ley N.deg 31145. Saneamiento fisico legal - Congreso de la Republica.pdf		archivado
2026-09-02	2d5b0e043631f1b3996cb2cf5105074e7e07395baee953a8a716a2862a41ea1d	02_investigacion/marco_legal/20_desarrollo_productivo/ley_31335_cooperativas_agrarias.pdf	Ley N.° 31335. Cooperativas agrarias	Congreso de la República	Statute	Normativa	2021	Congreso de la República	desarrollo_productivo, legislacion	9923	biblioteca/Congreso de la Republica/Ley N.deg 31335. Cooperativas agrarias (9923)/Ley N.deg 31335. Cooperativas agrarias - Congreso de la Republica.pdf		archivado
2026-09-02	8b25e4df87b7a70f313f54dda82675452ea7fe6d5d852f4464822165052c4c2d	02_investigacion/informes/2026-09-02-delegacion-facultades-2026/congreso_proyecto_ley_delegacion_facultades_oficio_245_2026_pr_ocr.pdf	CONGRESO — Proyecto ley delegacion facultades oficio 245 2026 pr ocr	Congreso de la República	Document	Documento oficial	2026	Congreso de la República	informe_tecnico, delegacion_facultades_2026	9924	biblioteca/Congreso de la Republica/Proyecto de Ley de delegacion de facultades legislativas 2026 (Oficio N.deg 245-2026-PR) (9924)/Proyecto de Ley de delegacion de facultade - Congreso de la Republica.pdf		archivado
2026-09-02	3d26892db6ab0daf1e5ee9423c5a019961034acf0540b65abc679387665b07a7	02_investigacion/informes/2026-09-02-delegacion-facultades-2026/inei_enapres_2024_principales_resultados.pdf	INEI — Enapres 2024 principales resultados	Instituto Nacional de Estadística e Informática	Report	Informe técnico	2025	Instituto Nacional de Estadística e Informática	informe_tecnico, delegacion_facultades_2026	9925	biblioteca/Instituto Nacional de Estadistica e Informatica/ENAPRES 2024_ principales resultados (9925)/ENAPRES 2024_ principales resultados - Instituto Nacional de Estadistica e Inform.pdf		archivado
2026-09-02	549badd03c619ce79826b0e996565f65adbf9f3591892ace7fefc0927969b390	02_investigacion/informes/2026-09-02-delegacion-facultades-2026/inei_estadisticas_criminalidad_seguridad_ciudadana_ii_semestre_2025.pdf	INEI — Estadisticas criminalidad seguridad ciudadana ii semestre 2025	Instituto Nacional de Estadística e Informática	Report	Informe técnico	2026	Instituto Nacional de Estadística e Informática	informe_tecnico, delegacion_facultades_2026	9926	biblioteca/Instituto Nacional de Estadistica e Informatica/Estadisticas de criminalidad y seguridad ciudadana, II semestre 2025 (9926)/Estadisticas de criminalidad y seguridad c - Instituto Nacional de Estadistica e Inform.pdf		archivado
2026-09-02	2f3fe08ec884db1350cd91b1c166f165e1da5246d001c71191a3fd7cbbf51290	02_investigacion/informes/2026-09-02-delegacion-facultades-2026/inei_estadisticas_seguridad_ciudadana_nov2025_abr2026.pdf	INEI — Estadisticas seguridad ciudadana nov2025 abr2026	Instituto Nacional de Estadística e Informática	Report	Informe técnico	2026	Instituto Nacional de Estadística e Informática	informe_tecnico, delegacion_facultades_2026	9927	biblioteca/Instituto Nacional de Estadistica e Informatica/Estadisticas de seguridad ciudadana, noviembre 2025 - abril 2026 (9927)/Estadisticas de seguridad ciudadana, novie - Instituto Nacional de Estadistica e Inform.pdf		archivado
2026-09-02	33d578fafc9b0b418ba348a23122180f7ff2e5c0688a6a7fc636f46917907c4a	02_investigacion/informes/2026-09-02-delegacion-facultades-2026/inei_evolucion_tasa_homicidios_2022_2025.pdf	INEI — Evolucion tasa homicidios 2022 2025	Instituto Nacional de Estadística e Informática	Report	Informe técnico	2026	Instituto Nacional de Estadística e Informática	informe_tecnico, delegacion_facultades_2026	9928	biblioteca/Instituto Nacional de Estadistica e Informatica/Evolucion de la tasa de homicidios 2022-2025 (9928)/Evolucion de la tasa de homicidios 2022-20 - Instituto Nacional de Estadistica e Inform.pdf		archivado
2026-09-02	a155a6753ddf33530daf858e6e49e12a0b9a317722e789d41c7ab0806d7a75c6	02_investigacion/informes/2026-09-02-delegacion-facultades-2026/inei_indicadores_mercado_laboral_nacional_2025.pdf	INEI — Indicadores mercado laboral nacional 2025	Instituto Nacional de Estadística e Informática	Report	Informe técnico	2025	OIT	informe_tecnico, delegacion_facultades_2026	9929	biblioteca/Instituto Nacional de Estadistica e Informatica/Peru_ comportamiento de los indicadores del mercado laboral a nivel nacional y en 27 ciudades. (9929)/Peru_ comportamiento de los indicadores de - Instituto Nacional de Estadistica e Inform.pdf		archivado
2026-09-02	a531adca5bf4ee2d5bab5ef37c3591637ee7d4c962d9985d4aabeb050144996d	02_investigacion/informes/2026-09-02-delegacion-facultades-2026/inpe_informe_estadistico_febrero_2026.pdf	INPE — Informe estadistico febrero 2026	Instituto Nacional Penitenciario	Report	Informe técnico	2026	Instituto Nacional Penitenciario	informe_tecnico, delegacion_facultades_2026	9930	biblioteca/Instituto Nacional Penitenciario/Informe estadistico, febrero 2026 (9930)/Informe estadistico, febrero 2026 - Instituto Nacional Penitenciario.pdf		archivado
2026-09-02	9e7d5a55d4ff75e5c294aeb9f76f3942ff6c7e8467974be01291d1153bb3c319	02_investigacion/informes/2026-09-02-delegacion-facultades-2026/servir_caracteristicas_servicio_civil_peruano_2025.pdf	SERVIR — Caracteristicas servicio civil peruano 2025	Autoridad Nacional del Servicio Civil	Report	Informe	2026	Autoridad Nacional del Servicio Civil	informe_tecnico, delegacion_facultades_2026	9931	biblioteca/Autoridad Nacional del Servicio Civil/Caracteristicas del servicio civil peruano 2025 (9931)/Caracteristicas del servicio civil peruano - Autoridad Nacional del Servicio Civil.pdf		archivado
2026-09-02	fc5ebeb537ed09754fbc0c795d4fcb39b9ac298520765ff0b905388ffd3dd873	02_investigacion/bibliografia/cotler_grompone_2000_el_fujimorismo_ascenso_y_caida_regimen_autoritario_iep.pdf	El fujimorismo: ascenso y caída de un régimen autoritario	Julio Cotler & Romeo Grompone	Book	Libro	2000-12-01	Instituto de Estudios Peruanos	ciencia_politica, fujimorismo, autoritarismo, peru, delegacion_facultades_2026	9932	biblioteca/Julio, Cotler/El fujimorismo_ ascenso y caida de un regimen autoritario (9932)/El fujimorismo_ ascenso y caida de un regi - Julio, Cotler.pdf		archivado
2026-09-02	390a3330b2cf5121c0b3f56c9cde570d8e74a9054243f47672dbabc0a9a90cb2	02_investigacion/bibliografia/cvr_informe_final_tomo_iii_decada_noventa_gobiernos_fujimori.pdf	Informe Final. Tomo III	Comisión de la Verdad y Reconciliación	Report	Informe	2003-11-01	Comisión de la Verdad y Reconciliación	documento_oficial, derechos_humanos, fujimorismo, historia_peru, delegacion_facultades_2026	9933	biblioteca/Comision de la Verdad y Reconciliacion/Informe Final. Tomo III (9933)/Informe Final. Tomo III - Comision de la Verdad y Reconciliacion.pdf		archivado
2026-09-02	60e4e9c95e32be35385b93fdd1c1bf4fea15b1b00f55c8171b694381c68fe043	02_investigacion/marco_legal/19_informes_permanentes/bcrp_ref_mayo_2024_recuadro_1_tasa_maxima_interes.pdf	Reporte de Estabilidad Financiera, mayo 2024. Recuadro 1: Actualización de los efectos de la tasa máxima de interés para los créditos de consumo y MYPE	Banco Central de Reserva del Perú	Report	Informe	2024-05-01	Banco Central de Reserva del Perú	informe_tecnico, sistema_financiero, tasas_de_interes, delegacion_facultades_2026	9934	biblioteca/Banco Central de Reserva del Peru/Reporte de Estabilidad Financiera, mayo 2024. Recuadro 1_ Actualizacion de los efectos de la ta (9934)/Reporte de Estabilidad Financiera, mayo 20 - Banco Central de Reserva del Peru.pdf		archivado
2026-09-02	9765795e93bc374e9f8a34b3d8e4b16fd0eda2f0ceed49a2527adae67f79d42b	02_investigacion/marco_legal/19_informes_permanentes/bcrp_ref_noviembre_2024_recuadro_9.pdf	Reporte de Estabilidad Financiera, noviembre 2024. Recuadro 9: Mercado ois en soles los derivados de tasas de interés son contratos donde una de las partes se compromete a pagar una tasa de interés fija y a recibir de la contraparte una tasa de interés variable, ambas calculadas sobre un monto nominal. los derivados de tasas de interés son herramientas importantes para gestionar el riesgo de tasas de interés, es decir, para tomar o transferir el riesgo de subidas o bajadas de las tasas de interés en el mercado. por lo tanto, es importante para el desarrollo del mercado financiero contar con un mercado liquido de derivados de tasas de interés en moneda local. en el perú se intentó desarrollar un mercado de derivados de tasas de interés donde la tasa variable sea igual a la tasa limabor; que era similar a la tasa libor. sin embargo, las tasas limabor eran referenciales y rara vez los bancos negociaban a los plazos establecidos para el cálculo de la limabor. prácticamente todas las operaciones de préstamos interbancarios son overnight. por ese motivo, en el 2009 se planteó desarrollar un mercado de overnight index swap (ois), al igual que en chile y brasil. los ois son derivados de tasas de interés donde la tasa de interés variable es igual a la capitalización acumulada de una tasa de referencia al plazo overnight. en el caso del perú, la tasa de referencia es el índice acumulado de la capitalización de la tasa de interés promedio interbancaria overnight (ion). el bcrp comenzó a calcular y publicar el ion en enero del 2009, siguiendo las mejores prácticas internacionales. flujograma de un ois	Banco Central de Reserva del Perú	Report	Informe	2024-11-01	Banco Central de Reserva del Perú	informe_tecnico, sistema_financiero, delegacion_facultades_2026	9935	biblioteca/Banco Central de Reserva del Peru/Reporte de Estabilidad Financiera, noviembre 2024. Recuadro 9_ Mercado OIS en soles (9935)/Reporte de Estabilidad Financiera, noviemb - Banco Central de Reserva del Peru.pdf		archivado
2026-09-02	0fb9622f9a0a085e3a4cc7ac2205a738a59cbbe6940fd66006ddb2522d0575e2	02_investigacion/marco_legal/19_informes_permanentes/bcrp_reporte_estabilidad_financiera_2024_11.pdf	Reporte de Estabilidad Financiera. Noviembre 2024	Banco Central de Reserva del Perú	Report	Informe	2024-11-01	Banco Central de Reserva del Perú	informe_tecnico, sistema_financiero, delegacion_facultades_2026	9936	biblioteca/Banco Central de Reserva del Peru/Reporte de Estabilidad Financiera. Noviembre 2024 (9936)/Reporte de Estabilidad Financiera. Noviemb - Banco Central de Reserva del Peru.pdf		archivado
2026-09-02	f72683bd7520b7d9d5312966303603b52c4564f4620ace97af33dba9c6c5f15c	02_investigacion/marco_legal/19_informes_permanentes/fmv_dinamica_del_deficit_habitacional_en_el_peru.pdf	Dinámica del déficit habitacional en el Perú (documento de trabajo)	Fondo MiVivienda	Report	Informe	2006-01-01	Fondo MiVivienda S.A.	informe_tecnico, vivienda, deficit_habitacional, delegacion_facultades_2026	9937	biblioteca/Fondo MiVivienda/Dinamica del deficit habitacional en el Peru (documento de trabajo) (9937)/Dinamica del deficit habitacional en el Pe - Fondo MiVivienda.pdf		archivado
2026-09-02	896d1b5dbfb067b10dfc320e065a376fadf236c64509e9661bb3f579d33f9337	02_investigacion/marco_legal/19_informes_permanentes/indecopi_impacto_economico_barreras_burocraticas_2024.pdf	Observatorio de barreras burocráticas 2024: impacto económico de la imposición de barreras burocráticas en el Perú	Instituto Nacional de Defensa de la Competencia y de la Protección de la Propiedad Intelectual	Report	Informe	2025-07-01	INDECOPI	informe_tecnico, barreras_burocraticas, simplificacion_administrativa, delegacion_facultades_2026	9938	biblioteca/Instituto Nacional de Defensa de la Competencia y de la Proteccion de la Propiedad Intelectual/Observatorio de barreras burocraticas 2024_ impacto economico de la imposicion de barreras buro (9938)/Observatorio de barreras burocraticas 2024 - Instituto Nacional de Defensa de la Compet.pdf		archivado
2026-09-02	84a4bfb02803b2fc747ebf801b7a8cb61b4fdbbc84c6d770b2c731370a883f2d	02_investigacion/marco_legal/19_informes_permanentes/inei_lib1442_cap13_deficit_habitacional.pdf	Perú: Indicadores de Programas Presupuestales 2011-2016. Capítulo XIII: Déficit habitacional (ENAPRES)	Instituto Nacional de Estadística e Informática	Report	Informe	2017-01-01	Instituto Nacional de Estadística e Informática	informe_tecnico, vivienda, deficit_habitacional, delegacion_facultades_2026	9939	biblioteca/Instituto Nacional de Estadistica e Informatica/Peru_ Indicadores de Programas Presupuestales 2011-2016. Capitulo XIII_ Deficit habitacional (E (9939)/Peru_ Indicadores de Programas Presupuesta - Instituto Nacional de Estadistica e Inform.pdf		archivado
2026-09-02	1619734f3b2f32988db2fa76adc6cd3ddce7425d6c07562464d57f1dd1e4d5d8	02_investigacion/marco_legal/19_informes_permanentes/minem_cartera_proyectos_inversion_minera_2025.pdf	Cartera de Proyectos de Inversión Minera 2025	Ministerio de Energía y Minas	Report	Informe	2025-08-01	Ministerio de Energía y Minas	informe_tecnico, mineria, inversion, delegacion_facultades_2026	9940	biblioteca/Ministerio de Energia y Minas/Cartera de Proyectos de Inversion Minera 2025 (9940)/Cartera de Proyectos de Inversion Minera 2 - Ministerio de Energia y Minas.pdf		archivado
2026-09-02	37708e0ffdacd83c265405976daa10b6f513b40ef99c2479e65cbe722aaef37f	02_investigacion/marco_legal/19_informes_permanentes/sunafil_memoria_anual_2025.pdf	Memoria Anual 2025	Superintendencia Nacional de Fiscalización Laboral	Report	Informe	2026-07-01	Superintendencia Nacional de Fiscalización Laboral	informe_tecnico, inspeccion_del_trabajo, economia_laboral, delegacion_facultades_2026	9941	biblioteca/Superintendencia Nacional de Fiscalizacion Laboral/Memoria Anual 2025 (9941)/Memoria Anual 2025 - Superintendencia Nacional de Fiscalizacion.pdf		archivado
2026-09-02	e99529c4512882d46c2bebecea155514ad1de568c5b7839a4ce4432b410f5ddf	02_investigacion/marco_legal/20_desarrollo_productivo/rd_0004_2025_minem_dgfm_cierre_reinfo_inscripciones_suspendidas.pdf	Resolución Directoral N.° 0004-2025-MINEM/DGFM. Declaran concluido el proceso de formalización minera integral de 50 565 inscripciones del REINFO suspendidas por más de un año	Ministerio de Energía y Minas. Dirección General de Formalización Minera	Statute	Normativa	2025-07-03	Ministerio de Energía y Minas	legislacion, mineria, reinfo, desarrollo_productivo, delegacion_facultades_2026	9942	biblioteca/Ministerio de Energia y Minas. Direccion General de Formalizacion Minera/Resolucion Directoral N.deg 0004-2025-MINEM_DGFM. Declaran concluido el proceso de formalizacio (9942)/Resolucion Directoral N.deg 0004-2025-MINE - Ministerio de Energia y Minas. Direccion G.pdf		archivado
2026-09-02	eff9e8fb9630f7d99fca3d1e169f2a89e3fcd263a9a668e90e7160675cc5926f	02_investigacion/marco_legal/19_informes_permanentes/mef_pp0146_acceso_vivienda_resultado_especifico_2026.pdf	Programa Presupuestal 0146 Acceso de las familias a vivienda y entorno urbano adecuado: resultado específico (vigente al 2026)	Ministerio de Economía y Finanzas. Dirección General de Presupuesto Público	Report	Informe	2026-02-17	Ministerio de Economía y Finanzas	documento_oficial, presupuesto, vivienda, delegacion_facultades_2026	9943	biblioteca/Ministerio de Economia y Finanzas. Direccion General de Presupuesto Publico/Programa Presupuestal 0146 Acceso de las familias a vivienda y entorno urbano adecuado_ resulta (9943)/Programa Presupuestal 0146 Acceso de las f - Ministerio de Economia y Finanzas. Direcci.pdf		archivado
2026-09-02	24ceafb2125e26e2428ddf7ce6b0e0c39d47bfa907d8e1f1b10e07ba4b0025f9	02_investigacion/marco_legal/19_informes_permanentes/mvcs_informe_anual_seguimiento_pnvu_2021.pdf	Informe Anual de Seguimiento de la Política Nacional de Vivienda y Urbanismo 2021	Ministerio de Vivienda, Construcción y Saneamiento	Report	Informe	2022-06-01	Ministerio de Vivienda, Construcción y Saneamiento	informe_tecnico, vivienda, urbanismo, delegacion_facultades_2026	9944	biblioteca/Ministerio de Vivienda, Construccion y Saneamiento/Informe Anual de Seguimiento de la Politica Nacional de Vivienda y Urbanismo 2021 (9944)/Informe Anual de Seguimiento de la Politic - Ministerio de Vivienda, Construccion y San.pdf		archivado
2026-09-02	f68644ea0afa81dfbcd7cc94ee04446356e31ef7339d91fe97d715a7fa4888c3	02_investigacion/marco_legal/19_informes_permanentes/mvcs_politica_nacional_de_vivienda_y_urbanismo_2030.pdf	Política Nacional de Vivienda y Urbanismo al 2030	Ministerio de Vivienda, Construcción y Saneamiento	Report	Informe	2021-07-14	Ministerio de Vivienda, Construcción y Saneamiento	documento_oficial, vivienda, urbanismo, politica_publica, delegacion_facultades_2026	9945	biblioteca/Ministerio de Vivienda, Construccion y Saneamiento/Politica Nacional de Vivienda y Urbanismo al 2030 (9945)/Politica Nacional de Vivienda y Urbanismo - Ministerio de Vivienda, Construccion y San.pdf		archivado
2026-09-02	3c1a577d97ae1dfd54c6a222fd0ec80aefc31b0ee1fc17fff9c60ed2d9cac3eb	02_investigacion/marco_legal/21_vivienda_urbanismo/ds_012_2021_vivienda_politica_nacional_de_vivienda_y_urbanismo_2030.pdf	Decreto Supremo N.° 012-2021-VIVIENDA. Decreto Supremo que aprueba la Política Nacional de Vivienda y Urbanismo, con horizonte temporal al 2030	Ministerio de Vivienda, Construcción y Saneamiento	Statute	Normativa	2021-07-14	Diario Oficial El Peruano	legislacion, vivienda, urbanismo, delegacion_facultades_2026	9946	biblioteca/Ministerio de Vivienda, Construccion y Saneamiento/Decreto Supremo N.deg 012-2021-VIVIENDA. Decreto Supremo que aprueba la Politica Nacional de Vi (9946)/Decreto Supremo N.deg 012-2021-VIVIENDA. D - Ministerio de Vivienda, Construccion y San.pdf		archivado
2026-09-06	b3c5ac1613915a378a708ae19ff10712be86b52a4c058910d43cf779b1b7166c	02_investigacion/marco_legal/14_trabajo/ley_28806_ley_general_de_inspeccion_del_trabajo.pdf	Ley N.° 28806. Ley general de inspeccion del trabajo	Ministerio de Trabajo y Promoción del Empleo	Statute	Normativa	2012	Ministerio de Trabajo y Promoción del Empleo	economia_laboral, legislacion	10011	biblioteca/Ministerio de Trabajo y Promocion del Empleo/Ley N.deg 28806. Ley general de inspeccion del trabajo (10011)/Ley N.deg 28806. Ley general de inspeccion - Ministerio de Trabajo y Promocion del Empl.pdf		archivado
2026-09-06	695f9f20f0683396464d975a74878d41c38f2a521caa87b86cc2fec4fb2ee1b1	02_investigacion/marco_legal/14_trabajo/ley_28806_general_de_inspeccion_del_trabajo.pdf	Ley N.° 28806. General de inspeccion del trabajo	Ministerio de Trabajo y Promoción del Empleo	Statute	Normativa	2022	Ministerio de Trabajo y Promoción del Empleo	economia_laboral, legislacion	10012	biblioteca/Ministerio de Trabajo y Promocion del Empleo/Ley N.deg 28806. General de inspeccion del trabajo (10012)/Ley N.deg 28806. General de inspeccion del - Ministerio de Trabajo y Promocion del Empl.pdf		archivado
2026-09-06	47d7a5c1ed539d31cb7c006635775c58a6095a617db0f069fd5cea388a652b20	02_investigacion/marco_legal/14_trabajo/tuo_dleg_728_ds_003_97_tr_productividad_competitividad_laboral.pdf	Texto Único Ordenado del Decreto Legislativo N.° 728. D.S. 003 97 tr productividad competitividad laboral	Ministerio de Trabajo y Promoción del Empleo	Statute	Normativa	2015	Ministerio de Trabajo y Promoción del Empleo	economia_laboral, legislacion	10013	biblioteca/Ministerio de Trabajo y Promocion del Empleo/Texto Unico Ordenado del Decreto Legislativo N.deg 728. D.S. 003 97 tr productividad competiti (10013)/Texto Unico Ordenado del Decreto Legislati - Ministerio de Trabajo y Promocion del Empl.pdf		archivado
2026-09-06	7c6945d3dff834498751afbb3344416ed3c6a7c6eb5e3eabd4230f390905ffe7	02_investigacion/marco_legal/14_trabajo/ley_29783_seguridad_y_salud_en_el_trabajo.pdf	Ley N.° 29783. Seguridad y salud en el trabajo	Ministerio de Trabajo y Promoción del Empleo	Statute	Normativa	2011	Ministerio de Trabajo y Promoción del Empleo	economia_laboral, legislacion	10014	biblioteca/Ministerio de Trabajo y Promocion del Empleo/Ley N.deg 29783. Seguridad y salud en el trabajo (10014)/Ley N.deg 29783. Seguridad y salud en el t - Ministerio de Trabajo y Promocion del Empl.pdf		archivado
2026-09-06	beb25b6f699800edfae4857067c2209a8635bc6d8334ce11bb845bd3d9bc2f2c	02_investigacion/marco_legal/14_trabajo/ds_005_2012_tr_reglamento_ley_29783.pdf	Decreto Supremo N.° 005-2012-TR. Reglamento ley 29783	Ministerio de Trabajo y Promoción del Empleo	Statute	Normativa	2012	Ministerio de Trabajo y Promoción del Empleo	economia_laboral, legislacion	10015	biblioteca/Ministerio de Trabajo y Promocion del Empleo/Decreto Supremo N.deg 005-2012-TR. Reglamento ley 29783 (10015)/Decreto Supremo N.deg 005-2012-TR. Reglame - Ministerio de Trabajo y Promocion del Empl.pdf		archivado
2026-09-06	21a201137159109b08f22049629aa2340c8b6b121c035ba4fd2048679c338c0b	02_investigacion/marco_legal/14_trabajo/dleg_728_ley_de_fomento_del_empleo.pdf	Decreto Legislativo N.° 728. Ley de fomento del empleo	Ministerio de Trabajo y Promoción del Empleo	Statute	Normativa	2002	Ministerio de Trabajo y Promoción del Empleo	economia_laboral, legislacion	10016	biblioteca/Ministerio de Trabajo y Promocion del Empleo/Decreto Legislativo N.deg 728. Ley de fomento del empleo (10016)/Decreto Legislativo N.deg 728. Ley de fome - Ministerio de Trabajo y Promocion del Empl.pdf		archivado
2026-09-06	01f56d998fefa9909f6b3c160d2ecce187b5ca743ddf105570d28b0fa1ac4c53	02_investigacion/marco_legal/09_inversion_publica/rd_0002_2025_ef_6301_modifica_directiva_general_invierte_pe.pdf	Resolución Directoral N.° 0002-2025-EF. 6301 modifica directiva general invierte pe	Ministerio de Economía y Finanzas	Statute	Normativa	2025	Ministerio de Economía y Finanzas	inversion_publica, legislacion	10017	biblioteca/Ministerio de Economia y Finanzas/Resolucion Directoral N.deg 0002-2025-EF. 6301 modifica directiva general invierte pe (10017)/Resolucion Directoral N.deg 0002-2025-EF. - Ministerio de Economia y Finanzas.pdf		archivado
2026-09-06	109b9d6e0f18e433834ea796e556869d595f506d9ceae44b0de48e28ff25109c	02_investigacion/marco_legal/09_inversion_publica/dleg_1192_ley_marco_adquisicion_y_expropiacion.pdf	Decreto Legislativo N.° 1192. Ley marco adquisicion y expropiacion	Ministerio de Economía y Finanzas	Statute	Normativa	2015	Ministerio de Economía y Finanzas	inversion_publica, legislacion	10018	biblioteca/Ministerio de Economia y Finanzas/Decreto Legislativo N.deg 1192. Ley marco adquisicion y expropiacion (10018)/Decreto Legislativo N.deg 1192. Ley marco - Ministerio de Economia y Finanzas.pdf		archivado
2026-09-06	d1aa77c0121854d7cb1e9aca0995152c16c409ad0aa74766ff531c58d1be7530	02_investigacion/marco_legal/09_inversion_publica/ds_284_2018_ef_reglamento_dleg_1252.pdf	Decreto Supremo N.° 284-2018-EF. Reglamento D.Leg. 1252	Ministerio de Economía y Finanzas	Statute	Normativa	2018	Ministerio de Economía y Finanzas	inversion_publica, legislacion	10019	biblioteca/Ministerio de Economia y Finanzas/Decreto Supremo N.deg 284-2018-EF. Reglamento D.Leg. 1252 (10019)/Decreto Supremo N.deg 284-2018-EF. Reglame - Ministerio de Economia y Finanzas.pdf		archivado
2026-09-06	0a8ffdc0440da6782dbe4d73f7d054168d21cc24914d317c915c408e68991126	02_investigacion/marco_legal/09_inversion_publica/ley_29230_obras_por_impuestos.pdf	Ley N.° 29230. Obras por impuestos	Ministerio de Economía y Finanzas	Statute	Normativa	2012	Ministerio de Economía y Finanzas	inversion_publica, legislacion	10020	biblioteca/Ministerio de Economia y Finanzas/Ley N.deg 29230. Obras por impuestos (10020)/Ley N.deg 29230. Obras por impuestos - Ministerio de Economia y Finanzas.pdf		archivado
2026-09-06	bc41c4e17b7cf8962e0b10114f82bb1afc11425ec05f5d0f136580f116dc6cde	02_investigacion/marco_legal/09_inversion_publica/dleg_1252_invierte_pe.pdf	Decreto Legislativo N.° 1252. Invierte pe	Ministerio de Economía y Finanzas	Statute	Normativa	2025	Ministerio de Economía y Finanzas	inversion_publica, legislacion	10021	biblioteca/Ministerio de Economia y Finanzas/Decreto Legislativo N.deg 1252. Invierte pe (10021)/Decreto Legislativo N.deg 1252. Invierte p - Ministerio de Economia y Finanzas.pdf		archivado
2026-09-06	99fe5cbabd60bccdeaff8e4b8f262e17f845a3aa1c1773e934141acb793b92ce	02_investigacion/marco_legal/09_inversion_publica/ley_30230_medidas_tributarias_simplificacion_inversion.pdf	Ley N.° 30230. Medidas tributarias simplificacion inversión	Ministerio de Economía y Finanzas	Statute	Normativa	2014	Ministerio de Economía y Finanzas	inversion_publica, legislacion	10022	biblioteca/Ministerio de Economia y Finanzas/Ley N.deg 30230. Medidas tributarias simplificacion inversion (10022)/Ley N.deg 30230. Medidas tributarias simpl - Ministerio de Economia y Finanzas.pdf		archivado
2026-09-06	f2b15561bf8b144689ce8ae5c2e7e7c3c9632d6a5cdae1e855d61a0d0e65b0d8	02_investigacion/marco_legal/09_inversion_publica/directiva_001_2019_ef_6301_directiva_general_invierte_pe.pdf	Directiva N.° 001-2019-EF. 6301 directiva general invierte pe	Ministerio de Economía y Finanzas	Statute	Normativa	2019	Ministerio de Economía y Finanzas	inversion_publica, legislacion	10023	biblioteca/Ministerio de Economia y Finanzas/Directiva N.deg 001-2019-EF. 6301 directiva general invierte pe (10023)/Directiva N.deg 001-2019-EF. 6301 directiv - Ministerio de Economia y Finanzas.pdf		archivado
2026-09-06	bcc42a1e602f8a0479b5422fa14c1b694d7edfef3cf8c942e5d6487eba970ccd	02_investigacion/marco_legal/12_educacion/ds_011_2012_ed_reglamento_ley_general_de_educacion.pdf	Decreto Supremo N.° 011-2012-ED. Reglamento ley general de educacion	Ministerio de Educación	Statute	Normativa	2012	Ministerio de Educación	documento_oficial	10024	biblioteca/Ministerio de Educacion/Decreto Supremo N.deg 011-2012-ED. Reglamento ley general de educacion (10024)/Decreto Supremo N.deg 011-2012-ED. Reglame - Ministerio de Educacion.pdf		archivado
2026-09-06	a7cdeed85fa6b9ddac3c75e674eac961c74036064cd01aae9ef83e90615c3354	02_investigacion/marco_legal/12_educacion/ley_30512_institutos_escuelas_educacion_superior.pdf	Ley N.° 30512. Institutos escuelas educacion superior	Ministerio de Educación	Statute	Normativa	2016	Ministerio de Educación	documento_oficial	10025	biblioteca/Ministerio de Educacion/Ley N.deg 30512. Institutos escuelas educacion superior (10025)/Ley N.deg 30512. Institutos escuelas educa - Ministerio de Educacion.pdf		archivado
2026-09-06	a9cb4adf8bb8b48935fc06e5c1cac652062c015f230b7f332ef9c58539a2f3c7	02_investigacion/marco_legal/12_educacion/ley_30220_universitaria.pdf	Ley N.° 30220. Universitaria	Ministerio de Educación	Statute	Normativa	2014	Ministerio de Educación	documento_oficial	10026	biblioteca/Ministerio de Educacion/Ley N.deg 30220. Universitaria (10026)/Ley N.deg 30220. Universitaria - Ministerio de Educacion.pdf		archivado
2026-09-06	342f3fe71b0fb1fa433a599c4382db73be0d33bd647698b1a4af8042c2882069	02_investigacion/marco_legal/12_educacion/pen_2036_proyecto_educativo_nacional.pdf	PEN 2036 proyecto educativo nacional	Ministerio de Educación	Report	Informe	2022	Ministerio de Educación	documento_oficial	10027	biblioteca/Ministerio de Educacion/PEN 2036 proyecto educativo nacional (10027)/PEN 2036 proyecto educativo nacional - Ministerio de Educacion.pdf		archivado
2026-09-06	a0a83c9fdcbc554e85a1cc81718c8d0d085e7ec64c92a858e17ced7efa5a9152	02_investigacion/marco_legal/12_educacion/ley_28044_general_de_educacion.pdf	Ley N.° 28044. General de educacion	Ministerio de Educación	Statute	Normativa	2012	Ministerio de Educación	documento_oficial	10028	biblioteca/Ministerio de Educacion/Ley N.deg 28044. General de educacion (10028)/Ley N.deg 28044. General de educacion - Ministerio de Educacion.pdf		archivado
2026-09-06	40f12ca17a66daf8d164550f29016a27e33528bd21021750e7dd8c7c73b41129	02_investigacion/marco_legal/12_educacion/ley_29944_reforma_magisterial.pdf	Ley N.° 29944. Reforma magisterial	Ministerio de Educación	Statute	Normativa	2016	Ministerio de Educación	documento_oficial	10029	biblioteca/Ministerio de Educacion/Ley N.deg 29944. Reforma magisterial (10029)/Ley N.deg 29944. Reforma magisterial - Ministerio de Educacion.pdf		archivado
2026-09-06	854b7f04587b81de14342a1a7ac0c2b3a37a05e3d5db547f5d42ab020aeb98df	02_investigacion/marco_legal/04_administracion_publica/ley_28563_sistema_nacional_endeudamiento_historica.pdf	Ley N.° 28563. Sistema nacional endeudamiento historica	Presidencia del Consejo de Ministros	Statute	Normativa	2012	Presidencia del Consejo de Ministros	gestion_publica, legislacion	10030	biblioteca/Presidencia del Consejo de Ministros/Ley N.deg 28563. Sistema nacional endeudamiento historica (10030)/Ley N.deg 28563. Sistema nacional endeudam - Presidencia del Consejo de Ministros.pdf		archivado
2026-09-06	3ca3185fe4cfd1a48a0d2ec87c0dfcb2031e358b02561201d18ce649f5011a99	02_investigacion/marco_legal/04_administracion_publica/ds_040_2014_pcm_reglamento_general_ley_servicio_civil.pdf	Decreto Supremo N.° 040-2014-PCM. Reglamento general ley servicio civil	Presidencia del Consejo de Ministros	Statute	Normativa	2014	Presidencia del Consejo de Ministros	gestion_publica, legislacion	10031	biblioteca/Presidencia del Consejo de Ministros/Decreto Supremo N.deg 040-2014-PCM. Reglamento general ley servicio civil (10031)/Decreto Supremo N.deg 040-2014-PCM. Reglam - Presidencia del Consejo de Ministros.pdf		archivado
2026-09-06	06014d330a2f3c4d3f471b8702625d7522615b2ff644e8035fdb2ee7eb3b935e	02_investigacion/marco_legal/04_administracion_publica/ley_30057_ley_del_servicio_civil.pdf	Ley N.° 30057. Ley del servicio civil	Presidencia del Consejo de Ministros	Statute	Normativa	2021	Presidencia del Consejo de Ministros	gestion_publica, legislacion	10032	biblioteca/Presidencia del Consejo de Ministros/Ley N.deg 30057. Ley del servicio civil (10032)/Ley N.deg 30057. Ley del servicio civil - Presidencia del Consejo de Ministros.pdf		archivado
2026-09-06	eb5cf1063392a4b062b6fc9fd9a83dc8cf10ab011882d948f592283ced4c5a61	02_investigacion/marco_legal/04_administracion_publica/ley_27658_marco_modernizacion_gestion_del_estado.pdf	Ley N.° 27658. Marco modernización gestión del estado	Presidencia del Consejo de Ministros	Statute	Normativa	2026	Presidencia del Consejo de Ministros	gestion_publica, legislacion	10033	biblioteca/Presidencia del Consejo de Ministros/Ley N.deg 27658. Marco modernizacion gestion del estado (10033)/Ley N.deg 27658. Marco modernizacion gesti - Presidencia del Consejo de Ministros.pdf		archivado
2026-09-06	90116fae240968403c17cfe0ad798da0f420d0ca12a38dfff07dc134cd2cdf9e	02_investigacion/marco_legal/04_administracion_publica/ley_28708_sistema_nacional_contabilidad_historica.pdf	Ley N.° 28708. Sistema nacional contabilidad historica	Presidencia del Consejo de Ministros	Statute	Normativa	2006	Presidencia del Consejo de Ministros	gestion_publica, legislacion	10034	biblioteca/Presidencia del Consejo de Ministros/Ley N.deg 28708. Sistema nacional contabilidad historica (10034)/Ley N.deg 28708. Sistema nacional contabil - Presidencia del Consejo de Ministros.pdf		archivado
2026-09-06	acca5896455ea94ae95832347d18cd5950d979eae087233a8b9aa5ad0f1cd401	02_investigacion/marco_legal/04_administracion_publica/dleg_1694_modifica_ley_27658_innovacion_publica.pdf	Decreto Legislativo N.° 1694. Modifica ley 27658 innovacion pública	Presidencia del Consejo de Ministros	Statute	Normativa	2026	Presidencia del Consejo de Ministros	gestion_publica, legislacion	10035	biblioteca/Presidencia del Consejo de Ministros/Decreto Legislativo N.deg 1694. Modifica ley 27658 innovacion publica (10035)/Decreto Legislativo N.deg 1694. Modifica l - Presidencia del Consejo de Ministros.pdf		archivado
2026-09-06	bf5aaebf7e88f19f433f2e3eac4e1085f2b9ac14e41666d02f08dd6de2fdd27d	02_investigacion/marco_legal/04_administracion_publica/ley_28693_sistema_nacional_tesoreria_historica.pdf	Ley N.° 28693. Sistema nacional tesoreria historica	Presidencia del Consejo de Ministros	Statute	Normativa	2012	Presidencia del Consejo de Ministros	gestion_publica, legislacion	10036	biblioteca/Presidencia del Consejo de Ministros/Ley N.deg 28693. Sistema nacional tesoreria historica (10036)/Ley N.deg 28693. Sistema nacional tesoreri - Presidencia del Consejo de Ministros.pdf		archivado
2026-09-06	db18bf3da3715039b32d4a693c24bca784065711900d3f7ed01deffcaf55d078	02_investigacion/marco_legal/04_administracion_publica/ds_123_2018_pcm_reglamento_sistema_modernizacion_gestion_publica.pdf	Decreto Supremo N.° 123-2018-PCM. Reglamento sistema modernización gestión pública	Presidencia del Consejo de Ministros	Statute	Normativa	2018	Presidencia del Consejo de Ministros	gestion_publica, legislacion	10037	biblioteca/Presidencia del Consejo de Ministros/Decreto Supremo N.deg 123-2018-PCM. Reglamento sistema modernizacion gestion publica (10037)/Decreto Supremo N.deg 123-2018-PCM. Reglam - Presidencia del Consejo de Ministros.pdf		archivado
2026-09-06	6ebc3b3108b725c8e16ed2913e706890ff90cf1257d4d1f62644c1642639d845	02_investigacion/marco_legal/04_administracion_publica/ds_090_2026_pcm_modifica_reglamento_modernizacion.pdf	Decreto Supremo N.° 090-2026-PCM. Modifica reglamento modernización	Presidencia del Consejo de Ministros	Statute	Normativa	2026	Presidencia del Consejo de Ministros	gestion_publica, legislacion	10038	biblioteca/Presidencia del Consejo de Ministros/Decreto Supremo N.deg 090-2026-PCM. Modifica reglamento modernizacion (10038)/Decreto Supremo N.deg 090-2026-PCM. Modifi - Presidencia del Consejo de Ministros.pdf		archivado
2026-09-06	4357fffcb10586204fdb30486c3a9302d77f13d4e1667f03159cbbc32f5fc401	02_investigacion/marco_legal/04_administracion_publica/ley_27815_codigo_etica_funcion_publica_y_reglamento.pdf	Ley N.° 27815. Código etica funcion pública y reglamento	Presidencia del Consejo de Ministros	Statute	Normativa	2008	Presidencia del Consejo de Ministros	gestion_publica, legislacion	10039	biblioteca/Presidencia del Consejo de Ministros/Ley N.deg 27815. Codigo etica funcion publica y reglamento (10039)/Ley N.deg 27815. Codigo etica funcion publ - Presidencia del Consejo de Ministros.pdf		archivado
2026-09-06	2cf6fcce04b87dd5a7a6b7581e44ccccb84cb7e47d04e6ad233f056d6fba249d	02_investigacion/marco_legal/04_administracion_publica/tuo_ley_27444_procedimiento_administrativo_general_vigente.pdf	Texto Único Ordenado de la Ley N.° 27444. Procedimiento administrativo general vigente	Presidencia del Consejo de Ministros	Statute	Normativa	2026	Presidencia del Consejo de Ministros	gestion_publica, legislacion	10040	biblioteca/Presidencia del Consejo de Ministros/Texto Unico Ordenado de la Ley N.deg 27444. Procedimiento administrativo general vigente (10040)/Texto Unico Ordenado de la Ley N.deg 27444 - Presidencia del Consejo de Ministros.pdf		archivado
2026-09-06	9f33af5651b26b7e146ae934b8eb07d4fa7bf96d0ffa89afa7ee8189e38a0af7	02_investigacion/marco_legal/04_administracion_publica/ley_28411_sistema_nacional_presupuesto_historica.pdf	Ley N.° 28411. Sistema nacional presupuesto historica	Presidencia del Consejo de Ministros	Statute	Normativa	2012	Presidencia del Consejo de Ministros	gestion_publica, legislacion	10041	biblioteca/Presidencia del Consejo de Ministros/Ley N.deg 28411. Sistema nacional presupuesto historica (10041)/Ley N.deg 28411. Sistema nacional presupue - Presidencia del Consejo de Ministros.pdf		archivado
2026-09-06	6e614e9068df6de849c6648b0e934abd01beeea5e79d0d4b4481c30bf6ee1580	02_investigacion/marco_legal/04_administracion_publica/tuo_ley_27806_transparencia_acceso_informacion_publica.pdf	Texto Único Ordenado de la Ley N.° 27806. Transparencia acceso información pública	Presidencia del Consejo de Ministros	Statute	Normativa	2019	Presidencia del Consejo de Ministros	gestion_publica, legislacion	10042	biblioteca/Presidencia del Consejo de Ministros/Texto Unico Ordenado de la Ley N.deg 27806. Transparencia acceso informacion publica (10042)/Texto Unico Ordenado de la Ley N.deg 27806 - Presidencia del Consejo de Ministros.pdf		archivado
2026-09-06	8f9269ac92142b63df33c5e3bdfabd3f64484c94ebb5ffbfa3123d02418eb7cc	02_investigacion/marco_legal/04_administracion_publica/tuo_ley_27444_ds_004_2019_jus_derogado.pdf	Texto Único Ordenado de la Ley N.° 27444. D.S. 004-2019 JUS derogado	Ministerio de Justicia y Derechos Humanos	Statute	Normativa	2019	Ministerio de Justicia y Derechos Humanos	gestion_publica, legislacion	10043	biblioteca/Ministerio de Justicia y Derechos Humanos/Texto Unico Ordenado de la Ley N.deg 27444. D.S. 004-2019 JUS derogado (10043)/Texto Unico Ordenado de la Ley N.deg 27444 - Ministerio de Justicia y Derechos Humanos.pdf		archivado
2026-09-06	ad9a107527088a2bdfbbe6f0807c3982df8d4df59814a2ba34aa5a73f06b3114	02_investigacion/marco_legal/10_control/normas_generales_de_control_gubernamental_version_integrada.pdf	Normas generales de control gubernamental version integrada	Contraloría General de la República	Report	Informe	2023	Contraloría General de la República	documento_oficial	10044	biblioteca/Contraloria General de la Republica/Normas generales de control gubernamental version integrada (10044)/Normas generales de control gubernamental - Contraloria General de la Republica.pdf		archivado
2026-09-06	37ead5cdad62f61ce8d737426dc164499b7e815d900eb74e99b47631f98fbf46	02_investigacion/marco_legal/10_control/reglamento_pas_responsabilidad_administrativa_funcional_version_integrada.pdf	Reglamento pas responsabilidad administrativa funcional version integrada	Contraloría General de la República	Report	Informe	2024	Contraloría General de la República	documento_oficial	10045	biblioteca/Contraloria General de la Republica/Reglamento pas responsabilidad administrativa funcional version integrada (10045)/Reglamento pas responsabilidad administrat - Contraloria General de la Republica.pdf		archivado
2026-09-06	f2cdb9815ff648553ddceef721514141530293788dfb57473fa2ed0be4cf2948	02_investigacion/marco_legal/10_control/ley_29622_amplia_facultades_sancionadoras_contraloria.pdf	Ley N.° 29622. Amplia facultades sancionadoras contraloria	Contraloría General de la República	Statute	Normativa	2015	Contraloría General de la República	documento_oficial	10046	biblioteca/Contraloria General de la Republica/Ley N.deg 29622. Amplia facultades sancionadoras de la Contraloria (10046)/Ley N.deg 29622. Amplia facultades sancion - Contraloria General de la Republica.pdf		archivado
2026-09-06	1d0eccf107af320a7b4c1784c8af112c3f4f87f422c6a07f72cdb47e88d9927e	02_investigacion/marco_legal/10_control/ley_27785_sistema_nacional_de_control.pdf	Ley N.° 27785. Sistema nacional de control	Contraloría General de la República	Statute	Normativa	2018	Contraloría General de la República	documento_oficial	10047	biblioteca/Contraloria General de la Republica/Ley N.deg 27785. Sistema nacional de control (10047)/Ley N.deg 27785. Sistema nacional de contr - Contraloria General de la Republica.pdf		archivado
2026-09-06	33c97f19dff18ea045b57ad4b17dec84bd8db2a81405d0afe10b051ab39a50c8	02_investigacion/marco_legal/17_jurisprudencia/compendio_precedentes_vinculantes_tc_tomo2.pdf	Compendio precedentes vinculantes TC tomo2	Tribunal Constitucional	Statute	Normativa	2017	Tribunal Constitucional	documento_oficial	10048	biblioteca/Tribunal Constitucional/Compendio precedentes vinculantes TC tomo2 (10048)/Compendio precedentes vinculantes TC tomo2 - Tribunal Constitucional.pdf		archivado
2026-09-06	b2ee7eb47c122e448227250024012eefeebcf83fce7191dca01de49ed06cdc40	02_investigacion/marco_legal/17_jurisprudencia/compendio_precedentes_vinculantes_tc_tomo1.pdf	Compendio precedentes vinculantes TC tomo1	Tribunal Constitucional	Statute	Normativa	2016	Tribunal Constitucional	documento_oficial	10049	biblioteca/Tribunal Constitucional/Compendio precedentes vinculantes TC tomo1 (10049)/Compendio precedentes vinculantes TC tomo1 - Tribunal Constitucional.pdf		archivado
2026-09-06	3f2adb400ba55513441b0fb0872aed4481451855d569fdbe43f3dea4b9657ce4	02_investigacion/marco_legal/17_jurisprudencia/compendio_acuerdos_plenarios_penales_corte_suprema_t1.pdf	Compendio acuerdos plenarios penales corte suprema t1	Tribunal Constitucional	Report	Informe	2013	Tribunal Constitucional	documento_oficial	10050	biblioteca/Tribunal Constitucional/Compendio acuerdos plenarios penales corte suprema t1 (10050)/Compendio acuerdos plenarios penales corte - Tribunal Constitucional.pdf		archivado
2026-09-06	eb6424c19c6e1490961f4436b4c9ab169b7828d7f9d5a434cc8f35998191d24b	02_investigacion/marco_legal/17_jurisprudencia/compendio_doctrina_legal_jurisprudencia_vinculante_corte_suprema_penal_t2.pdf	Compendio doctrina legal jurisprudencia vinculante corte suprema penal t2	Tribunal Constitucional	Report	Informe	2014	Tribunal Constitucional	documento_oficial	10051	biblioteca/Tribunal Constitucional/Compendio doctrina legal jurisprudencia vinculante corte suprema penal t2 (10051)/Compendio doctrina legal jurisprudencia vi - Tribunal Constitucional.pdf		archivado
2026-09-06	3953fa77253766efc51cbd29be3a5b3a4dfc5b4ca72ec0fd578e03ea80d15d86	02_investigacion/marco_legal/17_jurisprudencia/sentencias_y_acuerdos_plenarios_corte_suprema_2022.pdf	Sentencias y acuerdos plenarios corte suprema 2022	Tribunal Constitucional	Report	Informe	2022	Tribunal Constitucional	documento_oficial	10052	biblioteca/Tribunal Constitucional/Sentencias y acuerdos plenarios corte suprema 2022 (10052)/Sentencias y acuerdos plenarios corte supr - Tribunal Constitucional.pdf		archivado
2026-09-06	20908b0b095fed30b184a887d442ebe25d7e4fc2a15bba8896d494b0356be48d	02_investigacion/marco_legal/02_leyes_organicas/ley_26859_organica_de_elecciones.pdf	Ley N.° 26859. Orgánica de elecciones	Congreso de la República	Statute	Normativa	2025	Congreso de la República	documento_oficial	10053	biblioteca/Congreso de la Republica/Ley N.deg 26859. Organica de elecciones (10053)/Ley N.deg 26859. Organica de elecciones - Congreso de la Republica.pdf		archivado
2026-09-06	538ae333fdd7ee19b528e41f48c297c7e4e0388c7461a00d8da41bd42b077b19	02_investigacion/marco_legal/02_leyes_organicas/dleg_1267_ley_policia_nacional_del_peru.pdf	Decreto Legislativo N.° 1267. Ley policia nacional del Perú	Congreso de la República	Statute	Normativa	2016	Congreso de la República	documento_oficial	10054	biblioteca/Congreso de la Republica/Decreto Legislativo N.deg 1267. Ley policia nacional del Peru (10054)/Decreto Legislativo N.deg 1267. Ley polici - Congreso de la Republica.pdf		archivado
2026-09-06	6df52b93704a050568fd33b2ce23c0eb6065d1e05c59d3d76dd2e3a0a68e20a9	02_investigacion/marco_legal/02_leyes_organicas/ley_30916_organica_junta_nacional_de_justicia.pdf	Ley N.° 30916. Orgánica junta nacional de justicia	Congreso de la República	Statute	Normativa	2021	Congreso de la República	documento_oficial	10055	biblioteca/Congreso de la Republica/Ley N.deg 30916. Organica junta nacional de justicia (10055)/Ley N.deg 30916. Organica junta nacional d - Congreso de la Republica.pdf		archivado
2026-09-06	54fc9b7581d2dcc4274589d85cb6fb68c19b6318731e8d7d9cc9dca2fdfa86c5	02_investigacion/marco_legal/02_leyes_organicas/ley_27972_organica_municipalidades.pdf	Ley N.° 27972. Orgánica municipalidades	Congreso de la República	Statute	Normativa	2025	Congreso de la República	documento_oficial	10056	biblioteca/Congreso de la Republica/Ley N.deg 27972. Organica municipalidades (10056)/Ley N.deg 27972. Organica municipalidades - Congreso de la Republica.pdf		archivado
2026-09-06	cd34331dcad5dad2f3f903a12d03196b739a455173edb6f4899fa047c7a4d83a	02_investigacion/marco_legal/02_leyes_organicas/ley_29158_organica_poder_ejecutivo.pdf	Ley N.° 29158. Orgánica poder ejecutivo	Congreso de la República	Statute	Normativa	2021	Congreso de la República	documento_oficial	10057	biblioteca/Congreso de la Republica/Ley N.deg 29158. Organica poder ejecutivo (10057)/Ley N.deg 29158. Organica poder ejecutivo - Congreso de la Republica.pdf		archivado
2026-09-06	2bd8dbeab9c6e64246762990454601eefbe8777daa9f16ac9d6efeab410f90e7	02_investigacion/marco_legal/02_leyes_organicas/ley_31307_nuevo_codigo_procesal_constitucional.pdf	Ley N.° 31307. Nuevo codigo procesal constitucional	Congreso de la República	Statute	Normativa	2021	Congreso de la República	documento_oficial	10058	biblioteca/Congreso de la Republica/Ley N.deg 31307. Nuevo codigo procesal constitucional (10058)/Ley N.deg 31307. Nuevo codigo procesal con - Congreso de la Republica.pdf		archivado
2026-09-06	50fc77add4ab5559b2cb0ae313e4b8a1ad284df01d8230efdd37c135093cbc0e	02_investigacion/marco_legal/02_leyes_organicas/dleg_052_ley_organica_ministerio_publico.pdf	Decreto Legislativo N.° 052. Ley orgánica ministerio público	Congreso de la República	Statute	Normativa	2012	Congreso de la República	documento_oficial	10059	biblioteca/Congreso de la Republica/Decreto Legislativo N.deg 052. Ley organica ministerio publico (10059)/Decreto Legislativo N.deg 052. Ley organic - Congreso de la Republica.pdf		archivado
2026-09-06	b8a93e1f5c54c1d2a4941acf6e8ab8df83412bc7c88b6195b144ca981c8095c8	02_investigacion/marco_legal/02_leyes_organicas/ley_28301_organica_tribunal_constitucional.pdf	Ley N.° 28301. Orgánica tribunal constitucional	Congreso de la República	Statute	Normativa	2021	Congreso de la República	documento_oficial	10060	biblioteca/Congreso de la Republica/Ley N.deg 28301. Organica tribunal constitucional (10060)/Ley N.deg 28301. Organica tribunal constit - Congreso de la Republica.pdf		archivado
2026-09-06	731aaef6e6628108e1d66ba5a14f1821cf4047a71f590e9590929ce3d71e5227	02_investigacion/marco_legal/02_leyes_organicas/ley_27867_organica_gobiernos_regionales.pdf	Ley N.° 27867. Orgánica gobiernos regionales	Congreso de la República	Statute	Normativa	2025	Congreso de la República	documento_oficial	10061	biblioteca/Congreso de la Republica/Ley N.deg 27867. Organica gobiernos regionales (10061)/Ley N.deg 27867. Organica gobiernos region - Congreso de la Republica.pdf		archivado
2026-09-06	692492c5f8b328cf06e4a58e214af179638b4ca4402f49539aee5cb87a5a142a	02_investigacion/marco_legal/02_leyes_organicas/tuo_ley_organica_poder_judicial_ds_017_93_jus.pdf	Texto Único Ordenado. Ley orgánica poder judicial D.S. 017 93 JUS	Ministerio de Justicia y Derechos Humanos	Statute	Normativa	2021	Ministerio de Justicia y Derechos Humanos	documento_oficial	10062	biblioteca/Ministerio de Justicia y Derechos Humanos/Texto Unico Ordenado. Ley organica poder judicial D.S. 017 93 JUS (10062)/Texto Unico Ordenado. Ley organica poder j - Ministerio de Justicia y Derechos Humanos.pdf		archivado
2026-09-06	6fd7bd3ac57848489414e0c4bd0a4d46646b5bf8b0665b2ac62e5c1a0b7920ad	02_investigacion/marco_legal/06_presupuesto/ley_equilibrio_financiero_2025.pdf	Ley equilibrio financiero 2025	Ministerio de Economía y Finanzas	Statute	Normativa	2025	Ministerio de Economía y Finanzas	politica_fiscal, legislacion	10063	biblioteca/Ministerio de Economia y Finanzas/Ley N.deg 32186. Equilibrio financiero del presupuesto del sector publico para el ano fiscal 2 (10063)/Ley N.deg 32186. Equilibrio financiero del - Ministerio de Economia y Finanzas.pdf		archivado
2026-09-06	f1011c96a538f57a365f42cbf2bb500e8fc710bca30dfccd36ce0801dbdcb8ca	02_investigacion/marco_legal/06_presupuesto/ley_presupuesto_2025.pdf	Ley presupuesto 2025	Ministerio de Economía y Finanzas	Statute	Normativa	2025	Ministerio de Economía y Finanzas	politica_fiscal, legislacion	10064	biblioteca/Ministerio de Economia y Finanzas/Ley N.deg 32185. Presupuesto del sector publico para el ano fiscal 2025 (10064)/Ley N.deg 32185. Presupuesto del sector pu - Ministerio de Economia y Finanzas.pdf		archivado
2026-09-06	e31e2b430a239be9c62578f7659599c6a8fb9398462338b9aa7a004403ef1ddf	02_investigacion/marco_legal/06_presupuesto/dleg_1440_sistema_nacional_presupuesto_publico.pdf	Decreto Legislativo N.° 1440. Sistema nacional presupuesto público	Ministerio de Economía y Finanzas	Statute	Normativa	2018	Ministerio de Economía y Finanzas	politica_fiscal, legislacion	10065	biblioteca/Ministerio de Economia y Finanzas/Decreto Legislativo N.deg 1440. Decreto Legislativo del Sistema Nacional de Presupuesto Public (10065)/Decreto Legislativo N.deg 1440. Decreto Le - Ministerio de Economia y Finanzas.pdf		archivado
2026-09-06	808fd4fb659f821bfd60429e3c5475d04cacf7fe6f56cc1e9cd485fac6dbabc2	02_investigacion/marco_legal/06_presupuesto/ley_presupuesto_2026.pdf	Ley presupuesto 2026	Ministerio de Economía y Finanzas	Statute	Normativa	2026	Ministerio de Economía y Finanzas	politica_fiscal, legislacion	10066	biblioteca/Ministerio de Economia y Finanzas/Ley N.deg 32513. Presupuesto del sector publico para el ano fiscal 2026 (10066)/Ley N.deg 32513. Presupuesto del sector pu - Ministerio de Economia y Finanzas.pdf		archivado
2026-09-06	ca03e06fd5478e7cb61b45f4191bd1569526e9c9211b2a8d98b615acb7d18205	02_investigacion/marco_legal/06_presupuesto/ley_endeudamiento_2025.pdf	Ley endeudamiento 2025	Ministerio de Economía y Finanzas	Statute	Normativa	2025	Ministerio de Economía y Finanzas	politica_fiscal, legislacion	10067	biblioteca/Ministerio de Economia y Finanzas/Ley N.deg 32187. Endeudamiento del sector publico para el ano fiscal 2025 (10067)/Ley N.deg 32187. Endeudamiento del sector - Ministerio de Economia y Finanzas.pdf		archivado
2026-09-06	76ae2aceb8373d5e0c678eb4d102aee2d83bfe7ee818f0d2616ed3d9e5d8b004	02_investigacion/marco_legal/06_presupuesto/ley_endeudamiento_2026.pdf	Ley endeudamiento 2026	Ministerio de Economía y Finanzas	Statute	Normativa	2026	Ministerio de Economía y Finanzas	politica_fiscal, legislacion	10068	biblioteca/Ministerio de Economia y Finanzas/Ley N.deg 32515. Endeudamiento del sector publico para el ano fiscal 2026 (10068)/Ley N.deg 32515. Endeudamiento del sector - Ministerio de Economia y Finanzas.pdf		archivado
2026-09-06	cda5a906f3457145682f7fc21dc76071fedb3958cf7b1fb4ce90199890daffe1	02_investigacion/marco_legal/06_presupuesto/ley_equilibrio_financiero_2026.pdf	Ley equilibrio financiero 2026	Ministerio de Economía y Finanzas	Statute	Normativa	2026	Ministerio de Economía y Finanzas	politica_fiscal, legislacion	10069	biblioteca/Ministerio de Economia y Finanzas/Ley N.deg 32514. Equilibrio financiero del presupuesto del sector publico para el ano fiscal 2 (10069)/Ley N.deg 32514. Equilibrio financiero del - Ministerio de Economia y Finanzas.pdf		archivado
2026-09-06	d13282252cc119e0474a596f5d4f0897b48a6c36acd022fa10b836eba4eba27e	02_investigacion/marco_legal/06_presupuesto/2027_proyecto_ley/PL_Equilibrio_Financiero_Presupuesto_2027.pdf	PL Equilibrio Financiero Presupuesto 2027	Ministerio de Economía y Finanzas	Report	Informe	2027	Ministerio de Economía y Finanzas	documento_oficial	10070	biblioteca/Ministerio de Economia y Finanzas/Proyecto de Ley de equilibrio financiero del presupuesto del sector publico para el ano fiscal (10070)/Proyecto de Ley de equilibrio financiero d - Ministerio de Economia y Finanzas.pdf		archivado
2026-09-06	4154d5a7d2bb5af2f697b043dac03c348cf91f87cf87fa32897eba152f551886	02_investigacion/marco_legal/06_presupuesto/2027_proyecto_ley/EM_PL_Endeudamiento_2027.pdf	EM PL endeudamiento 2027	Ministerio de Economía y Finanzas	Statute	Normativa	2027	Ministerio de Economía y Finanzas	documento_oficial	10071	biblioteca/Ministerio de Economia y Finanzas/Exposicion de motivos del proyecto de Ley de endeudamiento del sector publico para el ano fisc (10071)/Exposicion de motivos del proyecto de Ley - Ministerio de Economia y Finanzas.pdf		archivado
2026-09-06	22423e4a76b3c81e8be7da46c3ba114956deaae2bed27d9b51de53104a3d8df3	02_investigacion/marco_legal/06_presupuesto/2027_proyecto_ley/EM_PL_Presupuesto_SP_2027.pdf	EM PL presupuesto SP 2027	Ministerio de Economía y Finanzas	Document	Documento oficial	2027	Ministerio de Economía y Finanzas	documento_oficial	10072	biblioteca/Ministerio de Economia y Finanzas/Exposicion de motivos del proyecto de Ley de presupuesto del sector publico para el ano fiscal (10072)/Exposicion de motivos del proyecto de Ley - Ministerio de Economia y Finanzas.pdf		archivado
2026-09-06	6b2afab3475f5589ee41049c5437ec666f11e9a278a887fdb4aa52a570bf4faa	02_investigacion/marco_legal/07_economia/dleg_1441_sistema_nacional_tesoreria.pdf	Decreto Legislativo N.° 1441. Sistema nacional tesoreria	Ministerio de Economía y Finanzas	Statute	Normativa	2018	Ministerio de Economía y Finanzas	politica_economica, legislacion	10073	biblioteca/Ministerio de Economia y Finanzas/Decreto Legislativo N.deg 1441. Sistema nacional tesoreria (10073)/Decreto Legislativo N.deg 1441. Sistema na - Ministerio de Economia y Finanzas.pdf		archivado
2026-09-06	d95f6580c6f02b713622d90bdec3a2c5e07f729d9651b986f18a77986b255022	02_investigacion/marco_legal/07_economia/dleg_1438_sistema_nacional_contabilidad.pdf	Decreto Legislativo N.° 1438. Sistema nacional contabilidad	Ministerio de Economía y Finanzas	Statute	Normativa	2018	Ministerio de Economía y Finanzas	politica_economica, legislacion	10074	biblioteca/Ministerio de Economia y Finanzas/Decreto Legislativo N.deg 1438. Sistema nacional contabilidad (10074)/Decreto Legislativo N.deg 1438. Sistema na - Ministerio de Economia y Finanzas.pdf		archivado
2026-09-06	01ae347a9afd44ab94dd7aa3192c4a3c71b06f510f387ebc64809800ec67c479	02_investigacion/marco_legal/07_economia/ley_27287_ley_de_titulos_valores.pdf	Ley N.° 27287. Ley de titulos valores	Ministerio de Economía y Finanzas	Statute	Normativa	2013	Ministerio de Economía y Finanzas	politica_economica, legislacion	10075	biblioteca/Ministerio de Economia y Finanzas/Ley N.deg 27287. Ley de titulos valores (10075)/Ley N.deg 27287. Ley de titulos valores - Ministerio de Economia y Finanzas.pdf		archivado
2026-09-06	a9f8b9f107a19b2f3e7672ee15723e179d0f8cd17839625966b32975752dab04	02_investigacion/marco_legal/07_economia/dleg_1437_sistema_nacional_endeudamiento_publico.pdf	Decreto Legislativo N.° 1437. Sistema nacional endeudamiento público	Ministerio de Economía y Finanzas	Statute	Normativa	2018	Ministerio de Economía y Finanzas	politica_economica, legislacion	10076	biblioteca/Ministerio de Economia y Finanzas/Decreto Legislativo N.deg 1437. Sistema nacional endeudamiento publico (10076)/Decreto Legislativo N.deg 1437. Sistema na - Ministerio de Economia y Finanzas.pdf		archivado
2026-09-06	f639d2592632debd669aa2e379cc0c54a4419118bc39b1804ea9c35d3ad661f1	02_investigacion/marco_legal/07_economia/ley_26702_ley_general_del_sistema_financiero_sbs.pdf	Ley N.° 26702. Ley general del sistema financiero SBS	Ministerio de Economía y Finanzas	Statute	Normativa	2011	Ministerio de Economía y Finanzas	politica_economica, legislacion	10077	biblioteca/Ministerio de Economia y Finanzas/Ley N.deg 26702. Ley general del sistema financiero SBS (10077)/Ley N.deg 26702. Ley general del sistema f - Ministerio de Economia y Finanzas.pdf		archivado
2026-09-06	0bef9a11c96820c90ca77334ce6b1fc4586a40890679ac8c5f043517536d8f64	02_investigacion/marco_legal/07_economia/dleg_1439_sistema_nacional_abastecimiento.pdf	Decreto Legislativo N.° 1439. Sistema nacional abastecimiento	Ministerio de Economía y Finanzas	Statute	Normativa	2018	Ministerio de Economía y Finanzas	politica_economica, legislacion	10078	biblioteca/Ministerio de Economia y Finanzas/Decreto Legislativo N.deg 1439. Sistema nacional abastecimiento (10078)/Decreto Legislativo N.deg 1439. Sistema na - Ministerio de Economia y Finanzas.pdf		archivado
2026-09-06	e93602b854a2aaba00dc722a23307b2ca230f673313e06dc29aa03a16bf08fc7	02_investigacion/marco_legal/07_economia/dleg_1400_regimen_de_garantia_mobiliaria.pdf	Decreto Legislativo N.° 1400. Regimen de garantia mobiliaria	Ministerio de Economía y Finanzas	Statute	Normativa	2018	Ministerio de Economía y Finanzas	politica_economica, legislacion	10079	biblioteca/Ministerio de Economia y Finanzas/Decreto Legislativo N.deg 1400. Regimen de garantia mobiliaria (10079)/Decreto Legislativo N.deg 1400. Regimen de - Ministerio de Economia y Finanzas.pdf		archivado
2026-09-06	af6d7cef81bb357dcfa4bdea2189f860aa83cf7456fb0b14b6763c3007833cef	02_investigacion/marco_legal/07_economia/ley_31143_ley_que_protege_de_la_usura_topes_tasas_interes.pdf	Ley N.° 31143. Ley que protege de la usura topes tasas interes	Ministerio de Economía y Finanzas	Statute	Normativa	2021	Ministerio de Economía y Finanzas	politica_economica, legislacion	10080	biblioteca/Ministerio de Economia y Finanzas/Ley N.deg 31143. Ley que protege de la usura topes tasas interes (10080)/Ley N.deg 31143. Ley que protege de la usu - Ministerio de Economia y Finanzas.pdf		archivado
2026-09-06	4d3cf695930d4f784e3a9e9e9f37a9ea20d0b83a0b93571bff0a1ea3942e1a4d	02_investigacion/marco_legal/07_economia/ley_28587_proteccion_al_consumidor_servicios_financieros.pdf	Ley N.° 28587. Proteccion al consumidor servicios financieros	Ministerio de Economía y Finanzas	Statute	Normativa	2012	Ministerio de Economía y Finanzas	politica_economica, legislacion	10081	biblioteca/Ministerio de Economia y Finanzas/Ley N.deg 28587. Proteccion al consumidor servicios financieros (10081)/Ley N.deg 28587. Proteccion al consumidor - Ministerio de Economia y Finanzas.pdf		archivado
2026-09-06	791aaaf8cdcc7ab386a4abf2dc0fd216f58d8e863cbb3ff33f8b1b85c39152f4	02_investigacion/marco_legal/07_economia/dleg_1409_sociedad_por_acciones_cerrada_simplificada_sacs.pdf	Decreto Legislativo N.° 1409. Sociedad por acciones cerrada simplificada SACS	Ministerio de Economía y Finanzas	Statute	Normativa	2018	Ministerio de Economía y Finanzas	politica_economica, legislacion	10082	biblioteca/Ministerio de Economia y Finanzas/Decreto Legislativo N.deg 1409. Sociedad por acciones cerrada simplificada SACS (10082)/Decreto Legislativo N.deg 1409. Sociedad p - Ministerio de Economia y Finanzas.pdf		archivado
2026-09-06	7f673317ed9471d1b53eb288f3141c17c85492b88e11d9830b3ea5da5f602e2c	02_investigacion/marco_legal/07_economia/dleg_1228_centros_de_innovacion_productiva_cite.pdf	Decreto Legislativo N.° 1228. Centros de innovacion productiva CITE	Ministerio de Economía y Finanzas	Statute	Normativa	2015	Ministerio de Economía y Finanzas	politica_economica, legislacion	10083	biblioteca/Ministerio de Economia y Finanzas/Decreto Legislativo N.deg 1228. Centros de innovacion productiva CITE (10083)/Decreto Legislativo N.deg 1228. Centros de - Ministerio de Economia y Finanzas.pdf		archivado
2026-09-06	5ebe440cd7806e6cf0b008117b8327442b5dcdc9c25ad94c76db59be3a780111	02_investigacion/marco_legal/07_economia/dleg_1436_marco_administracion_financiera_sector_publico.pdf	Decreto Legislativo N.° 1436. Marco administración financiera sector público	Ministerio de Economía y Finanzas	Statute	Normativa	2018	Ministerio de Economía y Finanzas	politica_economica, legislacion	10084	biblioteca/Ministerio de Economia y Finanzas/Decreto Legislativo N.deg 1436. Marco administracion financiera sector publico (10084)/Decreto Legislativo N.deg 1436. Marco admi - Ministerio de Economia y Finanzas.pdf		archivado
2026-09-06	55b7ef847ee6bc632ed86718e7f9ff9d89bf2eb886195896c8dfa880a00f81cc	02_investigacion/marco_legal/03_congreso/directiva_010_2024_elaboracion_documentos_normativos_servicio_parlamentario.pdf	Directiva N.° 010-2024. Elaboracion documentos normativos servicio parlamentario	Congreso de la República	Report	Informe	2024	Congreso de la República	documento_oficial	10085	biblioteca/Congreso de la Republica/Directiva N.deg 010-2024. Elaboracion documentos normativos servicio parlamentario (10085)/Directiva N.deg 010-2024. Elaboracion docu - Congreso de la Republica.pdf		archivado
2026-09-06	74f21aef262e902fb918db03ff47724e4f61454b259a422dba3e3093e6c12498	02_investigacion/marco_legal/03_congreso/reglamento_del_congreso_edicion_setiembre_2025.pdf	Reglamento del congreso edición setiembre 2025	Congreso de la República	Report	Informe	2025	Congreso de la República	documento_oficial	10086	biblioteca/Congreso de la Republica/Reglamento del Congreso de la Republica (edicion oficial, setiembre de 2025) (10086)/Reglamento del Congreso de la Republica (e - Congreso de la Republica.pdf		archivado
2026-09-06	2a1332a9e6df39ad5a953f95ab897945ba14634b285b9fd1fe98be7d0f4a48b9	02_investigacion/marco_legal/03_congreso/manual_del_parlamento_delgado_guembes_oficialia_mayor_2012.pdf	Manual del parlamento delgado guembes oficialia mayor 2012	Congreso de la República	Book	Libro	2012	Congreso de la República	documento_oficial	10087	biblioteca/Congreso de la Republica/Manual del parlamento delgado guembes oficialia mayor 2012 (10087)/Manual del parlamento delgado guembes ofic - Congreso de la Republica.pdf		archivado
2026-09-06	31cda35afcfb27f3db3c46e2e8497466439edaf57a3a188db547d04505dad0bf	02_investigacion/marco_legal/03_congreso/manual_tecnica_legislativa_y_redaccion_parlamentaria_2013.pdf	Manual técnica legislativa y redacción parlamentaria 2013	Congreso de la República	Report	Informe	2013	Congreso de la República	documento_oficial	10088	biblioteca/Congreso de la Republica/Manual tecnica legislativa y redaccion parlamentaria 2013 (10088)/Manual tecnica legislativa y redaccion par - Congreso de la Republica.pdf		archivado
2026-09-06	8ae31cb3a1ec50e4bf0e2211f736392e43f980c2e72d9c802c476922b971afae	02_investigacion/marco_legal/03_congreso/manual_tecnica_legislativa_2011_dgp.pdf	Manual técnica legislativa 2011 DGP	Congreso de la República	Report	Informe	2011	Congreso de la República	documento_oficial	10089	biblioteca/Congreso de la Republica/Manual tecnica legislativa 2011 DGP (10089)/Manual tecnica legislativa 2011 DGP - Congreso de la Republica.pdf		archivado
2026-09-06	c1eecf90008d23bbded4e0f968cde05b07c8f340bf4da19ed1d2374937fa66cf	02_investigacion/marco_legal/03_congreso/reglamento_camara_de_diputados.pdf	Reglamento camara de diputados	Congreso de la República	Report	Informe		Congreso de la República	documento_oficial	10090	biblioteca/Congreso de la Republica/Reglamento de la Camara de Diputados (edicion oficial 2026) (10090)/Reglamento de la Camara de Diputados (edic - Congreso de la Republica.pdf		archivado
2026-09-06	06456b467b06c836c128e39ae33479095b8c16c7834abf3e8b9e7df6e5de32d7	02_investigacion/marco_legal/03_congreso/pta_01_2013_recepcion_y_tramitacion_mociones_de_orden_del_dia.pdf	PTA N.° 01-2013. Recepcion y tramitacion mociones de orden del dia	Congreso de la República	Report	Informe	2013	Congreso de la República	documento_oficial	10091	biblioteca/Congreso de la Republica/PTA N.deg 01-2013. Recepcion y tramitacion mociones de orden del dia (10091)/PTA N.deg 01-2013. Recepcion y tramitacion - Congreso de la Republica.pdf		archivado
2026-09-06	72370148cf21c7747bc52a001b6ada7238fd9792f66085275cb64796b3de6e8c	02_investigacion/marco_legal/03_congreso/directiva_08_2022_dga_cr_apoyo_logistico_semana_de_representacion.pdf	Directiva N.° 08-2022-DGA/CR. Apoyo logistico semana de representacion	Congreso de la República	Report	Informe	2022	Congreso de la República	documento_oficial	10092	biblioteca/Congreso de la Republica/Directiva N.deg 08-2022-DGA_CR. Apoyo logistico semana de representacion (10092)/Directiva N.deg 08-2022-DGA_CR. Apoyo logi - Congreso de la Republica.pdf		archivado
2026-09-06	2c29dd90b294861b3f12cf020a9d3eda2f5cc2103bf3002fa4559ed7f31e3468	02_investigacion/marco_legal/03_congreso/manual_del_proceso_legislativo_oficialia_mayor_2012.pdf	Manual del proceso legislativo oficialia mayor 2012	Congreso de la República	Book	Libro	2012	Congreso de la República	documento_oficial	10093	biblioteca/Congreso de la Republica/Manual del proceso legislativo oficialia mayor 2012 (10093)/Manual del proceso legislativo oficialia m - Congreso de la Republica.pdf		archivado
2026-09-06	52bff5d3d2f434aff38b16feff05b924f6656c86a6bac65ee85809d63624b1c5	02_investigacion/marco_legal/03_congreso/guia_gestion_representacion_politica_congreso.pdf	Guía gestión representacion política congreso	Congreso de la República	Report	Informe	2012	Congreso de la República	documento_oficial	10094	biblioteca/Congreso de la Republica/Guia gestion representacion politica congreso (10094)/Guia gestion representacion politica congr - Congreso de la Republica.pdf		archivado
2026-09-06	73bede863a5ea4c37bc434740ae822ef4db4c8564c05b5b92fb46e72acde21c8	02_investigacion/marco_legal/03_congreso/reglamento_del_congreso.pdf	Reglamento del congreso	Congreso de la República	Report	Informe	2026	Congreso de la República	documento_oficial	10095	biblioteca/Congreso de la Republica/Reglamento del Congreso de la Republica (edicion oficial, mayo de 2026) (10095)/Reglamento del Congreso de la Republica (e - Congreso de la Republica.pdf		archivado
2026-09-06	f5a31bd7f1b72ab770c26a1e835299e10084278e448490fa8ff56f3b5ceea63f	02_investigacion/marco_legal/03_congreso/directiva_26_2025_gestion_sistema_institucional_archivos_2da_version.pdf	Directiva N.° 26-2025. Gestión sistema institucional archivos 2da version	Congreso de la República	Report	Informe	2025	Congreso de la República	documento_oficial	10096	biblioteca/Congreso de la Republica/Directiva N.deg 26-2025. Gestion sistema institucional archivos 2da version (10096)/Directiva N.deg 26-2025. Gestion sistema i - Congreso de la Republica.pdf		archivado
2026-09-06	82b2550b0cdf473710af07074aad807e30a02f5fb61b8eb347047011fafca4b1	02_investigacion/marco_legal/03_congreso/directiva_02_2023_dgp_cr_gestion_documental.pdf	Directiva N.° 02-2023-DGP/CR. Gestión documental	Congreso de la República	Report	Informe	2023	Congreso de la República	documento_oficial	10097	biblioteca/Congreso de la Republica/Directiva N.deg 02-2023-DGP_CR. Gestion documental (10097)/Directiva N.deg 02-2023-DGP_CR. Gestion do - Congreso de la Republica.pdf		archivado
2026-09-06	ccf81a4ff4935204213ef8d9f7ca7178a3b0931643635c61a9f53ab757d8fe76	02_investigacion/marco_legal/03_congreso/manual_tecnica_legislativa_congreso_3ra_ed_2021.pdf	Manual técnica legislativa congreso 3ra ed 2021	Congreso de la República	Report	Informe	2021	Congreso de la República	documento_oficial	10098	biblioteca/Congreso de la Republica/Manual tecnica legislativa congreso 3ra ed 2021 (10098)/Manual tecnica legislativa congreso 3ra ed - Congreso de la Republica.pdf		archivado
2026-09-06	546097851e0b2eb30e7170e0e03ae55cd9495305ac1d04bf273f058538149f0e	02_investigacion/marco_legal/03_congreso/directiva_07_2022_dgp_cr_mesa_de_partes_digital.pdf	Directiva N.° 07-2022-DGP/CR. Mesa de partes digital	Congreso de la República	Report	Informe	2022	Congreso de la República	documento_oficial	10099	biblioteca/Congreso de la Republica/Directiva N.deg 07-2022-DGP_CR. Mesa de partes digital (10099)/Directiva N.deg 07-2022-DGP_CR. Mesa de pa - Congreso de la Republica.pdf		archivado
2026-09-06	48594739df9043adb87fe77262fe8af5981f6246aa9964a591c1fc39c67f126c	02_investigacion/marco_legal/03_congreso/directiva_011_2023_dgp_cr_transferencia_documentos_archivisticos_comisiones.pdf	Directiva N.° 011-2023-DGP/CR. Transferencia documentos archivisticos comisiones	Congreso de la República	Report	Informe	2023	Congreso de la República	documento_oficial	10100	biblioteca/Congreso de la Republica/Directiva N.deg 011-2023-DGP_CR. Transferencia documentos archivisticos comisiones (10100)/Directiva N.deg 011-2023-DGP_CR. Transfere - Congreso de la Republica.pdf		archivado
2026-09-06	cd0e4f18e55ae819fbbb3a27ba19aa1a7bc3e325f5c4f612d33e21c4a0f4332a	02_investigacion/marco_legal/03_congreso/directiva_10_2022_om_cr_lineamientos_elaboracion_documentos.pdf	Directiva N.° 10-2022-OM/CR. Lineamientos elaboracion documentos	Congreso de la República	Report	Informe	2022	Congreso de la República	documento_oficial	10101	biblioteca/Congreso de la Republica/Directiva N.deg 10-2022-OM_CR. Lineamientos elaboracion documentos (10101)/Directiva N.deg 10-2022-OM_CR. Lineamiento - Congreso de la Republica.pdf		archivado
2026-09-06	e0c58b92aad2e5300b55945ed497162c2423bb9d277132b029ba11d6a2602916	02_investigacion/marco_legal/03_congreso/pta_02_2017_tramitacion_pedidos_de_informacion_despacho_parlamentario.pdf	PTA N.° 02-2017. Tramitacion pedidos de información despacho parlamentario	Congreso de la República	Report	Informe	2017	Congreso de la República	documento_oficial	10102	biblioteca/Congreso de la Republica/PTA N.deg 02-2017. Tramitacion pedidos de informacion despacho parlamentario (10102)/PTA N.deg 02-2017. Tramitacion pedidos de - Congreso de la Republica.pdf		archivado
2026-09-06	cc1d7906ca9c13ab33d8545f1b63eb1ea2e67e226b2f91a09cb59162b984be36	02_investigacion/marco_legal/03_congreso/reglamento_del_senado.pdf	Reglamento del senado	Congreso de la República	Report	Informe		Congreso de la República	documento_oficial	10103	biblioteca/Congreso de la Republica/Reglamento del Senado (edicion oficial 2026) (10103)/Reglamento del Senado (edicion oficial 202 - Congreso de la Republica.pdf		archivado
2026-09-06	2489fb1eddd499931400d3ec0883950187d2597dcbf4dd39016715f9da661c60	02_investigacion/marco_legal/03_congreso/informe_tematico_147_sistema_bicameral_marco_constitucional_y_legal_2026.pdf	Informe tematico 147 sistema bicameral marco constitucional y legal 2026	Congreso de la República	Report	Informe	2026	Congreso de la República	documento_oficial	10104	biblioteca/Congreso de la Republica/Informe tematico 147 sistema bicameral marco constitucional y legal 2026 (10104)/Informe tematico 147 sistema bicameral mar - Congreso de la Republica.pdf		archivado
2026-09-06	ff2dc044fd2541609fd3570ea2a2cc985deaca5dfb78caaeb1cdf0ececbc087f	02_investigacion/marco_legal/03_congreso/pta_01_2017_expediente_virtual_parlamentario_ley_resolucion_legislativa.pdf	PTA N.° 01-2017. Expediente virtual parlamentario ley resolucion legislativa	Congreso de la República	Report	Informe	2017	Congreso de la República	documento_oficial	10105	biblioteca/Congreso de la Republica/PTA N.deg 01-2017. Expediente virtual parlamentario ley resolucion legislativa (10105)/PTA N.deg 01-2017. Expediente virtual parl - Congreso de la Republica.pdf		archivado
2026-09-06	76eab22b513d8f6458d2ad25087be404163e6597a16a8fe949c4cc482c52deca	02_investigacion/marco_legal/03_congreso/manual_usuario_sistema_proyectos_de_ley_spley_2022.pdf	Manual usuario sistema proyectos de ley SPLEY 2022	Congreso de la República	Document	Documento oficial	2022	Congreso de la República	documento_oficial	10106	biblioteca/Congreso de la Republica/Manual usuario sistema proyectos de ley SPLEY 2022 (10106)/Manual usuario sistema proyectos de ley SP - Congreso de la Republica.pdf		archivado
2026-09-06	e16f25911978fbce6a8dca0a3aa3ad63a455ba1ac0b0ecf51604a47a9f8f394c	02_investigacion/marco_legal/03_congreso/directiva_07_2022_dgp_cr_modificacion_01.pdf	Directiva N.° 07-2022-DGP/CR. Modificacion 01	Congreso de la República	Report	Informe	2022	Congreso de la República	documento_oficial	10107	biblioteca/Congreso de la Republica/Directiva N.deg 07-2022-DGP_CR. Modificacion 01 (10107)/Directiva N.deg 07-2022-DGP_CR. Modificaci - Congreso de la Republica.pdf		archivado
2026-09-06	784e1cafc1abb4ba713fce11d5abc509b54aa5df5312d6ae762058ae96387497	02_investigacion/marco_legal/03_congreso/directiva_10_2024_elaboracion_documentos_normativos_segunda_version.pdf	Directiva N.° 10-2024. Elaboracion documentos normativos segunda version	Congreso de la República	Statute	Normativa	2024	Congreso de la República	documento_oficial	10108	biblioteca/Congreso de la Republica/Directiva N.deg 10-2024. Elaboracion documentos normativos segunda version (10108)/Directiva N.deg 10-2024. Elaboracion docum - Congreso de la Republica.pdf		archivado
2026-09-06	55a0813252343b8fdfe607cf473045336ec64ba44e5641c748898d5f92355f0a	02_investigacion/marco_legal/08_planeamiento/guia_politicas_nacionales_ceplan_2024.pdf	Guía politicas nacionales CEPLAN 2024	Centro Nacional de Planeamiento Estratégico	Report	Informe	2024	Centro Nacional de Planeamiento Estratégico	documento_oficial	10109	biblioteca/Centro Nacional de Planeamiento Estrategico/Guia politicas nacionales CEPLAN 2024 (10109)/Guia politicas nacionales CEPLAN 2024 - Centro Nacional de Planeamiento Estrategic.pdf		archivado
2026-09-06	6c6bfd27256e791231a054783ead88ef3610f0f046fcda03dfcd14de7750b66a	02_investigacion/marco_legal/08_planeamiento/dleg_1088_sinaplan_ceplan.pdf	Decreto Legislativo N.° 1088. Sinaplan CEPLAN	Centro Nacional de Planeamiento Estratégico	Statute	Normativa	2016	Centro Nacional de Planeamiento Estratégico	documento_oficial	10110	biblioteca/Centro Nacional de Planeamiento Estrategico/Decreto Legislativo N.deg 1088. Sinaplan CEPLAN (10110)/Decreto Legislativo N.deg 1088. Sinaplan C - Centro Nacional de Planeamiento Estrategic.pdf		archivado
2026-09-06	d964701e517105ce5ac9ec232b7bb14244f798b9441e6435216f6af74bb13725	02_investigacion/marco_legal/08_planeamiento/guia_planeamiento_institucional_pei_poi_ceplan_2024.pdf	Guía planeamiento institucional PEI POI CEPLAN 2024	Centro Nacional de Planeamiento Estratégico	Report	Informe	2024	Centro Nacional de Planeamiento Estratégico	documento_oficial	10111	biblioteca/Centro Nacional de Planeamiento Estrategico/Guia planeamiento institucional PEI POI CEPLAN 2024 (10111)/Guia planeamiento institucional PEI POI CE - Centro Nacional de Planeamiento Estrategic.pdf		archivado
2026-09-06	da127440c8eb5cfd32b26f520caad45fa6414efa8078c80650ed96e4fbc7406f	02_investigacion/marco_legal/15_ambiente/ds_001_2010_ag_reglamento_ley_recursos_hidricos.pdf	Decreto Supremo N.° 001-2010-AG. Reglamento ley recursos hidricos	Ministerio del Ambiente	Statute	Normativa	2010	Ministerio del Ambiente	economia_ambiental, legislacion	10112	biblioteca/Ministerio del Ambiente/Decreto Supremo N.deg 001-2010-AG. Reglamento ley recursos hidricos (10112)/Decreto Supremo N.deg 001-2010-AG. Reglame - Ministerio del Ambiente.pdf		archivado
2026-09-06	45f856ea0282f80d3ed01006405a097aa3b3eb8a49fd70a589ee954f94ed7255	02_investigacion/marco_legal/15_ambiente/ley_28611_general_del_ambiente.pdf	Ley N.° 28611. General del ambiente	Ministerio del Ambiente	Statute	Normativa	2017	Ministerio del Ambiente	economia_ambiental, legislacion	10113	biblioteca/Ministerio del Ambiente/Ley N.deg 28611. General del ambiente (10113)/Ley N.deg 28611. General del ambiente - Ministerio del Ambiente.pdf		archivado
2026-09-06	9a491cc5cfa82138b80b8dc1c9c2fd4286df482d3febee0d5039fde5f304b930	02_investigacion/marco_legal/15_ambiente/ley_29763_forestal_y_de_fauna_silvestre.pdf	Ley N.° 29763. Forestal y de fauna silvestre	Ministerio del Ambiente	Statute	Normativa	2017	Ministerio del Ambiente	economia_ambiental, legislacion	10114	biblioteca/Ministerio del Ambiente/Ley N.deg 29763. Forestal y de fauna silvestre (10114)/Ley N.deg 29763. Forestal y de fauna silve - Ministerio del Ambiente.pdf		archivado
2026-09-06	5a852b2c0e71b3817d3b9923af6208c272dbafc611a2ba54404db72ac674d5ad	02_investigacion/marco_legal/15_ambiente/ley_29338_recursos_hidricos.pdf	Ley N.° 29338. Recursos hidricos	Ministerio del Ambiente	Statute	Normativa	2017	Ministerio del Ambiente	economia_ambiental, legislacion	10115	biblioteca/Ministerio del Ambiente/Ley N.deg 29338. Recursos hidricos (10115)/Ley N.deg 29338. Recursos hidricos - Ministerio del Ambiente.pdf		archivado
2026-09-06	92120c83449cf745879affd06a1998fe5d95d3b5ba71a6311eda5c67595a6be4	02_investigacion/marco_legal/01_normativa_fundamental/01_constitucion/constitucion_politica_del_peru_texto_actualizado_elperuano.pdf	Constitución política del Perú texto actualizado (El Peruano)	Congreso de la República	Report	Informe	2026	Congreso de la República	documento_oficial	10116	biblioteca/Congreso de la Republica/Constitucion Politica del Peru (texto actualizado, El Peruano) (10116)/Constitucion Politica del Peru (texto actu - Congreso de la Republica.pdf		archivado
2026-09-06	6b363783a5e723944f7d232110a0608757a41a234c66b2953ae0ce610daa4764	02_investigacion/marco_legal/01_normativa_fundamental/01_constitucion/constitucion_politica_del_peru_20a_edicion_oficial_lenguaje_llano_2025.pdf	Constitución política del Perú 20a edición oficial lenguaje llano 2025	Congreso de la República	Report	Informe	2025	Congreso de la República	documento_oficial	10117	biblioteca/Congreso de la Republica/Constitucion politica del Peru 20a edicion oficial lenguaje llano 2025 (10117)/Constitucion politica del Peru 20a edicion - Congreso de la Republica.pdf		archivado
2026-09-06	4fb083e4f8dbc1e9dea9f52b5aa68fd322dbfd8e2136326c657d6d4499526e52	02_investigacion/marco_legal/01_normativa_fundamental/01_constitucion/constitucion_politica_del_peru_21a_edicion_oficial_2025.pdf	Constitución política del Perú 21a edición oficial 2025	Congreso de la República	Report	Informe	2025	Congreso de la República	documento_oficial	10118	biblioteca/Congreso de la Republica/Constitucion politica del Peru 21a edicion oficial 2025 (10118)/Constitucion politica del Peru 21a edicion - Congreso de la Republica.pdf		archivado
2026-09-06	b55f61d5c83742c175cff07bda2e368f10d4c63acd8009690da658b9fd04ed0d	02_investigacion/marco_legal/01_normativa_fundamental/02_codigos/codigo_civil_dleg_295_actualizado.pdf	Código civil D.Leg. 295 actualizado	Congreso de la República	Statute	Normativa	2026	Congreso de la República	documento_oficial	10119	biblioteca/Congreso de la Republica/Codigo civil D.Leg. 295 actualizado (10119)/Codigo civil D.Leg. 295 actualizado - Congreso de la Republica.pdf		archivado
2026-09-06	d6f6acd8274b6d54828bf00885f7d0076a83ad6961afbad228beaf1cab4aeb9b	02_investigacion/marco_legal/01_normativa_fundamental/02_codigos/codigo_proteccion_defensa_consumidor_ley_29571_actualizado.pdf	Código proteccion defensa consumidor ley 29571 actualizado	Congreso de la República	Statute	Normativa	2026	Congreso de la República	documento_oficial	10120	biblioteca/Congreso de la Republica/Codigo proteccion defensa consumidor ley 29571 actualizado (10120)/Codigo proteccion defensa consumidor ley 2 - Congreso de la Republica.pdf		archivado
2026-09-06	c2457a86ac611bbd0c246af26871488f137b37757f003e60d35315f3e5893a24	02_investigacion/marco_legal/01_normativa_fundamental/02_codigos/codigo_ninos_adolescentes_ley_27337.pdf	Código niños adolescentes ley 27337	Congreso de la República	Statute	Normativa	2026	Congreso de la República	documento_oficial	10121	biblioteca/Congreso de la Republica/Codigo ninos adolescentes ley 27337 (10121)/Codigo ninos adolescentes ley 27337 - Congreso de la Republica.pdf		archivado
2026-09-06	29ea6ebe1dc6ccced9bc3c455197a2a0b98e1fbc3d7d0a1662df542dc5db8387	02_investigacion/marco_legal/01_normativa_fundamental/02_codigos/codigo_procesal_penal_dleg_957_actualizado.pdf	Código procesal penal D.Leg. 957 actualizado	Congreso de la República	Statute	Normativa	2026	Congreso de la República	documento_oficial	10122	biblioteca/Congreso de la Republica/Codigo procesal penal D.Leg. 957 actualizado (10122)/Codigo procesal penal D.Leg. 957 actualiza - Congreso de la Republica.pdf		archivado
2026-09-06	1eafd365e543025b98328b1b16b671abc16fa7a6b400c66fb7486545d570a27b	02_investigacion/marco_legal/01_normativa_fundamental/02_codigos/codigo_proteccion_defensa_consumidor_ley_29571_2a_edicion_oficial.pdf	Código proteccion defensa consumidor ley 29571 2a edición oficial	Congreso de la República	Statute	Normativa	2018	Congreso de la República	documento_oficial	10123	biblioteca/Congreso de la Republica/Codigo proteccion defensa consumidor ley 29571 2a edicion oficial (10123)/Codigo proteccion defensa consumidor ley 2 - Congreso de la Republica.pdf		archivado
2026-09-06	d7552e506c51e2ca3f48bc2221ae61d21e972c79e4fae387350955df29541e4e	02_investigacion/marco_legal/01_normativa_fundamental/02_codigos/codigo_procesal_civil_tuo_rm_010_93_jus.pdf	Código procesal civil TUO R.M. 010 93 JUS	Ministerio de Justicia y Derechos Humanos	Statute	Normativa	2026	Ministerio de Justicia y Derechos Humanos	documento_oficial	10124	biblioteca/Ministerio de Justicia y Derechos Humanos/Codigo procesal civil TUO R.M. 010 93 JUS (10124)/Codigo procesal civil TUO R.M. 010 93 JUS - Ministerio de Justicia y Derechos Humanos.pdf		archivado
2026-09-06	8f541a4c99f2b64db3fcc822e043f31409bf55613ef119515f4bd78131726209	02_investigacion/marco_legal/01_normativa_fundamental/02_codigos/codigo_ejecucion_penal_tuo_ds_003_2021_jus.pdf	Código ejecución penal TUO D.S. 003-2021 JUS	Ministerio de Justicia y Derechos Humanos	Statute	Normativa	2021	Ministerio de Justicia y Derechos Humanos	documento_oficial	10125	biblioteca/Ministerio de Justicia y Derechos Humanos/Codigo ejecucion penal TUO D.S. 003-2021 JUS (10125)/Codigo ejecucion penal TUO D.S. 003-2021 J - Ministerio de Justicia y Derechos Humanos.pdf		archivado
2026-09-06	63b982b8e89f23ff095d735f306e897954932e287c3046a352b90da38b9abd79	02_investigacion/marco_legal/01_normativa_fundamental/02_codigos/codigo_tributario_tuo_ds_133_2013_ef_elperuano.pdf	Código tributario TUO D.S. 133-2013 EF (El Peruano)	Ministerio de Economía y Finanzas	Statute	Normativa	2013	Ministerio de Economía y Finanzas	documento_oficial	10126	biblioteca/Ministerio de Economia y Finanzas/Codigo tributario TUO D.S. 133-2013 EF (El Peruano) (10126)/Codigo tributario TUO D.S. 133-2013 EF (El - Ministerio de Economia y Finanzas.pdf		archivado
2026-09-06	3bbf3f3bad41008e838cf1de5b3be834a3951599f9ea2372249cff976266e3d9	02_investigacion/marco_legal/01_normativa_fundamental/02_codigos/codigo_ejecucion_penal_tuo_ds_003_2021_jus_actualizado.pdf	Código ejecución penal TUO D.S. 003-2021 JUS actualizado	Ministerio de Justicia y Derechos Humanos	Statute	Normativa	2021	Ministerio de Justicia y Derechos Humanos	documento_oficial	10127	biblioteca/Ministerio de Justicia y Derechos Humanos/Codigo ejecucion penal TUO D.S. 003-2021 JUS actualizado (10127)/Codigo ejecucion penal TUO D.S. 003-2021 J - Ministerio de Justicia y Derechos Humanos.pdf		archivado
2026-09-06	5938f7f8c13ae0bf73771fae9ae503646b059dea20a8e0b1bd839bfe950d669e	02_investigacion/marco_legal/01_normativa_fundamental/02_codigos/codigo_penal_dleg_635_12a_edicion_oficial.pdf	Código penal D.Leg. 635 12a edición oficial	Congreso de la República	Statute	Normativa	2016	Congreso de la República	documento_oficial	10128	biblioteca/Congreso de la Republica/Codigo penal D.Leg. 635 12a edicion oficial (10128)/Codigo penal D.Leg. 635 12a edicion oficia - Congreso de la Republica.pdf		archivado
2026-09-06	5d4fe4aa405cacaa77d10362455906dfbf755e0d15ce7ae0ff1ea4be5d63752b	02_investigacion/marco_legal/01_normativa_fundamental/02_codigos/dleg_1094_codigo_penal_militar_policial.pdf	Decreto Legislativo N.° 1094. Código penal militar policial	Congreso de la República	Statute	Normativa	2015	Congreso de la República	documento_oficial	10129	biblioteca/Congreso de la Republica/Decreto Legislativo N.deg 1094. Codigo penal militar policial (10129)/Decreto Legislativo N.deg 1094. Codigo pen - Congreso de la Republica.pdf		archivado
2026-09-06	969ecc22459bb3e125557d4953bf04e2b3de6e7fce4c204f52d0a217bfcdad78	02_investigacion/marco_legal/01_normativa_fundamental/02_codigos/codigo_procesal_penal_dleg_957_8a_edicion_oficial_2024.pdf	Código procesal penal D.Leg. 957 8a edición oficial 2024	Congreso de la República	Statute	Normativa	2024	Congreso de la República	documento_oficial	10130	biblioteca/Congreso de la Republica/Codigo procesal penal D.Leg. 957 8a edicion oficial 2024 (10130)/Codigo procesal penal D.Leg. 957 8a edicio - Congreso de la Republica.pdf		archivado
2026-09-06	f64e493ad06fab6682b40ac77ca8a91277ae79cbb72ef1d6f39747a3f86077fa	02_investigacion/marco_legal/01_normativa_fundamental/02_codigos/codigo_civil_dleg_295_16a_edicion_oficial.pdf	Código civil D.Leg. 295 16a edición oficial	Congreso de la República	Report	Informe	2015	Congreso de la República	documento_oficial	10131	biblioteca/Congreso de la Republica/Codigo civil D.Leg. 295 16a edicion oficial (10131)/Codigo civil D.Leg. 295 16a edicion oficia - Congreso de la Republica.pdf		archivado
2026-09-06	95eabf3b5e3f0d74d2fb18984aa55a32f67d3950b85dd9b4c85809fcee717a10	02_investigacion/marco_legal/01_normativa_fundamental/02_codigos/dleg_635_codigo_penal.pdf	Decreto Legislativo N.° 635. Código penal	Congreso de la República	Statute	Normativa	1998	Congreso de la República	documento_oficial	10132	biblioteca/Congreso de la Republica/Decreto Legislativo N.deg 635. Codigo penal (10132)/Decreto Legislativo N.deg 635. Codigo pena - Congreso de la Republica.pdf		archivado
2026-09-06	eedeeffbf5b76f3a3a4a9e67c0a63912288288feff328656dd5593f8592b49af	02_investigacion/marco_legal/01_normativa_fundamental/02_codigos/codigo_penal_dleg_635_actualizado.pdf	Código penal D.Leg. 635 actualizado	Congreso de la República	Statute	Normativa	2026	Congreso de la República	documento_oficial	10133	biblioteca/Congreso de la Republica/Codigo penal D.Leg. 635 actualizado (10133)/Codigo penal D.Leg. 635 actualizado - Congreso de la Republica.pdf		archivado
2026-09-06	01c2b9f8e4828736b4b859bd2bc061b9fdcdcaa23141d14d1a46454d9cc2ad21	02_investigacion/marco_legal/01_normativa_fundamental/02_codigos/dleg_957_nuevo_codigo_procesal_penal.pdf	Decreto Legislativo N.° 957. Nuevo codigo procesal penal	Congreso de la República	Statute	Normativa	2015	Congreso de la República	documento_oficial	10134	biblioteca/Congreso de la Republica/Decreto Legislativo N.deg 957. Nuevo codigo procesal penal (10134)/Decreto Legislativo N.deg 957. Nuevo codig - Congreso de la Republica.pdf		archivado
2026-09-06	d27a0caba13cb4a9b99304f12f4c6bba7f830c482ca625950235051d4023f333	02_investigacion/marco_legal/01_normativa_fundamental/02_codigos/codigo_tributario_tuo_ds_133_2013_ef.pdf	Código tributario TUO D.S. 133-2013 EF	Ministerio de Economía y Finanzas	Statute	Normativa	2013	Ministerio de Economía y Finanzas	documento_oficial	10135	biblioteca/Ministerio de Economia y Finanzas/Codigo tributario TUO D.S. 133-2013 EF (10135)/Codigo tributario TUO D.S. 133-2013 EF - Ministerio de Economia y Finanzas.pdf		archivado
2026-09-06	15f18a0510f37186638b16ab82956b17c580e3fbaf6e06ead331fd7e95e4376f	02_investigacion/marco_legal/01_normativa_fundamental/02_codigos/codigo_civil_dleg_295_texto_actualizado.pdf	Código civil D.Leg. 295 texto actualizado	Congreso de la República	Statute	Normativa	2014	Congreso de la República	documento_oficial	10136	biblioteca/Congreso de la Republica/Codigo civil D.Leg. 295 texto actualizado (10136)/Codigo civil D.Leg. 295 texto actualizado - Congreso de la Republica.pdf		archivado
2026-09-06	616502ab9ce9454dd530dd9558b159a23549eac8936025f165c0958346233f6a	02_investigacion/marco_legal/05_contrataciones/tuo_ley_30225_contrataciones_estado_historico.pdf	Texto Único Ordenado de la Ley N.° 30225. Contrataciones estado historico	Organismo Especializado para las Contrataciones Públicas Eficientes	Statute	Normativa	2019	Organismo Especializado para las Contrataciones Públicas Eficientes	documento_oficial	10137	biblioteca/Organismo Especializado para las Contrataciones Publicas Eficientes/Texto Unico Ordenado de la Ley N.deg 30225. Contrataciones estado historico (10137)/Texto Unico Ordenado de la Ley N.deg 30225 - Organismo Especializado para las Contratac.pdf		archivado
2026-09-06	fb471dc80798d10f7484d73fcd59f24ad2f46edfe53df82f2158d7682f301792	02_investigacion/marco_legal/05_contrataciones/reglamento_ley_30225_ds_344_2018_ef_historico.pdf	Reglamento ley 30225 D.S. 344-2018 EF historico	Ministerio de Economía y Finanzas	Statute	Normativa	2018	Ministerio de Economía y Finanzas	documento_oficial	10138	biblioteca/Ministerio de Economia y Finanzas/Reglamento ley 30225 D.S. 344-2018 EF historico (10138)/Reglamento ley 30225 D.S. 344-2018 EF hist - Ministerio de Economia y Finanzas.pdf		archivado
2026-09-06	0ebe95b3e05661b80f73c060d6e6ce8dd17621ce34af9277c688dd67e5d99830	02_investigacion/marco_legal/05_contrataciones/reglamento_ley_32069_ds_009_2025_ef.pdf	Reglamento ley 32069 D.S. 009-2025 EF	Ministerio de Economía y Finanzas	Statute	Normativa	2025	Ministerio de Economía y Finanzas	documento_oficial	10139	biblioteca/Ministerio de Economia y Finanzas/Reglamento ley 32069 D.S. 009-2025 EF (10139)/Reglamento ley 32069 D.S. 009-2025 EF - Ministerio de Economia y Finanzas.pdf		archivado
2026-09-06	5fa22a4b586c618fe8ff35a63764bc3d0db769cab9bd77b099a58080fb573d82	02_investigacion/marco_legal/05_contrataciones/directiva_0005_2025_ef_bases_estandar_procedimientos_seleccion.pdf	Directiva N.° 0005-2025-EF. Bases estandar procedimientos seleccion	Organismo Especializado para las Contrataciones Públicas Eficientes	Statute	Normativa	2025	Organismo Especializado para las Contrataciones Públicas Eficientes	documento_oficial	10140	biblioteca/Organismo Especializado para las Contrataciones Publicas Eficientes/Directiva N.deg 0005-2025-EF. Bases estandar procedimientos seleccion (10140)/Directiva N.deg 0005-2025-EF. Bases estand - Organismo Especializado para las Contratac.pdf		archivado
2026-09-06	134db40c17baeb6e54fa4444e6f6dbc6bffd4a67addc51bb189fbe804031279e	02_investigacion/marco_legal/05_contrataciones/directiva_0002_2025_ef_plan_anual_contrataciones.pdf	Directiva N.° 0002-2025-EF. Plan anual contrataciones	Organismo Especializado para las Contrataciones Públicas Eficientes	Statute	Normativa	2025	Organismo Especializado para las Contrataciones Públicas Eficientes	documento_oficial	10141	biblioteca/Organismo Especializado para las Contrataciones Publicas Eficientes/Directiva N.deg 0002-2025-EF. Plan anual contrataciones (10141)/Directiva N.deg 0002-2025-EF. Plan anual c - Organismo Especializado para las Contratac.pdf		archivado
2026-09-06	0023046fa860a662ba962ac4cb42867ab9c07b2e6d2e191bb7a5370350e43a92	02_investigacion/marco_legal/05_contrataciones/directiva_006_2019_osce_subasta_inversa_electronica_historico.pdf	Directiva N.° 006-2019-OSCE. Subasta inversa electronica historico	Organismo Supervisor de las Contrataciones del Estado	Statute	Normativa	2019	Organismo Supervisor de las Contrataciones del Estado	documento_oficial	10142	biblioteca/Organismo Supervisor de las Contrataciones del Estado/Directiva N.deg 006-2019-OSCE. Subasta inversa electronica historico (10142)/Directiva N.deg 006-2019-OSCE. Subasta inv - Organismo Supervisor de las Contrataciones.pdf		archivado
2026-09-06	cfc542f91a3e0018689c656c3e0265b4ae63c98043e4836b79ed2750fd82fe97	02_investigacion/marco_legal/05_contrataciones/ley_32069_contrataciones_publicas.pdf	Ley N.° 32069. Contrataciones publicas	Organismo Especializado para las Contrataciones Públicas Eficientes	Statute	Normativa	2025	Organismo Especializado para las Contrataciones Públicas Eficientes	documento_oficial	10143	biblioteca/Organismo Especializado para las Contrataciones Publicas Eficientes/Ley N.deg 32069. Contrataciones publicas (10143)/Ley N.deg 32069. Contrataciones publicas - Organismo Especializado para las Contratac.pdf		archivado
2026-09-06	e9b870be520a4ec97da88f05b06f062abe03649b223d2e6e366b4af46af49ce1	02_investigacion/marco_legal/18_manuales/guia_tecnica_legislativa_minjus_4ta_ed.pdf	Guía técnica legislativa MINJUS 4ta ed	Presidencia del Consejo de Ministros	Statute	Normativa	2018	Presidencia del Consejo de Ministros	documento_oficial	10144	biblioteca/Presidencia del Consejo de Ministros/Guia tecnica legislativa MINJUS 4ta ed (10144)/Guia tecnica legislativa MINJUS 4ta ed - Presidencia del Consejo de Ministros.pdf		archivado
2026-09-06	1aef30c74e4d2452b9d8d87bacdb79e9c449b58e33fb4491aca380ceb331c6bd	02_investigacion/marco_legal/18_manuales/manual_analisis_calidad_regulatoria_acr_copia_congreso.pdf	Manual para la aplicación del análisis de calidad regulatoria	Congreso de la República	Report	Informe	2017	Congreso de la República	documento_oficial	10145	biblioteca/Presidencia del Consejo de Ministros/Manual para la aplicacion del analisis de calidad regulatoria (10145)/Manual para la aplicacion del analisis de - Presidencia del Consejo de Ministros.pdf		archivado
2026-09-06	1ab4286a88a0e358f62c575775128e708442256f9b99b661162a5239c418b891	02_investigacion/marco_legal/18_manuales/guia_practica_consulta_publica_calidad_regulatoria_2026.pdf	Guía práctica de Consulta Pública en el marco de los instrumentos de mejora de la calidad regulatoria	Presidencia del Consejo de Ministros	Report	Informe	2026	Presidencia del Consejo de Ministros	documento_oficial	10146	biblioteca/Presidencia del Consejo de Ministros/Guia practica de Consulta Publica en el marco de los instrumentos de mejora de la calidad regu (10146)/Guia practica de Consulta Publica en el ma - Presidencia del Consejo de Ministros.pdf		archivado
2026-09-06	579a3c530c427b8b28c54c113daaad3fac5288d2e176ee3c4263d3b66dd76912	02_investigacion/marco_legal/18_manuales/reglamento_dl_1565_ley_general_mejora_calidad_regulatoria_ds_023_2025_pcm.pdf	Reglamento D.L. 1565 ley general mejora calidad regulatoria D.S. 023-2025 PCM	Presidencia del Consejo de Ministros	Report	Informe	2025	Presidencia del Consejo de Ministros	documento_oficial	10147	biblioteca/Presidencia del Consejo de Ministros/Reglamento D.L. 1565 ley general mejora calidad regulatoria D.S. 023-2025 PCM (10147)/Reglamento D.L. 1565 ley general mejora ca - Presidencia del Consejo de Ministros.pdf		archivado
2026-09-06	9b3bb4db401180efc3bf9b73c7c4218f795d101d5713fb24bf7c7fb2f47e12da	02_investigacion/marco_legal/18_manuales/ds_023_2025_pcm_parte_resolutiva.pdf	Decreto Supremo N.° 023-2025-PCM. Parte resolutiva	Presidencia del Consejo de Ministros	Statute	Normativa	2025	Presidencia del Consejo de Ministros	documento_oficial	10148	biblioteca/Presidencia del Consejo de Ministros/Decreto Supremo N.deg 023-2025-PCM. Parte resolutiva (10148)/Decreto Supremo N.deg 023-2025-PCM. Parte - Presidencia del Consejo de Ministros.pdf		archivado
2026-09-06	c2de19998ad57a3f8335d8f96df68f8a1870be8a8f92a4c9e2cf9e27741dbd1a	02_investigacion/marco_legal/18_manuales/manual_metodologias_evaluacion_impactos_air_ex_ante_2022.pdf	Manual metodologias evaluación impactos AIR ex ante 2022	Presidencia del Consejo de Ministros	Report	Informe	2022	Presidencia del Consejo de Ministros	documento_oficial	10149	biblioteca/Presidencia del Consejo de Ministros/Manual metodologias evaluacion impactos AIR ex ante 2022 (10149)/Manual metodologias evaluacion impactos AI - Presidencia del Consejo de Ministros.pdf		archivado
2026-09-06	f80238fc31a1a291216bce93d43ed901c6b17c58a26b4341e3daae80a3c94ea4	02_investigacion/marco_legal/18_manuales/guia_tecnica_legislativa_minjus_4ta_ed_impresa.pdf	Guía técnica legislativa MINJUS 4ta ed impresa	Presidencia del Consejo de Ministros	Statute	Normativa	2018	Presidencia del Consejo de Ministros	documento_oficial	10150	biblioteca/Presidencia del Consejo de Ministros/Guia tecnica legislativa MINJUS 4ta ed impresa (10150)/Guia tecnica legislativa MINJUS 4ta ed imp - Presidencia del Consejo de Ministros.pdf		archivado
2026-09-06	1aef30c74e4d2452b9d8d87bacdb79e9c449b58e33fb4491aca380ceb331c6bd	02_investigacion/marco_legal/18_manuales/manual_analisis_calidad_regulatoria_acr_pcm.pdf	Manual para la aplicación del análisis de calidad regulatoria	Presidencia del Consejo de Ministros	Report	Informe	2017	Presidencia del Consejo de Ministros	documento_oficial	10145	biblioteca/Presidencia del Consejo de Ministros/Manual para la aplicacion del analisis de calidad regulatoria (10145)/Manual para la aplicacion del analisis de - Presidencia del Consejo de Ministros.pdf		archivado
2026-09-06	74dbda40fcb9f3b9a194d33560f6abb09180e5c9a54b4be66f45b11cbd1ff6fb	02_investigacion/marco_legal/18_manuales/guia_calidad_normativa_y_publicacion_proyectos_normativos_minjus.pdf	Guía calidad normativa y publicacion proyectos normativos MINJUS	Presidencia del Consejo de Ministros	Report	Informe	2016	Presidencia del Consejo de Ministros	documento_oficial	10151	biblioteca/Presidencia del Consejo de Ministros/Guia calidad normativa y publicacion proyectos normativos MINJUS (10151)/Guia calidad normativa y publicacion proye - Presidencia del Consejo de Ministros.pdf		archivado
2026-09-06	6a17729630c11e63199716101d624ba9a56d31cca6f119cba9f0660288ed0ac9	02_investigacion/marco_legal/18_manuales/lineamientos_evaluacion_ex_post_regulaciones_vigentes_2026.pdf	Lineamientos para la evaluación Ex Post de las regulaciones vigentes en el marco de la mejora de la calidad regulatoria	Presidencia del Consejo de Ministros	Document	Documento oficial	2026	Presidencia del Consejo de Ministros	documento_oficial	10152	biblioteca/Presidencia del Consejo de Ministros/Lineamientos para la evaluacion Ex Post de las regulaciones vigentes en el marco de la mejora (10152)/Lineamientos para la evaluacion Ex Post de - Presidencia del Consejo de Ministros.pdf		archivado
2026-09-06	f67d1c4b99688010378b667c6d3f38c0684aa8bced973011d0edfca1cc2c4529	02_investigacion/marco_legal/18_manuales/manual_analisis_impacto_regulatorio_air_ex_ante_pcm_2021.pdf	Manual analisis impacto regulatorio AIR ex ante PCM 2021	Presidencia del Consejo de Ministros	Report	Informe	2021	Presidencia del Consejo de Ministros	documento_oficial	10153	biblioteca/Presidencia del Consejo de Ministros/Manual analisis impacto regulatorio AIR ex ante PCM 2021 (10153)/Manual analisis impacto regulatorio AIR ex - Presidencia del Consejo de Ministros.pdf		archivado
2026-09-06	d4a212a070c1bbaf4b48361b214e738243bd5f92f3df7949755e35e9540a4b60	02_investigacion/marco_legal/18_manuales/ds_063_2021_pcm_air_ex_ante_derogado.pdf	Decreto Supremo N.° 063-2021-PCM. AIR ex ante derogado	Presidencia del Consejo de Ministros	Statute	Normativa	2021	Presidencia del Consejo de Ministros	documento_oficial	10154	biblioteca/Presidencia del Consejo de Ministros/Decreto Supremo N.deg 063-2021-PCM. AIR ex ante derogado (10154)/Decreto Supremo N.deg 063-2021-PCM. AIR ex - Presidencia del Consejo de Ministros.pdf		archivado
2026-09-06	0aff57862f5e6a920087d8de31fdc94d46d033a234d14e55364c77ac82d6ad37	02_investigacion/marco_legal/13_salud/ley_26842_general_de_salud.pdf	Ley N.° 26842. General de salud	Ministerio de Salud	Statute	Normativa	2009	Ministerio de Salud	documento_oficial	10155	biblioteca/Ministerio de Salud/Ley N.deg 26842. General de salud (10155)/Ley N.deg 26842. General de salud - Ministerio de Salud.pdf		archivado
2026-09-06	99560c1b39692149573f9562a96825391c30e47d9b9ea86a14642560e5e1cc21	02_investigacion/marco_legal/13_salud/ds_008_2010_sa_reglamento_ley_29344.pdf	Decreto Supremo N.° 008-2010-SA. Reglamento ley 29344	Ministerio de Salud	Statute	Normativa	2010	Ministerio de Salud	documento_oficial	10156	biblioteca/Ministerio de Salud/Decreto Supremo N.deg 008-2010-SA. Reglamento ley 29344 (10156)/Decreto Supremo N.deg 008-2010-SA. Reglame - Ministerio de Salud.pdf		archivado
2026-09-06	eee7813dd821c800d40f547688547b6afd00ed8ed19aab703e4bed40557078f0	02_investigacion/marco_legal/13_salud/ley_29344_aseguramiento_universal_en_salud.pdf	Ley N.° 29344. Aseguramiento universal en salud	Ministerio de Salud	Statute	Normativa	2015	Ministerio de Salud	documento_oficial	10157	biblioteca/Ministerio de Salud/Ley N.deg 29344. Aseguramiento universal en salud (10157)/Ley N.deg 29344. Aseguramiento universal e - Ministerio de Salud.pdf		archivado
2026-09-06	a84121c07a73b140d9dfe641fc872d29cdaf5a9a6cf4abb6efdb2118405e6091	02_investigacion/marco_legal/11_seguridad/dleg_1095_uso_de_la_fuerza_fuerzas_armadas.pdf	Decreto Legislativo N.° 1095. Uso de la fuerza fuerzas armadas	Congreso de la República	Statute	Normativa	2015	Congreso de la República	seguridad_ciudadana, legislacion	10158	biblioteca/Congreso de la Republica/Decreto Legislativo N.deg 1095. Uso de la fuerza fuerzas armadas (10158)/Decreto Legislativo N.deg 1095. Uso de la - Congreso de la Republica.pdf		archivado
2026-09-06	27fb8517549d658588961f7954035b8fbd0c629ac955f5fc761b93f826f56e98	02_investigacion/marco_legal/11_seguridad/ds_012_2025_in_reglamento_dleg_1267_pnp_vigente.pdf	Decreto Supremo N.° 012-2025-IN. Reglamento D.Leg. 1267 PNP vigente	Ministerio del Interior	Statute	Normativa	2025	Ministerio del Interior	seguridad_ciudadana, legislacion	10159	biblioteca/Ministerio del Interior/Decreto Supremo N.deg 012-2025-IN. Reglamento D.Leg. 1267 PNP vigente (10159)/Decreto Supremo N.deg 012-2025-IN. Reglame - Ministerio del Interior.pdf		archivado
2026-09-06	d968669147beeca425f622e323394b0fa29243ed57c8dd569ca6457581c4100b	02_investigacion/marco_legal/11_seguridad/dleg_1141_sistema_de_inteligencia_nacional_dini.pdf	Decreto Legislativo N.° 1141. Sistema de inteligencia nacional DINI	Congreso de la República	Statute	Normativa	2011	Congreso de la República	seguridad_ciudadana, legislacion	10160	biblioteca/Congreso de la Republica/Decreto Legislativo N.deg 1141. Sistema de inteligencia nacional DINI (10160)/Decreto Legislativo N.deg 1141. Sistema de - Congreso de la Republica.pdf		archivado
2026-09-06	538ae333fdd7ee19b528e41f48c297c7e4e0388c7461a00d8da41bd42b077b19	02_investigacion/marco_legal/11_seguridad/dleg_1267_ley_policia_nacional_del_peru.pdf	Decreto Legislativo N.° 1267. Ley policia nacional del Perú	Congreso de la República	Statute	Normativa	2016	Congreso de la República	seguridad_ciudadana, legislacion	10054	biblioteca/Congreso de la Republica/Decreto Legislativo N.deg 1267. Ley policia nacional del Peru (10054)/Decreto Legislativo N.deg 1267. Ley polici - Congreso de la Republica.pdf		archivado
2026-09-06	9d91631d2c36431de5fd64704fd2ef94f50614992c7d8917893f57ade3b78454	02_investigacion/marco_legal/11_seguridad/dleg_1106_lucha_eficaz_contra_el_lavado_de_activos.pdf	Decreto Legislativo N.° 1106. Lucha eficaz contra el lavado de activos	Congreso de la República	Statute	Normativa	2012	Congreso de la República	seguridad_ciudadana, legislacion	10161	biblioteca/Congreso de la Republica/Decreto Legislativo N.deg 1106. Lucha eficaz contra el lavado de activos (10161)/Decreto Legislativo N.deg 1106. Lucha efic - Congreso de la Republica.pdf		archivado
2026-09-06	a4fa7ca72d3720bce79ba3d734f23cd2d2f17378a6e74ee9714242cafeba4834	02_investigacion/marco_legal/11_seguridad/dleg_1182_geolocalizacion_datos_telecomunicaciones.pdf	Decreto Legislativo N.° 1182. Geolocalizacion datos telecomunicaciones	Congreso de la República	Statute	Normativa	2015	Congreso de la República	seguridad_ciudadana, legislacion	10162	biblioteca/Congreso de la Republica/Decreto Legislativo N.deg 1182. Geolocalizacion datos telecomunicaciones (10162)/Decreto Legislativo N.deg 1182. Geolocaliz - Congreso de la Republica.pdf		archivado
2026-09-06	9e07df04694ecf3e763503ef9bbbff5c2ae2554eff45e1d9fc046e5496d482bf	02_investigacion/marco_legal/11_seguridad/ley_27693_unidad_de_inteligencia_financiera.pdf	Ley N.° 27693. Unidad de inteligencia financiera	Congreso de la República	Statute	Normativa	2012	Congreso de la República	seguridad_ciudadana, legislacion	10163	biblioteca/Congreso de la Republica/Ley N.deg 27693. Unidad de inteligencia financiera (10163)/Ley N.deg 27693. Unidad de inteligencia fi - Congreso de la Republica.pdf		archivado
2026-09-06	6347c50c5d906f41c4659177c83e97a9f5749b3785d84816e3e32cdb10e73460	02_investigacion/marco_legal/11_seguridad/ds_026_2017_in_reglamento_dleg_1267_pnp.pdf	Decreto Supremo N.° 026-2017-IN. Reglamento D.Leg. 1267 PNP	Ministerio del Interior	Statute	Normativa	2017	Ministerio del Interior	seguridad_ciudadana, legislacion	10164	biblioteca/Ministerio del Interior/Decreto Supremo N.deg 026-2017-IN. Reglamento D.Leg. 1267 PNP (10164)/Decreto Supremo N.deg 026-2017-IN. Reglame - Ministerio del Interior.pdf		archivado
2026-09-06	21728226c0ff8521b6864d68cd418c0f90f735c72391c310c569de5fc8675e3e	02_investigacion/marco_legal/11_seguridad/ley_30077_ley_contra_el_crimen_organizado.pdf	Ley N.° 30077. Ley contra el crimen organizado	Congreso de la República	Statute	Normativa	2021	Congreso de la República	seguridad_ciudadana, legislacion	10165	biblioteca/Congreso de la Republica/Ley N.deg 30077. Ley contra el crimen organizado (10165)/Ley N.deg 30077. Ley contra el crimen orga - Congreso de la Republica.pdf		archivado
2026-09-06	b2c66420d225587b7516eb4c0a0bb21aed55105973c39ba0abf3f271c4abbb47	02_investigacion/marco_legal/11_seguridad/dleg_1338_registro_nacional_equipos_terminales_moviles_renteseg.pdf	Decreto Legislativo N.° 1338. Registro nacional equipos terminales moviles RENTESEG	Congreso de la República	Statute	Normativa	2017	Congreso de la República	seguridad_ciudadana, legislacion	10166	biblioteca/Congreso de la Republica/Decreto Legislativo N.deg 1338. Registro nacional equipos terminales moviles RENTESEG (10166)/Decreto Legislativo N.deg 1338. Registro n - Congreso de la Republica.pdf		archivado
2026-09-06	f2fb3331080234baecb2d759e03010aacda05471dfb3bfc8bb82e3cfff4fc38d	02_investigacion/marco_legal/11_seguridad/ds_009_2007_jus_rof_inpe.pdf	Decreto Supremo N.° 009-2007-JUS. Rof inpe	Ministerio de Justicia y Derechos Humanos	Statute	Normativa	2007	Ministerio de Justicia y Derechos Humanos	seguridad_ciudadana, legislacion	10167	biblioteca/Ministerio de Justicia y Derechos Humanos/Decreto Supremo N.deg 009-2007-JUS. Rof inpe (10167)/Decreto Supremo N.deg 009-2007-JUS. Rof in - Ministerio de Justicia y Derechos Humanos.pdf		archivado
2026-09-06	5274c6035f27f23c9104cdae41bef8b1347a94324b5a5766c1a7713c0c8cf706	02_investigacion/marco_legal/11_seguridad/ds_015_2003_jus_reglamento_codigo_ejecucion_penal.pdf	Decreto Supremo N.° 015-2003-JUS. Reglamento codigo ejecución penal	Ministerio de Justicia y Derechos Humanos	Statute	Normativa	2003	Ministerio de Justicia y Derechos Humanos	seguridad_ciudadana, legislacion	10168	biblioteca/Ministerio de Justicia y Derechos Humanos/Decreto Supremo N.deg 015-2003-JUS. Reglamento codigo ejecucion penal (10168)/Decreto Supremo N.deg 015-2003-JUS. Reglam - Ministerio de Justicia y Derechos Humanos.pdf		archivado
2026-09-06	7fbd227d2b8f5b22dda330ad45e15b83ccf4b84613e68e4c34cdf38a608174ea	02_investigacion/marco_legal/11_seguridad/ley_30096_delitos_informaticos.pdf	Ley N.° 30096. Delitos informaticos	Congreso de la República	Statute	Normativa	2013	Congreso de la República	seguridad_ciudadana, legislacion	10169	biblioteca/Congreso de la Republica/Ley N.deg 30096. Delitos informaticos (10169)/Ley N.deg 30096. Delitos informaticos - Congreso de la Republica.pdf		archivado
2026-09-06	66f0f613d22b1dc8099fbd6367abae363795e39aed7ba987de0f46941b0e1208	02_investigacion/marco_legal/11_seguridad/ley_30424_responsabilidad_administrativa_personas_juridicas.pdf	Ley N.° 30424. Responsabilidad administrativa personas juridicas	Congreso de la República	Statute	Normativa	2016	Congreso de la República	seguridad_ciudadana, legislacion	10170	biblioteca/Congreso de la Republica/Ley N.deg 30424. Responsabilidad administrativa personas juridicas (10170)/Ley N.deg 30424. Responsabilidad administr - Congreso de la Republica.pdf		archivado
2026-09-06	e5f0d2ac2e098e7038474b3dddb9402bf43201dfc93a36ea154bec9774a328e5	02_investigacion/marco_legal/19_informes_permanentes/mef_marco_macroeconomico_multianual_2026_2029.pdf	Marco Macroeconómico Multianual 2026-2029	Ministerio de Economía y Finanzas	Report	Informe	2026	Ministerio de Economía y Finanzas	informe_tecnico	10171	biblioteca/Ministerio de Economia y Finanzas/Marco Macroeconomico Multianual 2026-2029 (10171)/Marco Macroeconomico Multianual 2026-2029 - Ministerio de Economia y Finanzas.pdf		archivado
2026-09-06	962084c30d58a66b325b0510ae69de76f72294a4dab751012c5c143eac203738	02_investigacion/marco_legal/19_informes_permanentes/contraloria_informe_de_gestion_2024.pdf	Informe de gestión 2024	Contraloría General de la República	Report	Informe	2024	Contraloría General de la República	informe_tecnico	10172	biblioteca/Contraloria General de la Republica/Informe de gestion 2024 (10172)/Informe de gestion 2024 - Contraloria General de la Republica.pdf		archivado
2026-09-06	2961ceee3e1f2f1c2229f246c54708086493fcc9b24a8a4ff2b45b3d15d3cc78	02_investigacion/marco_legal/19_informes_permanentes/inei_informe_tecnico_pbi_comportamiento_economia_2026_t1.pdf	Informe tecnico PBI comportamiento economia 2026 t1	Instituto Nacional de Estadística e Informática	Report	Informe técnico	2026	Instituto Nacional de Estadística e Informática	informe_tecnico	10173	biblioteca/Instituto Nacional de Estadistica e Informatica/Informe tecnico PBI comportamiento economia 2026 t1 (10173)/Informe tecnico PBI comportamiento economi - Instituto Nacional de Estadistica e Inform.pdf		archivado
2026-09-06	38103e94fcedc6608b761963c728f240b74babf0c1c669c2d79553aa75c14402	02_investigacion/marco_legal/19_informes_permanentes/defensoria_vigesimo_noveno_informe_anual_2025.pdf	Vigesimo noveno informe anual 2025	Defensoría del Pueblo	Report	Informe	2025	Defensoría del Pueblo	informe_tecnico	10174	biblioteca/Defensoria del Pueblo/Vigesimo noveno informe anual 2025 (10174)/Vigesimo noveno informe anual 2025 - Defensoria del Pueblo.pdf		archivado
2026-09-06	9b93e259669b5a4aa8bacbcae595d0848a5099704a658dad1cc2db0949fa8600	02_investigacion/marco_legal/19_informes_permanentes/bcrp_reporte_inflacion_2026_06.pdf	Reporte inflacion 2026 06	Banco Central de Reserva del Perú	Report	Informe	2026	Banco Central de Reserva del Perú	informe_tecnico	10175	biblioteca/Banco Central de Reserva del Peru/Reporte inflacion 2026 06 (10175)/Reporte inflacion 2026 06 - Banco Central de Reserva del Peru.pdf		archivado
2026-09-06	da100c86db8195d1489f2352c3121a20cf422bc9846d3edaeabf79362742899c	02_investigacion/marco_legal/19_informes_permanentes/contraloria_informe_obras_paralizadas_2026_03.pdf	Informe obras paralizadas 2026 03	Contraloría General de la República	Statute	Normativa	2026	Contraloría General de la República	informe_tecnico	10176	biblioteca/Contraloria General de la Republica/Informe obras paralizadas 2026 03 (10176)/Informe obras paralizadas 2026 03 - Contraloria General de la Republica.pdf		archivado
2026-09-06	6470899ad4d109b09ec42771d6df236fecd4c50bc294c8b0bfc1fcfadcbb1c88	02_investigacion/marco_legal/19_informes_permanentes/inei_informe_tecnico_empleo_nacional_2026_t1.pdf	Informe tecnico empleo nacional 2026 t1	Instituto Nacional de Estadística e Informática	Report	Informe técnico	2026	Instituto Nacional de Estadística e Informática	informe_tecnico	10177	biblioteca/Instituto Nacional de Estadistica e Informatica/Peru_ comportamiento de los indicadores del mercado laboral a nivel nacional y en 27 ciudades. (10177)/Peru_ comportamiento de los indicadores de - Instituto Nacional de Estadistica e Inform.pdf		archivado
2026-09-06	e659ae471887127fc84fbd250305815fd869bf21cd97b488fa32fb7ebc906890	02_investigacion/marco_legal/19_informes_permanentes/inei_informe_tecnico_condiciones_de_vida_2026_t1.pdf	Informe tecnico condiciones de vida 2026 t1	Instituto Nacional de Estadística e Informática	Statute	Normativa	2026	Instituto Nacional de Estadística e Informática	informe_tecnico	10178	biblioteca/Instituto Nacional de Estadistica e Informatica/Informe tecnico condiciones de vida 2026 t1 (10178)/Informe tecnico condiciones de vida 2026 t - Instituto Nacional de Estadistica e Inform.pdf		archivado
2026-09-06	f6a7354efc50289ead08362d6f5d35e4dfe3581cf6d53e7463552889e875578e	02_investigacion/marco_legal/19_informes_permanentes/servir_caracteristicas_servicio_civil_peruano_2024.pdf	Caracteristicas servicio civil peruano 2024	Autoridad Nacional del Servicio Civil	Report	Informe	2024	Autoridad Nacional del Servicio Civil	informe_tecnico	10179	biblioteca/Autoridad Nacional del Servicio Civil/Caracteristicas servicio civil peruano 2024 (10179)/Caracteristicas servicio civil peruano 202 - Autoridad Nacional del Servicio Civil.pdf		archivado
2026-09-06	475cc9c6b9c3539eef644a0b19551f0974cb78430777520b0a56f2869cadfe9c	02_investigacion/marco_legal/19_informes_permanentes/inei_evolucion_pobreza_monetaria_2016_2025.pdf	Evolucion pobreza monetaria 2016 2025	Instituto Nacional de Estadística e Informática	Report	Informe técnico	2016	Instituto Nacional de Estadística e Informática	informe_tecnico	10180	biblioteca/Instituto Nacional de Estadistica e Informatica/Evolucion pobreza monetaria 2016 2025 (10180)/Evolucion pobreza monetaria 2016 2025 - Instituto Nacional de Estadistica e Inform.pdf		archivado
2026-09-06	ff62d0bfb2fc492daf0b228b04492147a5037213857a4912362466b9e440ebb3	02_investigacion/marco_legal/19_informes_permanentes/ceplan_peru_2050_escenarios_prospectivos_pedn_act_2025.pdf	Perú 2050 escenarios prospectivos PEDN act 2025	Centro Nacional de Planeamiento Estratégico	Report	Informe	2025	Centro Nacional de Planeamiento Estratégico	informe_tecnico	10181	biblioteca/Centro Nacional de Planeamiento Estrategico/Peru 2050 escenarios prospectivos PEDN act 2025 (10181)/Peru 2050 escenarios prospectivos PEDN act - Centro Nacional de Planeamiento Estrategic.pdf		archivado
2026-09-06	36265f8a9dac3e2b010a41418dd7a283c20dcb932789f85e711f9449ec03ecc6	02_investigacion/marco_legal/16_derechos_humanos/pacto_internacional_derechos_civiles_politicos.pdf	Pacto internacional derechos civiles politicos	Organización de las Naciones Unidas	Report	Informe	2018	Organización de las Naciones Unidas	documento_oficial	10182	biblioteca/Organizacion de las Naciones Unidas/Pacto internacional derechos civiles politicos (10182)/Pacto internacional derechos civiles polit - Organizacion de las Naciones Unidas.pdf		archivado
2026-09-06	bdb502756316c23f418f0f2a5a4855ebefc08b6f67e05028f187cd6e3357268e	02_investigacion/marco_legal/16_derechos_humanos/declaracion_universal_derechos_humanos.pdf	Declaracion universal derechos humanos	Organización de las Naciones Unidas	Report	Informe	2001	Organización de las Naciones Unidas	documento_oficial	10183	biblioteca/Organizacion de las Naciones Unidas/Declaracion universal derechos humanos (10183)/Declaracion universal derechos humanos - Organizacion de las Naciones Unidas.pdf		archivado
2026-09-06	816aee6e45694690b07d14e97f16ff6695c612e18471ead511cc12c4ca9aa56b	02_investigacion/marco_legal/16_derechos_humanos/convenio_oit_87_libertad_sindical.pdf	Convenio OIT 87 libertad sindical	Organización Internacional del Trabajo	Report	Informe	2016	Organización Internacional del Trabajo	documento_oficial	10184	biblioteca/Organizacion Internacional del Trabajo/Convenio OIT 87 libertad sindical (10184)/Convenio OIT 87 libertad sindical - Organizacion Internacional del Trabajo.pdf		archivado
2026-09-06	63bc00906f36b946fd1f21cc70c5763f19817109da6730f90c3a1091d0618af8	02_investigacion/marco_legal/16_derechos_humanos/pacto_internacional_derechos_economicos_sociales_culturales.pdf	Pacto internacional derechos economicos sociales culturales	Organización de las Naciones Unidas	Report	Informe	2018	Organización de las Naciones Unidas	documento_oficial	10185	biblioteca/Organizacion de las Naciones Unidas/Pacto internacional derechos economicos sociales culturales (10185)/Pacto internacional derechos economicos so - Organizacion de las Naciones Unidas.pdf		archivado
2026-09-06	b7687fcdde61aae05fd80372601ee096d23b3b45167a16be42ef46794d86060b	02_investigacion/marco_legal/16_derechos_humanos/convencion_americana_derechos_humanos_pacto_san_jose.pdf	XXXVIII Curso de Derecho Internacional 2011	Organización de las Naciones Unidas	Report	Informe	2012	Organización de las Naciones Unidas	documento_oficial	10186	biblioteca/Organizacion de las Naciones Unidas/XXXVIII Curso de Derecho Internacional 2011 (10186)/XXXVIII Curso de Derecho Internacional 201 - Organizacion de las Naciones Unidas.pdf		archivado
2026-09-06	a1aae2064493ad559d02fc5f0041b7c5c37277904bbb0258c6443ec6b2deecf3	02_investigacion/marco_legal/16_derechos_humanos/convencion_onu_contra_la_corrupcion_uncac.pdf	Convención ONU contra la corrupcion UNCAC	Organización de las Naciones Unidas	Report	Informe	2004	Organización de las Naciones Unidas	documento_oficial	10187	biblioteca/Organizacion de las Naciones Unidas/Convencion ONU contra la corrupcion UNCAC (10187)/Convencion ONU contra la corrupcion UNCAC - Organizacion de las Naciones Unidas.pdf		archivado
2026-09-06	3ac2dd17f5ad418b025ce0283a8989749ad09fe20f056909c788e19f9a884ac3	02_investigacion/marco_legal/16_derechos_humanos/convenio_oit_169_pueblos_indigenas_tribales.pdf	Convenio OIT 169 pueblos indigenas tribales	Organización Internacional del Trabajo	Report	Informe	2015	Organización Internacional del Trabajo	documento_oficial	10188	biblioteca/Organizacion Internacional del Trabajo/Convenio N.deg 169 de la OIT sobre pueblos indigenas y tribales (10188)/Convenio N.deg 169 de la OIT sobre pueblos - Organizacion Internacional del Trabajo.pdf		archivado
2026-09-06	f63a133d9448ed08078c2271eb9e7292c5f8b126b99625e49294fb941ef79aa5	02_investigacion/marco_legal/16_derechos_humanos/convenio_oit_98_sindicacion_negociacion_colectiva.pdf	Convenio OIT 98 sindicación negociación colectiva	Organización Internacional del Trabajo	Report	Informe	2016	Organización Internacional del Trabajo	documento_oficial	10189	biblioteca/Organizacion Internacional del Trabajo/Convenio OIT 98 sindicacion negociacion colectiva (10189)/Convenio OIT 98 sindicacion negociacion co - Organizacion Internacional del Trabajo.pdf		archivado
2026-09-06	3631619bf4196bc9561bab895fc2b4b5c7ddee2ae3b26283c37b30aa3bd64c24	02_investigacion/marco_legal/16_derechos_humanos/convencion_sobre_los_derechos_del_nino.pdf	Convención sobre los derechos del nino	Organización de las Naciones Unidas	Report	Informe	2018	Organización de las Naciones Unidas	documento_oficial	10190	biblioteca/Organizacion de las Naciones Unidas/Convencion sobre los derechos del nino (10190)/Convencion sobre los derechos del nino - Organizacion de las Naciones Unidas.pdf		archivado
2026-09-06	63b10bc1d927a484331fd51428e7e58767609f5ad248ff19a92cf919d6ab2435	02_investigacion/marco_legal/16_derechos_humanos/convencion_interamericana_contra_la_corrupcion.pdf	Convención interamericana contra la corrupción (B-58)	Organización de las Naciones Unidas	Report	Informe	2016	Organización de las Naciones Unidas	documento_oficial	10191	biblioteca/Organizacion de las Naciones Unidas/Convencion interamericana contra la corrupcion (B-58) (10191)/Convencion interamericana contra la corrup - Organizacion de las Naciones Unidas.pdf		archivado
2026-09-06	475cc9c6b9c3539eef644a0b19551f0974cb78430777520b0a56f2869cadfe9c	02_investigacion/informes/2026-09-02-delegacion-facultades-2026/inei_evolucion_pobreza_monetaria_2016_2025_informe_tecnico.pdf	Evolucion pobreza monetaria 2016 2025 informe tecnico	Instituto Nacional de Estadística e Informática	Report	Informe técnico	2016	Instituto Nacional de Estadística e Informática	informe_tecnico, delegacion_facultades_2026	10192	biblioteca/Instituto Nacional de Estadistica e Informatica/Peru_ evolucion de la pobreza monetaria 2016-2025. Informe tecnico (10192)/Peru_ evolucion de la pobreza monetaria 20 - Instituto Nacional de Estadistica e Inform.pdf		archivado
2026-09-06	281eb766862fe62dfab38036e4d55f492c80c087ae7147d4db12bcb30f8a404f	02_investigacion/2026-08-07-diagnostico-educacion-ayacucho/fuentes/endes2024_ayacucho_cap09.pdf	Endes2024 ayacucho cap09	Instituto Nacional de Estadística e Informática	Report	Informe técnico	2024	Instituto Nacional de Estadística e Informática	documento_oficial	10193	biblioteca/Instituto Nacional de Estadistica e Informatica/Encuesta Demografica y de Salud Familiar (ENDES) 2024. Informe departamental Ayacucho, capitul (10193)/Encuesta Demografica y de Salud Familiar ( - Instituto Nacional de Estadistica e Inform.pdf		archivado
2026-09-06	acc21a8f35bbcccc33e4e93e791099bd31e3228cfd4af8c6dac9e7c9fec5ee01	02_investigacion/2026-08-07-diagnostico-educacion-ayacucho/fuentes/mclcp_buen_inicio_2025.pdf	Buen inicio 2025	Mesa de Concertación para la Lucha contra la Pobreza	Report	Informe	2025	Mesa de Concertación para la Lucha contra la Pobreza	documento_oficial	10194	biblioteca/Mesa de Concertacion para la Lucha contra la Pobreza/Conclusiones y recomendaciones en el marco del buen retorno al ano academico 2025 (foro region (10194)/Conclusiones y recomendaciones en el marco - Mesa de Concertacion para la Lucha contra .pdf		archivado
2026-09-06	ea81524579abe1ec1e189a3101ac2ab8d86156f6f6989a4182ae19befd4afe83	02_investigacion/2026-08-07-diagnostico-educacion-ayacucho/fuentes/defensoria_informe_anual_2024.pdf	Informe anual 2024	Defensoría del Pueblo	Report	Informe	2024	Defensoría del Pueblo	documento_oficial	10195	biblioteca/Defensoria del Pueblo/Vigesimo octavo informe anual de la Defensoria del Pueblo, enero-diciembre 2024 (10195)/Vigesimo octavo informe anual de la Defens - Defensoria del Pueblo.pdf		archivado
2026-09-06	79a124312ada44ec9b0ab61a7429e2acb2149a99fc6cfc90f5bcd560c7eba699	02_investigacion/2026-08-07-diagnostico-educacion-ayacucho/fuentes/bcrp_ayacucho_sintesis_2025-01.pdf	Ayacucho sintesis 2025-01	Banco Central de Reserva del Perú	Report	Informe	2025	Banco Central de Reserva del Perú	documento_oficial	10196	biblioteca/Banco Central de Reserva del Peru/Ayacucho_ sintesis de actividad economica, enero 2025 (10196)/Ayacucho_ sintesis de actividad economica, - Banco Central de Reserva del Peru.pdf		archivado
2026-09-06	140514ef9d1ef6aad872ed8d42c6400e7469cd8e278f23f6d4351f175b237364	02_investigacion/2026-08-07-diagnostico-educacion-ayacucho/fuentes/enla2023_ayacucho_regional.pdf	Enla2023 ayacucho regional	Ministerio de Educación	Report	Informe	2024	Ministerio de Educación	documento_oficial	10197	biblioteca/Ministerio de Educacion/ENLA 2023_ resultados de aprendizaje, Ayacucho (10197)/ENLA 2023_ resultados de aprendizaje, Ayac - Ministerio de Educacion.pdf		archivado
2026-09-06	12e69e96c6dd1789a41c7fecbc3bb91556be843a2447db58306eafb745c8755f	02_investigacion/2026-08-07-diagnostico-educacion-ayacucho/fuentes/enla2024_ayacucho_regional.pdf	Enla2024 ayacucho regional	Ministerio de Educación	Report	Informe	2025	Ministerio de Educación	documento_oficial	10198	biblioteca/Ministerio de Educacion/ENLA 2024_ resultados regionales, Ayacucho (10198)/ENLA 2024_ resultados regionales, Ayacucho - Ministerio de Educacion.pdf		archivado
2026-09-06	ee277c98812737d45eb0eae8ac2b317c1844997ffd1b7d2965b66e3088f21f1b	02_investigacion/2026-08-07-diagnostico-educacion-ayacucho/fuentes/enla2024_reporte_tecnico.pdf	Enla2024 reporte tecnico	Ministerio de Educación	Report	Informe	2025	Ministerio de Educación	documento_oficial	10199	biblioteca/Ministerio de Educacion/Reporte tecnico de la Evaluacion Nacional de Logros de Aprendizaje de Estudiantes (ENLA) 2024 (10199)/Reporte tecnico de la Evaluacion Nacional - Ministerio de Educacion.pdf		archivado
2026-09-06	aa84f83b966e89234c4479e810c47ff0644cf1a09d830194482e578226f968ac	02_investigacion/2026-08-07-diagnostico-educacion-ayacucho/fuentes/congreso_gore_ayacucho_ppto2026.pdf	GORE ayacucho presupuesto 2026	Congreso de la República	Report	Informe		Congreso de la República	documento_oficial	10200	biblioteca/Congreso de la Republica/Resumen ejecutivo del pliego 444 Gobierno Regional de Ayacucho, proyecto de presupuesto 2026 (10200)/Resumen ejecutivo del pliego 444 Gobierno - Congreso de la Republica.pdf		archivado
2026-09-06	75ed5cc7fc455b6ba66c0536d2c65e05d0ed91e139a2ab2cc8cb890a592c3227	02_investigacion/2026-08-07-diagnostico-educacion-ayacucho/fuentes/escale_ficha_regional_ayacucho_2021.pdf	Ficha regional ayacucho 2021	Ministerio de Educación	Report	Informe técnico	2021	Ministerio de Educación	documento_oficial	10201	biblioteca/Ministerio de Educacion/Ficha regional de Educacion Basica, DRE Ayacucho (padron de instituciones educativas al 9 de d (10201)/Ficha regional de Educacion Basica, DRE Ay - Ministerio de Educacion.pdf		archivado
2026-09-06	d20be4c66488102644efcf6f331645847387525b042e90578048618960126724	02_investigacion/2026-08-07-diagnostico-educacion-ayacucho/fuentes/inei_indicadores_educacion_dep_2013-2023.pdf	Indicadores educacion dep 2013-2023	Instituto Nacional de Estadística e Informática	Report	Informe técnico	2013	Instituto Nacional de Estadística e Informática	documento_oficial	10202	biblioteca/Instituto Nacional de Estadistica e Informatica/Peru_ indicadores de educacion segun departamentos, 2013-2023 (10202)/Peru_ indicadores de educacion segun depar - Instituto Nacional de Estadistica e Inform.pdf		archivado
2026-09-06	34db894afd47c068fe16e301301484426f1a5f3e237b5d7ae346ce4c039226e8	02_investigacion/2026-08-07-diagnostico-educacion-ayacucho/fuentes/mclcp_foro_per_2025.pdf	Foro PER 2025	Mesa de Concertación para la Lucha contra la Pobreza	Report	Informe	2025	Mesa de Concertación para la Lucha contra la Pobreza	documento_oficial	10203	biblioteca/Mesa de Concertacion para la Lucha contra la Pobreza/El Proyecto Educativo Regional de Ayacucho 2025-2036_ movilizacion ciudadana por la educacion (10203)/El Proyecto Educativo Regional de Ayacucho - Mesa de Concertacion para la Lucha contra .pdf		archivado
2026-09-06	9e7839287e4a33b4ff37a0ad5261cd387cb10df8f7f8ed7bd3086a98e46b0bb0	02_investigacion/2026-08-07-diagnostico-educacion-ayacucho/fuentes/enla2024_presentacion.pdf	Enla2024 presentacion	Ministerio de Educación	Report	Informe	2025	Ministerio de Educación	documento_oficial	10204	biblioteca/Ministerio de Educacion/ENLA 2024_ resultados nacionales (10204)/ENLA 2024_ resultados nacionales - Ministerio de Educacion.pdf		archivado
2026-09-06	3f04e85fcc5a3814e5709050cfda80aa6b04a03d17f201605247623d18c1ea0a	02_investigacion/2026-08-07-diagnostico-educacion-ayacucho/fuentes/per_ayacucho_2036.pdf	Ayacucho 2036	Gobierno Regional de Ayacucho	Report	Informe		Gobierno Regional de Ayacucho	documento_oficial	10205	biblioteca/Gobierno Regional de Ayacucho/Proyecto Educativo Regional de Ayacucho al 2036 (Ordenanza Regional N.deg 001-2025-GRA_CR) (10205)/Proyecto Educativo Regional de Ayacucho al - Gobierno Regional de Ayacucho.pdf		archivado
2026-09-06	5aba0cdd1db52d5f76816a6b29b1e868ecd6349caf437bec6913e4c5b8303410	02_investigacion/2026-08-07-diagnostico-educacion-ayacucho/fuentes/inei_indicadores_educacion_dep_2014-2024.pdf	Indicadores educacion dep 2014-2024	Instituto Nacional de Estadística e Informática	Report	Informe técnico	2014	Instituto Nacional de Estadística e Informática	documento_oficial	10206	biblioteca/Instituto Nacional de Estadistica e Informatica/Peru_ indicadores de educacion segun departamentos, 2014-2024 (10206)/Peru_ indicadores de educacion segun depar - Instituto Nacional de Estadistica e Inform.pdf		archivado
2026-09-06	2bf1fee1a78d6aa486b91bbdba7645ec32b1fc68cf33c79a972634a533af3299	02_investigacion/2026-08-07-diagnostico-educacion-ayacucho/fuentes/mclcp_foro_educacion_nov2025.pdf	Foro educacion nov2025	Mesa de Concertación para la Lucha contra la Pobreza	Report	Informe	2026	Mesa de Concertación para la Lucha contra la Pobreza	documento_oficial	10207	biblioteca/Mesa de Concertacion para la Lucha contra la Pobreza/Conclusiones del foro virtual __Situacion de la educacion en la region Ayacucho_ problemas y p (10207)/Conclusiones del foro virtual __Situacion - Mesa de Concertacion para la Lucha contra .pdf		archivado
2026-09-06	2d337bc12b23ff4e55f0b406cb026e2b67b74921d3d235d3dafdd89c5ddff93e	02_investigacion/2026-08-07-diagnostico-educacion-ayacucho/fuentes/escale_perfil_ayacucho.pdf	Arequipa: ¿cómo vamos en educación	Ministerio de Educación	Report	Informe técnico	2015	Ministerio de Educación	documento_oficial	10208	biblioteca/Ministerio de Educacion/Ayacucho_ _como vamos en educacion_ (10208)/Ayacucho_ _como vamos en educacion_ - Ministerio de Educacion.pdf		archivado
2026-09-06	2910c2dbe32ad402429004f646e02b4a2782ea2ee1a8155ab59a4fcea450df0b	02_investigacion/2026-08-07-diagnostico-educacion-ayacucho/fuentes/congreso_sustentacion_educacion_2026.pdf	Sustentacion educacion 2026	Congreso de la República	Document	Documento oficial	2026	Congreso de la República	documento_oficial	10209	biblioteca/Ministerio de Educacion/Sustentacion del Proyecto de Ley de Presupuesto del Ano Fiscal 2026_ sector Educacion (10209)/Sustentacion del Proyecto de Ley de Presup - Ministerio de Educacion.pdf		archivado
2026-09-06	fb0c5e21157fa6f06912a520af83fa4f01d9c584a9692571500db38bbd63e7d2	02_investigacion/2026-08-07-diagnostico-educacion-ayacucho/fuentes/enla2024_infografia.pdf	Enla2024 infografia	Ministerio de Educación	Report	Informe	2025	Ministerio de Educación	documento_oficial	10210	biblioteca/Ministerio de Educacion/_Cuales son los logros y desafios de los estudiantes de primaria segun la ENLA 2024_ (infograf (10210)/_Cuales son los logros y desafios de los e - Ministerio de Educacion.pdf		archivado
2026-09-06	2bec400f192657540c805491b36e9ed5830672f32690bd0c5219044759f3c88d	datafw/data/raw/peru/mef/mmm_2027_2030/mmm_2027_2030_v001_2026-09-04.pdf	Marco Macroeconómico Multianual 2027-2030	Ministerio de Economía y Finanzas	Report	Informe	2027	Ministerio de Economía y Finanzas	documento_oficial	10211	biblioteca/Ministerio de Economia y Finanzas/Marco Macroeconomico Multianual 2027-2030 (10211)/Marco Macroeconomico Multianual 2027-2030 - Ministerio de Economia y Finanzas.pdf		archivado
2026-09-06	7674d42fa3323d695b4d97eaa4c118d8074fd622724e9d48fc8268525189ed1f	datafw/data/raw/peru/mef/presupuesto/proyecto/2024/EM_PL_Presupuesto_SP_2024.pdf	Exposición de motivos del proyecto de Ley de presupuesto del sector público para el año fiscal 2024	Ministerio de Economía y Finanzas	Document	Documento oficial	2023	Ministerio de Economía y Finanzas	presupuesto_publico, politica_fiscal	10212	biblioteca/Ministerio de Economia y Finanzas/Exposicion de motivos del proyecto de Ley de presupuesto del sector publico para el ano fiscal (10212)/Exposicion de motivos del proyecto de Ley - Ministerio de Economia y Finanzas.pdf		archivado
2026-09-06	9186618150898e340e89700bb15333f228857dd9157be9947337b5f5e979fd9c	datafw/data/raw/peru/mef/presupuesto/proyecto/2024/EM_PL_Equilibrio_Financiero_2024.pdf	Exposición de motivos del proyecto de Ley de equilibrio financiero del presupuesto del sector público para el año fiscal 2024	Ministerio de Economía y Finanzas	Document	Documento oficial	2023	Ministerio de Economía y Finanzas	presupuesto_publico, politica_fiscal	10213	biblioteca/Ministerio de Economia y Finanzas/Exposicion de motivos del proyecto de Ley de equilibrio financiero del presupuesto del sector (10213)/Exposicion de motivos del proyecto de Ley - Ministerio de Economia y Finanzas.pdf		archivado
2026-09-06	06732e9495c489e6e4d2bb1051da3154f2bc353e969b1c68eab0a3842fded017	datafw/data/raw/peru/mef/presupuesto/proyecto/2024/EM_PL_Endeudamiento_2024.pdf	Exposición de motivos del proyecto de Ley de endeudamiento del sector público para el año fiscal 2024	Ministerio de Economía y Finanzas	Document	Documento oficial	2023	Ministerio de Economía y Finanzas	presupuesto_publico, politica_fiscal	10214	biblioteca/Ministerio de Economia y Finanzas/Exposicion de motivos del proyecto de Ley de endeudamiento del sector publico para el ano fisc (10214)/Exposicion de motivos del proyecto de Ley - Ministerio de Economia y Finanzas.pdf		archivado
2026-09-06	8f87d41e8113aeb76569893e89cd7676c7ec8a7ece1bc1913ef5aca7600ac3d8	datafw/data/raw/peru/mef/presupuesto/proyecto/2024/PL_Equilibrio_Financiero_Presupuesto_2024.pdf	Proyecto de Ley de equilibrio financiero del presupuesto del sector público para el año fiscal 2024	Ministerio de Economía y Finanzas	Document	Documento oficial	2023	Ministerio de Economía y Finanzas	presupuesto_publico, politica_fiscal	10215	biblioteca/Ministerio de Economia y Finanzas/Proyecto de Ley de equilibrio financiero del presupuesto del sector publico para el ano fiscal (10215)/Proyecto de Ley de equilibrio financiero d - Ministerio de Economia y Finanzas.pdf		archivado
2026-09-06	b1cf801665ac7d2c0d42de2761883a91c17e8b19fe29910a5004629eb705571a	datafw/data/raw/peru/mef/presupuesto/proyecto/2024/PL_Presupuesto_SP_2024.pdf	Proyecto de Ley de presupuesto del sector público para el año fiscal 2024	Ministerio de Economía y Finanzas	Document	Documento oficial	2023	Ministerio de Economía y Finanzas	presupuesto_publico, politica_fiscal	10216	biblioteca/Ministerio de Economia y Finanzas/Proyecto de Ley de presupuesto del sector publico para el ano fiscal 2024 (10216)/Proyecto de Ley de presupuesto del sector - Ministerio de Economia y Finanzas.pdf		archivado
2026-09-06	52f09aecb06414c00732c6ef8c8e4083ec5e9468123f6da39ff6f934f2ff731b	datafw/data/raw/peru/mef/presupuesto/proyecto/2024/PL_Endeudamiento_2024.pdf	Proyecto de Ley de endeudamiento del sector público para el año fiscal 2024	Ministerio de Economía y Finanzas	Document	Documento oficial	2023	Ministerio de Economía y Finanzas	presupuesto_publico, politica_fiscal	10217	biblioteca/Ministerio de Economia y Finanzas/Proyecto de Ley de endeudamiento del sector publico para el ano fiscal 2024 (10217)/Proyecto de Ley de endeudamiento del secto - Ministerio de Economia y Finanzas.pdf		archivado
2026-09-06	83be5523850706f5286720be0a4ab5cc7c3e2a4a164d0990e2e0ba489a1f6c7c	datafw/data/raw/peru/mef/presupuesto/proyecto/2025/EM_PL_Endeudamiento_2025.pdf	Exposición de motivos del proyecto de Ley de endeudamiento del sector público para el año fiscal 2025	Ministerio de Economía y Finanzas	Document	Documento oficial	2024	Ministerio de Economía y Finanzas	presupuesto_publico, politica_fiscal	10218	biblioteca/Ministerio de Economia y Finanzas/Exposicion de motivos del proyecto de Ley de endeudamiento del sector publico para el ano fisc (10218)/Exposicion de motivos del proyecto de Ley - Ministerio de Economia y Finanzas.pdf		archivado
2026-09-06	ef6b93034c9ddd05419c0582bc9a7ca3a45eb8ece659cb7fcb628c36c3d74e77	datafw/data/raw/peru/mef/presupuesto/proyecto/2025/PL_Endeudamiento_2025.pdf	Proyecto de Ley de endeudamiento del sector público para el año fiscal 2025	Ministerio de Economía y Finanzas	Document	Documento oficial	2024	Ministerio de Economía y Finanzas	presupuesto_publico, politica_fiscal	10219	biblioteca/Ministerio de Economia y Finanzas/Proyecto de Ley de endeudamiento del sector publico para el ano fiscal 2025 (10219)/Proyecto de Ley de endeudamiento del secto - Ministerio de Economia y Finanzas.pdf		archivado
2026-09-06	f4ab8d2e566570d4ce71fbc888a207e4c9a6f8a54e27905302700c3acb278b9e	datafw/data/raw/peru/mef/presupuesto/proyecto/2025/EM_PL_Presupuesto_SP_2025.pdf	Exposición de motivos del proyecto de Ley de presupuesto del sector público para el año fiscal 2025	Ministerio de Economía y Finanzas	Document	Documento oficial	2024	Ministerio de Economía y Finanzas	presupuesto_publico, politica_fiscal	10220	biblioteca/Ministerio de Economia y Finanzas/Exposicion de motivos del proyecto de Ley de presupuesto del sector publico para el ano fiscal (10220)/Exposicion de motivos del proyecto de Ley - Ministerio de Economia y Finanzas.pdf		archivado
2026-09-06	466239da17824c6da14d8b75fb2f0cd1f5e183e73228b1259adb3b760cf6904e	datafw/data/raw/peru/mef/presupuesto/proyecto/2025/PL_Presupuesto_SP_2025.pdf	Proyecto de Ley de presupuesto del sector público para el año fiscal 2025	Ministerio de Economía y Finanzas	Document	Documento oficial	2024	Ministerio de Economía y Finanzas	presupuesto_publico, politica_fiscal	10221	biblioteca/Ministerio de Economia y Finanzas/Proyecto de Ley de presupuesto del sector publico para el ano fiscal 2025 (10221)/Proyecto de Ley de presupuesto del sector - Ministerio de Economia y Finanzas.pdf		archivado
2026-09-06	bc65fe8a5e536caa405c666983afedf8d16a5cb4b1f871e66814d313daf797f9	datafw/data/raw/peru/mef/presupuesto/proyecto/2025/EM_PL_Equilibrio_Financiero_2025.pdf	Exposición de motivos del proyecto de Ley de equilibrio financiero del presupuesto del sector público para el año fiscal 2025	Ministerio de Economía y Finanzas	Document	Documento oficial	2024	Ministerio de Economía y Finanzas	presupuesto_publico, politica_fiscal	10222	biblioteca/Ministerio de Economia y Finanzas/Exposicion de motivos del proyecto de Ley de equilibrio financiero del presupuesto del sector (10222)/Exposicion de motivos del proyecto de Ley - Ministerio de Economia y Finanzas.pdf		archivado
2026-09-06	233c66aa7cf4f3962f13f3424f15eb04ad96145582dbbdb308d500b0a92427a8	datafw/data/raw/peru/mef/presupuesto/proyecto/2025/PL_Equilibrio_Financiero_Presupuesto_2025.pdf	Proyecto de Ley de equilibrio financiero del presupuesto del sector público para el año fiscal 2025	Ministerio de Economía y Finanzas	Document	Documento oficial	2024	Ministerio de Economía y Finanzas	presupuesto_publico, politica_fiscal	10223	biblioteca/Ministerio de Economia y Finanzas/Proyecto de Ley de equilibrio financiero del presupuesto del sector publico para el ano fiscal (10223)/Proyecto de Ley de equilibrio financiero d - Ministerio de Economia y Finanzas.pdf		archivado
2026-09-06	44384223e94f6415b35ae9c1f992fc8a0b668e795d22e29487d7d51e91a6019b	datafw/data/raw/peru/mef/presupuesto/proyecto/2026/EM_PL_Equilibrio_Financiero_2026.pdf	Exposición de motivos del proyecto de Ley de equilibrio financiero del presupuesto del sector público para el año fiscal 2026	Ministerio de Economía y Finanzas	Document	Documento oficial	2025	Ministerio de Economía y Finanzas	presupuesto_publico, politica_fiscal	10224	biblioteca/Ministerio de Economia y Finanzas/Exposicion de motivos del proyecto de Ley de equilibrio financiero del presupuesto del sector (10224)/Exposicion de motivos del proyecto de Ley - Ministerio de Economia y Finanzas.pdf		archivado
2026-09-06	707495ff147157d3cce80358e045ac8d37c3fb7438b2b4d2d500adff7eadd661	datafw/data/raw/peru/mef/presupuesto/proyecto/2026/PL_Equilibrio_Financiero_Presupuesto_2026.pdf	Proyecto de Ley de equilibrio financiero del presupuesto del sector público para el año fiscal 2026	Ministerio de Economía y Finanzas	Document	Documento oficial	2025	Ministerio de Economía y Finanzas	presupuesto_publico, politica_fiscal	10225	biblioteca/Ministerio de Economia y Finanzas/Proyecto de Ley de equilibrio financiero del presupuesto del sector publico para el ano fiscal (10225)/Proyecto de Ley de equilibrio financiero d - Ministerio de Economia y Finanzas.pdf		archivado
2026-09-06	ecabc27e49841e8eca8741395bc09a8a079aecde6e26f1be52ce9afb09b9dcaf	datafw/data/raw/peru/mef/presupuesto/proyecto/2026/PL_Presupuesto_SP_2026.pdf	Proyecto de Ley de presupuesto del sector público para el año fiscal 2026	Ministerio de Economía y Finanzas	Document	Documento oficial	2025	Ministerio de Economía y Finanzas	presupuesto_publico, politica_fiscal	10226	biblioteca/Ministerio de Economia y Finanzas/Proyecto de Ley de presupuesto del sector publico para el ano fiscal 2026 (10226)/Proyecto de Ley de presupuesto del sector - Ministerio de Economia y Finanzas.pdf		archivado
2026-09-06	ded13a9aff466a3cbe66643e3355f663fff9fe91beac5718ea159f14d0b57c25	datafw/data/raw/peru/mef/presupuesto/proyecto/2026/EM_PL_Presupuesto_SP_2026.pdf	Exposición de motivos del proyecto de Ley de presupuesto del sector público para el año fiscal 2026	Ministerio de Economía y Finanzas	Document	Documento oficial	2025	Ministerio de Economía y Finanzas	presupuesto_publico, politica_fiscal	10227	biblioteca/Ministerio de Economia y Finanzas/Exposicion de motivos del proyecto de Ley de presupuesto del sector publico para el ano fiscal (10227)/Exposicion de motivos del proyecto de Ley - Ministerio de Economia y Finanzas.pdf		archivado
2026-09-06	7f6804ca745d4170aa4b07812412427a65a8efc5af9f016866f88929fc6440c4	datafw/data/raw/peru/mef/presupuesto/proyecto/2026/PL_Endeudamiento_2026.pdf	Proyecto de Ley de endeudamiento del sector público para el año fiscal 2026	Ministerio de Economía y Finanzas	Document	Documento oficial	2025	Ministerio de Economía y Finanzas	presupuesto_publico, politica_fiscal	10228	biblioteca/Ministerio de Economia y Finanzas/Proyecto de Ley de endeudamiento del sector publico para el ano fiscal 2026 (10228)/Proyecto de Ley de endeudamiento del secto - Ministerio de Economia y Finanzas.pdf		archivado
2026-09-06	39be0f60d4fdf9e089557af0944c50f8dcebc48454134d5f062640f452e192f6	datafw/data/raw/peru/mef/presupuesto/proyecto/2026/EM_PL_Endeudamiento_2026.pdf	Exposición de motivos del proyecto de Ley de endeudamiento del sector público para el año fiscal 2026	Ministerio de Economía y Finanzas	Document	Documento oficial	2025	Ministerio de Economía y Finanzas	presupuesto_publico, politica_fiscal	10229	biblioteca/Ministerio de Economia y Finanzas/Exposicion de motivos del proyecto de Ley de endeudamiento del sector publico para el ano fisc (10229)/Exposicion de motivos del proyecto de Ley - Ministerio de Economia y Finanzas.pdf		archivado
2026-09-06	c39c0ebcddfa502e0cc3550e2efb7900ebd17db9d253dbed2b05119daaf01b43	datafw/data/raw/peru/mef/presupuesto/proyecto/2027/PL_Endeudamiento_2027.pdf	Proyecto de Ley de endeudamiento del sector público para el año fiscal 2027	Ministerio de Economía y Finanzas	Document	Documento oficial	2026	Ministerio de Economía y Finanzas	presupuesto_publico, politica_fiscal	10230	biblioteca/Ministerio de Economia y Finanzas/Proyecto de Ley de endeudamiento del sector publico para el ano fiscal 2027 (10230)/Proyecto de Ley de endeudamiento del secto - Ministerio de Economia y Finanzas.pdf		archivado
2026-09-06	e7710053ba7eee03222645a41fc459ff429a5731f3c7e958070636e129f555fe	datafw/data/raw/peru/mef/presupuesto/proyecto/2027/EM_PL_Equilibrio_Financiero_2027.pdf	Exposición de motivos del proyecto de Ley de equilibrio financiero del presupuesto del sector público para el año fiscal 2027	Ministerio de Economía y Finanzas	Document	Documento oficial	2026	Ministerio de Economía y Finanzas	presupuesto_publico, politica_fiscal	10231	biblioteca/Ministerio de Economia y Finanzas/Exposicion de motivos del proyecto de Ley de equilibrio financiero del presupuesto del sector (10231)/Exposicion de motivos del proyecto de Ley - Ministerio de Economia y Finanzas.pdf		archivado
2026-09-06	3ce534f880063bf7db14a89331e2ada956a0e08dba788c16d5a1ebe591d48f96	datafw/data/raw/peru/mef/presupuesto/proyecto/2027/PL_Presupuesto_SP_2027.pdf	Proyecto de Ley de presupuesto del sector público para el año fiscal 2027	Ministerio de Economía y Finanzas	Document	Documento oficial	2026	Ministerio de Economía y Finanzas	presupuesto_publico, politica_fiscal	10232	biblioteca/Ministerio de Economia y Finanzas/Proyecto de Ley de presupuesto del sector publico para el ano fiscal 2027 (10232)/Proyecto de Ley de presupuesto del sector - Ministerio de Economia y Finanzas.pdf		archivado
2026-09-06	90ed9f3a8f5a0e5c525c69013be68db8a7e6a6a69e12af9456c7cfa293b5120a	datafw/data/raw/peru/mef/presupuesto/aprobado/2024/Ley_31954_Equilibrio_Financiero_del_Presupuesto_del_Sector_Publico_para_el_Anio_Fiscal_2024.pdf	Ley N.° 31954. Equilibrio financiero del presupuesto del sector público para el año fiscal 2024	Ministerio de Economía y Finanzas	Statute	Normativa	2023	Diario Oficial El Peruano	presupuesto_publico, politica_fiscal, legislacion	10233	biblioteca/Ministerio de Economia y Finanzas/Ley N.deg 31954. Equilibrio financiero del presupuesto del sector publico para el ano fiscal 2 (10233)/Ley N.deg 31954. Equilibrio financiero del - Ministerio de Economia y Finanzas.pdf		archivado
2026-09-06	f9bc67f04cf1b3cc9a67e44662a8619013bc5ee622c7c75662ce3e0ca8b1152e	datafw/data/raw/peru/mef/presupuesto/aprobado/2024/Ley_31955_Endeudamiento_del_Sector_Publico_para_el_Anio_Fiscal_2024.pdf	Ley N.° 31955. Endeudamiento del sector público para el año fiscal 2024	Ministerio de Economía y Finanzas	Statute	Normativa	2023	Diario Oficial El Peruano	presupuesto_publico, politica_fiscal, legislacion	10234	biblioteca/Ministerio de Economia y Finanzas/Ley N.deg 31955. Endeudamiento del sector publico para el ano fiscal 2024 (10234)/Ley N.deg 31955. Endeudamiento del sector - Ministerio de Economia y Finanzas.pdf		archivado
2026-09-06	309d41d44c4622f812d961c1d7b2180dd6d4bd03df959d2932fcf34777e91fd1	datafw/data/raw/peru/mef/presupuesto/aprobado/2024/Ley_31953_Presupuesto_del_Sector_Publico_para_el_Anio_Fiscal_2024.pdf	Ley N.° 31953. Presupuesto del sector público para el año fiscal 2024	Ministerio de Economía y Finanzas	Statute	Normativa	2023	Diario Oficial El Peruano	presupuesto_publico, politica_fiscal, legislacion	10235	biblioteca/Ministerio de Economia y Finanzas/Ley N.deg 31953. Presupuesto del sector publico para el ano fiscal 2024 (10235)/Ley N.deg 31953. Presupuesto del sector pu - Ministerio de Economia y Finanzas.pdf		archivado
2026-09-06	95af0a52d8cceb671d634c22f127a401fc380ca80caf07abf40b035748863f2b	datafw/data/raw/peru/mef/presupuesto/aprobado/2021/Ley_31084_Presupuesto_del_Sector_Publico_para_el_Anio_Fiscal_2021.pdf	Ley N.° 31084. Presupuesto del sector público para el año fiscal 2021	Ministerio de Economía y Finanzas	Statute	Normativa	2020	Diario Oficial El Peruano	presupuesto_publico, politica_fiscal, legislacion	10236	biblioteca/Ministerio de Economia y Finanzas/Ley N.deg 31084. Presupuesto del sector publico para el ano fiscal 2021 (10236)/Ley N.deg 31084. Presupuesto del sector pu - Ministerio de Economia y Finanzas.pdf		archivado
2026-09-06	08125a7addcc8cbea888076be0ae85202d02b771c1ddcbaa780f65cb9c54ed5c	datafw/data/raw/peru/inei/pobreza_monetaria_poblacion_venezolana_2024/pobreza_monetaria_poblacion_venezolana_2024_v001_2026-09-05.pdf	Pobreza monetaria poblacion venezolana 2024	Instituto Nacional de Estadística e Informática	Report	Informe técnico	2024	Instituto Nacional de Estadística e Informática	documento_oficial	10237	biblioteca/Instituto Nacional de Estadistica e Informatica/Pobreza monetaria poblacion venezolana 2024 (10237)/Pobreza monetaria poblacion venezolana 202 - Instituto Nacional de Estadistica e Inform.pdf		archivado
2026-09-06	cb49482381f5b01443a9b8f9e1877245e862781a0a7c039cde04ca3f1ae96090	datafw/data/raw/peru/inei/seguridad_ciudadana_ivt24/seguridad_ciudadana_ivt24_v001_2026-09-02.pdf	Seguridad ciudadana ivt24	Instituto Nacional de Estadística e Informática	Report	Informe técnico	2026	Instituto Nacional de Estadística e Informática	documento_oficial	10238	biblioteca/Instituto Nacional de Estadistica e Informatica/Seguridad ciudadana ivt24 (10238)/Seguridad ciudadana ivt24 - Instituto Nacional de Estadistica e Inform.pdf		archivado
2026-09-06	a1db20ee530932562766bec0058eab16fee08430182fc8d7f316fc7c4de5e8e8	datafw/data/raw/peru/inei/criminalidad_i_sem_2025/criminalidad_i_sem_2025_v001_2026-09-02.pdf	Criminalidad i sem 2025	Instituto Nacional de Estadística e Informática	Report	Informe técnico	2025	Instituto Nacional de Estadística e Informática	documento_oficial	10239	biblioteca/Instituto Nacional de Estadistica e Informatica/Criminalidad i sem 2025 (10239)/Criminalidad i sem 2025 - Instituto Nacional de Estadistica e Inform.pdf		archivado
2026-09-06	0c62672fc43501f86bcb7716fe45859c2e4c118a81b21ad606933be3a974da5e	datafw/data/raw/peru/inei/seguridad_ciudadana_set25_feb26/seguridad_ciudadana_set25_feb26_v001_2026-09-02.pdf	Seguridad ciudadana set25 feb26	Instituto Nacional de Estadística e Informática	Report	Informe técnico	2026	Instituto Nacional de Estadística e Informática	documento_oficial	10240	biblioteca/Instituto Nacional de Estadistica e Informatica/Seguridad ciudadana set25 feb26 (10240)/Seguridad ciudadana set25 feb26 - Instituto Nacional de Estadistica e Inform.pdf		archivado
2026-09-06	7409356cf979896ef2aff6e8c9dbfedd70b65db0258d22232d11dfc1a1b8ee26	datafw/data/raw/peru/inei/cuenta_satelite_economia_informal_2024/cuenta_satelite_economia_informal_2024_v001_2026-09-04.pdf	Cuenta satelite economia informal 2024	Instituto Nacional de Estadística e Informática	Report	Informe	2024	Instituto Nacional de Estadística e Informática	documento_oficial	10241	biblioteca/Instituto Nacional de Estadistica e Informatica/Cuenta satelite economia informal 2024 (10241)/Cuenta satelite economia informal 2024 - Instituto Nacional de Estadistica e Inform.pdf		archivado
2026-09-06	d3c9220633b8e0b712f6f490ac2e7b58b0ee15fdb530c15bf81a63a75b3a867b	datafw/data/raw/peru/inei/endes_2025_ppr/Informe_Indicadores_PPR_ENDES_2025.pdf	Informe indicadores ppr ENDES 2025	Instituto Nacional de Estadística e Informática	Report	Informe	2025	Instituto Nacional de Estadística e Informática	documento_oficial	10242	biblioteca/Instituto Nacional de Estadistica e Informatica/Peru_ indicadores de resultados de los programas presupuestales, ENDES 2025 (10242)/Peru_ indicadores de resultados de los pro - Instituto Nacional de Estadistica e Inform.pdf		archivado
2026-09-06	ef82f3820552d577f67ed4bcc9bf7d5afbc74e06f2a585f8824c7836dee51b9d	datafw/data/raw/peru/inei/condiciones_vida_poblacion_venezolana_2024/condiciones_vida_poblacion_venezolana_2024_v001_2026-09-05.pdf	Condiciones vida poblacion venezolana 2024	Instituto Nacional de Estadística e Informática	Report	Informe técnico	2024	Instituto Nacional de Estadística e Informática	documento_oficial	10243	biblioteca/Instituto Nacional de Estadistica e Informatica/Condiciones vida poblacion venezolana 2024 (10243)/Condiciones vida poblacion venezolana 2024 - Instituto Nacional de Estadistica e Inform.pdf		archivado
2026-09-06	1ef0ea8c4b434766e5630988b3a0c0e42ce9db0e78e24a7f98a629cf8ab2620c	datafw/data/raw/peru/inei/seguridad_ciudadana_dic24_may25/seguridad_ciudadana_dic24_may25_v001_2026-09-02.pdf	Seguridad ciudadana dic24 may25	Instituto Nacional de Estadística e Informática	Report	Informe técnico	2026	Instituto Nacional de Estadística e Informática	documento_oficial	10244	biblioteca/Instituto Nacional de Estadistica e Informatica/Seguridad ciudadana dic24 may25 (10244)/Seguridad ciudadana dic24 may25 - Instituto Nacional de Estadistica e Inform.pdf		archivado
2026-09-06	cc7145d3b251f9ddfd2e59996d1c343b65abd9151d341077be71e633ec2c7ae5	datafw/data/raw/peru/cepal/estudio_economico_2026/estudio_economico_2026_v001_2026-09-04.pdf	Estudio Económico de América Latina y el Caribe, 2026. Crecimiento y productividad en un contexto de alta informalidad: factores limitantes y desafíos para impulsar la formalización productiva en la región	CEPAL	Report	Informe	2026	CEPAL	documento_oficial	10245	biblioteca/CEPAL/Estudio Economico de America Latina y el Caribe, 2026. Crecimiento y productividad en un conte (10245)/Estudio Economico de America Latina y el C - CEPAL.pdf		archivado
2026-09-06	f0b44b34e0c1da34932482a49c91fb5727598c1041c3717d72320f508a21cbe4	datafw/data/raw/peru/cepal/estadisticas_tributarias_2026/estadisticas_tributarias_2026_v001_2026-09-04.pdf	Estadisticas tributarias 2026	CEPAL	Report	Informe técnico	2026	CEPAL	documento_oficial	10246	biblioteca/CEPAL/Estadisticas tributarias 2026 (10246)/Estadisticas tributarias 2026 - CEPAL.pdf		archivado
2026-09-06	e36770337af1d3593266366abced3bf1eb4e82eafb6dcf83d1143d07540e5a25	datafw/data/raw/peru/cepal/panorama_social_2025/panorama_social_2025_v001_2026-09-04.pdf	Panorama Social de América Latina y el Caribe, 2025	CEPAL	Report	Informe	2025	CEPAL	documento_oficial	10247	biblioteca/CEPAL/Panorama Social de America Latina y el Caribe, 2025 (10247)/Panorama Social de America Latina y el Car - CEPAL.pdf		archivado
2026-09-06	eb177132581a7efd25bc033538584f8702ce4b95837b7222e65b523ce3938f33	datafw/data/raw/peru/inpe/informe_estadistico_2026_mayo/informe_estadistico_2026_mayo_v001_2026-09-04.pdf	Informe estadístico 2026 mayo	Instituto Nacional Penitenciario	Report	Informe técnico	2026	Instituto Nacional Penitenciario	documento_oficial	10248	biblioteca/Instituto Nacional Penitenciario/Informe estadistico 2026 mayo (10248)/Informe estadistico 2026 mayo - Instituto Nacional Penitenciario.pdf		archivado
2026-09-06	c0845a7c4bc21302244dce325963ed5749980b321636a3d9d58065d882d21cc8	datafw/data/raw/peru/inpe/informe_estadistico_2026_junio/informe_estadistico_2026_junio_v001_2026-09-04.pdf	Informe estadístico 2026 junio	Instituto Nacional Penitenciario	Report	Informe técnico	2026	Instituto Nacional Penitenciario	documento_oficial	10249	biblioteca/Instituto Nacional Penitenciario/Informe estadistico 2026 junio (10249)/Informe estadistico 2026 junio - Instituto Nacional Penitenciario.pdf		archivado
2026-09-06	1d29575b906cdde97195c52b63c1f82006ecfeed2390e8a95ebf95d3f536ac3d	datafw/data/raw/peru/inpe/informe_estadistico_2025_abril/informe_estadistico_2025_abril_v001_2026-09-02.pdf	Informe estadístico 2025 abril	Instituto Nacional Penitenciario	Report	Informe técnico	2025	Instituto Nacional Penitenciario	documento_oficial	10250	biblioteca/Instituto Nacional Penitenciario/Informe estadistico 2025 abril (10250)/Informe estadistico 2025 abril - Instituto Nacional Penitenciario.pdf		archivado
2026-09-06	850a9df6d9233fccfc0ad3a7f0c57fe419fef84c838f999fb2aadbf801e2ba38	datafw/data/raw/peru/inpe/informe_estadistico_2026_enero/informe_estadistico_2026_enero_v001_2026-09-02.pdf	Informe estadístico 2026 enero	Instituto Nacional Penitenciario	Report	Informe técnico	2026	Instituto Nacional Penitenciario	documento_oficial	10251	biblioteca/Instituto Nacional Penitenciario/Informe estadistico 2026 enero (10251)/Informe estadistico 2026 enero - Instituto Nacional Penitenciario.pdf		archivado
2026-09-06	9121c86c0100bd655b7c593e4476d46fe43a57478795f64beae01fc552406ed4	datafw/data/raw/peru/inpe/informe_estadistico_2025_setiembre/informe_estadistico_2025_setiembre_v001_2026-09-02.pdf	Informe estadístico 2025 setiembre	Instituto Nacional Penitenciario	Report	Informe técnico	2025	Instituto Nacional Penitenciario	documento_oficial	10252	biblioteca/Instituto Nacional Penitenciario/Informe estadistico 2025 setiembre (10252)/Informe estadistico 2025 setiembre - Instituto Nacional Penitenciario.pdf		archivado
2026-09-06	f702170c5ac7e8d8bc014229fa7ee91a021e6ea28134c2efdbd6d6f735a66893	datafw/data/raw/peru/minem/cartera_proyectos_mineros_2024/cartera_proyectos_mineros_2024_v001_2026-09-05.pdf	Cartera proyectos mineros 2024	Ministerio de Energía y Minas	Report	Informe	2024	Ministerio de Energía y Minas	documento_oficial	10253	biblioteca/Ministerio de Energia y Minas/Cartera proyectos mineros 2024 (10253)/Cartera proyectos mineros 2024 - Ministerio de Energia y Minas.pdf		archivado
2026-09-06	c6b6d69136b88166cec02bd9979f05dff05ecff549cbb31b4a260295d3f49f6e	datafw/data/raw/peru/minedu/enla_2025_ayacucho/PPTRegional_ENLA2025_Ayacucho.pdf	PPTRegional ENLA2025 Ayacucho	Ministerio de Educación	Report	Informe	2026	Ministerio de Educación	documento_oficial	10254	biblioteca/Ministerio de Educacion/ENLA 2025_ resultados regionales, Ayacucho (presentacion regional) (10254)/ENLA 2025_ resultados regionales, Ayacucho - Ministerio de Educacion.pdf		archivado
2026-09-06	0ba68e5ea1f521623c8a4f3d6ee75fde253e3502b22139b9de61db05bae8af8b	datafw/data/raw/peru/oms_unicef/jmp_agua_saneamiento_2024/jmp_agua_saneamiento_2024_v001_2026-09-04.pdf	Progress on household drinking water, sanitation and hygiene 2000–2024: special focus on inequalities	Organización Mundial de la Salud	Report	Informe	2024	Organización Mundial de la Salud	documento_oficial	10255	biblioteca/Organizacion Mundial de la Salud/Progress on household drinking water, sanitation and hygiene 2000-2024_ special focus on inequ (10255)/Progress on household drinking water, sani - Organizacion Mundial de la Salud.pdf		archivado
2026-09-06	5a6aff885808ef3792bfe288ef73e48de8e4a2d63bb8b3380b298bcedd9ba1c4	datafw/data/raw/peru/indecopi/memoria_anual_2025/memoria_anual_2025_v001_2026-09-05.pdf	Memoria anual 2025	Instituto Nacional de Defensa de la Competencia y de la Protección de la Propiedad Intelectual	Report	Informe	2025	Instituto Nacional de Defensa de la Competencia y de la Protección de la Propiedad Intelectual	documento_oficial	10256	biblioteca/Instituto Nacional de Defensa de la Competencia y de la Proteccion de la Propiedad Intelectual/Memoria anual 2025 (10256)/Memoria anual 2025 - Instituto Nacional de Defensa de la Compet.pdf		archivado
2026-09-06	ca21dddd045fcca74a33a4b1a191db3a4d88d89666f8d3f8c574f69c1defa761	datafw/data/raw/peru/congreso/rt150_recursos_determinados_2026/RT_150_2025-2026_recursos_determinados_por_departamento.pdf	RT 150-2025-2026 recursos determinados por departamento	Congreso de la República	Report	Informe técnico	2025	Congreso de la República	documento_oficial	10257	biblioteca/Congreso de la Republica/Transferencias de recursos determinados por departamento (Reporte Tematico N.deg 150_2025-2026 (10257)/Transferencias de recursos determinados po - Congreso de la Republica.pdf		archivado
2026-09-06	ef4fb4365109e6bde17ff8f23ca37c747a9ddcf58d9503cb56c44eedcd6b5a02	datafw/data/raw/peru/bcrp/memoria_2025/memoria_2025_v001_2026-09-04.pdf	Memoria 2025	Banco Central de Reserva del Perú	Report	Informe	2025	Banco Central de Reserva del Perú	documento_oficial	10258	biblioteca/Banco Central de Reserva del Peru/Memoria 2025 (10258)/Memoria 2025 - Banco Central de Reserva del Peru.pdf		archivado
2026-09-06	8366bb806c5bec1304e29c72270655361b7eb8f0de7c24738f012cf7f8508914	datafw/data/raw/peru/ilo/panorama_laboral_2025/panorama_laboral_2025_v001_2026-09-04.pdf	Panorama laboral 2025	Organización Internacional del Trabajo	Report	Informe	2025	Organización Internacional del Trabajo	documento_oficial	10259	biblioteca/Organizacion Internacional del Trabajo/Panorama laboral 2025 (10259)/Panorama laboral 2025 - Organizacion Internacional del Trabajo.pdf		archivado
2026-09-06	0f0b56704bcaf77d37e685a53dee99150bbd7c33ccf9e7c5d440c5c85d2880ea	datafw/data/raw/peru/world_bank/tracking_sdg7_2025_completo/tracking_sdg7_2025_completo_v001_2026-09-04.pdf	Tracking SDG7: The Energy Progress Report 2025	Banco Mundial	Report	Informe	2025	Banco Mundial	documento_oficial	10260	biblioteca/Banco Mundial/Tracking SDG7_ The Energy Progress Report 2025 (10260)/Tracking SDG7_ The Energy Progress Report - Banco Mundial.pdf		archivado
2026-09-06	de5e88662ec7e42f0f59d0e1c3b082a39f36ed8ab572fe2224bee82173d35e97	datafw/data/raw/peru/world_bank/tracking_sdg7_2025/tracking_sdg7_2025_v001_2026-09-04.pdf	Tracking sdg7 2025	Banco Mundial	Report	Informe	2025	Banco Mundial	documento_oficial	10261	biblioteca/Banco Mundial/Tracking sdg7 2025 (10261)/Tracking sdg7 2025 - Banco Mundial.pdf		archivado
2026-09-06	f9c5bf8a1091dea7f94f140951abaf63a4259fe93dc77b9f9151de59db94322e	datafw/data/raw/peru/world_bank/global_findex_2025/global_findex_2025_v001_2026-09-04.pdf	The Global Findex Database 2025: Connectivity and Financial Inclusion in the Digital Economy	Banco Mundial	Report	Informe	2025	Banco Mundial	documento_oficial	10262	biblioteca/Banco Mundial/The Global Findex Database 2025_ Connectivity and Financial Inclusion in the Digital Economy (10262)/The Global Findex Database 2025_ Connectiv - Banco Mundial.pdf		archivado
2026-09-06	94a6213968c30a597e94d686d68dca0f74f4f89b34dcb06256e39c84b4ec5c25	datafw/data/raw/peru/mef/presupuesto/aprobado/2022/Anexo_1.pdf	Ley N.° 31365. Presupuesto del sector público para el año fiscal 2022 (anexos; texto de la ley pendiente)	Ministerio de Economía y Finanzas	Statute	Normativa	2021	Diario Oficial El Peruano	presupuesto_publico, politica_fiscal, legislacion	10263	biblioteca/Ministerio de Economia y Finanzas/Ley N.deg 31365. Presupuesto del sector publico para el ano fiscal 2022 (anexos; texto de la l (10263)/Ley N.deg 31365. Presupuesto del sector pu - Ministerio de Economia y Finanzas.pdf		archivado
2026-09-06	9298d2bfbadbcea488bbb41b396c6431ffda1702c56177aa8e2ec660f16f5ce4	datafw/data/raw/peru/mef/presupuesto/aprobado/2023/Anexo_1.PDF	Ley N.° 31638. Presupuesto del sector público para el año fiscal 2023 (anexos; texto de la ley pendiente)	Ministerio de Economía y Finanzas	Statute	Normativa	2022	Diario Oficial El Peruano	presupuesto_publico, politica_fiscal, legislacion	10264	biblioteca/Ministerio de Economia y Finanzas/Ley N.deg 31638. Presupuesto del sector publico para el ano fiscal 2023 (anexos; texto de la l (10264)/Ley N.deg 31638. Presupuesto del sector pu - Ministerio de Economia y Finanzas.pdf		archivado
2026-09-06	d13282252cc119e0474a596f5d4f0897b48a6c36acd022fa10b836eba4eba27e	datafw/data/raw/peru/mef/presupuesto/proyecto/2027/PL_Equilibrio_Financiero_Presupuesto_2027.pdf	PL Equilibrio Financiero Presupuesto 2027	Ministerio de Economía y Finanzas	Report	Informe	2027	Ministerio de Economía y Finanzas	documento_oficial	10070	biblioteca/Ministerio de Economia y Finanzas/Proyecto de Ley de equilibrio financiero del presupuesto del sector publico para el ano fiscal (10070)/Proyecto de Ley de equilibrio financiero d - Ministerio de Economia y Finanzas.pdf		archivado
2026-09-06	4154d5a7d2bb5af2f697b043dac03c348cf91f87cf87fa32897eba152f551886	datafw/data/raw/peru/mef/presupuesto/proyecto/2027/EM_PL_Endeudamiento_2027.pdf	EM PL endeudamiento 2027	Ministerio de Economía y Finanzas	Statute	Normativa	2027	Ministerio de Economía y Finanzas	documento_oficial	10071	biblioteca/Ministerio de Economia y Finanzas/Exposicion de motivos del proyecto de Ley de endeudamiento del sector publico para el ano fisc (10071)/Exposicion de motivos del proyecto de Ley - Ministerio de Economia y Finanzas.pdf		archivado
2026-09-06	22423e4a76b3c81e8be7da46c3ba114956deaae2bed27d9b51de53104a3d8df3	datafw/data/raw/peru/mef/presupuesto/proyecto/2027/EM_PL_Presupuesto_SP_2027.pdf	EM PL presupuesto SP 2027	Ministerio de Economía y Finanzas	Document	Documento oficial	2027	Ministerio de Economía y Finanzas	documento_oficial	10072	biblioteca/Ministerio de Economia y Finanzas/Exposicion de motivos del proyecto de Ley de presupuesto del sector publico para el ano fiscal (10072)/Exposicion de motivos del proyecto de Ley - Ministerio de Economia y Finanzas.pdf		archivado
2026-09-06	6fd7bd3ac57848489414e0c4bd0a4d46646b5bf8b0665b2ac62e5c1a0b7920ad	datafw/data/raw/peru/mef/presupuesto/aprobado/2025/Ley_N_32186-LeydeEquilibrio2025.pdf	Ley equilibrio financiero 2025	Ministerio de Economía y Finanzas	Statute	Normativa	2025	Ministerio de Economía y Finanzas	politica_fiscal, legislacion	10063	biblioteca/Ministerio de Economia y Finanzas/Ley N.deg 32186. Equilibrio financiero del presupuesto del sector publico para el ano fiscal 2 (10063)/Ley N.deg 32186. Equilibrio financiero del - Ministerio de Economia y Finanzas.pdf		archivado
2026-09-06	ca03e06fd5478e7cb61b45f4191bd1569526e9c9211b2a8d98b615acb7d18205	datafw/data/raw/peru/mef/presupuesto/aprobado/2025/Ley_N_32187-LeydeEndeudamiento2025.pdf	Ley endeudamiento 2025	Ministerio de Economía y Finanzas	Statute	Normativa	2025	Ministerio de Economía y Finanzas	politica_fiscal, legislacion	10067	biblioteca/Ministerio de Economia y Finanzas/Ley N.deg 32187. Endeudamiento del sector publico para el ano fiscal 2025 (10067)/Ley N.deg 32187. Endeudamiento del sector - Ministerio de Economia y Finanzas.pdf		archivado
2026-09-06	f1011c96a538f57a365f42cbf2bb500e8fc710bca30dfccd36ce0801dbdcb8ca	datafw/data/raw/peru/mef/presupuesto/aprobado/2025/Ley_N_32185-LeydePpto2025.pdf	Ley presupuesto 2025	Ministerio de Economía y Finanzas	Statute	Normativa	2025	Ministerio de Economía y Finanzas	politica_fiscal, legislacion	10064	biblioteca/Ministerio de Economia y Finanzas/Ley N.deg 32185. Presupuesto del sector publico para el ano fiscal 2025 (10064)/Ley N.deg 32185. Presupuesto del sector pu - Ministerio de Economia y Finanzas.pdf		archivado
2026-09-06	76ae2aceb8373d5e0c678eb4d102aee2d83bfe7ee818f0d2616ed3d9e5d8b004	datafw/data/raw/peru/mef/presupuesto/aprobado/2026/Ley_N_32515-LeydeEndeudamiento2026.pdf	Ley endeudamiento 2026	Ministerio de Economía y Finanzas	Statute	Normativa	2026	Ministerio de Economía y Finanzas	politica_fiscal, legislacion	10068	biblioteca/Ministerio de Economia y Finanzas/Ley N.deg 32515. Endeudamiento del sector publico para el ano fiscal 2026 (10068)/Ley N.deg 32515. Endeudamiento del sector - Ministerio de Economia y Finanzas.pdf		archivado
2026-09-06	808fd4fb659f821bfd60429e3c5475d04cacf7fe6f56cc1e9cd485fac6dbabc2	datafw/data/raw/peru/mef/presupuesto/aprobado/2026/Ley_N_32513-LeydePpto2026.pdf	Ley presupuesto 2026	Ministerio de Economía y Finanzas	Statute	Normativa	2026	Ministerio de Economía y Finanzas	politica_fiscal, legislacion	10066	biblioteca/Ministerio de Economia y Finanzas/Ley N.deg 32513. Presupuesto del sector publico para el ano fiscal 2026 (10066)/Ley N.deg 32513. Presupuesto del sector pu - Ministerio de Economia y Finanzas.pdf		archivado
2026-09-06	cda5a906f3457145682f7fc21dc76071fedb3958cf7b1fb4ce90199890daffe1	datafw/data/raw/peru/mef/presupuesto/aprobado/2026/Ley_N_32514-LeydeEquilibrio2026.pdf	Ley equilibrio financiero 2026	Ministerio de Economía y Finanzas	Statute	Normativa	2026	Ministerio de Economía y Finanzas	politica_fiscal, legislacion	10069	biblioteca/Ministerio de Economia y Finanzas/Ley N.deg 32514. Equilibrio financiero del presupuesto del sector publico para el ano fiscal 2 (10069)/Ley N.deg 32514. Equilibrio financiero del - Ministerio de Economia y Finanzas.pdf		archivado
2026-09-06	475cc9c6b9c3539eef644a0b19551f0974cb78430777520b0a56f2869cadfe9c	datafw/data/raw/peru/inei/pobreza_monetaria_2016_2025/pobreza_monetaria_2016_2025_v001_2026-09-02.pdf	Evolucion pobreza monetaria 2016 2025 informe tecnico	Instituto Nacional de Estadística e Informática	Report	Informe técnico	2016	Instituto Nacional de Estadística e Informática	informe_tecnico, delegacion_facultades_2026	10192	biblioteca/Instituto Nacional de Estadistica e Informatica/Peru_ evolucion de la pobreza monetaria 2016-2025. Informe tecnico (10192)/Peru_ evolucion de la pobreza monetaria 20 - Instituto Nacional de Estadistica e Inform.pdf		archivado
2026-09-06	da100c86db8195d1489f2352c3121a20cf422bc9846d3edaeabf79362742899c	datafw/data/raw/peru/contraloria/obras_paralizadas_marzo_2026/obras_paralizadas_marzo_2026_v001_2026-09-05.pdf	Informe obras paralizadas 2026 03	Contraloría General de la República	Statute	Normativa	2026	Contraloría General de la República	informe_tecnico	10176	biblioteca/Contraloria General de la Republica/Informe obras paralizadas 2026 03 (10176)/Informe obras paralizadas 2026 03 - Contraloria General de la Republica.pdf		archivado
2026-09-06	af6d7cef81bb357dcfa4bdea2189f860aa83cf7456fb0b14b6763c3007833cef	scripts_for_fuentes/entrada/congreso__ley_31143.pdf	Ley N.° 31143. Ley que protege de la usura topes tasas interes	Ministerio de Economía y Finanzas	Statute	Normativa	2021	Ministerio de Economía y Finanzas	politica_economica, legislacion	10080	biblioteca/Ministerio de Economia y Finanzas/Ley N.deg 31143. Ley que protege de la usura topes tasas interes (10080)/Ley N.deg 31143. Ley que protege de la usu - Ministerio de Economia y Finanzas.pdf		archivado
2026-09-07	e12004ae7524a0a442748cb1531d172916a877b350b097248e3f90cb12171650	scripts_for_fuentes/entrada/chimbo2025.pdf	Estrategias de enfermería para el manejo de ansiedad en pacientes prequirúrgicos: revisión bibliográfica	Doris Priscila, Chimbo-Aviles & Miguel Eduardo, Ramos-Argilagos & Riber Fabian, Donoso-Noroña	Journal Article	Artículo de revista	2025	Revista Arbitrada Interdisciplinaria de Ciencias de la Salud. Salud y Vida	medicina, psychology	10265	biblioteca/Doris Priscila, Chimbo-Aviles/Estrategias de enfermeria para el manejo de ansiedad en pacientes prequirurgicos_ revision bib (10265)/Estrategias de enfermeria para el manejo d - Doris Priscila, Chimbo-Aviles.pdf		archivado
2026-09-07	0ca230ce5f8cff914530f0bc21263032f5e4de6a5ced500d83b2e74c0904125d	scripts_for_fuentes/entrada/cardenas2025.pdf	Intervenciones de enfermería para reducir el estrés y la ansiedad en pacientes pediátricos hospitalizados: revisión sistemática	Katherin Nathaly, Cárdenas Dota & Lisbeth Carolina, Guama Recalde & Paolina Antonieta, Figuera Ávila	Journal Article	Artículo de revista	2025	Revista Más Vita	medicina, psychology	10266	biblioteca/Katherin Nathaly, Cardenas Dota/Intervenciones de enfermeria para reducir el estres y la ansiedad en pacientes pediatricos hos (10266)/Intervenciones de enfermeria para reducir - Katherin Nathaly, Cardenas Dota.pdf		archivado
2026-09-07	1eec29d4c48956bd15bb5279979462272b43f7a11d202ed7e7f9bf38429203e9	scripts_for_fuentes/entrada/villarreal2025.pdf	Intervenciones de enfermería en paciente con ansiedad recibido en servicio de emergencia: revisión sistemática	Jhoselyn Dalila, Villarreal Estrada & Eiquel, García Ramírez & Grace del Pilar, Cambizaca Mora & Evelyn Paola, Chiscued Arroyo & Elmer Stalin, Villarreal Estrada	Journal Article	Artículo de revista	2025	Revista Nova Praxis	medicina, psychology	10267	biblioteca/Jhoselyn Dalila, Villarreal Estrada/Intervenciones de enfermeria en paciente con ansiedad recibido en servicio de emergencia_ revi (10267)/Intervenciones de enfermeria en paciente c - Jhoselyn Dalila, Villarreal Estrada.pdf		archivado
2026-09-07	384bf0c047a4f7a1026dc3036740a8f2298660bbb70db00005dafaa856389654	scripts_for_fuentes/entrada/mejia2022.pdf	Prevalencia de los principales trastornos mentales durante la pandemia por COVID-19	Henry, Mejía-Zambrano & Livia, Ramos-Calsín	Journal Article	Artículo de revista	2022	Revista de Neuro-Psiquiatría	medicina, psychology	10268	biblioteca/Henry, Mejia-Zambrano/Prevalencia de los principales trastornos mentales durante la pandemia por COVID-19 (10268)/Prevalencia de los principales trastornos - Henry, Mejia-Zambrano.pdf		archivado
2026-09-07	f4c0aae06be0c149a9c445d4a785d53be432134a8478e55a5c57beb65d89897a	scripts_for_fuentes/entrada/ortiz2024.pdf	Riesgo de afectación en salud mental asociado al malestar psicológico en un grupo de adultos jóvenes durante el aislamiento por COVID-19	Eliana, Ortiz & Rubby, Castro-Osorio & Nubia, Salguero & Juan, Barrero & César, Núñez	Journal Article	Artículo de revista	2024	Acta Colombiana de Psicología	medicina, psychology	10269	biblioteca/Eliana, Ortiz/Riesgo de afectacion en salud mental asociado al malestar psicologico en un grupo de adultos j (10269)/Riesgo de afectacion en salud mental asoci - Eliana, Ortiz.pdf		archivado
2026-09-07	b01568e3c19cc6368b442686b814a963c7e4ddacf9bb611719882fd7ece098d1	scripts_for_fuentes/entrada/martinez2022.pdf	Intervenciones de enfermería psicoeducativas presenciales y on-line, para el manejo de la ansiedad: revisión integradora de la literatura	Alicia, Martínez López & Ana María, González Cuello & María Teresa, Roldán Chicano & Caridad, Cervantes Marín & Ana María, Conesa Morales & María José, Riquelme Hurtado	Journal Article	Artículo de revista	2022	Enfermería Global	medicina, psychology	10270	biblioteca/Alicia, Martinez Lopez/Intervenciones de enfermeria psicoeducativas presenciales y on-line, para el manejo de la ansi (10270)/Intervenciones de enfermeria psicoeducativ - Alicia, Martinez Lopez.pdf		archivado
2026-09-07	37cc561ddda50a58904f260dd8c9bfd2fe4c85e3c82569dc32771632d71e758b	scripts_for_fuentes/entrada/garcia2024.pdf	Musicoterapia en la reducción de ansiedad	Dajesska Daniela, García Villacrés & Stephanie Nathalie, Lozano Estrada & Diego Fernando, Quezada Cevallos & Irene, Cueva Moncayo & Katiuska Paulina, Muñoz Pinargote	Journal Article	Artículo de revista	2024	Ciencia Latina Revista Científica Multidisciplinar	medicina, psychology	10271	biblioteca/Dajesska Daniela, Garcia Villacres/Musicoterapia en la reduccion de ansiedad (10271)/Musicoterapia en la reduccion de ansiedad - Dajesska Daniela, Garcia Villacres.pdf		archivado
2026-09-07	2c30e2e0b25be94874a324bb6e70cb75142f75d0be4cfddc7ec2c5092a58496d	scripts_for_fuentes/entrada/trello2025.pdf	Evaluación del grado de ansiedad y depresión en pacientes oncológicos ante la perspectiva de alta médica	Esther, Trello Arias & Beatriz, Villa López & Cristina, González De Blas & Paloma, Castillo Torija	Journal Article	Artículo de revista	2025	Nure Investigación	medicina, psychology	10272	biblioteca/Esther, Trello Arias/Evaluacion del grado de ansiedad y depresion en pacientes oncologicos ante la perspectiva de a (10272)/Evaluacion del grado de ansiedad y depresi - Esther, Trello Arias.pdf		archivado
2026-09-07	f599252f32f9641073223688bfb9fa4b7519403598292401f2c03528dfe3c1b7	scripts_for_fuentes/entrada/ley30947.pdf	Ley N.° 30947. Ley de Salud Mental	Congreso de la República	Statute	Normativa	2019	Diario Oficial El Peruano	medicina, psychology	10273	biblioteca/Congreso de la Republica/Ley N.deg 30947. Ley de Salud Mental (10273)/Ley N.deg 30947. Ley de Salud Mental - Congreso de la Republica.pdf		archivado
2026-09-07	c4f8d82228772bf385c2d3fa2aec2b6e94684335441f451a60b5f5a00cb80d10	scripts_for_fuentes/entrada/dl1186_2015.pdf	Decreto Legislativo N.° 1186. Decreto Legislativo que regula el uso de la fuerza por parte de la Policía Nacional del Perú	Presidencia de la República	Statute	Normativa	2015	Diario Oficial El Peruano	derecho, legislacion	10274	biblioteca/Presidencia de la Republica/Decreto Legislativo N.deg 1186. Decreto Legislativo que regula el uso de la fuerza por parte d (10274)/Decreto Legislativo N.deg 1186. Decreto Le - Presidencia de la Republica.pdf		archivado
2026-09-07	d08d4969c629cb55404dd80394b763778fe99b8b7d3373f48bebbb951b97a4b5	scripts_for_fuentes/entrada/ley27933_2003.pdf	Ley N.° 27933. Ley del Sistema Nacional de Seguridad Ciudadana	Congreso de la República	Statute	Normativa	2003	Diario Oficial El Peruano	derecho, legislacion	10275	biblioteca/Congreso de la Republica/Ley N.deg 27933. Ley del Sistema Nacional de Seguridad Ciudadana (10275)/Ley N.deg 27933. Ley del Sistema Nacional - Congreso de la Republica.pdf		archivado
2026-09-07	eace313c2ce72a4c24a5b0147dd2c6996acc026d627fd940a7db1db915197419	scripts_for_fuentes/entrada/ley30714_2017.pdf	Ley N.° 30714. Ley que regula el Régimen Disciplinario de la Policía Nacional del Perú	Congreso de la República	Statute	Normativa	2017	Diario Oficial El Peruano	derecho, legislacion	10276	biblioteca/Congreso de la Republica/Ley N.deg 30714. Ley que regula el Regimen Disciplinario de la Policia Nacional del Peru (10276)/Ley N.deg 30714. Ley que regula el Regimen - Congreso de la Republica.pdf		archivado
2026-09-08	27025a82a678989b49e3fc5cdd37f1bc67772e8ae61f950772fbb9903239d2d5	03 writing/theses/2026-07-06-tesis-inversion-y-empleo-ayacucho/referencias/udea 01 machado.pdf	Crecimiento económico e infraestructura de transportes y comunicaciones en el Perú	Machado, Roberto and Toma, Hiroshi	Journal Article	Artículo de revista	2017		documento_oficial,tesis_inversion_empleo_ayacucho	10277	biblioteca/Roberto, Machado/Crecimiento economico e infraestructura de transportes y comunicaciones en el Peru (10277)/Crecimiento economico e infraestructura de - Roberto, Machado.pdf		archivado
2026-09-08	395382f956f12329f1477544fa3c0b8e11e35e48b9af37c61221ce427d05f185	03 writing/theses/2026-07-06-tesis-inversion-y-empleo-ayacucho/referencias/s2301196 es.pdf	Perspectivas económicas de América Latina 2023: invirtiendo para un desarrollo sostenible	OCDE and CEPAL and CAF and Unión Europea	Book	Libro	2023		documento_oficial,tesis_inversion_empleo_ayacucho	10278	biblioteca/OCDE/Perspectivas economicas de America Latina 2023_ invirtiendo para un desarrollo sostenible (10278)/Perspectivas economicas de America Latina - OCDE.pdf		archivado
2026-09-08	c2dd439b7d9d8777ed3b750594a83f25d29fa87ba75c9e6a77b594731c79e4de	03 writing/theses/2026-07-06-tesis-inversion-y-empleo-ayacucho/referencias/tm e169 sac.pdf	Ejecución del presupuesto público y su influencia sobre el desarrollo humano en las provincias de Ayacucho 2007--2019	Saccsara Auqui, Jonathan	Thesis	Informe	2026		documento_oficial,tesis_inversion_empleo_ayacucho,tesis	10279	biblioteca/Jonathan, Saccsara Auqui/Ejecucion del presupuesto publico y su influencia sobre el desarrollo humano en las provincias (10279)/Ejecucion del presupuesto publico y su inf - Jonathan, Saccsara Auqui.pdf		archivado
2026-09-08	0c46dd30a106850608aefb42b8c7046a69dbb6bb94f56f115ae4e1f107559ea4	03 writing/theses/2026-07-06-tesis-inversion-y-empleo-ayacucho/referencias/ estudio de la .pdf	Estudio de la relación entre gasto público e ingresos con inversión privada y empleo en el Perú para el periodo 2007--2020	Kamichi Miyashiro, Manuel José	Journal Article	Artículo de revista	2022		documento_oficial,tesis_inversion_empleo_ayacucho	10280	biblioteca/Manuel Jose, Kamichi Miyashiro/Estudio de la relacion entre gasto publico e ingresos con inversion privada y empleo en el Per (10280)/Estudio de la relacion entre gasto publico - Manuel Jose, Kamichi Miyashiro.pdf		archivado
2026-09-08	44a54655ceff4268d18f524d7cf58612db567a3c6d9a1bc6961823121104fca5	03 writing/theses/2026-07-06-tesis-inversion-y-empleo-ayacucho/referencias/3 la influencia de la inversion 1.pdf	La influencia de la inversión pública en el crecimiento económico del Perú a nivel departamental en el período 2009--2023	Trujillo Calagua, Gustavo	Journal Article	Artículo de revista	2024		documento_oficial,tesis_inversion_empleo_ayacucho	10281	biblioteca/Gustavo, Trujillo Calagua/La influencia de la inversion publica en el crecimiento economico del Peru a nivel departament (10281)/La influencia de la inversion publica en e - Gustavo, Trujillo Calagua.pdf		archivado
2026-09-08	e2de55ac999ab1f596600f1d272b8ad159c6bb03953ff65a5edf0e71081934d6	03 writing/theses/2026-07-06-tesis-inversion-y-empleo-ayacucho/referencias/infraestructura y empleo el rol de los sectores de transporte energia agua y saneamiento en la recuperacion economica post covid 19.pdf	Infraestructura y empleo: el rol de los sectores de transporte, energía, agua y saneamiento en la recuperación económica post COVID-19	Yépez-García, Ariel and Alberti, Juan and Altamirano, Álvaro and Bocco, Maria Julia and Granada, Isabel and Hallack, Michelle and Lugo, Max and Saraceno, Pier Paolo and Serebrisky, Tomás and Solís, Ben	Report	Informe	2022	Banco Interamericano de Desarrollo	documento_oficial,tesis_inversion_empleo_ayacucho	10282	biblioteca/Ariel, Yepez-Garcia/Infraestructura y empleo_ el rol de los sectores de transporte, energia, agua y saneamiento en (10282)/Infraestructura y empleo_ el rol de los se - Ariel, Yepez-Garcia.pdf		archivado
2026-09-08	0b25ffc2faae59a4d5c301208350d1ce88d80364b106e1c78ad06d4d181498c7	03 writing/theses/2026-07-06-tesis-inversion-y-empleo-ayacucho/referencias/dialnet inversionpublicaeninfraestructuraycrecimientoregio 9863020.pdf	Inversión pública en infraestructura y crecimiento regional en Perú, 2005--2020: un análisis basado en técnicas de aprendizaje automático causal	Tello, Mario D.	Journal Article	Artículo de revista	2024	Ministerio de Economía y Finanzas	documento_oficial,tesis_inversion_empleo_ayacucho	10283	biblioteca/Mario D., Tello/Inversion publica en infraestructura y crecimiento regional en Peru, 2005--2020_ un analisis b (10283)/Inversion publica en infraestructura y cre - Mario D., Tello.pdf		archivado
2026-09-08	aec2137b6cf2b16f4c0a114b080464c104c568502fac1ee936594f393dcc4dd9	03 writing/theses/2026-07-06-tesis-inversion-y-empleo-ayacucho/referencias/determinantes de la inversion publica local vf.pdf	Determinantes de la inversión pública de los gobiernos locales del Perú	Jiménez, Alvaro and Merino, Christian and Sosa, Juan Carlos	Report	Informe	2018		documento_oficial,tesis_inversion_empleo_ayacucho	10284	biblioteca/Alvaro, Jimenez/Determinantes de la inversion publica de los gobiernos locales del Peru (10284)/Determinantes de la inversion publica de l - Alvaro, Jimenez.pdf		archivado
2026-09-08	d4479c0d31cabbacd87ee67e00dd853e485dbe6f5a8fa259157a9a531d98cd79	03 writing/theses/2026-07-06-tesis-inversion-y-empleo-ayacucho/referencias/tesis e251 fig.pdf	Mercado laboral y empleo en la región Ayacucho: 2020	Figueroa Anaya, Elmer and Jeri Cardozo, Leo Igor	Thesis	Informe	2023		documento_oficial,tesis_inversion_empleo_ayacucho,tesis	10285	biblioteca/Elmer, Figueroa Anaya/Mercado laboral y empleo en la region Ayacucho_ 2020 (10285)/Mercado laboral y empleo en la region Ayac - Elmer, Figueroa Anaya.pdf		archivado
2026-09-08	52b726572e1f976000fccd147048e4953a3d7038a0b9df0c2d0473c4308eff09	03 writing/theses/2026-07-06-tesis-inversion-y-empleo-ayacucho/referencias/tesis final.pdf	La inversión pública y su efecto en el empleo formal en el Perú, 2019--2023	Castillo Alvarez, Milagros Cristina	Thesis	Informe	2026		documento_oficial,tesis_inversion_empleo_ayacucho,tesis	10286	biblioteca/Milagros Cristina, Castillo Alvarez/La inversion publica y su efecto en el empleo formal en el Peru, 2019--2023 (10286)/La inversion publica y su efecto en el emp - Milagros Cristina, Castillo Alvarez.pdf		archivado
2026-09-08	3e54f67ecc5279e8322609510e1b3234d8873ef038c24039f8926a659994ff28	03 writing/theses/2026-07-06-tesis-inversion-y-empleo-ayacucho/referencias/tesis e255 men.pdf	Influencia de la inversión pública en transporte en la reducción de la pobreza departamental: Perú, 2012--2021	Mendoza Inca, Jhon Erik and Meneses Quichca, Litmanen Ivan	Thesis	Informe	2023		documento_oficial,tesis_inversion_empleo_ayacucho,tesis	10287	biblioteca/Jhon Erik, Mendoza Inca/Influencia de la inversion publica en transporte en la reduccion de la pobreza departamental_ (10287)/Influencia de la inversion publica en tran - Jhon Erik, Mendoza Inca.pdf		archivado
2026-09-08	21fe2e8057b86b527495ff4157229a86f6d10709641148e555990bbf184b1572	03 writing/theses/2026-07-06-tesis-inversion-y-empleo-ayacucho/referencias/rumaldo ac.pdf	Gasto público per cápita en inversiones y su impacto en el nivel de empleo en las regiones del Perú (2010--2023)	Sánchez Campos, Dayanna Katherine and Rumaldo Antunez, Carlos Smith	Thesis	Informe	2026		documento_oficial,tesis_inversion_empleo_ayacucho,tesis	10288	biblioteca/Dayanna Katherine, Sanchez Campos/Gasto publico per capita en inversiones y su impacto en el nivel de empleo en las regiones del (10288)/Gasto publico per capita en inversiones y - Dayanna Katherine, Sanchez Campos.pdf		archivado
2026-09-08	a7007d9555d4f8144abab7adba23010ccf249d2a54ccceaad0e5f713d097581f	03 writing/theses/2026-07-06-tesis-inversion-y-empleo-ayacucho/referencias/de la cruz cacnahuaray katherine.pdf	La gestión de los proyectos de inversión pública en el Gobierno Regional de Ayacucho, 2021--2023	De La Cruz Cacñahuaray, Katherine	Thesis	Informe	2024		documento_oficial,tesis_inversion_empleo_ayacucho,tesis	10289	biblioteca/Katherine, De La Cruz Cacnahuaray/La gestion de los proyectos de inversion publica en el Gobierno Regional de Ayacucho, 2021--20 (10289)/La gestion de los proyectos de inversion p - Katherine, De La Cruz Cacnahuaray.pdf		archivado
2026-09-08	773d5a2be5a4921c3c41786195b45d9319830483e8b14abafd43c7b2949003a0	03 writing/theses/2026-07-06-tesis-inversion-y-empleo-ayacucho/referencias/el potencial de la inversion en infraestructura para impulsar el empleo en america latina y el caribe.pdf	El potencial de la inversión en infraestructura para impulsar el empleo en América Latina y el Caribe	Pastor, Cinthya and Rivas, María Eugenia and Brichetti, Juan Pablo and Dorr, Julian and Serebrisky, Tomás	Report	Informe	2020	Banco Interamericano de Desarrollo	documento_oficial,tesis_inversion_empleo_ayacucho	10290	biblioteca/Cinthya, Pastor/El potencial de la inversion en infraestructura para impulsar el empleo en America Latina y el (10290)/El potencial de la inversion en infraestru - Cinthya, Pastor.pdf		archivado
2026-09-08	00576cc723d7c7d1fdde9027a8a4e0a16a4c4052c427ff494f53b884cc3e06d6	03 writing/theses/2026-07-06-tesis-inversion-y-empleo-ayacucho/referencias/tesis e211 yup.pdf	La inversión pública en el desarrollo humano de la región Ayacucho, periodo 2007--2018	Yupanqui Santiago, Hugo and Torres Tacuri, Julio Cesar	Thesis	Informe	2019		documento_oficial,tesis_inversion_empleo_ayacucho,tesis	10291	biblioteca/Hugo, Yupanqui Santiago/La inversion publica en el desarrollo humano de la region Ayacucho, periodo 2007--2018 (10291)/La inversion publica en el desarrollo huma - Hugo, Yupanqui Santiago.pdf		archivado
2026-09-11	5a4af6d7eb634c5e08baf3772d581c836bbec9d3f4b06242f05c10061055b6ec	scripts_for_fuentes/entrada/ANSI-NISO-Z39.18-2005-R2010-scientific-and-technical-reports.pdf	ANSI/NISO Z39.18-2005 (R2010). Scientific and technical reports: preparation, presentation, and preservation	National Information Standards Organization	Report	Lineamientos	2010	NISO Press	metodologia_investigacion, informe_tecnico	10292	biblioteca/National Information Standards Organization/ANSI_NISO Z39.18-2005 (R2010). Scientific and technical reports_ preparation, presentation, an (10292)/ANSI_NISO Z39.18-2005 (R2010). Scientific - National Information Standards Organizatio.pdf		archivado
2026-09-11	79b0d5269f8e7d9f4704d1029e8724ec00ccfca906df06c10eba6cd49c936b0c	scripts_for_fuentes/entrada/NIC-1-presentacion-estados-financieros-MEF-2021.pdf	NIC 1. Presentación de estados financieros (versión oficial 2021, Ministerio de Economía y Finanzas)	IFRS Foundation	Statute	Normativa	2021	Ministerio de Economía y Finanzas	contabilidad_financiera, finanzas_corporativas, legislacion	10293	biblioteca/IFRS Foundation/NIC 1. Presentacion de estados financieros (version oficial 2021, Ministerio de Economia y Fin (10293)/NIC 1. Presentacion de estados financieros - IFRS Foundation.pdf		archivado
2026-09-11	8279191c25e252497a32e88cefa0f1b7fb6db7e751df02b22dcab12d42a824af	scripts_for_fuentes/entrada/RCU-341-2021-UNSCH-CU-reglamento-general-grados-titulos.pdf	Resolución de Consejo Universitario N.° 341-2021-UNSCH-CU. Reglamento general de grados académicos y títulos profesionales	Universidad Nacional de San Cristóbal de Huamanga	Statute	Normativa	2021	Universidad Nacional de San Cristóbal de Huamanga	educacion_superior, metodologia_investigacion, legislacion	10294	biblioteca/Universidad Nacional de San Cristobal de Huamanga/Resolucion de Consejo Universitario N.deg 341-2021-UNSCH-CU. Reglamento general de grados acad (10294)/Resolucion de Consejo Universitario N.deg - Universidad Nacional de San Cristobal de H.pdf		archivado
2026-09-11	f286fd157fa5f5716cda16d5eac9929b225b75f7829c8c47cc3bf7da11964be3	03 writing/theses/2026-07-06-tesis-inversion-y-empleo-ayacucho/referencias/pe x1004 informe de terminacion de proyecto final (pcr).pdf	Programa de Mejoramiento y Ampliación de Servicios de Agua y Saneamiento en Perú (PE-X1004, GRT/WS-12127-PE): informe de terminación de proyecto (PCR)	Banco Interamericano de Desarrollo	Report	Informe	2019	Banco Interamericano de Desarrollo	proyectos_inversion, inversion_publica, tesis_inversion_empleo_ayacucho	10295	biblioteca/Banco Interamericano de Desarrollo/Programa de Mejoramiento y Ampliacion de Servicios de Agua y Saneamiento en Peru (PE-X1004, GR (10295)/Programa de Mejoramiento y Ampliacion de S - Banco Interamericano de Desarrollo.pdf		archivado
2026-09-11	b28a024104acb939718a0d09275605d716fc1b608218d3bfd3dbddfa598d3a72	03 writing/theses/2026-07-06-tesis-inversion-y-empleo-ayacucho/referencias/iv fce 313 te avila espinoza 2025.pdf	Influencia de la inversión pública en infraestructura sobre el crecimiento económico en el Perú: periodo 2009-2023	Crisly Maria Avila Avila; Yoel Jesus Espinoza Quispialaya	Thesis	Monografía	2025	Universidad Continental	tesis, inversion_publica, crecimiento_economico, tesis_inversion_empleo_ayacucho	10296	biblioteca/Crisly Maria, Avila Avila/Influencia de la inversion publica en infraestructura sobre el crecimiento economico en el Per (10296)/Influencia de la inversion publica en infr - Crisly Maria, Avila Avila.pdf		archivado
2026-09-11	ffdcbb8e8c2bffc716d537153c478c79622035198092fd296b45c2164375d4ac	03 writing/theses/2026-07-06-tesis-inversion-y-empleo-ayacucho/referencias/informe de impacto 2025 transformando para una mayor escala e impacto.pdf	Informe de impacto 2025: transformando para una mayor escala e impacto (BID Lab)	Banco Interamericano de Desarrollo	Report	Informe	2025	Banco Interamericano de Desarrollo	inversion, proyectos_inversion, tesis_inversion_empleo_ayacucho	10297	biblioteca/Banco Interamericano de Desarrollo/Informe de impacto 2025_ transformando para una mayor escala e impacto (BID Lab) (10297)/Informe de impacto 2025_ transformando par - Banco Interamericano de Desarrollo.pdf		archivado
2026-09-11	3bf46954ad7ede013637ae34cf716785a352acd5820f06fe8649949412be35e8	03 writing/theses/2026-07-06-tesis-inversion-y-empleo-ayacucho/referencias/peligro y promesa enfrentar el cambio climatico en america latina y el caribe resumen ejecutivo.pdf	Peligro y promesa: enfrentar el cambio climático en América Latina y el Caribe (resumen ejecutivo)	Allen Blackman; Eduardo Cavallo; Bridget Hoffmann; Adrien Vogt-Schilb	Report	Resumen	2024	Banco Interamericano de Desarrollo	inversion, tesis_inversion_empleo_ayacucho	10298	biblioteca/Allen, Blackman/Peligro y promesa_ enfrentar el cambio climatico en America Latina y el Caribe (resumen ejecut (10298)/Peligro y promesa_ enfrentar el cambio cli - Allen, Blackman.pdf		archivado
2026-09-11	34a98a44a2b1aa86c63fa473b7e322e0a5f4292dfa754cf37e73d7cc45cef6b4	03 writing/theses/2026-07-06-tesis-inversion-y-empleo-ayacucho/referencias/p5004581fa9a660291a87d1a08e7c377b6f.pdf	Benchmarking infrastructure development: PPP regulatory landscape, assessing quality and exploring reforms	World Bank	Report	Informe	2024	International Bank for Reconstruction and Development / The World Bank	inversion_publica, proyectos_inversion, tesis_inversion_empleo_ayacucho	10299	biblioteca/World Bank/Benchmarking infrastructure development_ PPP regulatory landscape, assessing quality and explo (10299)/Benchmarking infrastructure development_ P - World Bank.pdf		archivado
2026-09-11	a7ebf04b6e6be2b369b2adbdce5ce621be5d91d56a5498231eab01b355871466	03 writing/theses/2026-07-06-tesis-inversion-y-empleo-ayacucho/referencias/tesis e164 ala.pdf	Inversión pública en infraestructura vial y su influencia en la actividad económica de los sectores productivos en la provincia de Huamanga, 2009-2013	Glicerio Alanya Torres; Juan Luis Huamaní Curihuamán	Thesis	Monografía	2016	Universidad Nacional de San Cristóbal de Huamanga	tesis, inversion_publica, tesis_inversion_empleo_ayacucho	10300	biblioteca/Glicerio, Alanya Torres/Inversion publica en infraestructura vial y su influencia en la actividad economica de los sec (10300)/Inversion publica en infraestructura vial - Glicerio, Alanya Torres.pdf		archivado
2026-09-11	d3d72ea8082b786284b4731b0ca607e122eb58fd48c51ed97922b3303dbb0b0e	03 writing/theses/2026-07-06-tesis-inversion-y-empleo-ayacucho/referencias/asce inversion publica en infraestructura agricola y su impacto en el crecimiento economico en el sector agrario del peru 2009 2018 .pdf	Inversión pública en infraestructura agrícola y su impacto en el crecimiento económico en el sector agrario del Perú, 2009-2018	Lizardo Calderón Romero	Journal Article	Artículo de revista	2025	ASCE Magazine	inversion_publica, crecimiento_economico, tesis_inversion_empleo_ayacucho	10301	biblioteca/Lizardo, Calderon Romero/Inversion publica en infraestructura agricola y su impacto en el crecimiento economico en el s (10301)/Inversion publica en infraestructura agric - Lizardo, Calderon Romero.pdf		archivado
2026-09-11	34c57d4558367517de632b9fa7c6a97df1283c849c04564df60918091ef6a7b8	scripts_for_fuentes/entrada/wilson-madsen-memoir-class-manual.pdf	The memoir class for configurable typesetting: user guide	Peter Wilson; Lars Madsen	Book	Guía	2024	The Herries Press / CTAN	recursos_educativos	10302	biblioteca/Peter, Wilson/The memoir class for configurable typesetting_ user guide (10302)/The memoir class for configurable typesett - Peter, Wilson.pdf		archivado
2026-09-11	31a69336e0d60a6ea48f5fe231ae8c2ca04250da7610564534be9ff062de98f7	scripts_for_fuentes/entrada/biggs-2003-aligning-teaching-for-constructing-learning.pdf	Aligning teaching for constructing learning	John Biggs	Report	Lineamientos	2003	Higher Education Academy	recursos_educativos, educacion_superior	10303	biblioteca/John, Biggs/Aligning teaching for constructing learning (10303)/Aligning teaching for constructing learnin - John, Biggs.pdf		archivado
2026-09-11	a21092a692f22e08e1511efe51b80e6b9a8304fbb2eaa13be31f42f6be933be7	scripts_for_fuentes/entrada/alley-neeley-2005-rethinking-the-design-of-presentation-slides.pdf	Rethinking the design of presentation slides: a case for sentence headlines and visual evidence	Michael Alley; Kathryn A. Neeley	Journal Article	Artículo de revista	2005	Society for Technical Communication	metodologia_investigacion, recursos_educativos	10304	biblioteca/Michael, Alley/Rethinking the design of presentation slides_ a case for sentence headlines and visual evidenc (10304)/Rethinking the design of presentation slid - Michael, Alley.pdf		archivado
2026-09-11	a6f60936ea3660b85d00b17cbefef1b6b5a9f9474c6a6d0b45be04bdafd84763	scripts_for_fuentes/entrada/doumont-2009-trees-maps-and-theorems-materiales-abiertos-principiae.pdf	Trees, maps, and theorems: effective communication for rational minds (páginas de muestra y resúmenes oficiales de los capítulos 2, 3 y 4, plantilla y lista de comprobación)	Jean-luc Doumont	Book	Extracto	2009	Principiae	metodologia_investigacion, recursos_educativos	10305	biblioteca/Jean-Luc, Doumont/Trees, maps, and theorems_ effective communication for rational minds (paginas de muestra y re (10305)/Trees, maps, and theorems_ effective commu - Jean-Luc, Doumont.pdf		archivado
2026-09-11	8f913c5ff19a62e78d7a12b58f6c2052c28e0001e15da6522048ea64d1cce19b	scripts_for_fuentes/entrada/tufte-2005-powerpoint-does-rocket-science.pdf	PowerPoint does rocket science, and better techniques for technical reports (ensayo, ET Notebooks)	Edward R. Tufte	Web Page	Lectura	2005	Graphics Press	metodologia_investigacion, recursos_educativos	10306	biblioteca/Edward R., Tufte/PowerPoint does rocket science, and better techniques for technical reports (ensayo, ET Notebo (10306)/PowerPoint does rocket science, and better - Edward R., Tufte.pdf		archivado
2026-09-11	803782350cb442fb4fd80431b5bf208d7a34613cb488392361c1701b25b05dbe	scripts_for_fuentes/entrada/alley-assertion-evidence-classroom-teaching-slides-notes.pdf	Rethinking scientific presentations: the assertion-evidence approach (classroom teaching slides with notes)	Michael Alley	Presentation	Diapositiva	2013	Penn State, College of Engineering	metodologia_investigacion, recursos_educativos	10307	biblioteca/Michael, Alley/Rethinking scientific presentations_ the assertion-evidence approach (classroom teaching slide (10307)/Rethinking scientific presentations_ the a - Michael, Alley.pdf		archivado
2026-09-15	cf269b9b9f76a7906b36ac210cb99da4cb9d52a0191a152ae0314e3707d6f5e1	02_investigacion/marco_legal/20_desarrollo_productivo/ley_32645_colegio_profesional_de_artistas.pdf	Ley N.° 32645. Colegio profesional de artistas	Congreso de la República	Statute	Normativa	2026	Congreso de la República	desarrollo_productivo, legislacion	10308	biblioteca/Congreso de la Republica/Ley N.deg 32645. Colegio profesional de artistas (10308)/Ley N.deg 32645. Colegio profesional de ar - Congreso de la Republica.pdf		archivado
2026-09-15	648a12b2aa3cedae8b00000412084ce53dc4c3a6f48e049541f007bf0c8a8a6b	02_investigacion/marco_legal/11_seguridad/ley_32490_medidas_extraordinarias_extorsion_sicariato_transporte.pdf	Ley N.° 32490. Medidas extraordinarias contra la extorsión y el sicariato en el transporte	Congreso de la República	Statute	Normativa	2026	Congreso de la República	seguridad_ciudadana, legislacion	10309	biblioteca/Congreso de la Republica/Ley N.deg 32490. Medidas extraordinarias contra la extorsion y el sicariato en el transporte (10309)/Ley N.deg 32490. Medidas extraordinarias c - Congreso de la Republica.pdf		archivado
2026-09-15	862f4ce44b374e83929d8dd71986d1e63ec4a057fb042091017a47ab8273ebcf	02_investigacion/marco_legal/11_seguridad/ley_32332_plataforma_denuncia_digital.pdf	Ley N.° 32332. Plataforma de denuncia digital	Congreso de la República	Statute	Normativa	2026	Congreso de la República	seguridad_ciudadana, legislacion	10310	biblioteca/Congreso de la Republica/Ley N.deg 32332. Plataforma de denuncia digital (10310)/Ley N.deg 32332. Plataforma de denuncia di - Congreso de la Republica.pdf		archivado
2026-09-15	31dcb72d6887395a33ff3a4def642eaba3b80c5264173114cf74c3f07f26b353	02_investigacion/marco_legal/11_seguridad/dleg_1735_subsistema_especializado_contra_la_extorsion.pdf	Decreto Legislativo N.° 1735. Subsistema especializado contra la extorsión	Congreso de la República	Statute	Normativa	2026	Congreso de la República	seguridad_ciudadana, legislacion	10311	biblioteca/Congreso de la Republica/Decreto Legislativo N.deg 1735. Subsistema especializado contra la extorsion (10311)/Decreto Legislativo N.deg 1735. Subsistema - Congreso de la Republica.pdf		archivado
2026-09-15	c659f8f6cb33ece6bfa7cd46d6f5ff46afce92a7139bf5ed78b04b3eddace58c	03 writing/reports/delegacion-facultades-2026/fuentes/expediente/acta_consejo_ministros_pl_00098_2026-08-31.pdf	Acta del Consejo de Ministros del 27 de agosto de 2026 que aprueba el proyecto de ley de delegación de facultades (PL 00098-2026-2031-CD)	Presidencia del Consejo de Ministros	Document	Documento oficial	2026	Diario Oficial El Peruano	gestion_publica, legislacion, delegacion_facultades_2026	10312	biblioteca/Presidencia del Consejo de Ministros/Acta del Consejo de Ministros del 27 de agosto de 2026 que aprueba el proyecto de ley de deleg (10312)/Acta del Consejo de Ministros del 27 de ag - Presidencia del Consejo de Ministros.pdf		archivado
2026-09-15	555cdf82548b81fb64b1ac4949911153567acfc0855c6921224e3ea0f373b98d	03 writing/reports/delegacion-facultades-2026/fuentes/expediente/oficio_038_2026_2027_adp_p_cd_observaciones_pl_00098.pdf	Oficio N.° 038-2026-2027-ADP-P/CD. La Presidencia del Congreso remite observaciones al PL 00098-2026-2031-CD de delegación de facultades	Congreso de la República	Document	Documento oficial	2026	Congreso de la República	legislacion, delegacion_facultades_2026	10313	biblioteca/Congreso de la Republica/Oficio N.deg 038-2026-2027-ADP-P_CD. Observaciones de la Presidencia del Congreso al PL 00098_ (10313)/Oficio N.deg 038-2026-2027-ADP-P_CD. Obser - Congreso de la Republica.pdf		archivado
2026-09-15	958f6044f7a5c0fccff96612341f3f4aeb6a11617a3ca633608505b3e32a011f	scripts_for_fuentes/entrada/organigramas/TC_ROF_Estructura-Organica.pdf	Organigrama de Tribunal Constitucional (Sección Segunda del ROF)	Tribunal Constitucional	Document	Documento oficial	2025	Tribunal Constitucional	gestion_publica, documento_oficial, organigrama	10314	biblioteca/Tribunal Constitucional/Organigrama de Tribunal Constitucional (Seccion Segunda del ROF) (10314)/Organigrama de Tribunal Constitucional (Se - Tribunal Constitucional.pdf		archivado
2026-09-15	6e4b320855c544d1ea38a3d73b02d31b0ec5c6ef4c36f8f2b6193d63022ab9ef	scripts_for_fuentes/entrada/organigramas/MP-CANGALLO_Organigrama.pdf	Organigrama de Municipalidad Provincial de Cangallo (estructura orgánica (gob.pe/municangallo))	Municipalidad Provincial de Cangallo	Document	Documento oficial	2024		gestion_publica, documento_oficial, organigrama	10315	biblioteca/Municipalidad Provincial de Cangallo/Organigrama de Municipalidad Provincial de Cangallo (estructura organica (gob.pe_municangallo) (10315)/Organigrama de Municipalidad Provincial de - Municipalidad Provincial de Cangallo.pdf		archivado
2026-09-15	aa66a70ac28857b3b2e2165b0fb4f930d1455fad2aace7679ff4957dd4da14b0	scripts_for_fuentes/entrada/organigramas/CGR_Organigrama_ROF.pdf	Organigrama de Contraloría General de la República (ROF (organigrama oficial CGR))	Contraloría General de la República	Document	Documento oficial			gestion_publica, documento_oficial, organigrama	10316	biblioteca/Contraloria General de la Republica/Organigrama de Contraloria General de la Republica (ROF (organigrama oficial CGR)) (10316)/Organigrama de Contraloria General de la R - Contraloria General de la Republica.pdf		archivado
2026-09-15	a0a38dbf1b13a3362f03eb269ca4be6f7071d46e586d6bb11d8a09984ebc8c60	scripts_for_fuentes/entrada/organigramas/MD-CHUSCHI_Organigrama_2023-2026.pdf	Organigrama de Municipalidad Distrital de Chuschi (organigrama 2023-2026)	Municipalidad Distrital de Chuschi	Document	Documento oficial	2023		gestion_publica, documento_oficial, organigrama	10317	biblioteca/Municipalidad Distrital de Chuschi/Organigrama de Municipalidad Distrital de Chuschi (organigrama 2023-2026) (10317)/Organigrama de Municipalidad Distrital de - Municipalidad Distrital de Chuschi.pdf		archivado
2026-09-15	de3358c3ad920f0dc705249c415a5f85fc3e002e47fdad85542a7972cc15d421	scripts_for_fuentes/entrada/organigramas/PRONABEC_Organigrama_MOP.pdf	Organigrama de PRONABEC (Organigrama del MOP (gob.pe))	PRONABEC	Document	Documento oficial	2026		gestion_publica, documento_oficial, organigrama	10318	biblioteca/PRONABEC/Organigrama de PRONABEC (Organigrama del MOP (gob.pe)) (10318)/Organigrama de PRONABEC (Organigrama del M - PRONABEC.pdf		archivado
2026-09-15	2d810db12a166636420ca563920a61693c462cca020230c71e441fbfabf45433	scripts_for_fuentes/entrada/organigramas/MININTER_Organigrama_2026-05-08.pdf	Organigrama de Ministerio del Interior (RM 1050-2019-IN, modif. RM 0429-2026-IN y 0642-2026-IN)	Ministerio del Interior	Document	Documento oficial	2026		gestion_publica, documento_oficial, organigrama	10319	biblioteca/Ministerio del Interior/Organigrama de Ministerio del Interior (RM 1050-2019-IN, modif. RM 0429-2026-IN y 0642-2026-IN (10319)/Organigrama de Ministerio del Interior (RM - Ministerio del Interior.pdf		archivado
2026-09-15	2ba81c6d3defd6dfad7796e85fa6a237aaaccc0cecd337ed4a9d5ab0fa92fc7e	scripts_for_fuentes/entrada/organigramas/MINSA_Organigrama_DS-008-2017-SA.pdf	Organigrama de Ministerio de Salud (D.S. 008-2017-SA (ROF; organigrama publicado 24/04/2017))	Ministerio de Salud	Document	Documento oficial	2017	Ministerio de Salud	gestion_publica, documento_oficial, organigrama	10320	biblioteca/Ministerio de Salud/Organigrama de Ministerio de Salud (D.S. 008-2017-SA (ROF; organigrama publicado 24_04_2017)) (10320)/Organigrama de Ministerio de Salud (D.S. 0 - Ministerio de Salud.pdf		archivado
2026-09-15	d91d3be726a144c0ebfcf70eb386a638ba2e7edb0657d73a7c271a132861901f	scripts_for_fuentes/entrada/organigramas/DRE-AYACUCHO_Organigrama_ROF.pdf	Organigrama de Dirección Regional de Educación de Ayacucho (ROF (bajo GORE Ayacucho))	Dirección Regional de Educación de Ayacucho	Document	Documento oficial	2018		gestion_publica, documento_oficial, organigrama	10321	biblioteca/Direccion Regional de Educacion de Ayacucho/Organigrama de Direccion Regional de Educacion de Ayacucho (ROF (bajo GORE Ayacucho)) (10321)/Organigrama de Direccion Regional de Educa - Direccion Regional de Educacion de Ayacuch.pdf		archivado
2026-09-15	4c87db062fc721c658d5372ca95a91d06456a8f5c091d75ea911743257f08ccd	scripts_for_fuentes/entrada/organigramas/MD-JESUS-NAZARENO_Organigrama_ROF.pdf	Organigrama de Municipalidad Distrital de Jesús Nazareno (ROF (Anexo Organigrama), Huamanga)	Municipalidad Distrital de Jesús Nazareno	Document	Documento oficial			gestion_publica, documento_oficial, organigrama	10322	biblioteca/Municipalidad Distrital de Jesus Nazareno/Organigrama de Municipalidad Distrital de Jesus Nazareno (ROF (Anexo Organigrama), Huamanga) (10322)/Organigrama de Municipalidad Distrital de - Municipalidad Distrital de Jesus Nazareno.pdf		archivado
2026-09-15	bd46a54b2fc665a598a53d4b5b408aef63aa2148d52593d49bf3e7ab15d830c7	scripts_for_fuentes/entrada/organigramas/PRESIDENCIA_Organigrama_Res-000044-2024-DP-SG.pdf	Organigrama de Despacho Presidencial (Res. 000044-2024/DP-SG (Anexo 02, Sección 2 del ROF))	Despacho Presidencial	Document	Documento oficial	2024		gestion_publica, documento_oficial, organigrama	10323	biblioteca/Despacho Presidencial/Organigrama de Despacho Presidencial (Res. 000044-2024_DP-SG (Anexo 02, Seccion 2 del ROF)) (10323)/Organigrama de Despacho Presidencial (Res. - Despacho Presidencial.pdf		archivado
2026-09-15	0a361dbf915a8b0785b70a0b87e190f34d41d36093a6dedb1799d4c8ca88c677	scripts_for_fuentes/entrada/organigramas/MP-HUANTA_Organigrama.pdf	Organigrama de Municipalidad Provincial de Huanta (organigrama oficial (munihuanta.gob.pe))	Municipalidad Provincial de Huanta	Document	Documento oficial	2018		gestion_publica, documento_oficial, organigrama	10324	biblioteca/Municipalidad Provincial de Huanta/Organigrama de Municipalidad Provincial de Huanta (organigrama oficial (munihuanta.gob.pe)) (10324)/Organigrama de Municipalidad Provincial de - Municipalidad Provincial de Huanta.pdf		archivado
2026-09-15	ede4e8768cdda05d1bc1c63595c37225d2ce8fb0820f8050b9fe7ad53c19af42	scripts_for_fuentes/entrada/organigramas/MEF_Organigrama_2023-09-27.pdf	Organigrama de Ministerio de Economía y Finanzas (Organigrama oficial 27/09/2023 (ROF))	Ministerio de Economía y Finanzas	Document	Documento oficial	2023	Ministerio de Economía y Finanzas	gestion_publica, documento_oficial, organigrama	10325	biblioteca/Ministerio de Economia y Finanzas/Organigrama de Ministerio de Economia y Finanzas (Organigrama oficial 27_09_2023 (ROF)) (10325)/Organigrama de Ministerio de Economia y Fi - Ministerio de Economia y Finanzas.pdf		archivado
2026-09-15	5564d466648690b7227b310d635a4711a93053ebdb66c4cede6e947410e98eeb	scripts_for_fuentes/entrada/organigramas/GORE-AYACUCHO_Organigrama_2025.pdf	Organigrama de Gobierno Regional de Ayacucho (ROF, organigrama modificado 2025)	Gobierno Regional de Ayacucho	Document	Documento oficial	2025	Gobierno Regional de Ayacucho	gestion_publica, documento_oficial, organigrama	10326	biblioteca/Gobierno Regional de Ayacucho/Organigrama de Gobierno Regional de Ayacucho (ROF, organigrama modificado 2025) (10326)/Organigrama de Gobierno Regional de Ayacuc - Gobierno Regional de Ayacucho.pdf		archivado
2026-09-15	a5192599fbc77d5d26d1b8a4e700034dadf4509bb252464f073828d523c1a4c1	scripts_for_fuentes/entrada/organigramas/MD-SAN-JUAN-BAUTISTA_Organigrama_ROF.pdf	Organigrama de Municipalidad Distrital de San Juan Bautista (ROF (Anexo Organigrama), Huamanga)	Municipalidad Distrital de San Juan Bautista	Document	Documento oficial	2024		gestion_publica, documento_oficial, organigrama	10327	biblioteca/Municipalidad Distrital de San Juan Bautista/Organigrama de Municipalidad Distrital de San Juan Bautista (ROF (Anexo Organigrama), Huamanga (10327)/Organigrama de Municipalidad Distrital de - Municipalidad Distrital de San Juan Bautis.pdf		archivado
2026-09-15	7f5e92297b369dc171f15386a853663b32bed5b1577f9c8b09bb3eea5956ba39	scripts_for_fuentes/entrada/organigramas/CONGRESO_Organigrama_Acuerdo-Mesa-059-2023-2024.pdf	Organigrama de Congreso de la República (Acuerdo de Mesa 059-2023-2024/MESA-CR (Servicio Parlamentario))	Congreso de la República	Document	Documento oficial	2023	Congreso de la República	gestion_publica, documento_oficial, organigrama	10328	biblioteca/Congreso de la Republica/Organigrama de Congreso de la Republica (Acuerdo de Mesa 059-2023-2024_MESA-CR (Servicio Parla (10328)/Organigrama de Congreso de la Republica (A - Congreso de la Republica.pdf		archivado
2026-09-15	6f36b9f31588cb83b084fef00319f26dd759753610e320b3a0881a04868697fe	scripts_for_fuentes/entrada/organigramas/MINEDU_Organigrama_DS-001-2015-MINEDU.pdf	Organigrama de Ministerio de Educación (D.S. 001-2015-MINEDU (hasta 3.er nivel))	Ministerio de Educación	Document	Documento oficial	2018	Ministerio de Educación	gestion_publica, documento_oficial, organigrama	10329	biblioteca/Ministerio de Educacion/Organigrama de Ministerio de Educacion (D.S. 001-2015-MINEDU (hasta 3.er nivel)) (10329)/Organigrama de Ministerio de Educacion (D. - Ministerio de Educacion.pdf		archivado
2026-09-15	c5d6b3977f63a864983f312a47420863948e99e424e0b88e95e6a8a92536368f	scripts_for_fuentes/entrada/organigramas/MPH-HUAMANGA_Organigrama_OM-013-2021.pdf	Organigrama de Municipalidad Provincial de Huamanga (Ordenanza Municipal 013-2021-MPH/A)	Municipalidad Provincial de Huamanga	Document	Documento oficial	2022		gestion_publica, documento_oficial, organigrama	10330	biblioteca/Municipalidad Provincial de Huamanga/Organigrama de Municipalidad Provincial de Huamanga (Ordenanza Municipal 013-2021-MPH_A) (10330)/Organigrama de Municipalidad Provincial de - Municipalidad Provincial de Huamanga.pdf		archivado
2026-09-15	f766237c900dfecda0d4fa33b52f7a1875969a2a729a161836da58a14fd86474	scripts_for_fuentes/entrada/organigramas/RREE_Organigrama_RM-0516-2025-RE.pdf	Organigrama de Ministerio de Relaciones Exteriores (RM 0516-2025-RE (Texto Integrado del ROF del MRE))	Ministerio de Relaciones Exteriores	Document	Documento oficial	2025		gestion_publica, documento_oficial, organigrama	10331	biblioteca/Ministerio de Relaciones Exteriores/Organigrama de Ministerio de Relaciones Exteriores (RM 0516-2025-RE (Texto Integrado del ROF d (10331)/Organigrama de Ministerio de Relaciones Ex - Ministerio de Relaciones Exteriores.pdf		archivado
2026-09-15	ce329672c2587ac91d5ff7862bcf8b7fd83686bf71bfe7347ed3975ebbaf335e	scripts_for_fuentes/entrada/organigramas/BCRP_Organigrama_ROF.pdf	Organigrama de Banco Central de Reserva del Perú (ROF, Título IX (Organigrama General))	Banco Central de Reserva del Perú	Document	Documento oficial	2021	Banco Central de Reserva del Perú	gestion_publica, documento_oficial, organigrama	10332	biblioteca/Banco Central de Reserva del Peru/Organigrama de Banco Central de Reserva del Peru (ROF, Titulo IX (Organigrama General)) (10332)/Organigrama de Banco Central de Reserva de - Banco Central de Reserva del Peru.pdf		archivado
2026-09-15	45cd2808eaae22c5fbe6ee1fc636f08428b20865fc535cd7849ef5a34fa76fe9	scripts_for_fuentes/entrada/organigramas/UNSCH_Organigrama_ROF-RR-041-2021.pdf	Organigrama de Univ. Nac. de San Cristóbal de Huamanga (ROF 2021, RR 041-2021-UNSCH (Art. 5))	Univ. Nac. de San Cristóbal de Huamanga	Document	Documento oficial	2026		gestion_publica, documento_oficial, organigrama	10333	biblioteca/Univ. Nac. de San Cristobal de Huamanga/Organigrama de Univ. Nac. de San Cristobal de Huamanga (ROF 2021, RR 041-2021-UNSCH (Art. 5)) (10333)/Organigrama de Univ. Nac. de San Cristobal - Univ. Nac. de San Cristobal de Huamanga.pdf		archivado
2026-09-15	e8df763991d68af363312e7d3ba49f7cf1cc85b73f6f1f247ceec59176814a59	scripts_for_fuentes/entrada/organigramas/SUNAT_Estructura-Organica_ROF-Anexo1-RS-149-2024.pdf	Organigrama de SUNAT (Anexo 1 del ROF (R.S. 000149-2024/SUNAT))	SUNAT	Document	Documento oficial	2024	Superintendencia Nacional de Aduanas y de Administración Tributaria	gestion_publica, documento_oficial, organigrama	10334	biblioteca/SUNAT/Organigrama de SUNAT (Anexo 1 del ROF (R.S. 000149-2024_SUNAT)) (10334)/Organigrama de SUNAT (Anexo 1 del ROF (R.S - SUNAT.pdf		archivado
2026-09-15	0f21574405d16a5e6dc96208008018bd1b2113024a91d4dd57eb91635752bc5d	scripts_for_fuentes/entrada/organigramas/ONPE_Organigrama_RJ-125-2024-JN.pdf	Organigrama de Oficina Nacional de Procesos Electorales (Res. Jefatural 125-2024-JN)	Oficina Nacional de Procesos Electorales	Document	Documento oficial	2022		gestion_publica, documento_oficial, organigrama	10335	biblioteca/Oficina Nacional de Procesos Electorales/Organigrama de Oficina Nacional de Procesos Electorales (Res. Jefatural 125-2024-JN) (10335)/Organigrama de Oficina Nacional de Proceso - Oficina Nacional de Procesos Electorales.pdf		archivado
2026-09-15	77c392908b079d4d9132cfe560830393c5706dbe9435dcf6cbaa3fcd03364e8a	scripts_for_fuentes/entrada/organigramas/SBS_ROF_Res-00189-2026.pdf	Organigrama de Superintendencia de Banca, Seguros y AFP (ROF SBS-010-24 (Res. SBS 00189-2026), Art. 9)	Superintendencia de Banca, Seguros y AFP	Document	Documento oficial	2026		gestion_publica, documento_oficial, organigrama	10336	biblioteca/Superintendencia de Banca, Seguros y AFP/Organigrama de Superintendencia de Banca, Seguros y AFP (ROF SBS-010-24 (Res. SBS 00189-2026), (10336)/Organigrama de Superintendencia de Banca, - Superintendencia de Banca, Seguros y AFP.pdf		archivado
2026-09-15	456b3f3a7e1645a1c88eebba01286d8e44547030b2179e47484a486612bc6bc1	scripts_for_fuentes/entrada/organigramas/BN_Organigrama_Anexo1-ROF-2025.pdf	Organigrama de Banco de la Nación (ROF 2025 (Art. 4) + organigrama Anexo 1 (S.D. 2558))	Banco de la Nación	Document	Documento oficial	2025		gestion_publica, documento_oficial, organigrama	10337	biblioteca/Banco de la Nacion/Organigrama de Banco de la Nacion (ROF 2025 (Art. 4) _ organigrama Anexo 1 (S.D. 2558)) (10337)/Organigrama de Banco de la Nacion (ROF 202 - Banco de la Nacion.pdf		archivado
2026-09-15	2191ac2574abd7ab31c45932882e2b5462b86a3dc64e9ec59a6927264240892d	scripts_for_fuentes/entrada/organigramas/SUNEDU_Organigrama_2024.pdf	Organigrama de SUNEDU (Organigrama 2024 (gob.pe))	SUNEDU	Document	Documento oficial	2024		gestion_publica, documento_oficial, organigrama	10338	biblioteca/SUNEDU/Organigrama de SUNEDU (Organigrama 2024 (gob.pe)) (10338)/Organigrama de SUNEDU (Organigrama 2024 (g - SUNEDU.pdf		archivado
2026-09-15	4f1eb460f87abd2e355f35796261ed16812adc042d0f01845b39a186a00fe5f8	scripts_for_fuentes/entrada/organigramas/PROMPERU_Organigrama_ROF.pdf	Organigrama de PROMPERÚ (adscrito a MINCETUR) (ROF (organigrama estructural))	PROMPERÚ (adscrito a MINCETUR)	Document	Documento oficial	2019		gestion_publica, documento_oficial, organigrama	10339	biblioteca/PROMPERU (adscrito a MINCETUR)/Organigrama de PROMPERU (adscrito a MINCETUR) (ROF (organigrama estructural)) (10339)/Organigrama de PROMPERU (adscrito a MINCET - PROMPERU (adscrito a MINCETUR).pdf		archivado
2026-09-15	99165fee1a3678e986745fc766cb61ffa400aa9be24b6754393d58f7218ac8a9	scripts_for_fuentes/entrada/organigramas/PJ_Organigrama_RA-302-2024-CE-PJ.pdf	Organigrama de Poder Judicial (ROF (RA 302-2024-CE-PJ y RA 420-2024-CE-PJ))	Poder Judicial	Document	Documento oficial	2024		gestion_publica, documento_oficial, organigrama	10340	biblioteca/Poder Judicial/Organigrama de Poder Judicial (ROF (RA 302-2024-CE-PJ y RA 420-2024-CE-PJ)) (10340)/Organigrama de Poder Judicial (ROF (RA 302 - Poder Judicial.pdf		archivado
2026-09-15	c04f8932640734b7906c7f6dd2f5ea7794ebc458d690bcfe2f81a2829c5e760a	scripts_for_fuentes/entrada/organigramas/INEI_Organigrama_DS-043-2001-PCM.pdf	Organigrama de Instituto Nacional de Estadística e Informática (D.S. 043-2001-PCM, mod. 066-2003-PCM)	Instituto Nacional de Estadística e Informática	Document	Documento oficial	2016	Instituto Nacional de Estadística e Informática	gestion_publica, documento_oficial, organigrama	10341	biblioteca/Instituto Nacional de Estadistica e Informatica/Organigrama de Instituto Nacional de Estadistica e Informatica (D.S. 043-2001-PCM, mod. 066-20 (10341)/Organigrama de Instituto Nacional de Estad - Instituto Nacional de Estadistica e Inform.pdf		archivado
2026-09-15	f5d09e12d29f748950ae69e19a6c73f714850ef0100ef0c1c80cca7a243fc7b4	scripts_for_fuentes/entrada/organigramas/PCM_Organigrama_RM-234-2026-PCM.pdf	Organigrama de Presidencia del Consejo de Ministros (RM 141-2021-PCM y modif. hasta RM 234-2026-PCM (Anexo 2 del ROF))	Presidencia del Consejo de Ministros	Document	Documento oficial	2026	Presidencia del Consejo de Ministros	gestion_publica, documento_oficial, organigrama	10342	biblioteca/Presidencia del Consejo de Ministros/Organigrama de Presidencia del Consejo de Ministros (RM 141-2021-PCM y modif. hasta RM 234-202 (10342)/Organigrama de Presidencia del Consejo de - Presidencia del Consejo de Ministros.pdf		archivado
2026-09-15	8645224d508b64229383b2e82fc054cb33bbb5ec508fbff4ab99a12bd0f4cb65	scripts_for_fuentes/entrada/organigramas/PRIDER_Organigrama_MOP.pdf	Organigrama de PRIDER, Programa Regional de Irrigación y Desarrollo Rural Integrado (MOP)	Gobierno Regional de Ayacucho	Document	Documento oficial	2026		gestion_publica, documento_oficial, organigrama	10343	biblioteca/Gobierno Regional de Ayacucho/Organigrama de PRIDER, Programa Regional de Irrigacion y Desarrollo Rural Integrado (MOP) (10343)/Organigrama de PRIDER, Programa Regional d - Gobierno Regional de Ayacucho.pdf		archivado
2026-09-15	d3cb01048d70ab75cd6a7a4c80c415e8bb12fd2f1bc2f5d8582401acb0947db6	scripts_for_fuentes/entrada/identidad_visual/linea_grafica_gestion_2025_2026_fr.pdf	Línea gráfica de la gestión 2025-2026 (Fuerza y Razón)	Congreso de la República	Document	Guía	2025	Congreso de la República	documento_oficial, comunicacion, identidad_visual	10344	biblioteca/Congreso de la Republica/Linea grafica de la gestion 2025-2026 (Fuerza y Razon) (10344)/Linea grafica de la gestion 2025-2026 (Fue - Congreso de la Republica.pdf		archivado
2026-09-15	b9073ac79a5b055c0a35c7b34ac80d2eac6b8824070e25e87eebf4723e23682b	scripts_for_fuentes/entrada/identidad_visual/manual_identidad_visual_congreso.pdf	Manual de identidad visual del Congreso de la República	Congreso de la República	Document	Guía	2024	Congreso de la República	documento_oficial, comunicacion, identidad_visual	10345	biblioteca/Congreso de la Republica/Manual de identidad visual del Congreso de la Republica (10345)/Manual de identidad visual del Congreso de - Congreso de la Republica.pdf		archivado
2026-09-15	8030f65434538ed96bae98911202322c12805aecd4d96bf33e53b5cdffc90b00	scripts_for_fuentes/entrada/Reglamento Congreso 2026.pdf	Resolución Legislativa del Congreso N.° 004-2025-2026-CR, que aprueba el Reglamento del Congreso de la República (El Peruano, 13 de noviembre de 2025)	Congreso de la República	Report	Informe	2025-11-13		documento_oficial,norma,reglamento_congreso,bicameralidad	10346	biblioteca/Congreso de la Republica/Resolucion Legislativa del Congreso N.deg 004-2025-2026-CR, que aprueba el Reglamento del Cong (10346)/Resolucion Legislativa del Congreso N.deg - Congreso de la Republica.pdf		archivado
2026-09-15	36c3322bf3cc4a2460c0e1dc576e0c5899fd6625a8ff78d5b2fc3aed3f5f189b	scripts_for_fuentes/entrada/Estatuto Servicio Parlamentario.pdf	Estatuto del Servicio Parlamentario	Congreso de la República	Report	Informe	2013		documento_oficial,norma,servicio_parlamentario	10347	biblioteca/Congreso de la Republica/Estatuto del Servicio Parlamentario (10347)/Estatuto del Servicio Parlamentario - Congreso de la Republica.pdf		archivado
2026-09-15	a9559305c13a2430dfa9f67e5723c158a21106c114acb7bb131ed6d1b7544b7e	scripts_for_fuentes/entrada/Reglamento Diputados 2026.pdf	Resolución Legislativa del Congreso N.° 005-2025-2026-CR, que aprueba el Reglamento de la Cámara de Diputados (El Peruano, 13 de noviembre de 2025)	Congreso de la República	Report	Informe	2025-11-13		documento_oficial,norma,reglamento_congreso,bicameralidad	10348	biblioteca/Congreso de la Republica/Resolucion Legislativa del Congreso N.deg 005-2025-2026-CR, que aprueba el Reglamento de la Ca (10348)/Resolucion Legislativa del Congreso N.deg - Congreso de la Republica.pdf		archivado
2026-09-15	3ff43bb4b7f471ac9e14b3706861834e74e4b08fc60a267f1b96b6e96392abd4	scripts_for_fuentes/entrada/Reglamento interno de trabajo Congreso 2024.pdf	Reglamento Interno de Trabajo del Congreso de la República (2024)	Congreso de la República	Report	Informe	2024		documento_oficial,norma,servicio_parlamentario	10349	biblioteca/Congreso de la Republica/Reglamento Interno de Trabajo del Congreso de la Republica (2024) (10349)/Reglamento Interno de Trabajo del Congreso - Congreso de la Republica.pdf		archivado
2026-09-15	8267137826268b0e47659f9222cfc9a7d30c89b705d104eb6a0ec698931e120a	scripts_for_fuentes/entrada/Guia para redacción de proposiciones legislativas.pdf	Guía rápida para la redacción de proposiciones legislativas	Congreso de la República	Report	Guía	2026	Congreso de la República	documento_oficial,guia,tecnica_legislativa	10350	biblioteca/Congreso de la Republica/Guia rapida para la redaccion de proposiciones legislativas (10350)/Guia rapida para la redaccion de proposici - Congreso de la Republica.pdf		archivado
2026-09-15	25b22e191793e11812d86c3f705cbc1a5cfbdc1259040460b5b7d3bdaaef1c87	scripts_for_fuentes/entrada/Instructivo para el Uso del Portal de Datos Abiertos.pdf	Instructivo para el uso del Portal de Datos Abiertos del Congreso de la República	Congreso de la República	Report	Guía	2025		documento_oficial,guia,datos_abiertos	10351	biblioteca/Congreso de la Republica/Instructivo para el uso del Portal de Datos Abiertos del Congreso de la Republica (10351)/Instructivo para el uso del Portal de Dato - Congreso de la Republica.pdf		archivado
2026-09-15	f23b3a2438fec13c3d09a1748445d7cdd05637f8f10c908147e13bb8be10aaf9	scripts_for_fuentes/entrada/PL-00098-2026-2031-CD.pdf	Proyecto de Ley N.° 00098/2026-CD. Ley que delega en el Poder Ejecutivo la facultad de legislar en materia de seguridad ciudadana, emprendedores y MYPE, empleo, desarrollo productivo y simplificación administrativa (autógrafa registrada, escaneo sin capa de texto)	Presidencia de la República	Report	Documento oficial	2026-08		documento_oficial,proyecto_de_ley,delegacion_facultades_2026	10352	biblioteca/Presidencia de la Republica/Proyecto de Ley N.deg 00098_2026-CD. Ley que delega en el Poder Ejecutivo la facultad de legis (10352)/Proyecto de Ley N.deg 00098_2026-CD. Ley q - Presidencia de la Republica.pdf		archivado
2026-09-15	31680ddc726bbfa8f8f95ec65a7ba713740bed26ba1177443b8f1c1f4a31d065	scripts_for_fuentes/entrada/2718155-organigrama-poder-ejecutivo.pdf	Organigrama del Poder Ejecutivo	Presidencia del Consejo de Ministros	Report	Documento oficial	2024		gestion_publica,documento_oficial,organigrama	10353	biblioteca/Presidencia del Consejo de Ministros/Organigrama del Poder Ejecutivo (10353)/Organigrama del Poder Ejecutivo - Presidencia del Consejo de Ministros.pdf		archivado
2026-09-15	1614878c2f3ca68dcbfa2ad021fff0131f0690cfcb684e8df478678277e38b77	scripts_for_fuentes/entrada/Guia_Casilla_Electronica.pdf	Guía de la casilla electrónica del Congreso de la República	Congreso de la República	Report	Guía	2025		documento_oficial,guia,tramite	10354	biblioteca/Congreso de la Republica/Guia de la casilla electronica del Congreso de la Republica (10354)/Guia de la casilla electronica del Congres - Congreso de la Republica.pdf		archivado
2026-09-15	d17c6d9be86296707dacfc5d90f8dbe6ba1cb667adb6887524ee3885990de482	scripts_for_fuentes/entrada/PLAN DE SALUD REGULAR CONGRESO.pdf	Plan de Salud Regular del Congreso de la República (2025)	Congreso de la República	Statute	Documento oficial	2025	Diario Oficial El Peruano	documento_oficial,servicio_parlamentario,salud	10355	biblioteca/Congreso de la Republica/Plan de Salud Regular del Congreso de la Republica (2025) (10355)/Plan de Salud Regular del Congreso de la R - Congreso de la Republica.pdf		archivado
2026-09-15	5bb157f19a6a4d5033b9e7296afdf0696a0704f649292a12a0bec91a663d7953	scripts_for_fuentes/entrada/Discurso PGG 2026 2031 20 AGO.pdf	Ordenar el Estado para recuperar la seguridad, destrabar el crecimiento y convertir las decisiones públicas en resultados. Discurso del Presidente del Consejo de Ministros ante el Congreso (20 de agosto de 2026)	Galarreta Velarde, Luis	Report	Documento oficial	2026-08-20	Congreso de la República	documento_oficial,discurso,pcm,politica_general_de_gobierno	10356	biblioteca/Luis, Galarreta Velarde/Ordenar el Estado para recuperar la seguridad, destrabar el crecimiento y convertir las decisi (10356)/Ordenar el Estado para recuperar la seguri - Luis, Galarreta Velarde.pdf		archivado
2026-09-15	1c360268534d43253844a953a9c8711df752e5de3081b90bd0df80924cf86a28	scripts_for_fuentes/entrada/organigrama-2024.pdf	Estructura orgánica del Servicio Parlamentario del Congreso de la República (Acuerdo N.° 059-2023-2024/MESA-CR y modificatorias)	Congreso de la República	Report	Documento oficial	2024		gestion_publica,documento_oficial,organigrama	10357	biblioteca/Congreso de la Republica/Estructura organica del Servicio Parlamentario del Congreso de la Republica (Acuerdo N.deg 059 (10357)/Estructura organica del Servicio Parlament - Congreso de la Republica.pdf		archivado
2026-09-15	88e31095114873a2f72bff93109a92fe579f9dc5a7fb350e26dd38def6ee835f	scripts_for_fuentes/entrada/Manual-de-usuario-Formularios-Virtuales.pdf	Manual de usuario de los formularios virtuales del Congreso de la República	Congreso de la República	Report	Guía	2023		documento_oficial,guia,tramite	10358	biblioteca/Congreso de la Republica/Manual de usuario de los formularios virtuales del Congreso de la Republica (10358)/Manual de usuario de los formularios virtu - Congreso de la Republica.pdf		archivado
2026-09-15	7d71e2d1fb53fb2193506c0d07116e46366db2e3fac01365a328f471b012751e	scripts_for_fuentes/entrada/Guia para presentación de proposiciones legislativas.pdf	Guía rápida para la presentación de proposiciones legislativas	Congreso de la República	Document	Guía	2026		documento_oficial,guia,tecnica_legislativa	10359	biblioteca/Congreso de la Republica/Guia rapida para la presentacion de proposiciones legislativas (10359)/Guia rapida para la presentacion de propos - Congreso de la Republica.pdf		archivado
2026-09-16	61b6f80f71576ccc5b6c50ca64d1b13bcb72a0a6fd16a9dd0a603c3797263255	movadef_analisis_del_regimen_economico_2020.pdf	Análisis del régimen económico (documentos de debate sobre régimen económico)	Movimiento por Amnistía y Derechos Fundamentales	Book	Libro	2020	MOVADEF	economia_politica,politica_economica,economia_marxista,peru	10363	biblioteca/Movimiento por Amnistia y Derechos Fundamentales/Analisis del regimen economico (documentos de debate sobre regimen economico) (10363)/Analisis del regimen economico (documentos - Movimiento por Amnistia y Derechos Fundame.pdf		archivado
2026-09-16	c52624ccd399963efa448a3305ade609638db80480f756faf79f90e799b65ac1	INEI_CEIC_2026_Muertes_violentas_asociadas_hechos_delictivos_dolosos_2022-2024.pdf	Perú: muertes violentas asociadas a hechos delictivos dolosos, 2022-2024 (Comité Estadístico Interinstitucional de la Criminalidad)	Instituto Nacional de Estadística e Informática	Report	Informe técnico	2026-06-30	Instituto Nacional de Estadística e Informática	informe_tecnico, seguridad_ciudadana, seguridad_ayacucho_2026	10364	biblioteca/Instituto Nacional de Estadistica e Informatica/Peru_ muertes violentas asociadas a hechos delictivos dolosos, 2022-2024 (Comite Estadistico I (10364)/Peru_ muertes violentas asociadas a hechos - Instituto Nacional de Estadistica e Inform.pdf		archivado
2026-09-16	07411945729c95f52fc4b6dde3949ad935904bda0af88f1832e98de82473c6e9	INEI_2026_Estadisticas_criminalidad_seguridad_ciudadana_violencia_II_semestre_2025.pdf	Estadísticas de la criminalidad, seguridad ciudadana y violencia, segundo semestre 2025 (julio-diciembre)	Instituto Nacional de Estadística e Informática	Report	Informe técnico	2026-06-08	Instituto Nacional de Estadística e Informática	informe_tecnico, seguridad_ciudadana, seguridad_ayacucho_2026	10365	biblioteca/Instituto Nacional de Estadistica e Informatica/Estadisticas de la criminalidad, seguridad ciudadana y violencia, segundo semestre 2025 (julio (10365)/Estadisticas de la criminalidad, seguridad - Instituto Nacional de Estadistica e Inform.pdf		archivado
2026-09-16	71756e77529440c66995b416c148717df6d3c2302250d94c062a37f211229434	INEI_2026_Estadisticas_seguridad_ciudadana_semestre_movil_feb-jul_2026.pdf	Estadísticas de seguridad ciudadana, semestre móvil febrero-julio 2026 (informe técnico N.° 5)	Instituto Nacional de Estadística e Informática	Report	Informe técnico	2026-09-03	Instituto Nacional de Estadística e Informática	informe_tecnico, seguridad_ciudadana, seguridad_ayacucho_2026	10366	biblioteca/Instituto Nacional de Estadistica e Informatica/Estadisticas de seguridad ciudadana, semestre movil febrero-julio 2026 (informe tecnico N.deg (10366)/Estadisticas de seguridad ciudadana, semes - Instituto Nacional de Estadistica e Inform.pdf		archivado
2026-09-17	5208cef95388b94f425e0a92b1c28cff7b859182d01d590bbd19144caf7caa51	scripts_for_fuentes/entrada/lect_porter1995en.pdf	Toward a new conception of the environment-competitiveness relationship	Michael E., Porter & Claas, van der Linde	Journal Article	Artículo de revista	1995	Journal of Economic Perspectives	economia_ambiental, teoria_regulacion	10367	biblioteca/Michael E., Porter/Toward a new conception of the environment-competitiveness relationship (10367)/Toward a new conception of the environment - Michael E., Porter.pdf		archivado
2026-09-17	86efdd73b1ce0c31ef79864f5d4689858e05dac48ad0f8635fa9058f5afa4845	scripts_for_fuentes/entrada/lect_porter1995es.pdf	Hacia una nueva concepción de la relación medio ambiente-competitividad (traducción automática al español)	Michael E., Porter & Claas, van der Linde	Journal Article	Artículo de revista	1995	Journal of Economic Perspectives	economia_ambiental, teoria_regulacion	10368	biblioteca/Michael E., Porter/Hacia una nueva concepcion de la relacion medio ambiente-competitividad (traduccion automatica (10368)/Hacia una nueva concepcion de la relacion - Michael E., Porter.pdf		archivado
2026-09-17	dd698b02a62fd7c02e6c068a06fa6a8cb4c793e59412eab0610183d8900be731	scripts_for_fuentes/entrada/lect_palmer1995en.pdf	Tightening environmental standards: the benefit-cost or the no-cost paradigm?	Karen, Palmer & Wallace E., Oates & Paul R., Portney	Journal Article	Artículo de revista	1995	Journal of Economic Perspectives	economia_ambiental, teoria_regulacion	10369	biblioteca/Karen, Palmer/Tightening environmental standards_ the benefit-cost or the no-cost paradigm_ (10369)/Tightening environmental standards_ the be - Karen, Palmer.pdf		archivado
2026-09-17	201fb612b4524fc76892897ec6e7bfe8eca35692161734c6b3d417e43ff92518	scripts_for_fuentes/entrada/lect_palmer1995es.pdf	Normas ambientales más estrictas: ¿el paradigma costo-beneficio o sin costo? (traducción automática al español)	Karen, Palmer & Wallace E., Oates & Paul R., Portney	Journal Article	Artículo de revista	1995	Journal of Economic Perspectives	economia_ambiental, teoria_regulacion	10370	biblioteca/Karen, Palmer/Normas ambientales mas estrictas_ _el paradigma costo-beneficio o sin costo_ (traduccion autom (10370)/Normas ambientales mas estrictas_ _el para - Karen, Palmer.pdf		archivado
2026-09-17	48ac0425fddfde3b990a77e456b71350433587fea6d426f6851212b4aaf45d00	scripts_for_fuentes/entrada/lect_jaffe1995en.pdf	Environmental regulation and the competitiveness of U.S. manufacturing: what does the evidence tell us?	Adam B., Jaffe & Steven R., Peterson & Paul R., Portney & Robert N., Stavins	Journal Article	Artículo de revista	1995	Journal of Economic Literature	economia_ambiental, teoria_regulacion	10371	biblioteca/Adam B., Jaffe/Environmental regulation and the competitiveness of U.S. manufacturing_ what does the evidence (10371)/Environmental regulation and the competiti - Adam B., Jaffe.pdf		archivado
2026-09-17	7cea3421e954392f856bcc8212521cb0e3574ed515068b3ca84aa97c7810ae91	scripts_for_fuentes/entrada/lect_jaffe1995es.pdf	Regulación ambiental y la competitividad de la fabricación estadounidense: ¿qué nos dice la evidencia? (traducción automática al español)	Adam B., Jaffe & Steven R., Peterson & Paul R., Portney & Robert N., Stavins	Journal Article	Artículo de revista	1995	Journal of Economic Literature	economia_ambiental, teoria_regulacion	10372	biblioteca/Adam B., Jaffe/Regulacion ambiental y la competitividad de la fabricacion estadounidense_ _que nos dice la ev (10372)/Regulacion ambiental y la competitividad d - Adam B., Jaffe.pdf		archivado
2026-09-17	bbdafec95b14c23b50c40de2389a026377760e82cd67a0894d870c2b048b1695	scripts_for_fuentes/entrada/lect_reyes2005.pdf	El precio de la contaminación como herramienta económica e instrumento de política ambiental	Rosa E., Reyes Gil & Luis E., Galván Rico & Mauricio, Aguiar Serra	Journal Article	Artículo de revista	2005	Interciencia	economia_ambiental, recursos_naturales	10373	biblioteca/Rosa E., Reyes Gil/El precio de la contaminacion como herramienta economica e instrumento de politica ambiental (10373)/El precio de la contaminacion como herrami - Rosa E., Reyes Gil.pdf		archivado
2026-09-17	61de66847dfd30a6de98e1027e8cf44c71079e2eff835e4979210c1d575b7a74	scripts_for_fuentes/entrada/lect_poncela2019.pdf	Impacto de las tecnologías digitales en la transformación del comercio internacional	Marisa, Poncela García	Journal Article	Artículo de revista	2019	Información Comercial Española, ICE: Revista de Economía	comercio_internacional	10374	biblioteca/Marisa, Poncela Garcia/Impacto de las tecnologias digitales en la transformacion del comercio internacional (10374)/Impacto de las tecnologias digitales en la - Marisa, Poncela Garcia.pdf		archivado
2026-09-17	1a65f9b1560fe71cea212beed33c7f86932dd36894ea4e9d3ee4a77db889edfd	scripts_for_fuentes/entrada/lect_omc2013c.pdf	Informe sobre el comercio mundial 2013: factores que determinan el futuro del comercio. Sección C, factores económicos fundamentales que afectan al comercio internacional	Organización Mundial del Comercio	Report	Informe	2013	Organización Mundial del Comercio	comercio_internacional	10375	biblioteca/Organizacion Mundial del Comercio/Informe sobre el comercio mundial 2013_ factores que determinan el futuro del comercio. Seccio (10375)/Informe sobre el comercio mundial 2013_ fa - Organizacion Mundial del Comercio.pdf		archivado
2026-09-17	dae1eab5c0cb68356c9b6026928e9c80ed809848157af446d4352dc8f1578de9	scripts_for_fuentes/entrada/lect_dumrauf2010cap1.pdf	Fundamentos y principios de las finanzas (Finanzas corporativas: un enfoque latinoamericano, 2.ª ed., cap. 1)	Guillermo, Lopez Dumrauf	Book Section	Lectura obligatoria	2010	Alfaomega	finanzas_corporativas	10376	biblioteca/Guillermo, Lopez Dumrauf/Fundamentos y principios de las finanzas (Finanzas corporativas_ un enfoque latinoamericano, 2 (10376)/Fundamentos y principios de las finanzas ( - Guillermo, Lopez Dumrauf.pdf		archivado
2026-09-17	b931a2fe402671bd5fbdddaf6f5e2365512bcaa1ca190c4fe57904fb24a0537e	scripts_for_fuentes/entrada/lect_vanhorne2010cap21.pdf	Préstamos a plazo y arrendamientos (Fundamentos de administración financiera, 13.ª ed., cap. 21)	James C., Van Horne & John M., Wachowicz	Book Section	Lectura obligatoria	2010	Pearson Educación	finanzas_corporativas	10377	biblioteca/James C., Van Horne/Prestamos a plazo y arrendamientos (Fundamentos de administracion financiera, 13.a ed., cap. 2 (10377)/Prestamos a plazo y arrendamientos (Fundam - James C., Van Horne.pdf		archivado
2026-09-17	2df44dbd68391cc247c925a63c4c61516af802bc660ae31ac04442786644f103	scripts_for_fuentes/entrada/lect_fernandez_globalizacion.pdf	¿Qué es la globalización?	Héctor, Fernández	Webpage	Artículo complementario	2021	Economía TIC	finanzas_internacionales, economia_internacional	10378	biblioteca/Hector, Fernandez/_Que es la globalizacion_ (10378)/_Que es la globalizacion_ - Hector, Fernandez.pdf		archivado
2026-09-17	94a09503108b9987b6b3c4468365aa6a4760d652df10b9a5bc44576603e4f307	scripts_for_fuentes/entrada/lect_lahura2013.pdf	Regímenes cambiarios y desempeño macroeconómico: una evaluación de la literatura	Erick, Lahura & Marco, Vega	Journal Article	Artículo de revista	2013	Revista Estudios Económicos (Banco Central de Reserva del Perú)	finanzas_internacionales, macroeconomia	10379	biblioteca/Erick, Lahura/Regimenes cambiarios y desempeno macroeconomico_ una evaluacion de la literatura (10379)/Regimenes cambiarios y desempeno macroecon - Erick, Lahura.pdf		archivado
2026-09-17	2ebe5bcc568251ac134248d7bd681b32477dbed932eab35dce7c99fcf959de71	scripts_for_fuentes/entrada/lect_bcrp2014ri3.pdf	Reporte de Inflación, octubre 2014. Recuadro 3: El canal de tasas de interés y la efectividad de la política monetaria	Banco Central de Reserva del Perú	Report	Lectura	2014	Banco Central de Reserva del Perú	politica_monetaria, macroeconomia	10380	biblioteca/Banco Central de Reserva del Peru/Reporte de Inflacion, octubre 2014. Recuadro 3_ El canal de tasas de interes y la efectividad (10380)/Reporte de Inflacion, octubre 2014. Recuad - Banco Central de Reserva del Peru.pdf		archivado
2026-09-17	ee62334530f65edb4c7185d7e68890835bfb4fd98cf359635c8a45da7bae6cfc	scripts_for_fuentes/entrada/lect_bcrp2016ri6.pdf	Reporte de Inflación, junio 2016. Recuadro 6: Esquemas de metas de inflación y política monetaria anticíclica	Banco Central de Reserva del Perú	Report	Lectura	2016	Banco Central de Reserva del Perú	politica_monetaria, macroeconomia	10381	biblioteca/Banco Central de Reserva del Peru/Reporte de Inflacion, junio 2016. Recuadro 6_ Esquemas de metas de inflacion y politica moneta (10381)/Reporte de Inflacion, junio 2016. Recuadro - Banco Central de Reserva del Peru.pdf		archivado
2026-09-17	7d237943e2ebf4ca9bdd126e170f0356fcec5773e5f567abf28cc75d85478d36	scripts_for_fuentes/entrada/lect_bcrp2019ri6.pdf	Reporte de Inflación, diciembre 2019. Recuadro 6: Relación entre inflación y actividad económica en el corto plazo	Banco Central de Reserva del Perú	Report	Lectura	2019	Banco Central de Reserva del Perú	politica_monetaria, macroeconomia	10382	biblioteca/Banco Central de Reserva del Peru/Reporte de Inflacion, diciembre 2019. Recuadro 6_ Relacion entre inflacion y actividad economi (10382)/Reporte de Inflacion, diciembre 2019. Recu - Banco Central de Reserva del Peru.pdf		archivado
2026-09-17	acd27cc8890b7811f09290a7f258090ff93f3c4d7e3798d8415c55f92c73ea08	scripts_for_fuentes/entrada/lect_barraza2019.pdf	¿Cuál es la diferencia entre propósito, misión y visión?	H. J., Barraza	Webpage	Artículo complementario	2019	Collective Academy	administracion	10383	biblioteca/H. J., Barraza/_Cual es la diferencia entre proposito, mision y vision_ (10383)/_Cual es la diferencia entre proposito, mi - H. J., Barraza.pdf		archivado
2026-09-17	5d8ee241f6b89fa696a0f515e31796b954852a973b4279f3b86d824d5d76c6bf	scripts_for_fuentes/entrada/lect_ortega2019.pdf	El plan estratégico de una empresa, la herramienta que te conduce al éxito	Jorge, Ortega	Webpage	Artículo complementario	2019		administracion	10384	biblioteca/Jorge, Ortega/El plan estrategico de una empresa, la herramienta que te conduce al exito (10384)/El plan estrategico de una empresa, la her - Jorge, Ortega.pdf		archivado
2026-09-17	5540aced279e45f11e0f33f7c6156d2d91b533b7a77391708e57fb35b5fd71e7	scripts_for_fuentes/entrada/lect_pad2021.pdf	Estrategia empresarial: pasos para una implementación exitosa	PAD Escuela de Dirección - Universidad de Piura	Webpage	Artículo complementario	2021	PAD Escuela de Dirección - Universidad de Piura	administracion	10385	biblioteca/PAD Escuela de Direccion - Universidad de Piura/Estrategia empresarial_ pasos para una implementacion exitosa (10385)/Estrategia empresarial_ pasos para una imp - PAD Escuela de Direccion - Universidad de .pdf		archivado
2026-09-17	2b3d2b4a0221464ade9359c727da0f7630dc3979a08108e2f92dfcc6e10dc427	scripts_for_fuentes/entrada/lect_fernandez_liderazgo.pdf	Qué es el liderazgo: importancia, estilos, habilidades y mitos	Héctor, Fernández	Webpage	Artículo complementario	2021	Economía TIC	administracion	10386	biblioteca/Hector, Fernandez/Que es el liderazgo_ importancia, estilos, habilidades y mitos (10386)/Que es el liderazgo_ importancia, estilos, - Hector, Fernandez.pdf		archivado
2026-09-17	bd82aad9f426cc29a7df9350136301892aadce336d9979f1226cb7851c01d49e	scripts_for_fuentes/entrada/lect_baker2000.pdf	Evaluación del impacto de los proyectos de desarrollo en la pobreza: manual para profesionales	Judy L., Baker	Book	Libro	2000	Banco Mundial	gerencia_social, evaluacion_impacto	10387	biblioteca/Judy L., Baker/Evaluacion del impacto de los proyectos de desarrollo en la pobreza_ manual para profesionales (10387)/Evaluacion del impacto de los proyectos de - Judy L., Baker.pdf		archivado
2026-09-17	d109a5ed1450e4a79780a99bf95a54dbfbbccf75e93a1fc4b3319d81ea294166	scripts_for_fuentes/entrada/lect_malpartida2020.pdf	Solucionario de finanzas: examen del Concurso Nacional Infox	Marlon, Malpartida Jimenez	Report	Solucionario	2020	Infox	finance, solucionario	10388	biblioteca/Marlon, Malpartida Jimenez/Solucionario de finanzas_ examen del Concurso Nacional Infox (10388)/Solucionario de finanzas_ examen del Concu - Marlon, Malpartida Jimenez.pdf		archivado
2026-09-17	2f187b693e4ad8e68fab5b8b29dfbd53d0df969c41858d51e618ffe07530a3bf	scripts_for_fuentes/entrada/lect_huaranga2021.pdf	Resolución de la evaluación técnica del Immersion Program 2021: contabilidad	Víctor, Huaranga	Report	Solucionario	2021		contabilidad, solucionario	10389	biblioteca/Victor, Huaranga/Resolucion de la evaluacion tecnica del Immersion Program 2021_ contabilidad (10389)/Resolucion de la evaluacion tecnica del Im - Victor, Huaranga.pdf		archivado
2026-09-18	cf72b70325b96a339e09eb0591d2a7c2a1b606a4009c15f5d3a728b4d5e11cab	02_investigacion/marco_legal/17_jurisprudencia/stc_00005_2020_pi_tc_apologia_terrorismo_ley_30610.pdf	Sentencia 370/2022, Expediente 00005-2020-PI/TC. Demanda de inconstitucionalidad contra la Ley 30610 (apología del delito de terrorismo, artículo 316-A del Código Penal)	Tribunal Constitucional	Report	Documento oficial	2022	Tribunal Constitucional	derecho, seguridad_ciudadana, documento_oficial	10390	biblioteca/Tribunal Constitucional/Sentencia 370_2022, Expediente 00005-2020-PI_TC. Demanda de inconstitucionalidad contra la Ley (10390)/Sentencia 370_2022, Expediente 00005-2020- - Tribunal Constitucional.pdf		archivado
2026-09-18	3c057b99eff056f50f71c030c3781d1c0d7fd22029e9f81966c92e8c4723c16a	02_investigacion/marco_legal/11_seguridad/ds_110_2026_pcm_prorroga_estado_de_emergencia_vraem.pdf	Decreto Supremo N.° 110-2026-PCM. Prórroga del estado de emergencia en distritos y centros poblados de Ayacucho, Huancavelica, Junín y Cusco (VRAEM) y en las franjas territoriales del Eje Energético de Camisea y del Corredor del Ene	Presidencia del Consejo de Ministros	Statute	Normativa	2026	Presidencia del Consejo de Ministros	seguridad_ciudadana, legislacion	10391	biblioteca/Presidencia del Consejo de Ministros/Decreto Supremo N.deg 110-2026-PCM. Prorroga del estado de emergencia en distritos y centros p (10391)/Decreto Supremo N.deg 110-2026-PCM. Prorro - Presidencia del Consejo de Ministros.pdf		archivado
2026-09-18	047018dd33b83f19d605fdc7c23441264c20a23b7c0a56cffe0d641102564475	02_investigacion/marco_legal/11_seguridad/ley_30610_2017_apologia_del_delito_de_terrorismo_art_316a.pdf	Ley N.° 30610. Ley que modifica el artículo 316 e incorpora el artículo 316-A al Código Penal, tipificando el delito de apología de terrorismo	Congreso de la República	Statute	Normativa	2017	Congreso de la República	seguridad_ciudadana, legislacion, derecho	10392	biblioteca/Congreso de la Republica/Ley N.deg 30610. Ley que modifica el articulo 316 e incorpora el articulo 316-A al Codigo Pena (10392)/Ley N.deg 30610. Ley que modifica el artic - Congreso de la Republica.pdf		archivado
2026-09-18	14c6841371fdefd460206a5b883e72367fbbe2258c5442ded75cf85cc8988beb	02_investigacion/marco_legal/16_derechos_humanos/ley_32419_2025_amnistia_ffaa_pnp_comites_autodefensa.pdf	Ley N.° 32419. Ley que concede amnistía a los miembros de las Fuerzas Armadas, de la Policía Nacional del Perú y de los comités de autodefensa	Congreso de la República	Statute	Normativa	2025	Congreso de la República	derechos_humanos, legislacion	10393	biblioteca/Congreso de la Republica/Ley N.deg 32419. Ley que concede amnistia a los miembros de las Fuerzas Armadas, de la Policia (10393)/Ley N.deg 32419. Ley que concede amnistia - Congreso de la Republica.pdf		archivado
2026-09-18	c6fd84c6e59c1970dc803a3214c2008b594b820bcaa6a0f2fc4a7b36e05c09a9	02_investigacion/marco_legal/16_derechos_humanos/ley_32107_2024_lesa_humanidad_crimenes_de_guerra.pdf	Ley N.° 32107. Ley que precisa la aplicación y los alcances del delito de lesa humanidad y crímenes de guerra en la legislación peruana	Congreso de la República	Statute	Normativa	2024	Congreso de la República	derechos_humanos, legislacion	10394	biblioteca/Congreso de la Republica/Ley N.deg 32107. Ley que precisa la aplicacion y los alcances del delito de lesa humanidad y c (10394)/Ley N.deg 32107. Ley que precisa la aplica - Congreso de la Republica.pdf		archivado
2026-09-28	6af85389d57bc40bdf4769c944a6b4efb3c3de30737aaf26fe5a3c962ddb9ce0	ravn-uhlig-2002-adjusting-hp-filter-frequency.pdf	On Adjusting the Hodrick-Prescott Filter for the Frequency of Observations	Morten O. Ravn & Harald Uhlig	Journal Article	Artículo de revista	2002	The Review of Economics and Statistics, 84(2), 371-376	series de tiempo,filtro Hodrick-Prescott,metodologia	10416	biblioteca/Morten O., Ravn/On Adjusting the Hodrick-Prescott Filter for the Frequency of Observations (10416)/On Adjusting the Hodrick-Prescott Filter f - Morten O., Ravn.pdf		archivado
2026-09-28	3718bb15f5754785f5e50a3bd96561720c5d44637f687ddfdff554853d87f006	inei-2022-metodologia-ipc-lima-base-dic2021.pdf	Metodología del Índice de Precios al Consumidor de Lima Metropolitana. Base diciembre 2021	Instituto Nacional de Estadística e Informática	Report	Informe técnico	2022	Instituto Nacional de Estadística e Informática	documento_oficial,indice de precios,IPC,metodologia	10417	biblioteca/Instituto Nacional de Estadistica e Informatica/Metodologia del Indice de Precios al Consumidor de Lima Metropolitana. Base diciembre 2021 (10417)/Metodologia del Indice de Precios al Consu - Instituto Nacional de Estadistica e Inform.pdf		archivado
2026-09-28	2123df4dcdd84a506e75acaf7a4175d4056a0416d4a861315bd5246e3e3a1b50	inei-2022-metodologia-ipc-nacional-base-dic2021.pdf	Metodología del Índice de Precios al Consumidor a Nivel Nacional. Base diciembre 2021	Instituto Nacional de Estadística e Informática	Report	Informe técnico	2022	Instituto Nacional de Estadística e Informática	documento_oficial,indice de precios,IPC,metodologia	10418	biblioteca/Instituto Nacional de Estadistica e Informatica/Metodologia del Indice de Precios al Consumidor a Nivel Nacional. Base diciembre 2021 (10418)/Metodologia del Indice de Precios al Consu - Instituto Nacional de Estadistica e Inform.pdf		archivado
2026-09-28	56b251fa8894420d94c454a3bd581c2fe567f241605b1684f0f9610aa3563964	hodrick-prescott-1997-postwar-us-business-cycles.pdf	Postwar U.S. Business Cycles: An Empirical Investigation	Robert J. Hodrick & Edward C. Prescott	Journal Article	Artículo de revista	1997	Journal of Money, Credit and Banking, 29(1), 1-16	series de tiempo,filtro Hodrick-Prescott,ciclo economico,metodologia	10419	biblioteca/Robert J., Hodrick/Postwar U.S. Business Cycles_ An Empirical Investigation (10419)/Postwar U.S. Business Cycles_ An Empirical - Robert J., Hodrick.pdf		archivado
2026-09-28	5eee57eb6304e7dc239f4f36ae4c4572bea45758d181c20b48182fc95ccc29e6	articulo__documento_media_cifras_de_pobreza_nota01.pdf.pdf	Metodología para la medición de la pobreza monetaria (actualización metodológica, Comisión Consultiva para la Estimación de la Pobreza)	Instituto Nacional de Estadística e Informática	Report	Informe técnico	2012	Instituto Nacional de Estadística e Informática	pobreza monetaria,ENAHO,linea de pobreza,metodologia,documento_oficial	10420	biblioteca/Instituto Nacional de Estadistica e Informatica/Metodologia para la medicion de la pobreza monetaria (actualizacion metodologica, Comision Con (10420)/Metodologia para la medicion de la pobreza - Instituto Nacional de Estadistica e Inform.pdf		archivado
2026-09-28	962f955731c3ab3624ca49464fe396fa85f5c4839e4c440dc4a21a9485085c84	articulo__documento_8081468157174849_pdf_483380PUB0Pove101OFFICIAL0USE0ONLY1.pdf.pdf	Handbook on Poverty and Inequality	Jonathan Haughton & Shahidur R. Khandker	Book	Libro	2009	World Bank	pobreza,desigualdad,encuestas de hogares,FGT,metodologia	10421	biblioteca/Jonathan, Haughton/Handbook on Poverty and Inequality (10421)/Handbook on Poverty and Inequality - Jonathan, Haughton.pdf		archivado
2026-09-28	1336cd198d3aabb314fbac4a15f48ae737f41aadba354a4fbce20eedba7586ca	articulo__documento_manuals13_svyvarianceestimation.pdf.pdf	Stata Survey Data Reference Manual, Release 13: variance estimation — Variance estimation for survey data	StataCorp	Book Section	Informe	2013	Stata Press	encuestas complejas,varianza,linealizacion,bootstrap,metodologia	10422	biblioteca/StataCorp/Stata Survey Data Reference Manual, Release 13_ variance estimation -- Variance estimation for (10422)/Stata Survey Data Reference Manual, Releas - StataCorp.pdf		archivado
2026-09-28	1d55e79fe52c2c2843cc381bc24693b4552bed322c38bb3676cd8cfc367a2f14	imf-2017-quarterly-national-accounts-manual.pdf	Quarterly National Accounts Manual: 2017 Edition	International Monetary Fund	Book	Libro	2017	International Monetary Fund, Washington D.C.	cuentas nacionales,PBI trimestral,desestacionalizacion,empalme,benchmarking,metodologia	10423	biblioteca/International Monetary Fund/Quarterly National Accounts Manual_ 2017 Edition (10423)/Quarterly National Accounts Manual_ 2017 E - International Monetary Fund.pdf		archivado
2026-09-29	1f64a4bfaf353f19a5732c44abbfe8507e82046e1cc7e300f3fee42dbb9b9f5d	ley-24064-1985-inti.pdf	Ley N.° 24064. Establece el Inti como unidad monetaria (con la Regulación Inti N.° 001-85-EF/90)	Congreso de la República	Statute	Normativa	1985	Diario Oficial El Peruano	legislacion,moneda,inti,unidad monetaria	10424	biblioteca/Congreso de la Republica/Ley N.deg 24064. Establece el Inti como unidad monetaria (con la Regulacion Inti N.deg 001-85- (10424)/Ley N.deg 24064. Establece el Inti como un - Congreso de la Republica.pdf		archivado
2026-09-29	f3bcb7fdeb95caeb54e4b18cd2f9182a09bcafdb306bc86abc93361b2a61ae7d	ley-25295-1991-nuevo-sol.pdf	Ley N.° 25295. Establece el Nuevo Sol como unidad monetaria del Perú	Congreso de la República	Statute	Normativa	1991	Diario Oficial El Peruano	legislacion,moneda,nuevo sol,unidad monetaria	10425	biblioteca/Congreso de la Republica/Ley N.deg 25295. Establece el Nuevo Sol como unidad monetaria del Peru (10425)/Ley N.deg 25295. Establece el Nuevo Sol co - Congreso de la Republica.pdf		archivado
2026-09-29	83dbff49bc671225ac99d1758fe1c4360ea9fa800483a0e6c191e8ffb96d41b1	datafw/data/raw/produce/mipyme_en_cifras_2024/mipyme_en_cifras_2024_v001_bajado-2026-09-29.pdf	Mipyme en cifras 2024	Ministerio de la Producción	Report	Informe	2024	Ministerio de la Producción	documento_oficial	10426	biblioteca/Ministerio de la Produccion/Mipyme en cifras 2024 (10426)/Mipyme en cifras 2024 - Ministerio de la Produccion.pdf		archivado
2026-09-30	dc5a48be1654aa36595c052dd5490fcb73ac7f8aca92b7a6d2e02c7b5cdbcef9	bcrp_compendio_historia_economica_peru_tomo_3.pdf	Compendio de historia económica del Perú III. Economía del período colonial tardío	Banco Central de Reserva del Perú	Book	Libro	2010	Instituto de Estudios Peruanos; Banco Central de Reserva del Perú	documento_oficial	10427	biblioteca/Banco Central de Reserva del Peru/Compendio de historia economica del Peru III. Economia del periodo colonial tardio (10427)/Compendio de historia economica del Peru I - Banco Central de Reserva del Peru.pdf		archivado
2026-09-30	dd871d8357a59f3ea0f54234f03d42c2948fce8e8d62b90e58b33eb326814fe6	bcrp_compendio_historia_economica_peru_tomo_4.pdf	Compendio de historia económica del Perú IV. Economía de la primera centuria independiente	Banco Central de Reserva del Perú	Book	Libro	2011	Instituto de Estudios Peruanos; Banco Central de Reserva del Perú	documento_oficial	10428	biblioteca/Banco Central de Reserva del Peru/Compendio de historia economica del Peru IV. Economia de la primera centuria independiente (10428)/Compendio de historia economica del Peru I - Banco Central de Reserva del Peru.pdf		archivado
2026-09-30	f48c8206ea3def4995710a6e72986aac87b9b49802aa6eca74bb74c9ef380ac7	bcrp_compendio_historia_economica_peru_tomo_2.pdf	Compendio de historia económica del Perú II. Economía del período colonial temprano	Banco Central de Reserva del Perú	Book	Libro	2009	Instituto de Estudios Peruanos; Banco Central de Reserva del Perú	documento_oficial	10429	biblioteca/Banco Central de Reserva del Peru/Compendio de historia economica del Peru II. Economia del periodo colonial temprano (10429)/Compendio de historia economica del Peru I - Banco Central de Reserva del Peru.pdf		archivado
2026-09-30	8de40dbb4f9fa0cf9c8efd744e13ae33a9fa77237f94f44868bc158cd62ec483	bcrp_compendio_historia_economica_peru_tomo_5.pdf	Compendio de historia económica del Perú V. La economía peruana entre la gran depresión y el reformismo militar, 1930-1980	Banco Central de Reserva del Perú	Book	Libro	2014	Instituto de Estudios Peruanos; Banco Central de Reserva del Perú	documento_oficial	10430	biblioteca/Banco Central de Reserva del Peru/Compendio de historia economica del Peru V. La economia peruana entre la gran depresion y el r (10430)/Compendio de historia economica del Peru V - Banco Central de Reserva del Peru.pdf		archivado
2026-10-04	ff8ed9a06cc4755035a3b284d0dc03d136a0a59eb22b8b788e48dec8e808715e	programa-2026/ccsds-650x0m3-oais-reference-model-2024.pdf	Reference Model for an Open Archival Information System (OAIS). Recommended Practice CCSDS 650.0-M-3 (= ISO 14721:2025)	Consultative Committee for Space Data Systems	Document	Normativa	2024	CCSDS Secretariat	preservacion_digital, programa-2026	10431	biblioteca/Consultative Committee for Space Data Systems/Reference Model for an Open Archival Information System (OAIS). Recommended Practice CCSDS 650 (10431)/Reference Model for an Open Archival Infor - Consultative Committee for Space Data Syst.pdf	TLFMANYG	archivado
2026-10-04	8537c66a5ebfbd88f4840b05178345d4c68f4669c2beb354f006e2e1c921604e	programa-2026/biber-manual.pdf	biber: A backend bibliography processor for biblatex, version 2.22	Philip, Kime & François, Charette	Book	Guía	2026	CTAN (biblio/biber)	latex, manual, programa-2026	10432	biblioteca/Philip, Kime/biber_ A backend bibliography processor for biblatex, version 2.22 (10432)/biber_ A backend bibliography processor fo - Philip, Kime.pdf	6Z6Q8NDQ	archivado
2026-10-04	d28921ad47691dd1e94bc5cb80e5022b41c8a8c29fa352ed8a312b2c48b39d05	programa-2026/calibre-user-manual.pdf	calibre User Manual, Release 9.15.0	Kovid, Goyal	Book	Guía	2026	calibre-ebook.com	gestion_documental, manual, programa-2026	10433	biblioteca/Kovid, Goyal/calibre User Manual, Release 9.15.0 (10433)/calibre User Manual, Release 9.15.0 - Kovid, Goyal.pdf	VCLT2CBW	archivado
2026-10-04	2c2ec6829dc61af7d521e678fc484a5f34249e4d423dba686210311c7ec79b87	programa-2026/diataxis-procida-web-2026-10-04.pdf	Diátaxis: A systematic approach to technical documentation authoring (web, consultado 2026-10-04)	Daniele, Procida	Webpage	Guía		diataxis.fr	ingenieria_software, programa-2026	10434	biblioteca/Daniele, Procida/Diataxis_ A systematic approach to technical documentation authoring (web, consultado 2026-10- (10434)/Diataxis_ A systematic approach to technic - Daniele, Procida.pdf	MGFDTNIY	archivado
2026-10-04	0a5bdb835f572a302a2a482783592ed5fed186c8fd991a0363537a3340d0c455	programa-2026/zotero-documentation-support-web-2026-10-04.pdf	Zotero Documentation (web, consultado 2026-10-04)	Corporation for Digital Scholarship	Webpage	Guía		zotero.org	gestion_documental, manual, programa-2026	10435	biblioteca/Corporation for Digital Scholarship/Zotero Documentation (web, consultado 2026-10-04) (10435)/Zotero Documentation (web, consultado 2026 - Corporation for Digital Scholarship.pdf	2CQWFJYG	archivado
2026-10-04	adef7ddc52a0f2328fcc40ae71bfefba594d9f8fb385bb79e33a519c5ff5f0b9	programa-2026/conventional-commits-1.0.0-web-2026-10-04.pdf	Conventional Commits 1.0.0	Conventional Commits (comunidad)	Document	Normativa		conventionalcommits.org	ingenieria_software, programa-2026	10436	biblioteca/Conventional Commits (comunidad)/Conventional Commits 1.0.0 (10436)/Conventional Commits 1.0.0 - Conventional Commits (comunidad).pdf	VNGWIUC9	archivado
2026-10-04	97a5233152e8c02336db537c2cdd9957fc063fa1637dd378c29ae2ae67221eaf	programa-2026/feathers-2002-working-effectively-with-legacy-code-objectmentor.pdf	Working Effectively With Legacy Code (artículo, Object Mentor, 2002)	Michael C., Feathers	Report	Documento de trabajo	2002	Object Mentor, Inc.	ingenieria_software, programa-2026	10437	biblioteca/Michael C., Feathers/Working Effectively With Legacy Code (articulo, Object Mentor, 2002) (10437)/Working Effectively With Legacy Code (arti - Michael C., Feathers.pdf	LNL3KU6J	archivado
2026-10-04	d69b8f43ebaf82b868ca4208ef97c1b1f20df31a5f10949b32780ebfae485b63	programa-2026/rfc3339-date-and-time-on-the-internet-web.pdf	RFC 3339. Date and Time on the Internet: Timestamps	Graham, Klyne & Chris, Newman	Document	Normativa	2002	Internet Engineering Task Force	ingenieria_software, programa-2026	10438	biblioteca/Graham, Klyne/RFC 3339. Date and Time on the Internet_ Timestamps (10438)/RFC 3339. Date and Time on the Internet_ T - Graham, Klyne.pdf	QJUAYZL5	archivado
2026-10-04	763ecf202d5cc71895597012d5f5aa2cdd8c147485c3eed87bd299a8ddb11ceb	programa-2026/pro-git-2ed-chacon-straub.pdf	Pro Git, 2nd edition (version 2.1.449)	Scott, Chacon & Ben, Straub	Book	Libro	2014	Apress / progit.org	ingenieria_software, manual, programa-2026	10439	biblioteca/Scott, Chacon/Pro Git, 2nd edition (version 2.1.449) (10439)/Pro Git, 2nd edition (version 2.1.449) - Scott, Chacon.pdf	QU8EGAVN	archivado
2026-10-04	c7a3e3b3218b034c758f4a247dc5dedf4e0090853f79f83297feca55cb778762	programa-2026/barker-2022-fair4rs-principles.pdf	Introducing the FAIR Principles for research software	Michelle, Barker & Neil P., Chue Hong & Daniel S., Katz & Anna-Lena, Lamprecht & Carlos, Martinez-Ortiz & Fotis, Psomopoulos & Jennifer, Harrow & Leyla Jael, Castro & Morane, Gruenpeter & Paula Andrea, Martinez & Tom, Honeyman	Journal Article	Artículo de revista	2022	Springer Nature (Scientific Data 9:622)	investigacion_reproducible, ingenieria_software, programa-2026	10440	biblioteca/Michelle, Barker/Introducing the FAIR Principles for research software (10440)/Introducing the FAIR Principles for resear - Michelle, Barker.pdf	GW3E6CH7	archivado
2026-10-04	7576edb531d9848825814ee88e28b1795d3a84b435b4b797d3670eafdc4a89f1	programa-2026/nist-ai-100-1-ai-risk-management-framework-2023.pdf	Artificial Intelligence Risk Management Framework (AI RMF 1.0). NIST AI 100-1	National Institute of Standards and Technology	Report	Informe técnico	2023	National Institute of Standards and Technology	inteligencia_artificial, prompting, programa-2026	10441	biblioteca/National Institute of Standards/Artificial Intelligence Risk Management Framework (AI RMF 1.0). NIST AI 100-1 (10441)/Artificial Intelligence Risk Management Fr - National Institute of Standards.pdf	LNBK9QB3	archivado
2026-10-04	ecef13f225de55549ee5214f70cca30998f3251dee65c6b00931aae18b7736c2	programa-2026/lshort-not-so-short-introduction-latex.pdf	The Not So Short Introduction to LaTeX 2ε, version 6.4	Tobias, Oetiker & Hubert, Partl & Irene, Hyna & Elisabeth, Schlegl	Book	Guía	2021	CTAN (info/lshort)	latex, manual, programa-2026	10442	biblioteca/Tobias, Oetiker/The Not So Short Introduction to LaTeX 2e, version 6.4 (10442)/The Not So Short Introduction to LaTeX 2e, - Tobias, Oetiker.pdf	CPJKU7F3	archivado
2026-10-04	661f17515b7922b1b732aa7f11f7e330ff8e9f391b4aca08c13f64bd8d11777e	programa-2026/wcag-2.2-w3c-recommendation-web-2026-10-04.pdf	Web Content Accessibility Guidelines (WCAG) 2.2. W3C Recommendation 12 December 2024	World Wide Web Consortium	Document	Normativa	2024	World Wide Web Consortium	ingenieria_software, programa-2026	10443	biblioteca/World Wide Web Consortium/Web Content Accessibility Guidelines (WCAG) 2.2. W3C Recommendation 12 December 2024 (10443)/Web Content Accessibility Guidelines (WCAG - World Wide Web Consortium.pdf	78E4583L	archivado
2026-10-04	61b3e26ae9118bb589259e11d9aab133d45229cbb2e1144e602542954b0f2279	programa-2026/loc-personal-archiving-brochure.pdf	Preserving Your Digital Memories: How to Preserve Your Own Digital Materials (Personal Archiving)	Library of Congress	Pamphlet	Folleto	2010	Library of Congress, National Digital Information Infrastructure and Preservation Program	preservacion_digital, programa-2026	10444	biblioteca/Library of Congress/Preserving Your Digital Memories_ How to Preserve Your Own Digital Materials (Personal Archivi (10444)/Preserving Your Digital Memories_ How to P - Library of Congress.pdf	Q2HUJKMG	archivado
2026-10-04	b44a7ba593773ae61adad77a1570c577c6cdc4375bfc14e83b8e2701032b6e3e	programa-2026/pep-0008-style-guide-python-code-web-2026-10-04.pdf	PEP 8 – Style Guide for Python Code	Guido, van Rossum & Barry, Warsaw & Alyssa, Coghlan	Document	Normativa	2001	Python Software Foundation	ingenieria_software, fundamento_programacion, programa-2026	10445	biblioteca/Guido, van Rossum/PEP 8 - Style Guide for Python Code (10445)/PEP 8 - Style Guide for Python Code - Guido, van Rossum.pdf	RPT4VD9M	archivado
2026-10-04	0fad72cbdadd828d6d43847720dcddbc5607f163c4f17c21dc885984c2674d9f	programa-2026/commonmark-0.31.2-spec-web-2026-10-04.pdf	CommonMark Spec, version 0.31.2	John, MacFarlane	Document	Normativa	2024	commonmark.org	ingenieria_software, programa-2026	10446	biblioteca/John, MacFarlane/CommonMark Spec, version 0.31.2 (10446)/CommonMark Spec, version 0.31.2 - John, MacFarlane.pdf	2FPIY4HS	archivado
2026-10-04	1eeb15232ec359418c042f9d8e9690719f7fc898581febbb665e0b9b2f8f80f7	programa-2026/rfc8259-json-data-interchange-format-web.pdf	RFC 8259. The JavaScript Object Notation (JSON) Data Interchange Format (STD 90)	Tim, Bray	Document	Normativa	2017	Internet Engineering Task Force	ingenieria_software, programa-2026	10447	biblioteca/Tim, Bray/RFC 8259. The JavaScript Object Notation (JSON) Data Interchange Format (STD 90) (10447)/RFC 8259. The JavaScript Object Notation ( - Tim, Bray.pdf	G8EQUGAY	archivado
2026-10-04	7e934cd7d3acbe31d5590391148231b2d185a92d0b843d4daee82913ec1907ef	programa-2026/python-3.13-tutorial.pdf	The Python Tutorial, Release 3.13.7	Python Software Foundation	Book	Tutorial	2025	Python Software Foundation	fundamento_programacion, manual, programa-2026	10448	biblioteca/Python Software Foundation/The Python Tutorial, Release 3.13.7 (10448)/The Python Tutorial, Release 3.13.7 - Python Software Foundation.pdf	96DK5B8Z	archivado
2026-10-04	0011deacd5c1834643443e5b10d7610d26f5b0e06505b8cd1ebc8b37a455610c	programa-2026/keep-a-changelog-1.1.0-lacan-web-2026-10-04.pdf	Keep a Changelog 1.1.0	Olivier, Lacan	Document	Normativa	2019	keepachangelog.com	ingenieria_software, programa-2026	10449	biblioteca/Olivier, Lacan/Keep a Changelog 1.1.0 (10449)/Keep a Changelog 1.1.0 - Olivier, Lacan.pdf	634KECLG	archivado
2026-10-04	490ec2332a0bad06bbdf421ed6d7c06daefcc12f768fccddd22faab1ab3482f3	programa-2026/cunningham-1992-wycash-portfolio-management-system-oopsla-web.pdf	The WyCash Portfolio Management System (OOPSLA '92 Experience Report)	Ward, Cunningham	Conference Paper	Artículo de revista	1992	ACM (OOPSLA '92 Addendum)	ingenieria_software, gestion_proyectos, programa-2026	10450	biblioteca/Ward, Cunningham/The WyCash Portfolio Management System (OOPSLA '92 Experience Report) (10450)/The WyCash Portfolio Management System (OO - Ward, Cunningham.pdf	YLM8MX2H	archivado
2026-10-04	5741d10712c2b6b03c5e2fea61d44c413074f407ba01b143b4999b2f1b917359	programa-2026/rfc8174-ambiguity-uppercase-lowercase-rfc2119-web.pdf	RFC 8174. Ambiguity of Uppercase vs Lowercase in RFC 2119 Key Words (BCP 14)	Barry, Leiba	Document	Normativa	2017	Internet Engineering Task Force	ingenieria_software, programa-2026	10451	biblioteca/Barry, Leiba/RFC 8174. Ambiguity of Uppercase vs Lowercase in RFC 2119 Key Words (BCP 14) (10451)/RFC 8174. Ambiguity of Uppercase vs Lowerc - Barry, Leiba.pdf	SE7STK7H	archivado
2026-10-04	f15e029a4a7447cc215c0117a046fa6476a9cd73490077cbc592611afa095704	programa-2026/rfc2119-key-words-requirement-levels-web.pdf	RFC 2119. Key words for use in RFCs to Indicate Requirement Levels (BCP 14)	Scott, Bradner	Document	Normativa	1997	Internet Engineering Task Force	ingenieria_software, programa-2026	10452	biblioteca/Scott, Bradner/RFC 2119. Key words for use in RFCs to Indicate Requirement Levels (BCP 14) (10452)/RFC 2119. Key words for use in RFCs to Ind - Scott, Bradner.pdf	D4E8ECMH	archivado
2026-10-04	4f35f465e9f2022fa71395a5a4ad3b1f236c8e4abd49f705ecf61463b5848a12	programa-2026/biblatex-manual.pdf	The biblatex Package: Programmable Bibliographies and Citations, version 3.22a	Philip, Kime & Moritz, Wemheuer & Philipp, Lehman	Book	Guía	2026	CTAN (macros/latex/contrib/biblatex)	latex, manual, programa-2026	10453	biblioteca/Philip, Kime/The biblatex Package_ Programmable Bibliographies and Citations, version 3.22a (10453)/The biblatex Package_ Programmable Bibliog - Philip, Kime.pdf	8SNCUVE4	archivado
2026-10-04	8e85cf1b7bc9738f152e16709105b8951cecbe8621b55933d17ecdf63f75ea47	programa-2026/wilson-2014-best-practices-scientific-computing.pdf	Best Practices for Scientific Computing	Greg, Wilson & D. A., Aruliah & C. Titus, Brown & Neil P., Chue Hong & Matt, Davis & Richard T., Guy & Steven H. D., Haddock & Kathryn D., Huff & Ian M., Mitchell & Mark D., Plumbley & Ben, Waugh & Ethan P., White & Paul, Wilson	Journal Article	Artículo de revista	2014	PLOS (PLoS Biology 12(1): e1001745)	investigacion_reproducible, ingenieria_software, programa-2026	10454	biblioteca/Greg, Wilson/Best Practices for Scientific Computing (10454)/Best Practices for Scientific Computing - Greg, Wilson.pdf	JSU5MALK	archivado
2026-10-04	8486da72c7af9ccd6f2d295dacc909f795950b1c14530c95dcdcb3126f489492	programa-2026/dcmi-metadata-terms-2020-web-2026-10-04.pdf	DCMI Metadata Terms (2020-01-20)	DCMI Usage Board	Document	Normativa	2020	Dublin Core Metadata Initiative	gestion_documental, programa-2026	10455	biblioteca/DCMI Usage Board/DCMI Metadata Terms (2020-01-20) (10455)/DCMI Metadata Terms (2020-01-20) - DCMI Usage Board.pdf	QLUEBPYX	archivado
2026-10-04	cdddd9f4808f7e3e1f013139c3915ef4d7cdccb008fa947ef5f72b4c7b6ffde7	programa-2026/wilkinson-2016-fair-guiding-principles.pdf	The FAIR Guiding Principles for scientific data management and stewardship	Mark D., Wilkinson	Journal Article	Artículo de revista	2016	Springer Nature (Scientific Data 3:160018)	investigacion_reproducible, metodologia_investigacion, programa-2026	10456	biblioteca/Mark D., Wilkinson/The FAIR Guiding Principles for scientific data management and stewardship (10456)/The FAIR Guiding Principles for scientific - Mark D., Wilkinson.pdf	RMZEGTB3	archivado
2026-10-04	882061b4909d7e1400afce0326923ef685df9568058ff24c958eb97c230ba910	programa-2026/kruchten-nord-ozkaya-2012-technical-debt-sei.pdf	Technical Debt: From Metaphor to Theory and Practice	Philippe, Kruchten & Robert L., Nord & Ipek, Ozkaya	Journal Article	Artículo de revista	2012	IEEE (IEEE Software 29(6))	ingenieria_software, gestion_proyectos, programa-2026	10457	biblioteca/Philippe, Kruchten/Technical Debt_ From Metaphor to Theory and Practice (10457)/Technical Debt_ From Metaphor to Theory an - Philippe, Kruchten.pdf	DIEPRV75	archivado
2026-10-04	b3f633018b8e510acbf83352ba1e7d05163aab186310f519ac52a3f8936f2c12	programa-2026/ccsds-652x0m2-audit-certification-trustworthy-digital-repositories-2024.pdf	Audit and Certification of Trustworthy Digital Repositories. Recommended Practice CCSDS 652.0-M-2 (= ISO 16363:2025)	Consultative Committee for Space Data Systems	Document	Normativa	2024	CCSDS Secretariat	preservacion_digital, programa-2026	10458	biblioteca/Consultative Committee for Space Data Systems/Audit and Certification of Trustworthy Digital Repositories. Recommended Practice CCSDS 652.0- (10458)/Audit and Certification of Trustworthy Dig - Consultative Committee for Space Data Syst.pdf	XRSRSJ7M	archivado
2026-10-04	0c9db4da0b2425c58cf778b99131eb31bb6c188e98b67163a549a1366d96e511	programa-2026/ieee-cs-swebok-guide-v4.pdf	Guide to the Software Engineering Body of Knowledge (SWEBOK Guide), version 4.0a	IEEE Computer Society	Book	Libro	2025	IEEE Computer Society	ingenieria_software, programa-2026	10459	biblioteca/IEEE Computer Society/Guide to the Software Engineering Body of Knowledge (SWEBOK Guide), version 4.0a (10459)/Guide to the Software Engineering Body of - IEEE Computer Society.pdf	R3NUEELF	archivado
2026-10-04	873089db347a5393906ceb958518b4f2d81146c1b806b576f21b787eb549e349	programa-2026/obsidian-help-web-2026-10-04.pdf	Obsidian Help (web, consultado 2026-10-04)	Obsidian (Dynalist Inc.)	Webpage	Guía		Obsidian	gestion_documental, manual, programa-2026	10460	biblioteca/Obsidian (Dynalist Inc.)/Obsidian Help (web, consultado 2026-10-04) (10460)/Obsidian Help (web, consultado 2026-10-04) - Obsidian (Dynalist Inc.).pdf	8GDEUFJI	archivado
2026-10-04	ed60d4b71c36d650757c7adfe1d52afb5b6b125b7b747f74f79d5ad80e94c017	programa-2026/wilson-2017-good-enough-practices-scientific-computing.pdf	Good enough practices in scientific computing	Greg, Wilson & Jennifer, Bryan & Karen, Cranston & Justin, Kitzes & Lex, Nederbragt & Tracy K., Teal	Journal Article	Artículo de revista	2017	PLOS (PLOS Computational Biology 13(6): e1005510)	investigacion_reproducible, ingenieria_software, programa-2026	10461	biblioteca/Greg, Wilson/Good enough practices in scientific computing (10461)/Good enough practices in scientific comput - Greg, Wilson.pdf	GJQM4ZY3	archivado
2026-10-04	543d03762c012ea84316a55d6a39756b7f210260c0f542dee25a5c20b5e21d26	programa-2026/semver-2.0.0-preston-werner-web-2026-10-04.pdf	Semantic Versioning 2.0.0	Tom, Preston-Werner	Document	Normativa	2013	semver.org	ingenieria_software, programa-2026	10462	biblioteca/Tom, Preston-Werner/Semantic Versioning 2.0.0 (10462)/Semantic Versioning 2.0.0 - Tom, Preston-Werner.pdf	IJFUXKFK	archivado
2026-10-04	acb751c3a4b5f3d13d88aa65f8057cd530a798fd9d2d0743c37586a7e6ff8b9c	programa-2026/pep-0257-docstring-conventions-web-2026-10-04.pdf	PEP 257 – Docstring Conventions	David, Goodger & Guido, van Rossum	Document	Normativa	2001	Python Software Foundation	ingenieria_software, fundamento_programacion, programa-2026	10463	biblioteca/David, Goodger/PEP 257 - Docstring Conventions (10463)/PEP 257 - Docstring Conventions - David, Goodger.pdf	B4SIR9KH	archivado
2026-10-04	d6e7cea1ef4460eedcf88fe9ce1e9e05c5dea6decf118f257a39a18ed6d0ec6f	programa-2026/r-intro-an-introduction-to-r.pdf	An Introduction to R: Notes on R, a Programming Environment for Data Analysis and Graphics, version 4.6.1	W. N., Venables & D. M., Smith & R Core Team	Book	Guía	2026	R Core Team (CRAN)	programming_r, manual, programa-2026	10464	biblioteca/W. N., Venables/An Introduction to R_ Notes on R, a Programming Environment for Data Analysis and Graphics, ve (10464)/An Introduction to R_ Notes on R, a Progra - W. N., Venables.pdf	BNIEHHBJ	archivado
2026-10-04	01e7aba11d7b62b2164cd308a99a92956d0687dcb78b249dc3f3d2302d51de9a	programa-2026/kanban-university-official-kanban-guide.pdf	The Official Guide to The Kanban Method	Kanban University	Document	Guía	2022	Kanban University (Mauvius Group Inc.)	gestion_proyectos, programa-2026	10465	biblioteca/Kanban University/The Official Guide to The Kanban Method (10465)/The Official Guide to The Kanban Method - Kanban University.pdf	N48REVZS	archivado
2026-10-04	e562bd16eca40a2a59499d79b15d5577d1ea3365401a8b6cb8e834187fb7fb8b	programa-2026/mark-gudith-klocke-2008-cost-of-interrupted-work.pdf	The Cost of Interrupted Work: More Speed and Stress	Gloria, Mark & Daniela, Gudith & Ulrich, Klocke	Conference Paper	Artículo de revista	2008	ACM (CHI 2008)	gestion_proyectos, programa-2026	10466	biblioteca/Gloria, Mark/The Cost of Interrupted Work_ More Speed and Stress (10466)/The Cost of Interrupted Work_ More Speed a - Gloria, Mark.pdf	NA2IQCTB	archivado
2026-10-04	1c559274b7a0384b33273d465e5002d43132766209ac9ba2b8a62965e2304f0d	programa-2026/python-3.13-language-reference.pdf	The Python Language Reference, Release 3.13.7	Python Software Foundation	Book	Guía	2025	Python Software Foundation	fundamento_programacion, manual, programa-2026	10467	biblioteca/Python Software Foundation/The Python Language Reference, Release 3.13.7 (10467)/The Python Language Reference, Release 3.1 - Python Software Foundation.pdf	TL32EBUP	archivado
2026-10-04	1788a3eede72568d96a9e0f3daa638717092c3a9d29aa0465e336f3558260779	programa-2026/dpc-handbook-2ed-contents-web-2026-10-04.pdf	Digital Preservation Handbook, 2nd edition. Contents (índice del sitio, consultado 2026-10-04)	Digital Preservation Coalition	Webpage	Guía	2015	Digital Preservation Coalition	preservacion_digital, programa-2026	10468	biblioteca/Digital Preservation Coalition/Digital Preservation Handbook, 2nd edition. Contents (indice del sitio, consultado 2026-10-04) (10468)/Digital Preservation Handbook, 2nd edition - Digital Preservation Coalition.pdf	RC74EURC	archivado
2026-10-04	321d97a5d220bf0e85af273b0359594d7497055174291acfe02564e404a596d0	programa-2026/yaml-1.2.2-spec-web-2026-10-04.pdf	YAML Ain't Markup Language (YAML) revision 1.2.2	YAML Language Development Team	Document	Normativa	2021	yaml.org	ingenieria_software, programa-2026	10469	biblioteca/YAML Language Development Team/YAML Ain't Markup Language (YAML) revision 1.2.2 (10469)/YAML Ain't Markup Language (YAML) revision - YAML Language Development Team.pdf	24VHDZRE	archivado
2026-10-04	8998327f37eb7d31f3f869d867ace419d28310357ffd4bad3e426fce91e469b4	programa-2026/dpc-handbook-digital-preservation-briefing.pdf	Digital Preservation Handbook, 2nd edition. Digital Preservation Briefing	Digital Preservation Coalition	Document	Guía	2015	Digital Preservation Coalition	preservacion_digital, programa-2026	10470	biblioteca/Digital Preservation Coalition/Digital Preservation Handbook, 2nd edition. Digital Preservation Briefing (10470)/Digital Preservation Handbook, 2nd edition - Digital Preservation Coalition.pdf	W36XD295	archivado
2026-10-04	56c71750a8ce0be57179aa319be7b2e13b969ec494f8902292d9fe01fb5ed6e8	programa-2026/quarto-guide-posit-web-2026-10-04.pdf	Quarto Guide (web, consultado 2026-10-04)	Posit, PBC	Webpage	Guía		Posit, PBC	redaccion_academica, manual, programa-2026	10471	biblioteca/Posit, PBC/Quarto Guide (web, consultado 2026-10-04) (10471)/Quarto Guide (web, consultado 2026-10-04) - Posit, PBC.pdf	WXSVKQF3	archivado
2026-10-04	d66b3c25562ed69bd076fd0f6a3fa06242e34aa98248d7756b5240af445abc71	programa-2026/anthropic-agent-skills-overview.pdf	Agent Skills (Claude Developer Platform docs, web, consultado 2026-10-04)	Anthropic	Webpage	Guía		Anthropic (platform.claude.com)	prompting, programa-2026	10472	biblioteca/Anthropic/Agent Skills (Claude Developer Platform docs, web, consultado 2026-10-04) (10472)/Agent Skills (Claude Developer Platform do - Anthropic.pdf	ZETYX7WT	archivado
2026-10-04	d414da0bf072393d82626c2ce9c73d1603b64e06afe208cffc29e4d85b9864da	programa-2026/google-dev-doc-style-highlights-web-2026-10-04.pdf	Highlights (Google developer documentation style guide, web, consultado 2026-10-04)	Google	Webpage	Guía	2025	Google for Developers (developers.google.com)	ingenieria_software, programa-2026	10473	biblioteca/Google/Highlights (Google developer documentation style guide, web, consultado 2026-10-04) (10473)/Highlights (Google developer documentation - Google.pdf	K9ASET4E	archivado
2026-10-04	be4e306377703c5bc9bc6f7b4ef95a842fe8a767f37778284bb54f2865301f3b	programa-2026/liu-2021-pre-train-prompt-predict-2107.13586.pdf	Pre-train, Prompt, and Predict: A Systematic Survey of Prompting Methods in Natural Language Processing (arXiv 2107.13586v1)	Pengfei, Liu & Zhengbao, Jiang & Weizhe, Yuan & Hiroaki, Hayashi & Jinlan, Fu & Graham, Neubig	Journal Article	Artículo de revista	2021	arXiv	prompting, programa-2026	10474	biblioteca/Pengfei, Liu/Pre-train, Prompt, and Predict_ A Systematic Survey of Prompting Methods in Natural Language P (10474)/Pre-train, Prompt, and Predict_ A Systemat - Pengfei, Liu.pdf	NYR74DZT	archivado
2026-10-04	fe5e0e5ba3f8be5c78866542fa1ff75cbed73d95eff948d76e80aa5e444ca3d5	programa-2026/iso-tc46-sc11-n800r1-esquema-de-metadatos-es.pdf	ISO/TC 46/SC 11 N800R1. Construcción de un esquema de metadatos – Por dónde empezar (traducción al español)	ISO/TC 46/SC 11	Document	Guía	2011	ISO/TC 46/SC 11 Archives/Records management	gestion_documental, programa-2026	10475	biblioteca/ISO_TC 46_SC 11/ISO_TC 46_SC 11 N800R1. Construccion de un esquema de metadatos - Por donde empezar (traduccio (10475)/ISO_TC 46_SC 11 N800R1. Construccion de un - ISO_TC 46_SC 11.pdf	G85VR6YD	archivado
2026-10-04	a4302efdd0502c5dfb0c9280ac40d2d4bfe1bf2aee12db1b976dd584c1183433	programa-2026/claude-code-best-practices.pdf	Best practices for Claude Code (Claude Code docs, web, consultado 2026-10-04)	Anthropic	Webpage	Guía		Anthropic (code.claude.com)	prompting, programa-2026	10476	biblioteca/Anthropic/Best practices for Claude Code (Claude Code docs, web, consultado 2026-10-04) (10476)/Best practices for Claude Code (Claude Cod - Anthropic.pdf	89VPUKY9	archivado
2026-10-04	c1a69b88b0a8811ff86a4ddf1fb8697c94b42c35a650d292b58b19cce1c9e647	programa-2026/anthropic-agent-skills-best-practices.pdf	Skill authoring best practices (Claude Developer Platform docs, web, consultado 2026-10-04)	Anthropic	Webpage	Guía		Anthropic (platform.claude.com)	prompting, programa-2026	10477	biblioteca/Anthropic/Skill authoring best practices (Claude Developer Platform docs, web, consultado 2026-10-04) (10477)/Skill authoring best practices (Claude Dev - Anthropic.pdf	WNQGJ9F3	archivado
2026-10-04	04dd594055df3660b4257719325c004e1847da872595cb8fb9988dd696a8cd50	programa-2026/turing-way-code-documentation-web-2026-10-04.pdf	Code documentation (The Turing Way: Guide for Reproducible Research, web, consultado 2026-10-04)	The Turing Way Community	Webpage	Guía		The Alan Turing Institute (book.the-turing-way.org)	ingenieria_software, programa-2026	10478	biblioteca/The Turing Way Community/Code documentation (The Turing Way_ Guide for Reproducible Research, web, consultado 2026-10-0 (10478)/Code documentation (The Turing Way_ Guide - The Turing Way Community.pdf	KPGKTNKL	archivado
2026-10-04	02e9e3a31ed82f91cf0502fdca91f345e841fc9a5a9f36628ebb5615cace8b50	programa-2026/anthropic-prompting-best-practices.pdf	Prompting best practices (Claude Developer Platform docs, web, consultado 2026-10-04)	Anthropic	Webpage	Guía		Anthropic (platform.claude.com)	prompting, programa-2026	10479	biblioteca/Anthropic/Prompting best practices (Claude Developer Platform docs, web, consultado 2026-10-04) (10479)/Prompting best practices (Claude Developer - Anthropic.pdf	8N3ZQLPK	archivado
2026-10-04	f0b3a9bda11d3ba097f0ac1ab1d277e789b41cbb512b6ebfc05ffbc3a3f7748b	programa-2026/langgpt-2402.16929.pdf	LangGPT: Rethinking Structured Reusable Prompt Design Framework for LLMs from the Programming Language (arXiv 2402.16929v2)	Ming, Wang & Yuanzhong, Liu & Xiaoyu, Liang & Songlian, Li & Yijie, Huang & Xiaoming, Zhang & Sijia, Shen & Chaofeng, Guan & Daling, Wang & Shi, Feng & Huaiwen, Zhang & Yifei, Zhang & Minghui, Zheng & Chi, Zhang	Report	Documento de trabajo	2024	arXiv	prompting, programa-2026	10480	biblioteca/Ming, Wang/LangGPT_ Rethinking Structured Reusable Prompt Design Framework for LLMs from the Programming (10480)/LangGPT_ Rethinking Structured Reusable Pr - Ming, Wang.pdf	MQB42Z58	archivado
2026-10-04	67d0808701ebb6db66afb54304302bb46d49b842f3568bed14b40b79abdb4a9f	programa-2026/writethedocs-beginners-guide-web-2026-10-04.pdf	How to write software documentation: A beginner's guide to writing documentation (Write the Docs, web, consultado 2026-10-04)	Write the Docs	Webpage	Guía		Write the Docs (writethedocs.org)	ingenieria_software, programa-2026	10481	biblioteca/Write the Docs/How to write software documentation_ A beginner's guide to writing documentation (Write the Do (10481)/How to write software documentation_ A beg - Write the Docs.pdf	EDNKQHJJ	archivado
2026-10-04	3f40ad0a33719eebd99a0d626c2e7d4b2cc6a419354d9a2f15e8d7ecb0236b20	programa-2026/claude-code-features-overview.pdf	Extend Claude Code (Claude Code docs, web, consultado 2026-10-04)	Anthropic	Webpage	Guía		Anthropic (code.claude.com)	prompting, programa-2026	10482	biblioteca/Anthropic/Extend Claude Code (Claude Code docs, web, consultado 2026-10-04) (10482)/Extend Claude Code (Claude Code docs, web, - Anthropic.pdf	TK3JX8T8	archivado
2026-10-04	4777a1e2d9188694b9bcd84dc9eb55d0dab82a90d5d4fe76108c5022fb3bdf18	programa-2026/claude-code-skills.pdf	Extend Claude with skills (Claude Code docs, web, consultado 2026-10-04)	Anthropic	Webpage	Guía		Anthropic (code.claude.com)	prompting, programa-2026	10483	biblioteca/Anthropic/Extend Claude with skills (Claude Code docs, web, consultado 2026-10-04) (10483)/Extend Claude with skills (Claude Code doc - Anthropic.pdf	YRTQQKY8	archivado
2026-10-04	a5434e39c1d741e6e3d6e1a96b3be4b86b1e06dafb0db31a8f2b33a025df7ce8	programa-2026/diataxis-start-here-map-compass-web-2026-10-04.pdf	Diátaxis: Start here, The map, The compass (tres páginas del sitio, web, consultado 2026-10-04)	Daniele, Procida	Webpage	Guía		diataxis.fr	ingenieria_software, programa-2026	10484	biblioteca/Daniele, Procida/Diataxis_ Start here, The map, The compass (tres paginas del sitio, web, consultado 2026-10-04 (10484)/Diataxis_ Start here, The map, The compass - Daniele, Procida.pdf	FZZM9PA7	archivado
2026-10-04	0cb190a8c332d1f9ef1a6052e0ba857fa3a148ab0f3ab9558e8b9b715cefa7ef	programa-2026/agent-skills-specification-agentskills-io.pdf	Agent Skills Specification (agentskills.io, web, consultado 2026-10-04)	Anthropic	Webpage	Guía		agentskills.io	prompting, programa-2026	10485	biblioteca/Anthropic/Agent Skills Specification (agentskills.io, web, consultado 2026-10-04) (10485)/Agent Skills Specification (agentskills.io - Anthropic.pdf	9DRFX2GA	archivado
2026-10-04	65c2d8360e5f6dbae5f8b664739ca3e9a5c8d788c372bddfec0f0cda35115bbc	programa-2026/ica-ric-cm-1.0.pdf	Records in Contexts – Conceptual Model (RiC-CM), version 1.0	International Council on Archives	Document	Normativa	2023	International Council on Archives, Expert Group on Archival Description	gestion_documental, programa-2026	10486	biblioteca/International Council on Archives/Records in Contexts - Conceptual Model (RiC-CM), version 1.0 (10486)/Records in Contexts - Conceptual Model (Ri - International Council on Archives.pdf	ZJMB2CAY	archivado
2026-10-04	227339347b6f963371cd920fd39bd9249e55ce3c8f907fdace3aca983c2f36f1	programa-2026/openai-prompt-engineering-guide.pdf	Prompt engineering (OpenAI API docs, Markdown oficial, consultado 2026-10-04)	OpenAI	Webpage	Guía		OpenAI (developers.openai.com)	prompting, programa-2026	10487	biblioteca/OpenAI/Prompt engineering (OpenAI API docs, Markdown oficial, consultado 2026-10-04) (10487)/Prompt engineering (OpenAI API docs, Markd - OpenAI.pdf	KT6DTPCI	archivado
2026-10-04	5732e662cebc59a96350d3a532dce5b55ab549f7b261d8a4a24d186dd533a920	programa-2026/claude-code-memory-claude-md.pdf	How Claude remembers your project (Claude Code docs, web, consultado 2026-10-04)	Anthropic	Webpage	Guía		Anthropic (code.claude.com)	prompting, programa-2026	10488	biblioteca/Anthropic/How Claude remembers your project (Claude Code docs, web, consultado 2026-10-04) (10488)/How Claude remembers your project (Claude - Anthropic.pdf	L2IZHT9T	archivado
2026-10-04	29479562ab57405413275cc749c7071f53e7d1544a2d9f809ce10bb92560878e	programa-2026/anthropic-prompt-engineering-overview.pdf	Prompt engineering overview (Claude Developer Platform docs, web, consultado 2026-10-04)	Anthropic	Webpage	Guía		Anthropic (platform.claude.com)	prompting, programa-2026	10489	biblioteca/Anthropic/Prompt engineering overview (Claude Developer Platform docs, web, consultado 2026-10-04) (10489)/Prompt engineering overview (Claude Develo - Anthropic.pdf	QLJVA7PI	archivado
2026-10-04	913de71ca79e76aed882492e14f33c8be8cba0d944f97bfc77b3180f5d9c1db8	programa-2026/zotero-item-types-and-fields.pdf	Zotero Item Types and Fields (Zotero Documentation, web, consultado 2026-10-04)	Corporation for Digital Scholarship	Webpage	Guía		Zotero (zotero.org)	gestion_documental, programa-2026	10490	biblioteca/Corporation for Digital Scholarship/Zotero Item Types and Fields (Zotero Documentation, web, consultado 2026-10-04) (10490)/Zotero Item Types and Fields (Zotero Docum - Corporation for Digital Scholarship.pdf	K85MGH2M	archivado
2026-10-04	f2efe4cbb14ac8001a25943b76034ba3ff186be3dadcced7914e5a8d3c144d14	programa-2026/systemd-unit-5-man-systemd-259-consultado-2026-10-04.pdf	systemd.unit(5): Unit configuration (systemd 259.5, página de manual del paquete instalado; sitio oficial freedesktop.org consultado 2026-10-04)	systemd	Document	Guía		systemd (freedesktop.org)	ingenieria_software, programa-2026	10491	biblioteca/systemd/systemd.unit(5)_ Unit configuration (systemd 259.5, pagina de manual del paquete instalado; si (10491)/systemd.unit(5)_ Unit configuration (syste - systemd.pdf	KHQ4RIVJ	archivado
2026-10-04	3153ae2e53e29452d5997efafe280a5f05cd21b43a047e988a17e1dd5207a38e	programa-2026/nasa-se-handbook-rev2-2016.pdf	NASA Systems Engineering Handbook, Rev 2 (NASA/SP-2016-6105)	NASA	Report	Guía	2016	National Aeronautics and Space Administration (NASA Headquarters)	ingenieria_software, programa-2026	10492	biblioteca/NASA/NASA Systems Engineering Handbook, Rev 2 (NASA_SP-2016-6105) (10492)/NASA Systems Engineering Handbook, Rev 2 ( - NASA.pdf	8CNRPVCD	archivado
2026-10-04	fb0fdf2c2c8b6eb725169346d183d1672643add3aced070daf3c919f823769fd	programa-2026/ndsa-levels-2019-matrix-LevelsMatrixV2_Color.pdf	Levels of Digital Preservation Matrix, Version 2.0	NDSA	Document	Lineamientos	2019	National Digital Stewardship Alliance (NDSA)	preservacion_digital, programa-2026	10493	biblioteca/NDSA/Levels of Digital Preservation Matrix, Version 2.0 (10493)/Levels of Digital Preservation Matrix, Ver - NDSA.pdf	WWHCH7EK	archivado
2026-10-04	559021c4fcfe1c01d47150fad18d36d6115f95fa6f3a92ac12c6d990d0d4d291	programa-2026/ndsa-levels-2019-implementation-guide-WorkingDefinitions_2019LoDP.pdf	Working Definitions for the Levels of Digital Preservation, Version 2.0	NDSA	Document	Lineamientos	2019	National Digital Stewardship Alliance (NDSA)	preservacion_digital, programa-2026	10494	biblioteca/NDSA/Working Definitions for the Levels of Digital Preservation, Version 2.0 (10494)/Working Definitions for the Levels of Digi - NDSA.pdf	CKNFJGD2	archivado
2026-10-04	70b30d17416aa7ae96b59bd0b71554f2cb6732142676d46b94388a70903ca575	programa-2026/c4model-com-home-abstractions-diagrams-faq-consultado-2026-10-04.pdf	The C4 model for visualising software architecture: Home, Abstractions, Diagrams, FAQ (cuatro páginas de c4model.com, web, consultado 2026-10-04)	Simon, Brown	Webpage	Guía		C4 model (c4model.com)	ingenieria_software, programa-2026	10495	biblioteca/Simon, Brown/The C4 model for visualising software architecture_ Home, Abstractions, Diagrams, FAQ (cuatro (10495)/The C4 model for visualising software arch - Simon, Brown.pdf	ECULB4UA	archivado
2026-10-04	41a9fe7d1acda66b8517f7bc99fd42ba8b8d6e397e198e4ee6b71e709a341bd7	programa-2026/ndsa-levels-2019-implementation-guide-ImplementationDocument_LOP_V2_2019.pdf	Using the Levels of Digital Preservation: An Overview for Version 2.0	NDSA	Report	Informe	2019	National Digital Stewardship Alliance (NDSA)	preservacion_digital, programa-2026	10496	biblioteca/NDSA/Using the Levels of Digital Preservation_ An Overview for Version 2.0 (10496)/Using the Levels of Digital Preservation_ - NDSA.pdf	X5YAU9LK	archivado
2026-10-04	3cacc73ff1ec9f8301306b385b28494129509f460519b2d69f05a4ef1c34fd71	programa-2026/stanford-libraries-data-best-practices-name-files-version-files-consultado-2026-10-04.pdf	Data best practices and case studies: Name files; Version files (dos páginas de guides.library.stanford.edu, web, consultado 2026-10-04)	Stanford Libraries	Webpage	Guía	2023	Stanford University Libraries (guides.library.stanford.edu)	gestion_documental, programa-2026	10497	biblioteca/Stanford Libraries/Data best practices and case studies_ Name files; Version files (dos paginas de guides.library (10497)/Data best practices and case studies_ Name - Stanford Libraries.pdf	LIQ5MUUX	archivado
2026-10-04	dd87cf959d4a68da37cb5393ad0648fc2ad4eb090534138144b4eb7e15930450	programa-2026/us-cert-data-backup-options-2012.pdf	Data Backup Options	Paul, Ruggiero & Matthew A., Heckathorn	Report	Informe técnico	2012	US-CERT (Carnegie Mellon University; hoy CISA)	preservacion_digital, programa-2026	10498	biblioteca/Paul, Ruggiero/Data Backup Options (10498)/Data Backup Options - Paul, Ruggiero.pdf	6K8ZC3DN	archivado
2026-10-04	6cbfda2680cd122e66ae45149eab3e08f87f989bc67a5942a66f7dc4f05a2393	programa-2026/smithsonian-thompson-2018-file-naming-and-organizing.pdf	Best Practices for File Naming and Organizing (Smithsonian Data Management Best Practices: Naming and Organizing Files)	Keri, Thompson	Document	Guía	2018	Smithsonian Libraries (PDF alojado por NARA, archives.gov)	gestion_documental, programa-2026	10499	biblioteca/Keri, Thompson/Best Practices for File Naming and Organizing (Smithsonian Data Management Best Practices_ Nam (10499)/Best Practices for File Naming and Organiz - Keri, Thompson.pdf	QFU9I8ZQ	archivado
2026-10-04	3cec181acb6e2c22b476098386c0247663b6498941132e83f92d2f4c0747be33	programa-2026/ndsa-levels-2019-assessment-tool-guide.pdf	Using the Levels of Digital Preservation as an Assessment Tool	Erin, Baucom & Carol, Kussmann & Amy, Rudersdorf & Özhan, Sağlık & Walker, Sampson & David, Underdown	Report	Informe	2019	National Digital Stewardship Alliance (NDSA)	preservacion_digital, programa-2026	10500	biblioteca/Erin, Baucom/Using the Levels of Digital Preservation as an Assessment Tool (10500)/Using the Levels of Digital Preservation a - Erin, Baucom.pdf	TGFECLXZ	archivado
2026-10-04	d551030137835ef86100283b7bf75e858fb75fe98d7154f0bcf3de89851936b8	programa-2026/restic-design-references.pdf	References: Design (restic 0.19.1 documentation, stable, web, consultado 2026-10-04)	restic	Webpage	Guía		restic (restic.readthedocs.io)	preservacion_digital, programa-2026	10501	biblioteca/restic/References_ Design (restic 0.19.1 documentation, stable, web, consultado 2026-10-04) (10501)/References_ Design (restic 0.19.1 document - restic.pdf	3RX7HQ9S	archivado
2026-10-04	710e5f5ba9c6fb1299183a28052a7c006771981f2c42215e84e6e3a7b5cd7459	programa-2026/ndsa-levels-2019-matriz-es-apredig.pdf	NDSA 2019 Digital Preservation Levels Translation: Spanish Translation of Version 2.0 (Niveles de Preservación Digital, matriz traducida al español)	David, Leija & Miquel, Térmens	Document	Lineamientos	2019	APREDIG - Asociación Iberoamericana de Preservación Digital	preservacion_digital, programa-2026	10502	biblioteca/David, Leija/NDSA 2019 Digital Preservation Levels Translation_ Spanish Translation of Version 2.0 (Niveles (10502)/NDSA 2019 Digital Preservation Levels Tran - David, Leija.pdf	FRMYXAYB	archivado
2026-10-04	9025bea5e68f53475ce4d049537a43c508b0af90da63ac6698309ce760f28378	programa-2026/arc42-template-EN-withhelp-2026.10.2-con-overview-arc42-org-consultado-2026-10-04.pdf	arc42 Template, Version 9.0-EN with help (July 2025; release 2026.10.2) + Overview (arc42.org, web, consultado 2026-10-04)	arc42	Document	Guía	2025	arc42 (arc42.org)	ingenieria_software, programa-2026	10503	biblioteca/arc42/arc42 Template, Version 9.0-EN with help (July 2025; release 2026.10.2) _ Overview (arc42.org, (10503)/arc42 Template, Version 9.0-EN with help ( - arc42.pdf	I227I5PX	archivado
2026-10-04	7a3af6fc881de23281fd7adcdb862f04ae408e65ff778232b594a440e5a1fc1d	programa-2026/csl-1.0.2-specification.pdf	CSL 1.0.2 Specification (docs.citationstyles.org, web, consultado 2026-10-04)	Citation Style Language	Document	Normativa		Citation Style Language (docs.citationstyles.org)	gestion_documental, programa-2026	10504	biblioteca/Citation Style Language/CSL 1.0.2 Specification (docs.citationstyles.org, web, consultado 2026-10-04) (10504)/CSL 1.0.2 Specification (docs.citationstyl - Citation Style Language.pdf	D6WSIYCP	archivado
2026-10-04	57ad90d3fea4541ae8306f57f66dd2c12d7e758256e1fa49e18328cdd9de01b6	programa-2026/loc-recommended-formats-statement-2025-2026.pdf	Recommended Formats Statement 2025-2026	Library of Congress	Document	Lineamientos	2025	Library of Congress	preservacion_digital, programa-2026	10505	biblioteca/Library of Congress/Recommended Formats Statement 2025-2026 (10505)/Recommended Formats Statement 2025-2026 - Library of Congress.pdf	44ZGYDZE	archivado
2026-10-04	556a9b823798d9a9dc45a73cc6259003ee77dd7c7bb63b62098774110fe99d5c	programa-2026/zotero-schema-portada-github-consultado-2026-10-04.pdf	Zotero Data Schema, version 42 (zotero-schema.json; portada: repositorio zotero/zotero-schema, web, consultado 2026-10-04)	Corporation for Digital Scholarship	Dataset	Compendio		Zotero (api.zotero.org)	gestion_documental, programa-2026	10506	biblioteca/Corporation for Digital Scholarship/Zotero Data Schema, version 42 (zotero-schema.json; portada_ repositorio zotero_zotero-schema, (10506)/Zotero Data Schema, version 42 (zotero-sch - Corporation for Digital Scholarship.pdf	F5U47QMK	archivado
2026-10-04	0f3ff1d45458d6ce50cf97e6af30ff88b3de834f2273494ac5d814996c78ebae	programa-2026/quarto-code-execution-freeze-consultado-2026-10-04.pdf	Managing Execution: Freeze (Quarto Guide, Projects, web, consultado 2026-10-04)	Posit, PBC	Webpage	Guía		Posit PBC (quarto.org)	investigacion_reproducible, programa-2026	10507	biblioteca/Posit, PBC/Managing Execution_ Freeze (Quarto Guide, Projects, web, consultado 2026-10-04) (10507)/Managing Execution_ Freeze (Quarto Guide, - Posit, PBC.pdf	ZPIKFV7P	archivado
2026-10-04	1c93f7f9a3cbf7517ddd9233ba4fc4b7b66fcdba91bd7950ccc79074cac74cd2	programa-2026/unesco-thesaurus-portada-vocabularies-unesco-org-consultado-2026-10-04.pdf	UNESCO Thesaurus (SKOS, Turtle, dct:modified 2026-08-31; portada: UNESCO Vocabulary Services, web, consultado 2026-10-04)	UNESCO	Dataset	Compendio	2026	UNESCO (vocabularies.unesco.org)	gestion_documental, programa-2026	10508	biblioteca/UNESCO/UNESCO Thesaurus (SKOS, Turtle, dct_modified 2026-08-31; portada_ UNESCO Vocabulary Services, (10508)/UNESCO Thesaurus (SKOS, Turtle, dct_modifi - UNESCO.pdf	ADNVICDK	archivado
2026-10-04	c70b318c0a0ee95e6fca761e7af719ef5fd6c48bf3c803ddb0f7f646117f9b1d	programa-2026/digital-gov-plain-language-guide-consultado-2026-10-05.pdf	Plain language guide series: Get started; Principles; Writing; Design; Test (cinco páginas de digital.gov, web, consultado 2026-10-05)	Digital.gov	Webpage	Guía		Digital.gov (U.S. General Services Administration)	redaccion_academica, programa-2026	10509	biblioteca/Digital.gov/Plain language guide series_ Get started; Principles; Writing; Design; Test (cinco paginas de (10509)/Plain language guide series_ Get started; - Digital.gov.pdf	K3D7LAQP	archivado
2026-10-04	8a3d4b07eec19e2dd5a850892deacec7c55cea9171ab883a93cd72afc9235ba6	programa-2026/plain-federal-plain-language-guidelines-2011-rev1.pdf	Federal Plain Language Guidelines, March 2011, Revision 1, May 2011	PLAIN (plainlanguage.gov)	Document	Lineamientos	2011	Plain Language Action and Information Network (PLAIN)	redaccion_academica, programa-2026	10510	biblioteca/PLAIN (plainlanguage.gov)/Federal Plain Language Guidelines, March 2011, Revision 1, May 2011 (10510)/Federal Plain Language Guidelines, March 2 - PLAIN (plainlanguage.gov).pdf	GHDPLKC3	archivado
2026-10-04	0098de11aad52f7292b7c6ab9a37828ca7fe0c674467899f98304adda7c42b48	programa-2026/loc-sustainability-of-digital-formats-consultado-2026-10-05.pdf	Sustainability of Digital Formats: Planning for Library of Congress Collections. Introduction; Sustainability Factors (dos páginas de loc.gov, web, consultado 2026-10-05)	Library of Congress	Webpage	Guía	2025	Library of Congress	preservacion_digital, programa-2026	10511	biblioteca/Library of Congress/Sustainability of Digital Formats_ Planning for Library of Congress Collections. Introduction; (10511)/Sustainability of Digital Formats_ Plannin - Library of Congress.pdf	CAE2EK4Q	archivado
2026-10-04	038e07a353ba96918efc0e5c8397c6ebd469d6d46c9c99028de77668d6670059	programa-2026/mctighe-wiggins-ubd-white-paper.pdf	Improve Curriculum, Assessment, and Instruction Using the Understanding by Design Framework (ASCD white paper)	Jay, McTighe & Grant, Wiggins	Report	Informe	2014	ASCD	pedagogia, recursos_educativos, programa-2026	10512	biblioteca/Jay, McTighe/Improve Curriculum, Assessment, and Instruction Using the Understanding by Design Framework (A (10512)/Improve Curriculum, Assessment, and Instru - Jay, McTighe.pdf	SYMB7HDT	archivado
2026-10-04	46cc2099029e8c64c20637391da555a657206cc5c677019cb9311b17c97c3cec	programa-2026/iso25000-com-iso-iec-25010-consultado-2026-10-05.pdf	ISO/IEC 25010 (ISO 25000 Portal, iso25000.com, web, consultado 2026-10-05)	iso25000.com	Webpage	Guía		iso25000.com (portal de terceros)	ingenieria_software, programa-2026	10513	biblioteca/iso25000.com/ISO_IEC 25010 (ISO 25000 Portal, iso25000.com, web, consultado 2026-10-05) (10513)/ISO_IEC 25010 (ISO 25000 Portal, iso25000. - iso25000.com.pdf	GPXAHZ83	archivado
2026-10-04	d2dfff77a75616a595659602679188869f042b7a8448153047fc0e15b2df8ccf	programa-2026/ica-req-overview-of-implementation-guidance-2013.pdf	Principles and Functional Requirements for Records in Electronic Office Environments – Overview of Implementation Guidance and Training Products	International Council on Archives	Document	Guía	2013	International Council on Archives	gestion_documental, programa-2026	10514	biblioteca/International Council on Archives/Principles and Functional Requirements for Records in Electronic Office Environments - Overvie (10514)/Principles and Functional Requirements for - International Council on Archives.pdf	AENB49C4	archivado
2026-10-04	60b2644cf61b7409f3a8ffdf083c4f127e8c69b41272ca4336033ac92dc411f0	programa-2026/oasis-opendocument-v1.3-os-parts-1-4.pdf	Open Document Format for Office Applications (OpenDocument) Version 1.3. OASIS Standard, 27 April 2021 (Parts 1–4)	OASIS Open	Document	Normativa	2021	OASIS Open	preservacion_digital, programa-2026	10515	biblioteca/OASIS Open/Open Document Format for Office Applications (OpenDocument) Version 1.3. OASIS Standard, 27 Ap (10515)/Open Document Format for Office Applicatio - OASIS Open.pdf	MJ4V7A89	archivado
2026-10-04	a5626c6b3485c054b5c99bc44b13829f26c46ade717dfde989db41343da6a996	programa-2026/cmu-eberly-blooms-taxonomy-consultado-2026-10-05.pdf	Bloom's Taxonomy (Eberly Center for Teaching Excellence & Educational Innovation, cmu.edu, web, consultado 2026-10-05)	Carnegie Mellon University, Eberly Center	Webpage	Guía		Carnegie Mellon University, Eberly Center	pedagogia, recursos_educativos, programa-2026	10516	biblioteca/Carnegie Mellon University, Eberly Center/Bloom's Taxonomy (Eberly Center for Teaching Excellence & Educational Innovation, cmu.edu, web (10516)/Bloom's Taxonomy (Eberly Center for Teachi - Carnegie Mellon University, Eberly Center.pdf	V6E5VPFS	archivado
