sha256	origen	autores	titulo	tipo_zotero	clasificador	item_type	editorial	fecha	identificador	idioma	tags	confianza	nota	ficha	serie	serie_index
a7e178d83a731fd934f44f243df5ce8ee08d64a95d77a3e20847e1eb53cd9b82	datafw/data/raw/inpe/informe_estadistico_2026_abril/informe-estadistico-2026-abril.pdf	Instituto Nacional Penitenciario	1. INPE amplía capacitación laboral a internos para fortalecer la reinserción social y la	Report	Informe técnico	report	Instituto Nacional Penitenciario	2026		Spanish	documento_oficial	alta		a7e178d8_1-inpe-amplia-capacitacion-laboral-a-internos-para.md	datafw inpe	1
c95a8304f9743f796c59cab70a2d84ee7f6fd335e26ce02361bb8e45be7cbf77	datafw/data/raw/inei/epen-ciudades/2022/t2/Diccionario de Variables EPEN 202202.pdf	Unknown	Encuesta permanente	Report	Informe técnico	report		2024		Spanish	documento_oficial	media		c95a8304_encuesta-permanente.md	datafw inei	1
6ef10f0318c7a51e996d887dbecae7fe3e0447beef0a11afc7a6d5832216216a	datafw/data/raw/inei/epen-ciudades/2022/t2/Ficha_Tecnica EPEN 202202.pdf	Unknown	Ficha Tecnica EPEN 202202	Report	Informe técnico	report		2023		Spanish	documento_oficial	media		6ef10f03_ficha-tecnica-epen-202202.md	datafw inei	2
a86088870aea061f9f12c9f5178d63e042ca5991109403da473cf4d9672d3514	datafw/data/raw/inei/epen-ciudades/2022/t1-ciudades/tumbes/Ficha_Tecnica EPEN 202201.pdf	Unknown	Ficha Tecnica EPEN 202201	Report	Informe técnico	report		2023		Spanish	documento_oficial	media		a8608887_ficha-tecnica-epen-202201.md	datafw inei	3
f0f4b53fb8269c2253f85621dadd2958a091ef94836b7274e0e49cca3f792797	datafw/data/raw/inei/epen-ciudades/2022/t1-ciudades/tumbes/Diccionario de Variables EPEN 202201.pdf	Unknown	Encuesta permanente	Report	Informe técnico	report		2024		Spanish	documento_oficial	media		f0f4b53f_encuesta-permanente.md	datafw inei	4
a86088870aea061f9f12c9f5178d63e042ca5991109403da473cf4d9672d3514	datafw/data/raw/inei/epen-ciudades/2022/t1-ciudades/pucallpa/Ficha_Tecnica EPEN 202201.pdf	Unknown	Ficha Tecnica EPEN 202201	Report	Informe técnico	report		2023		Spanish	documento_oficial	media		a8608887_ficha-tecnica-epen-202201.md	datafw inei	5
f0f4b53fb8269c2253f85621dadd2958a091ef94836b7274e0e49cca3f792797	datafw/data/raw/inei/epen-ciudades/2022/t1-ciudades/pucallpa/Diccionario de Variables EPEN 202201.pdf	Unknown	Encuesta permanente	Report	Informe técnico	report		2024		Spanish	documento_oficial	media		f0f4b53f_encuesta-permanente.md	datafw inei	6
a86088870aea061f9f12c9f5178d63e042ca5991109403da473cf4d9672d3514	datafw/data/raw/inei/epen-ciudades/2022/t1-ciudades/chachapoyas/Ficha_Tecnica EPEN 202201.pdf	Unknown	Ficha Tecnica EPEN 202201	Report	Informe técnico	report		2023		Spanish	documento_oficial	media		a8608887_ficha-tecnica-epen-202201.md	datafw inei	7
f0f4b53fb8269c2253f85621dadd2958a091ef94836b7274e0e49cca3f792797	datafw/data/raw/inei/epen-ciudades/2022/t1-ciudades/chachapoyas/Diccionario de Variables EPEN 202201.pdf	Unknown	Encuesta permanente	Report	Informe técnico	report		2024		Spanish	documento_oficial	media		f0f4b53f_encuesta-permanente.md	datafw inei	8
a86088870aea061f9f12c9f5178d63e042ca5991109403da473cf4d9672d3514	datafw/data/raw/inei/epen-ciudades/2022/t1-ciudades/huancavelica/Ficha_Tecnica EPEN 202201.pdf	Unknown	Ficha Tecnica EPEN 202201	Report	Informe técnico	report		2023		Spanish	documento_oficial	media		a8608887_ficha-tecnica-epen-202201.md	datafw inei	9
f0f4b53fb8269c2253f85621dadd2958a091ef94836b7274e0e49cca3f792797	datafw/data/raw/inei/epen-ciudades/2022/t1-ciudades/huancavelica/Diccionario de Variables EPEN 202201.pdf	Unknown	Encuesta permanente	Report	Informe técnico	report		2024		Spanish	documento_oficial	media		f0f4b53f_encuesta-permanente.md	datafw inei	10
a86088870aea061f9f12c9f5178d63e042ca5991109403da473cf4d9672d3514	datafw/data/raw/inei/epen-ciudades/2022/t1-ciudades/cusco/Ficha_Tecnica EPEN 202201.pdf	Unknown	Ficha Tecnica EPEN 202201	Report	Informe técnico	report		2023		Spanish	documento_oficial	media		a8608887_ficha-tecnica-epen-202201.md	datafw inei	11
f0f4b53fb8269c2253f85621dadd2958a091ef94836b7274e0e49cca3f792797	datafw/data/raw/inei/epen-ciudades/2022/t1-ciudades/cusco/Diccionario de Variables EPEN 202201.pdf	Unknown	Encuesta permanente	Report	Informe técnico	report		2024		Spanish	documento_oficial	media		f0f4b53f_encuesta-permanente.md	datafw inei	12
a86088870aea061f9f12c9f5178d63e042ca5991109403da473cf4d9672d3514	datafw/data/raw/inei/epen-ciudades/2022/t1-ciudades/tarapoto/Ficha_Tecnica EPEN 202201.pdf	Unknown	Ficha Tecnica EPEN 202201	Report	Informe técnico	report		2023		Spanish	documento_oficial	media		a8608887_ficha-tecnica-epen-202201.md	datafw inei	13
f0f4b53fb8269c2253f85621dadd2958a091ef94836b7274e0e49cca3f792797	datafw/data/raw/inei/epen-ciudades/2022/t1-ciudades/tarapoto/Diccionario de Variables EPEN 202201.pdf	Unknown	Encuesta permanente	Report	Informe técnico	report		2024		Spanish	documento_oficial	media		f0f4b53f_encuesta-permanente.md	datafw inei	14
a86088870aea061f9f12c9f5178d63e042ca5991109403da473cf4d9672d3514	datafw/data/raw/inei/epen-ciudades/2022/t1-ciudades/ayacucho/Ficha_Tecnica EPEN 202201.pdf	Unknown	Ficha Tecnica EPEN 202201	Report	Informe técnico	report		2023		Spanish	documento_oficial	media		a8608887_ficha-tecnica-epen-202201.md	datafw inei	15
f0f4b53fb8269c2253f85621dadd2958a091ef94836b7274e0e49cca3f792797	datafw/data/raw/inei/epen-ciudades/2022/t1-ciudades/ayacucho/Diccionario de Variables EPEN 202201.pdf	Unknown	Encuesta permanente	Report	Informe técnico	report		2024		Spanish	documento_oficial	media		f0f4b53f_encuesta-permanente.md	datafw inei	16
a86088870aea061f9f12c9f5178d63e042ca5991109403da473cf4d9672d3514	datafw/data/raw/inei/epen-ciudades/2022/t1-ciudades/pasco/Ficha_Tecnica EPEN 202201.pdf	Unknown	Ficha Tecnica EPEN 202201	Report	Informe técnico	report		2023		Spanish	documento_oficial	media		a8608887_ficha-tecnica-epen-202201.md	datafw inei	17
f0f4b53fb8269c2253f85621dadd2958a091ef94836b7274e0e49cca3f792797	datafw/data/raw/inei/epen-ciudades/2022/t1-ciudades/pasco/Diccionario de Variables EPEN 202201.pdf	Unknown	Encuesta permanente	Report	Informe técnico	report		2024		Spanish	documento_oficial	media		f0f4b53f_encuesta-permanente.md	datafw inei	18
a86088870aea061f9f12c9f5178d63e042ca5991109403da473cf4d9672d3514	datafw/data/raw/inei/epen-ciudades/2022/t1-ciudades/iquitos/Ficha_Tecnica EPEN 202201.pdf	Unknown	Ficha Tecnica EPEN 202201	Report	Informe técnico	report		2023		Spanish	documento_oficial	media		a8608887_ficha-tecnica-epen-202201.md	datafw inei	19
f0f4b53fb8269c2253f85621dadd2958a091ef94836b7274e0e49cca3f792797	datafw/data/raw/inei/epen-ciudades/2022/t1-ciudades/iquitos/Diccionario de Variables EPEN 202201.pdf	Unknown	Encuesta permanente	Report	Informe técnico	report		2024		Spanish	documento_oficial	media		f0f4b53f_encuesta-permanente.md	datafw inei	20
a86088870aea061f9f12c9f5178d63e042ca5991109403da473cf4d9672d3514	datafw/data/raw/inei/epen-ciudades/2022/t1-ciudades/puno/Ficha_Tecnica EPEN 202201.pdf	Unknown	Ficha Tecnica EPEN 202201	Report	Informe técnico	report		2023		Spanish	documento_oficial	media		a8608887_ficha-tecnica-epen-202201.md	datafw inei	21
f0f4b53fb8269c2253f85621dadd2958a091ef94836b7274e0e49cca3f792797	datafw/data/raw/inei/epen-ciudades/2022/t1-ciudades/puno/Diccionario de Variables EPEN 202201.pdf	Unknown	Encuesta permanente	Report	Informe técnico	report		2024		Spanish	documento_oficial	media		f0f4b53f_encuesta-permanente.md	datafw inei	22
a86088870aea061f9f12c9f5178d63e042ca5991109403da473cf4d9672d3514	datafw/data/raw/inei/epen-ciudades/2022/t1-ciudades/lima-metropolitana/Ficha_Tecnica EPEN 202201.pdf	Unknown	Ficha Tecnica EPEN 202201	Report	Informe técnico	report		2023		Spanish	documento_oficial	media		a8608887_ficha-tecnica-epen-202201.md	datafw inei	23
f0f4b53fb8269c2253f85621dadd2958a091ef94836b7274e0e49cca3f792797	datafw/data/raw/inei/epen-ciudades/2022/t1-ciudades/lima-metropolitana/Diccionario de Variables EPEN 202201.pdf	Unknown	Encuesta permanente	Report	Informe técnico	report		2024		Spanish	documento_oficial	media		f0f4b53f_encuesta-permanente.md	datafw inei	24
a86088870aea061f9f12c9f5178d63e042ca5991109403da473cf4d9672d3514	datafw/data/raw/inei/epen-ciudades/2022/t1-ciudades/arequipa/Ficha_Tecnica EPEN 202201.pdf	Unknown	Ficha Tecnica EPEN 202201	Report	Informe técnico	report		2023		Spanish	documento_oficial	media		a8608887_ficha-tecnica-epen-202201.md	datafw inei	25
f0f4b53fb8269c2253f85621dadd2958a091ef94836b7274e0e49cca3f792797	datafw/data/raw/inei/epen-ciudades/2022/t1-ciudades/arequipa/Diccionario de Variables EPEN 202201.pdf	Unknown	Encuesta permanente	Report	Informe técnico	report		2024		Spanish	documento_oficial	media		f0f4b53f_encuesta-permanente.md	datafw inei	26
a86088870aea061f9f12c9f5178d63e042ca5991109403da473cf4d9672d3514	datafw/data/raw/inei/epen-ciudades/2022/t1-ciudades/ica/Ficha_Tecnica EPEN 202201.pdf	Unknown	Ficha Tecnica EPEN 202201	Report	Informe técnico	report		2023		Spanish	documento_oficial	media		a8608887_ficha-tecnica-epen-202201.md	datafw inei	27
f0f4b53fb8269c2253f85621dadd2958a091ef94836b7274e0e49cca3f792797	datafw/data/raw/inei/epen-ciudades/2022/t1-ciudades/ica/Diccionario de Variables EPEN 202201.pdf	Unknown	Encuesta permanente	Report	Informe técnico	report		2024		Spanish	documento_oficial	media		f0f4b53f_encuesta-permanente.md	datafw inei	28
a86088870aea061f9f12c9f5178d63e042ca5991109403da473cf4d9672d3514	datafw/data/raw/inei/epen-ciudades/2022/t1-ciudades/tacna/Ficha_Tecnica EPEN 202201.pdf	Unknown	Ficha Tecnica EPEN 202201	Report	Informe técnico	report		2023		Spanish	documento_oficial	media		a8608887_ficha-tecnica-epen-202201.md	datafw inei	29
f0f4b53fb8269c2253f85621dadd2958a091ef94836b7274e0e49cca3f792797	datafw/data/raw/inei/epen-ciudades/2022/t1-ciudades/tacna/Diccionario de Variables EPEN 202201.pdf	Unknown	Encuesta permanente	Report	Informe técnico	report		2024		Spanish	documento_oficial	media		f0f4b53f_encuesta-permanente.md	datafw inei	30
a86088870aea061f9f12c9f5178d63e042ca5991109403da473cf4d9672d3514	datafw/data/raw/inei/epen-ciudades/2022/t1-ciudades/huancayo/Ficha_Tecnica EPEN 202201.pdf	Unknown	Ficha Tecnica EPEN 202201	Report	Informe técnico	report		2023		Spanish	documento_oficial	media		a8608887_ficha-tecnica-epen-202201.md	datafw inei	31
f0f4b53fb8269c2253f85621dadd2958a091ef94836b7274e0e49cca3f792797	datafw/data/raw/inei/epen-ciudades/2022/t1-ciudades/huancayo/Diccionario de Variables EPEN 202201.pdf	Unknown	Encuesta permanente	Report	Informe técnico	report		2024		Spanish	documento_oficial	media		f0f4b53f_encuesta-permanente.md	datafw inei	32
a86088870aea061f9f12c9f5178d63e042ca5991109403da473cf4d9672d3514	datafw/data/raw/inei/epen-ciudades/2022/t1-ciudades/piura/Ficha_Tecnica EPEN 202201.pdf	Unknown	Ficha Tecnica EPEN 202201	Report	Informe técnico	report		2023		Spanish	documento_oficial	media		a8608887_ficha-tecnica-epen-202201.md	datafw inei	33
f0f4b53fb8269c2253f85621dadd2958a091ef94836b7274e0e49cca3f792797	datafw/data/raw/inei/epen-ciudades/2022/t1-ciudades/piura/Diccionario de Variables EPEN 202201.pdf	Unknown	Encuesta permanente	Report	Informe técnico	report		2024		Spanish	documento_oficial	media		f0f4b53f_encuesta-permanente.md	datafw inei	34
a86088870aea061f9f12c9f5178d63e042ca5991109403da473cf4d9672d3514	datafw/data/raw/inei/epen-ciudades/2022/t1-ciudades/moyobamba/Ficha_Tecnica EPEN 202201.pdf	Unknown	Ficha Tecnica EPEN 202201	Report	Informe técnico	report		2023		Spanish	documento_oficial	media		a8608887_ficha-tecnica-epen-202201.md	datafw inei	35
f0f4b53fb8269c2253f85621dadd2958a091ef94836b7274e0e49cca3f792797	datafw/data/raw/inei/epen-ciudades/2022/t1-ciudades/moyobamba/Diccionario de Variables EPEN 202201.pdf	Unknown	Encuesta permanente	Report	Informe técnico	report		2024		Spanish	documento_oficial	media		f0f4b53f_encuesta-permanente.md	datafw inei	36
a86088870aea061f9f12c9f5178d63e042ca5991109403da473cf4d9672d3514	datafw/data/raw/inei/epen-ciudades/2022/t1-ciudades/huanuco/Ficha_Tecnica EPEN 202201.pdf	Unknown	Ficha Tecnica EPEN 202201	Report	Informe técnico	report		2023		Spanish	documento_oficial	media		a8608887_ficha-tecnica-epen-202201.md	datafw inei	37
f0f4b53fb8269c2253f85621dadd2958a091ef94836b7274e0e49cca3f792797	datafw/data/raw/inei/epen-ciudades/2022/t1-ciudades/huanuco/Diccionario de Variables EPEN 202201.pdf	Unknown	Encuesta permanente	Report	Informe técnico	report		2024		Spanish	documento_oficial	media		f0f4b53f_encuesta-permanente.md	datafw inei	38
a86088870aea061f9f12c9f5178d63e042ca5991109403da473cf4d9672d3514	datafw/data/raw/inei/epen-ciudades/2022/t1-ciudades/chiclayo/Ficha_Tecnica EPEN 202201.pdf	Unknown	Ficha Tecnica EPEN 202201	Report	Informe técnico	report		2023		Spanish	documento_oficial	media		a8608887_ficha-tecnica-epen-202201.md	datafw inei	39
f0f4b53fb8269c2253f85621dadd2958a091ef94836b7274e0e49cca3f792797	datafw/data/raw/inei/epen-ciudades/2022/t1-ciudades/chiclayo/Diccionario de Variables EPEN 202201.pdf	Unknown	Encuesta permanente	Report	Informe técnico	report		2024		Spanish	documento_oficial	media		f0f4b53f_encuesta-permanente.md	datafw inei	40
a86088870aea061f9f12c9f5178d63e042ca5991109403da473cf4d9672d3514	datafw/data/raw/inei/epen-ciudades/2022/t1-ciudades/trujillo/Ficha_Tecnica EPEN 202201.pdf	Unknown	Ficha Tecnica EPEN 202201	Report	Informe técnico	report		2023		Spanish	documento_oficial	media		a8608887_ficha-tecnica-epen-202201.md	datafw inei	41
f0f4b53fb8269c2253f85621dadd2958a091ef94836b7274e0e49cca3f792797	datafw/data/raw/inei/epen-ciudades/2022/t1-ciudades/trujillo/Diccionario de Variables EPEN 202201.pdf	Unknown	Encuesta permanente	Report	Informe técnico	report		2024		Spanish	documento_oficial	media		f0f4b53f_encuesta-permanente.md	datafw inei	42
a86088870aea061f9f12c9f5178d63e042ca5991109403da473cf4d9672d3514	datafw/data/raw/inei/epen-ciudades/2022/t1-ciudades/moquegua/Ficha_Tecnica EPEN 202201.pdf	Unknown	Ficha Tecnica EPEN 202201	Report	Informe técnico	report		2023		Spanish	documento_oficial	media		a8608887_ficha-tecnica-epen-202201.md	datafw inei	43
f0f4b53fb8269c2253f85621dadd2958a091ef94836b7274e0e49cca3f792797	datafw/data/raw/inei/epen-ciudades/2022/t1-ciudades/moquegua/Diccionario de Variables EPEN 202201.pdf	Unknown	Encuesta permanente	Report	Informe técnico	report		2024		Spanish	documento_oficial	media		f0f4b53f_encuesta-permanente.md	datafw inei	44
a86088870aea061f9f12c9f5178d63e042ca5991109403da473cf4d9672d3514	datafw/data/raw/inei/epen-ciudades/2022/t1-ciudades/huaraz/Ficha_Tecnica EPEN 202201.pdf	Unknown	Ficha Tecnica EPEN 202201	Report	Informe técnico	report		2023		Spanish	documento_oficial	media		a8608887_ficha-tecnica-epen-202201.md	datafw inei	45
f0f4b53fb8269c2253f85621dadd2958a091ef94836b7274e0e49cca3f792797	datafw/data/raw/inei/epen-ciudades/2022/t1-ciudades/huaraz/Diccionario de Variables EPEN 202201.pdf	Unknown	Encuesta permanente	Report	Informe técnico	report		2024		Spanish	documento_oficial	media		f0f4b53f_encuesta-permanente.md	datafw inei	46
a86088870aea061f9f12c9f5178d63e042ca5991109403da473cf4d9672d3514	datafw/data/raw/inei/epen-ciudades/2022/t1-ciudades/puerto-maldonado/Ficha_Tecnica EPEN 202201.pdf	Unknown	Ficha Tecnica EPEN 202201	Report	Informe técnico	report		2023		Spanish	documento_oficial	media		a8608887_ficha-tecnica-epen-202201.md	datafw inei	47
f0f4b53fb8269c2253f85621dadd2958a091ef94836b7274e0e49cca3f792797	datafw/data/raw/inei/epen-ciudades/2022/t1-ciudades/puerto-maldonado/Diccionario de Variables EPEN 202201.pdf	Unknown	Encuesta permanente	Report	Informe técnico	report		2024		Spanish	documento_oficial	media		f0f4b53f_encuesta-permanente.md	datafw inei	48
a86088870aea061f9f12c9f5178d63e042ca5991109403da473cf4d9672d3514	datafw/data/raw/inei/epen-ciudades/2022/t1-ciudades/abancay/Ficha_Tecnica EPEN 202201.pdf	Unknown	Ficha Tecnica EPEN 202201	Report	Informe técnico	report		2023		Spanish	documento_oficial	media		a8608887_ficha-tecnica-epen-202201.md	datafw inei	49
f0f4b53fb8269c2253f85621dadd2958a091ef94836b7274e0e49cca3f792797	datafw/data/raw/inei/epen-ciudades/2022/t1-ciudades/abancay/Diccionario de Variables EPEN 202201.pdf	Unknown	Encuesta permanente	Report	Informe técnico	report		2024		Spanish	documento_oficial	media		f0f4b53f_encuesta-permanente.md	datafw inei	50
a86088870aea061f9f12c9f5178d63e042ca5991109403da473cf4d9672d3514	datafw/data/raw/inei/epen-ciudades/2022/t1-ciudades/cajamarca/Ficha_Tecnica EPEN 202201.pdf	Unknown	Ficha Tecnica EPEN 202201	Report	Informe técnico	report		2023		Spanish	documento_oficial	media		a8608887_ficha-tecnica-epen-202201.md	datafw inei	51
f0f4b53fb8269c2253f85621dadd2958a091ef94836b7274e0e49cca3f792797	datafw/data/raw/inei/epen-ciudades/2022/t1-ciudades/cajamarca/Diccionario de Variables EPEN 202201.pdf	Unknown	Encuesta permanente	Report	Informe técnico	report		2024		Spanish	documento_oficial	media		f0f4b53f_encuesta-permanente.md	datafw inei	52
a86088870aea061f9f12c9f5178d63e042ca5991109403da473cf4d9672d3514	datafw/data/raw/inei/epen-ciudades/2022/t1-ciudades/chimbote/Ficha_Tecnica EPEN 202201.pdf	Unknown	Ficha Tecnica EPEN 202201	Report	Informe técnico	report		2023		Spanish	documento_oficial	media		a8608887_ficha-tecnica-epen-202201.md	datafw inei	53
f0f4b53fb8269c2253f85621dadd2958a091ef94836b7274e0e49cca3f792797	datafw/data/raw/inei/epen-ciudades/2022/t1-ciudades/chimbote/Diccionario de Variables EPEN 202201.pdf	Unknown	Encuesta permanente	Report	Informe técnico	report		2024		Spanish	documento_oficial	media		f0f4b53f_encuesta-permanente.md	datafw inei	54
c95a8304f9743f796c59cab70a2d84ee7f6fd335e26ce02361bb8e45be7cbf77	datafw/data/raw/inei/epen-ciudades/2022/t2-ciudades/tumbes/Diccionario de Variables EPEN 202202.pdf	Unknown	Encuesta permanente	Report	Informe técnico	report		2024		Spanish	documento_oficial	media		c95a8304_encuesta-permanente.md	datafw inei	55
6ef10f0318c7a51e996d887dbecae7fe3e0447beef0a11afc7a6d5832216216a	datafw/data/raw/inei/epen-ciudades/2022/t2-ciudades/tumbes/Ficha_Tecnica EPEN 202202.pdf	Unknown	Ficha Tecnica EPEN 202202	Report	Informe técnico	report		2023		Spanish	documento_oficial	media		6ef10f03_ficha-tecnica-epen-202202.md	datafw inei	56
c95a8304f9743f796c59cab70a2d84ee7f6fd335e26ce02361bb8e45be7cbf77	datafw/data/raw/inei/epen-ciudades/2022/t2-ciudades/pucallpa/Diccionario de Variables EPEN 202202.pdf	Unknown	Encuesta permanente	Report	Informe técnico	report		2024		Spanish	documento_oficial	media		c95a8304_encuesta-permanente.md	datafw inei	57
6ef10f0318c7a51e996d887dbecae7fe3e0447beef0a11afc7a6d5832216216a	datafw/data/raw/inei/epen-ciudades/2022/t2-ciudades/pucallpa/Ficha_Tecnica EPEN 202202.pdf	Unknown	Ficha Tecnica EPEN 202202	Report	Informe técnico	report		2023		Spanish	documento_oficial	media		6ef10f03_ficha-tecnica-epen-202202.md	datafw inei	58
c95a8304f9743f796c59cab70a2d84ee7f6fd335e26ce02361bb8e45be7cbf77	datafw/data/raw/inei/epen-ciudades/2022/t2-ciudades/chachapoyas/Diccionario de Variables EPEN 202202.pdf	Unknown	Encuesta permanente	Report	Informe técnico	report		2024		Spanish	documento_oficial	media		c95a8304_encuesta-permanente.md	datafw inei	59
6ef10f0318c7a51e996d887dbecae7fe3e0447beef0a11afc7a6d5832216216a	datafw/data/raw/inei/epen-ciudades/2022/t2-ciudades/chachapoyas/Ficha_Tecnica EPEN 202202.pdf	Unknown	Ficha Tecnica EPEN 202202	Report	Informe técnico	report		2023		Spanish	documento_oficial	media		6ef10f03_ficha-tecnica-epen-202202.md	datafw inei	60
c95a8304f9743f796c59cab70a2d84ee7f6fd335e26ce02361bb8e45be7cbf77	datafw/data/raw/inei/epen-ciudades/2022/t2-ciudades/huancavelica/Diccionario de Variables EPEN 202202.pdf	Unknown	Encuesta permanente	Report	Informe técnico	report		2024		Spanish	documento_oficial	media		c95a8304_encuesta-permanente.md	datafw inei	61
6ef10f0318c7a51e996d887dbecae7fe3e0447beef0a11afc7a6d5832216216a	datafw/data/raw/inei/epen-ciudades/2022/t2-ciudades/huancavelica/Ficha_Tecnica EPEN 202202.pdf	Unknown	Ficha Tecnica EPEN 202202	Report	Informe técnico	report		2023		Spanish	documento_oficial	media		6ef10f03_ficha-tecnica-epen-202202.md	datafw inei	62
c95a8304f9743f796c59cab70a2d84ee7f6fd335e26ce02361bb8e45be7cbf77	datafw/data/raw/inei/epen-ciudades/2022/t2-ciudades/cusco/Diccionario de Variables EPEN 202202.pdf	Unknown	Encuesta permanente	Report	Informe técnico	report		2024		Spanish	documento_oficial	media		c95a8304_encuesta-permanente.md	datafw inei	63
6ef10f0318c7a51e996d887dbecae7fe3e0447beef0a11afc7a6d5832216216a	datafw/data/raw/inei/epen-ciudades/2022/t2-ciudades/cusco/Ficha_Tecnica EPEN 202202.pdf	Unknown	Ficha Tecnica EPEN 202202	Report	Informe técnico	report		2023		Spanish	documento_oficial	media		6ef10f03_ficha-tecnica-epen-202202.md	datafw inei	64
c95a8304f9743f796c59cab70a2d84ee7f6fd335e26ce02361bb8e45be7cbf77	datafw/data/raw/inei/epen-ciudades/2022/t2-ciudades/tarapoto/Diccionario de Variables EPEN 202202.pdf	Unknown	Encuesta permanente	Report	Informe técnico	report		2024		Spanish	documento_oficial	media		c95a8304_encuesta-permanente.md	datafw inei	65
6ef10f0318c7a51e996d887dbecae7fe3e0447beef0a11afc7a6d5832216216a	datafw/data/raw/inei/epen-ciudades/2022/t2-ciudades/tarapoto/Ficha_Tecnica EPEN 202202.pdf	Unknown	Ficha Tecnica EPEN 202202	Report	Informe técnico	report		2023		Spanish	documento_oficial	media		6ef10f03_ficha-tecnica-epen-202202.md	datafw inei	66
c95a8304f9743f796c59cab70a2d84ee7f6fd335e26ce02361bb8e45be7cbf77	datafw/data/raw/inei/epen-ciudades/2022/t2-ciudades/ayacucho/Diccionario de Variables EPEN 202202.pdf	Unknown	Encuesta permanente	Report	Informe técnico	report		2024		Spanish	documento_oficial	media		c95a8304_encuesta-permanente.md	datafw inei	67
6ef10f0318c7a51e996d887dbecae7fe3e0447beef0a11afc7a6d5832216216a	datafw/data/raw/inei/epen-ciudades/2022/t2-ciudades/ayacucho/Ficha_Tecnica EPEN 202202.pdf	Unknown	Ficha Tecnica EPEN 202202	Report	Informe técnico	report		2023		Spanish	documento_oficial	media		6ef10f03_ficha-tecnica-epen-202202.md	datafw inei	68
c95a8304f9743f796c59cab70a2d84ee7f6fd335e26ce02361bb8e45be7cbf77	datafw/data/raw/inei/epen-ciudades/2022/t2-ciudades/pasco/Diccionario de Variables EPEN 202202.pdf	Unknown	Encuesta permanente	Report	Informe técnico	report		2024		Spanish	documento_oficial	media		c95a8304_encuesta-permanente.md	datafw inei	69
6ef10f0318c7a51e996d887dbecae7fe3e0447beef0a11afc7a6d5832216216a	datafw/data/raw/inei/epen-ciudades/2022/t2-ciudades/pasco/Ficha_Tecnica EPEN 202202.pdf	Unknown	Ficha Tecnica EPEN 202202	Report	Informe técnico	report		2023		Spanish	documento_oficial	media		6ef10f03_ficha-tecnica-epen-202202.md	datafw inei	70
c95a8304f9743f796c59cab70a2d84ee7f6fd335e26ce02361bb8e45be7cbf77	datafw/data/raw/inei/epen-ciudades/2022/t2-ciudades/iquitos/Diccionario de Variables EPEN 202202.pdf	Unknown	Encuesta permanente	Report	Informe técnico	report		2024		Spanish	documento_oficial	media		c95a8304_encuesta-permanente.md	datafw inei	71
6ef10f0318c7a51e996d887dbecae7fe3e0447beef0a11afc7a6d5832216216a	datafw/data/raw/inei/epen-ciudades/2022/t2-ciudades/iquitos/Ficha_Tecnica EPEN 202202.pdf	Unknown	Ficha Tecnica EPEN 202202	Report	Informe técnico	report		2023		Spanish	documento_oficial	media		6ef10f03_ficha-tecnica-epen-202202.md	datafw inei	72
c95a8304f9743f796c59cab70a2d84ee7f6fd335e26ce02361bb8e45be7cbf77	datafw/data/raw/inei/epen-ciudades/2022/t2-ciudades/puno/Diccionario de Variables EPEN 202202.pdf	Unknown	Encuesta permanente	Report	Informe técnico	report		2024		Spanish	documento_oficial	media		c95a8304_encuesta-permanente.md	datafw inei	73
6ef10f0318c7a51e996d887dbecae7fe3e0447beef0a11afc7a6d5832216216a	datafw/data/raw/inei/epen-ciudades/2022/t2-ciudades/puno/Ficha_Tecnica EPEN 202202.pdf	Unknown	Ficha Tecnica EPEN 202202	Report	Informe técnico	report		2023		Spanish	documento_oficial	media		6ef10f03_ficha-tecnica-epen-202202.md	datafw inei	74
c95a8304f9743f796c59cab70a2d84ee7f6fd335e26ce02361bb8e45be7cbf77	datafw/data/raw/inei/epen-ciudades/2022/t2-ciudades/lima-metropolitana/Diccionario de Variables EPEN 202202.pdf	Unknown	Encuesta permanente	Report	Informe técnico	report		2024		Spanish	documento_oficial	media		c95a8304_encuesta-permanente.md	datafw inei	75
6ef10f0318c7a51e996d887dbecae7fe3e0447beef0a11afc7a6d5832216216a	datafw/data/raw/inei/epen-ciudades/2022/t2-ciudades/lima-metropolitana/Ficha_Tecnica EPEN 202202.pdf	Unknown	Ficha Tecnica EPEN 202202	Report	Informe técnico	report		2023		Spanish	documento_oficial	media		6ef10f03_ficha-tecnica-epen-202202.md	datafw inei	76
c95a8304f9743f796c59cab70a2d84ee7f6fd335e26ce02361bb8e45be7cbf77	datafw/data/raw/inei/epen-ciudades/2022/t2-ciudades/arequipa/Diccionario de Variables EPEN 202202.pdf	Unknown	Encuesta permanente	Report	Informe técnico	report		2024		Spanish	documento_oficial	media		c95a8304_encuesta-permanente.md	datafw inei	77
6ef10f0318c7a51e996d887dbecae7fe3e0447beef0a11afc7a6d5832216216a	datafw/data/raw/inei/epen-ciudades/2022/t2-ciudades/arequipa/Ficha_Tecnica EPEN 202202.pdf	Unknown	Ficha Tecnica EPEN 202202	Report	Informe técnico	report		2023		Spanish	documento_oficial	media		6ef10f03_ficha-tecnica-epen-202202.md	datafw inei	78
c95a8304f9743f796c59cab70a2d84ee7f6fd335e26ce02361bb8e45be7cbf77	datafw/data/raw/inei/epen-ciudades/2022/t2-ciudades/ica/Diccionario de Variables EPEN 202202.pdf	Unknown	Encuesta permanente	Report	Informe técnico	report		2024		Spanish	documento_oficial	media		c95a8304_encuesta-permanente.md	datafw inei	79
6ef10f0318c7a51e996d887dbecae7fe3e0447beef0a11afc7a6d5832216216a	datafw/data/raw/inei/epen-ciudades/2022/t2-ciudades/ica/Ficha_Tecnica EPEN 202202.pdf	Unknown	Ficha Tecnica EPEN 202202	Report	Informe técnico	report		2023		Spanish	documento_oficial	media		6ef10f03_ficha-tecnica-epen-202202.md	datafw inei	80
c95a8304f9743f796c59cab70a2d84ee7f6fd335e26ce02361bb8e45be7cbf77	datafw/data/raw/inei/epen-ciudades/2022/t2-ciudades/tacna/Diccionario de Variables EPEN 202202.pdf	Unknown	Encuesta permanente	Report	Informe técnico	report		2024		Spanish	documento_oficial	media		c95a8304_encuesta-permanente.md	datafw inei	81
6ef10f0318c7a51e996d887dbecae7fe3e0447beef0a11afc7a6d5832216216a	datafw/data/raw/inei/epen-ciudades/2022/t2-ciudades/tacna/Ficha_Tecnica EPEN 202202.pdf	Unknown	Ficha Tecnica EPEN 202202	Report	Informe técnico	report		2023		Spanish	documento_oficial	media		6ef10f03_ficha-tecnica-epen-202202.md	datafw inei	82
c95a8304f9743f796c59cab70a2d84ee7f6fd335e26ce02361bb8e45be7cbf77	datafw/data/raw/inei/epen-ciudades/2022/t2-ciudades/huancayo/Diccionario de Variables EPEN 202202.pdf	Unknown	Encuesta permanente	Report	Informe técnico	report		2024		Spanish	documento_oficial	media		c95a8304_encuesta-permanente.md	datafw inei	83
6ef10f0318c7a51e996d887dbecae7fe3e0447beef0a11afc7a6d5832216216a	datafw/data/raw/inei/epen-ciudades/2022/t2-ciudades/huancayo/Ficha_Tecnica EPEN 202202.pdf	Unknown	Ficha Tecnica EPEN 202202	Report	Informe técnico	report		2023		Spanish	documento_oficial	media		6ef10f03_ficha-tecnica-epen-202202.md	datafw inei	84
c95a8304f9743f796c59cab70a2d84ee7f6fd335e26ce02361bb8e45be7cbf77	datafw/data/raw/inei/epen-ciudades/2022/t2-ciudades/piura/Diccionario de Variables EPEN 202202.pdf	Unknown	Encuesta permanente	Report	Informe técnico	report		2024		Spanish	documento_oficial	media		c95a8304_encuesta-permanente.md	datafw inei	85
6ef10f0318c7a51e996d887dbecae7fe3e0447beef0a11afc7a6d5832216216a	datafw/data/raw/inei/epen-ciudades/2022/t2-ciudades/piura/Ficha_Tecnica EPEN 202202.pdf	Unknown	Ficha Tecnica EPEN 202202	Report	Informe técnico	report		2023		Spanish	documento_oficial	media		6ef10f03_ficha-tecnica-epen-202202.md	datafw inei	86
c95a8304f9743f796c59cab70a2d84ee7f6fd335e26ce02361bb8e45be7cbf77	datafw/data/raw/inei/epen-ciudades/2022/t2-ciudades/moyobamba/Diccionario de Variables EPEN 202202.pdf	Unknown	Encuesta permanente	Report	Informe técnico	report		2024		Spanish	documento_oficial	media		c95a8304_encuesta-permanente.md	datafw inei	87
6ef10f0318c7a51e996d887dbecae7fe3e0447beef0a11afc7a6d5832216216a	datafw/data/raw/inei/epen-ciudades/2022/t2-ciudades/moyobamba/Ficha_Tecnica EPEN 202202.pdf	Unknown	Ficha Tecnica EPEN 202202	Report	Informe técnico	report		2023		Spanish	documento_oficial	media		6ef10f03_ficha-tecnica-epen-202202.md	datafw inei	88
c95a8304f9743f796c59cab70a2d84ee7f6fd335e26ce02361bb8e45be7cbf77	datafw/data/raw/inei/epen-ciudades/2022/t2-ciudades/huanuco/Diccionario de Variables EPEN 202202.pdf	Unknown	Encuesta permanente	Report	Informe técnico	report		2024		Spanish	documento_oficial	media		c95a8304_encuesta-permanente.md	datafw inei	89
6ef10f0318c7a51e996d887dbecae7fe3e0447beef0a11afc7a6d5832216216a	datafw/data/raw/inei/epen-ciudades/2022/t2-ciudades/huanuco/Ficha_Tecnica EPEN 202202.pdf	Unknown	Ficha Tecnica EPEN 202202	Report	Informe técnico	report		2023		Spanish	documento_oficial	media		6ef10f03_ficha-tecnica-epen-202202.md	datafw inei	90
c95a8304f9743f796c59cab70a2d84ee7f6fd335e26ce02361bb8e45be7cbf77	datafw/data/raw/inei/epen-ciudades/2022/t2-ciudades/chiclayo/Diccionario de Variables EPEN 202202.pdf	Unknown	Encuesta permanente	Report	Informe técnico	report		2024		Spanish	documento_oficial	media		c95a8304_encuesta-permanente.md	datafw inei	91
6ef10f0318c7a51e996d887dbecae7fe3e0447beef0a11afc7a6d5832216216a	datafw/data/raw/inei/epen-ciudades/2022/t2-ciudades/chiclayo/Ficha_Tecnica EPEN 202202.pdf	Unknown	Ficha Tecnica EPEN 202202	Report	Informe técnico	report		2023		Spanish	documento_oficial	media		6ef10f03_ficha-tecnica-epen-202202.md	datafw inei	92
c95a8304f9743f796c59cab70a2d84ee7f6fd335e26ce02361bb8e45be7cbf77	datafw/data/raw/inei/epen-ciudades/2022/t2-ciudades/trujillo/Diccionario de Variables EPEN 202202.pdf	Unknown	Encuesta permanente	Report	Informe técnico	report		2024		Spanish	documento_oficial	media		c95a8304_encuesta-permanente.md	datafw inei	93
6ef10f0318c7a51e996d887dbecae7fe3e0447beef0a11afc7a6d5832216216a	datafw/data/raw/inei/epen-ciudades/2022/t2-ciudades/trujillo/Ficha_Tecnica EPEN 202202.pdf	Unknown	Ficha Tecnica EPEN 202202	Report	Informe técnico	report		2023		Spanish	documento_oficial	media		6ef10f03_ficha-tecnica-epen-202202.md	datafw inei	94
c95a8304f9743f796c59cab70a2d84ee7f6fd335e26ce02361bb8e45be7cbf77	datafw/data/raw/inei/epen-ciudades/2022/t2-ciudades/moquegua/Diccionario de Variables EPEN 202202.pdf	Unknown	Encuesta permanente	Report	Informe técnico	report		2024		Spanish	documento_oficial	media		c95a8304_encuesta-permanente.md	datafw inei	95
6ef10f0318c7a51e996d887dbecae7fe3e0447beef0a11afc7a6d5832216216a	datafw/data/raw/inei/epen-ciudades/2022/t2-ciudades/moquegua/Ficha_Tecnica EPEN 202202.pdf	Unknown	Ficha Tecnica EPEN 202202	Report	Informe técnico	report		2023		Spanish	documento_oficial	media		6ef10f03_ficha-tecnica-epen-202202.md	datafw inei	96
c95a8304f9743f796c59cab70a2d84ee7f6fd335e26ce02361bb8e45be7cbf77	datafw/data/raw/inei/epen-ciudades/2022/t2-ciudades/huaraz/Diccionario de Variables EPEN 202202.pdf	Unknown	Encuesta permanente	Report	Informe técnico	report		2024		Spanish	documento_oficial	media		c95a8304_encuesta-permanente.md	datafw inei	97
6ef10f0318c7a51e996d887dbecae7fe3e0447beef0a11afc7a6d5832216216a	datafw/data/raw/inei/epen-ciudades/2022/t2-ciudades/huaraz/Ficha_Tecnica EPEN 202202.pdf	Unknown	Ficha Tecnica EPEN 202202	Report	Informe técnico	report		2023		Spanish	documento_oficial	media		6ef10f03_ficha-tecnica-epen-202202.md	datafw inei	98
c95a8304f9743f796c59cab70a2d84ee7f6fd335e26ce02361bb8e45be7cbf77	datafw/data/raw/inei/epen-ciudades/2022/t2-ciudades/puerto-maldonado/Diccionario de Variables EPEN 202202.pdf	Unknown	Encuesta permanente	Report	Informe técnico	report		2024		Spanish	documento_oficial	media		c95a8304_encuesta-permanente.md	datafw inei	99
6ef10f0318c7a51e996d887dbecae7fe3e0447beef0a11afc7a6d5832216216a	datafw/data/raw/inei/epen-ciudades/2022/t2-ciudades/puerto-maldonado/Ficha_Tecnica EPEN 202202.pdf	Unknown	Ficha Tecnica EPEN 202202	Report	Informe técnico	report		2023		Spanish	documento_oficial	media		6ef10f03_ficha-tecnica-epen-202202.md	datafw inei	100
c95a8304f9743f796c59cab70a2d84ee7f6fd335e26ce02361bb8e45be7cbf77	datafw/data/raw/inei/epen-ciudades/2022/t2-ciudades/abancay/Diccionario de Variables EPEN 202202.pdf	Unknown	Encuesta permanente	Report	Informe técnico	report		2024		Spanish	documento_oficial	media		c95a8304_encuesta-permanente.md	datafw inei	101
6ef10f0318c7a51e996d887dbecae7fe3e0447beef0a11afc7a6d5832216216a	datafw/data/raw/inei/epen-ciudades/2022/t2-ciudades/abancay/Ficha_Tecnica EPEN 202202.pdf	Unknown	Ficha Tecnica EPEN 202202	Report	Informe técnico	report		2023		Spanish	documento_oficial	media		6ef10f03_ficha-tecnica-epen-202202.md	datafw inei	102
c95a8304f9743f796c59cab70a2d84ee7f6fd335e26ce02361bb8e45be7cbf77	datafw/data/raw/inei/epen-ciudades/2022/t2-ciudades/cajamarca/Diccionario de Variables EPEN 202202.pdf	Unknown	Encuesta permanente	Report	Informe técnico	report		2024		Spanish	documento_oficial	media		c95a8304_encuesta-permanente.md	datafw inei	103
6ef10f0318c7a51e996d887dbecae7fe3e0447beef0a11afc7a6d5832216216a	datafw/data/raw/inei/epen-ciudades/2022/t2-ciudades/cajamarca/Ficha_Tecnica EPEN 202202.pdf	Unknown	Ficha Tecnica EPEN 202202	Report	Informe técnico	report		2023		Spanish	documento_oficial	media		6ef10f03_ficha-tecnica-epen-202202.md	datafw inei	104
c95a8304f9743f796c59cab70a2d84ee7f6fd335e26ce02361bb8e45be7cbf77	datafw/data/raw/inei/epen-ciudades/2022/t2-ciudades/chimbote/Diccionario de Variables EPEN 202202.pdf	Unknown	Encuesta permanente	Report	Informe técnico	report		2024		Spanish	documento_oficial	media		c95a8304_encuesta-permanente.md	datafw inei	105
6ef10f0318c7a51e996d887dbecae7fe3e0447beef0a11afc7a6d5832216216a	datafw/data/raw/inei/epen-ciudades/2022/t2-ciudades/chimbote/Ficha_Tecnica EPEN 202202.pdf	Unknown	Ficha Tecnica EPEN 202202	Report	Informe técnico	report		2023		Spanish	documento_oficial	media		6ef10f03_ficha-tecnica-epen-202202.md	datafw inei	106
98e30c679cf2499dde26b671708b1d61b2c4f45191c694bc267e335985238913	datafw/data/raw/inei/epen-ciudades/2024/t1-ciudades/tumbes/Ficha_Tecnica EPEN 202401.pdf	Unknown	Ficha Tecnica EPEN 202401	Report	Informe técnico	report		2024		Spanish	documento_oficial	media		98e30c67_ficha-tecnica-epen-202401.md	datafw inei	107
664619acdf091178990e41346ee9ef6c9a7f4657e7de4f4180e9222cf450bb30	datafw/data/raw/inei/epen-ciudades/2024/t1-ciudades/tumbes/Diccionario de Variables EPEN 202401.pdf	Unknown	Encuesta permanente	Report	Informe técnico	report		2024		Spanish	documento_oficial	media		664619ac_encuesta-permanente.md	datafw inei	108
98e30c679cf2499dde26b671708b1d61b2c4f45191c694bc267e335985238913	datafw/data/raw/inei/epen-ciudades/2024/t1-ciudades/pucallpa/Ficha_Tecnica EPEN 202401.pdf	Unknown	Ficha Tecnica EPEN 202401	Report	Informe técnico	report		2024		Spanish	documento_oficial	media		98e30c67_ficha-tecnica-epen-202401.md	datafw inei	109
664619acdf091178990e41346ee9ef6c9a7f4657e7de4f4180e9222cf450bb30	datafw/data/raw/inei/epen-ciudades/2024/t1-ciudades/pucallpa/Diccionario de Variables EPEN 202401.pdf	Unknown	Encuesta permanente	Report	Informe técnico	report		2024		Spanish	documento_oficial	media		664619ac_encuesta-permanente.md	datafw inei	110
98e30c679cf2499dde26b671708b1d61b2c4f45191c694bc267e335985238913	datafw/data/raw/inei/epen-ciudades/2024/t1-ciudades/chachapoyas/Ficha_Tecnica EPEN 202401.pdf	Unknown	Ficha Tecnica EPEN 202401	Report	Informe técnico	report		2024		Spanish	documento_oficial	media		98e30c67_ficha-tecnica-epen-202401.md	datafw inei	111
664619acdf091178990e41346ee9ef6c9a7f4657e7de4f4180e9222cf450bb30	datafw/data/raw/inei/epen-ciudades/2024/t1-ciudades/chachapoyas/Diccionario de Variables EPEN 202401.pdf	Unknown	Encuesta permanente	Report	Informe técnico	report		2024		Spanish	documento_oficial	media		664619ac_encuesta-permanente.md	datafw inei	112
98e30c679cf2499dde26b671708b1d61b2c4f45191c694bc267e335985238913	datafw/data/raw/inei/epen-ciudades/2024/t1-ciudades/huancavelica/Ficha_Tecnica EPEN 202401.pdf	Unknown	Ficha Tecnica EPEN 202401	Report	Informe técnico	report		2024		Spanish	documento_oficial	media		98e30c67_ficha-tecnica-epen-202401.md	datafw inei	113
664619acdf091178990e41346ee9ef6c9a7f4657e7de4f4180e9222cf450bb30	datafw/data/raw/inei/epen-ciudades/2024/t1-ciudades/huancavelica/Diccionario de Variables EPEN 202401.pdf	Unknown	Encuesta permanente	Report	Informe técnico	report		2024		Spanish	documento_oficial	media		664619ac_encuesta-permanente.md	datafw inei	114
98e30c679cf2499dde26b671708b1d61b2c4f45191c694bc267e335985238913	datafw/data/raw/inei/epen-ciudades/2024/t1-ciudades/cusco/Ficha_Tecnica EPEN 202401.pdf	Unknown	Ficha Tecnica EPEN 202401	Report	Informe técnico	report		2024		Spanish	documento_oficial	media		98e30c67_ficha-tecnica-epen-202401.md	datafw inei	115
664619acdf091178990e41346ee9ef6c9a7f4657e7de4f4180e9222cf450bb30	datafw/data/raw/inei/epen-ciudades/2024/t1-ciudades/cusco/Diccionario de Variables EPEN 202401.pdf	Unknown	Encuesta permanente	Report	Informe técnico	report		2024		Spanish	documento_oficial	media		664619ac_encuesta-permanente.md	datafw inei	116
98e30c679cf2499dde26b671708b1d61b2c4f45191c694bc267e335985238913	datafw/data/raw/inei/epen-ciudades/2024/t1-ciudades/tarapoto/Ficha_Tecnica EPEN 202401.pdf	Unknown	Ficha Tecnica EPEN 202401	Report	Informe técnico	report		2024		Spanish	documento_oficial	media		98e30c67_ficha-tecnica-epen-202401.md	datafw inei	117
664619acdf091178990e41346ee9ef6c9a7f4657e7de4f4180e9222cf450bb30	datafw/data/raw/inei/epen-ciudades/2024/t1-ciudades/tarapoto/Diccionario de Variables EPEN 202401.pdf	Unknown	Encuesta permanente	Report	Informe técnico	report		2024		Spanish	documento_oficial	media		664619ac_encuesta-permanente.md	datafw inei	118
98e30c679cf2499dde26b671708b1d61b2c4f45191c694bc267e335985238913	datafw/data/raw/inei/epen-ciudades/2024/t1-ciudades/ayacucho/Ficha_Tecnica EPEN 202401.pdf	Unknown	Ficha Tecnica EPEN 202401	Report	Informe técnico	report		2024		Spanish	documento_oficial	media		98e30c67_ficha-tecnica-epen-202401.md	datafw inei	119
664619acdf091178990e41346ee9ef6c9a7f4657e7de4f4180e9222cf450bb30	datafw/data/raw/inei/epen-ciudades/2024/t1-ciudades/ayacucho/Diccionario de Variables EPEN 202401.pdf	Unknown	Encuesta permanente	Report	Informe técnico	report		2024		Spanish	documento_oficial	media		664619ac_encuesta-permanente.md	datafw inei	120
98e30c679cf2499dde26b671708b1d61b2c4f45191c694bc267e335985238913	datafw/data/raw/inei/epen-ciudades/2024/t1-ciudades/pasco/Ficha_Tecnica EPEN 202401.pdf	Unknown	Ficha Tecnica EPEN 202401	Report	Informe técnico	report		2024		Spanish	documento_oficial	media		98e30c67_ficha-tecnica-epen-202401.md	datafw inei	121
664619acdf091178990e41346ee9ef6c9a7f4657e7de4f4180e9222cf450bb30	datafw/data/raw/inei/epen-ciudades/2024/t1-ciudades/pasco/Diccionario de Variables EPEN 202401.pdf	Unknown	Encuesta permanente	Report	Informe técnico	report		2024		Spanish	documento_oficial	media		664619ac_encuesta-permanente.md	datafw inei	122
8eb18addfdce721a7aa712d16f67df26adaabb0576caa4987f0026d190428b99	datafw/data/raw/inei/epen-ciudades/2024/t1-ciudades/juliaca/Ficha_Tecnica EPEN 202401.pdf	Unknown	Ficha Tecnica EPEN 202401	Report	Informe técnico	report		2024		Spanish	documento_oficial	media		8eb18add_ficha-tecnica-epen-202401.md	datafw inei	123
68676b379116f7b5f34767e9e94f75e512711e4d36145229be4108f70c1b2130	datafw/data/raw/inei/epen-ciudades/2024/t1-ciudades/juliaca/Diccionario de Variables EPEN 202401.pdf	Unknown	Encuesta permanente	Report	Informe técnico	report		2024		Spanish	documento_oficial	media		68676b37_encuesta-permanente.md	datafw inei	124
98e30c679cf2499dde26b671708b1d61b2c4f45191c694bc267e335985238913	datafw/data/raw/inei/epen-ciudades/2024/t1-ciudades/iquitos/Ficha_Tecnica EPEN 202401.pdf	Unknown	Ficha Tecnica EPEN 202401	Report	Informe técnico	report		2024		Spanish	documento_oficial	media		98e30c67_ficha-tecnica-epen-202401.md	datafw inei	125
664619acdf091178990e41346ee9ef6c9a7f4657e7de4f4180e9222cf450bb30	datafw/data/raw/inei/epen-ciudades/2024/t1-ciudades/iquitos/Diccionario de Variables EPEN 202401.pdf	Unknown	Encuesta permanente	Report	Informe técnico	report		2024		Spanish	documento_oficial	media		664619ac_encuesta-permanente.md	datafw inei	126
98e30c679cf2499dde26b671708b1d61b2c4f45191c694bc267e335985238913	datafw/data/raw/inei/epen-ciudades/2024/t1-ciudades/puno/Ficha_Tecnica EPEN 202401.pdf	Unknown	Ficha Tecnica EPEN 202401	Report	Informe técnico	report		2024		Spanish	documento_oficial	media		98e30c67_ficha-tecnica-epen-202401.md	datafw inei	127
664619acdf091178990e41346ee9ef6c9a7f4657e7de4f4180e9222cf450bb30	datafw/data/raw/inei/epen-ciudades/2024/t1-ciudades/puno/Diccionario de Variables EPEN 202401.pdf	Unknown	Encuesta permanente	Report	Informe técnico	report		2024		Spanish	documento_oficial	media		664619ac_encuesta-permanente.md	datafw inei	128
98e30c679cf2499dde26b671708b1d61b2c4f45191c694bc267e335985238913	datafw/data/raw/inei/epen-ciudades/2024/t1-ciudades/lima-metropolitana/Ficha_Tecnica EPEN 202401.pdf	Unknown	Ficha Tecnica EPEN 202401	Report	Informe técnico	report		2024		Spanish	documento_oficial	media		98e30c67_ficha-tecnica-epen-202401.md	datafw inei	129
664619acdf091178990e41346ee9ef6c9a7f4657e7de4f4180e9222cf450bb30	datafw/data/raw/inei/epen-ciudades/2024/t1-ciudades/lima-metropolitana/Diccionario de Variables EPEN 202401.pdf	Unknown	Encuesta permanente	Report	Informe técnico	report		2024		Spanish	documento_oficial	media		664619ac_encuesta-permanente.md	datafw inei	130
98e30c679cf2499dde26b671708b1d61b2c4f45191c694bc267e335985238913	datafw/data/raw/inei/epen-ciudades/2024/t1-ciudades/arequipa/Ficha_Tecnica EPEN 202401.pdf	Unknown	Ficha Tecnica EPEN 202401	Report	Informe técnico	report		2024		Spanish	documento_oficial	media		98e30c67_ficha-tecnica-epen-202401.md	datafw inei	131
664619acdf091178990e41346ee9ef6c9a7f4657e7de4f4180e9222cf450bb30	datafw/data/raw/inei/epen-ciudades/2024/t1-ciudades/arequipa/Diccionario de Variables EPEN 202401.pdf	Unknown	Encuesta permanente	Report	Informe técnico	report		2024		Spanish	documento_oficial	media		664619ac_encuesta-permanente.md	datafw inei	132
98e30c679cf2499dde26b671708b1d61b2c4f45191c694bc267e335985238913	datafw/data/raw/inei/epen-ciudades/2024/t1-ciudades/ica/Ficha_Tecnica EPEN 202401.pdf	Unknown	Ficha Tecnica EPEN 202401	Report	Informe técnico	report		2024		Spanish	documento_oficial	media		98e30c67_ficha-tecnica-epen-202401.md	datafw inei	133
664619acdf091178990e41346ee9ef6c9a7f4657e7de4f4180e9222cf450bb30	datafw/data/raw/inei/epen-ciudades/2024/t1-ciudades/ica/Diccionario de Variables EPEN 202401.pdf	Unknown	Encuesta permanente	Report	Informe técnico	report		2024		Spanish	documento_oficial	media		664619ac_encuesta-permanente.md	datafw inei	134
98e30c679cf2499dde26b671708b1d61b2c4f45191c694bc267e335985238913	datafw/data/raw/inei/epen-ciudades/2024/t1-ciudades/tacna/Ficha_Tecnica EPEN 202401.pdf	Unknown	Ficha Tecnica EPEN 202401	Report	Informe técnico	report		2024		Spanish	documento_oficial	media		98e30c67_ficha-tecnica-epen-202401.md	datafw inei	135
664619acdf091178990e41346ee9ef6c9a7f4657e7de4f4180e9222cf450bb30	datafw/data/raw/inei/epen-ciudades/2024/t1-ciudades/tacna/Diccionario de Variables EPEN 202401.pdf	Unknown	Encuesta permanente	Report	Informe técnico	report		2024		Spanish	documento_oficial	media		664619ac_encuesta-permanente.md	datafw inei	136
98e30c679cf2499dde26b671708b1d61b2c4f45191c694bc267e335985238913	datafw/data/raw/inei/epen-ciudades/2024/t1-ciudades/huancayo/Ficha_Tecnica EPEN 202401.pdf	Unknown	Ficha Tecnica EPEN 202401	Report	Informe técnico	report		2024		Spanish	documento_oficial	media		98e30c67_ficha-tecnica-epen-202401.md	datafw inei	137
664619acdf091178990e41346ee9ef6c9a7f4657e7de4f4180e9222cf450bb30	datafw/data/raw/inei/epen-ciudades/2024/t1-ciudades/huancayo/Diccionario de Variables EPEN 202401.pdf	Unknown	Encuesta permanente	Report	Informe técnico	report		2024		Spanish	documento_oficial	media		664619ac_encuesta-permanente.md	datafw inei	138
98e30c679cf2499dde26b671708b1d61b2c4f45191c694bc267e335985238913	datafw/data/raw/inei/epen-ciudades/2024/t1-ciudades/piura/Ficha_Tecnica EPEN 202401.pdf	Unknown	Ficha Tecnica EPEN 202401	Report	Informe técnico	report		2024		Spanish	documento_oficial	media		98e30c67_ficha-tecnica-epen-202401.md	datafw inei	139
664619acdf091178990e41346ee9ef6c9a7f4657e7de4f4180e9222cf450bb30	datafw/data/raw/inei/epen-ciudades/2024/t1-ciudades/piura/Diccionario de Variables EPEN 202401.pdf	Unknown	Encuesta permanente	Report	Informe técnico	report		2024		Spanish	documento_oficial	media		664619ac_encuesta-permanente.md	datafw inei	140
98e30c679cf2499dde26b671708b1d61b2c4f45191c694bc267e335985238913	datafw/data/raw/inei/epen-ciudades/2024/t1-ciudades/moyobamba/Ficha_Tecnica EPEN 202401.pdf	Unknown	Ficha Tecnica EPEN 202401	Report	Informe técnico	report		2024		Spanish	documento_oficial	media		98e30c67_ficha-tecnica-epen-202401.md	datafw inei	141
664619acdf091178990e41346ee9ef6c9a7f4657e7de4f4180e9222cf450bb30	datafw/data/raw/inei/epen-ciudades/2024/t1-ciudades/moyobamba/Diccionario de Variables EPEN 202401.pdf	Unknown	Encuesta permanente	Report	Informe técnico	report		2024		Spanish	documento_oficial	media		664619ac_encuesta-permanente.md	datafw inei	142
98e30c679cf2499dde26b671708b1d61b2c4f45191c694bc267e335985238913	datafw/data/raw/inei/epen-ciudades/2024/t1-ciudades/huanuco/Ficha_Tecnica EPEN 202401.pdf	Unknown	Ficha Tecnica EPEN 202401	Report	Informe técnico	report		2024		Spanish	documento_oficial	media		98e30c67_ficha-tecnica-epen-202401.md	datafw inei	143
664619acdf091178990e41346ee9ef6c9a7f4657e7de4f4180e9222cf450bb30	datafw/data/raw/inei/epen-ciudades/2024/t1-ciudades/huanuco/Diccionario de Variables EPEN 202401.pdf	Unknown	Encuesta permanente	Report	Informe técnico	report		2024		Spanish	documento_oficial	media		664619ac_encuesta-permanente.md	datafw inei	144
98e30c679cf2499dde26b671708b1d61b2c4f45191c694bc267e335985238913	datafw/data/raw/inei/epen-ciudades/2024/t1-ciudades/chiclayo/Ficha_Tecnica EPEN 202401.pdf	Unknown	Ficha Tecnica EPEN 202401	Report	Informe técnico	report		2024		Spanish	documento_oficial	media		98e30c67_ficha-tecnica-epen-202401.md	datafw inei	145
664619acdf091178990e41346ee9ef6c9a7f4657e7de4f4180e9222cf450bb30	datafw/data/raw/inei/epen-ciudades/2024/t1-ciudades/chiclayo/Diccionario de Variables EPEN 202401.pdf	Unknown	Encuesta permanente	Report	Informe técnico	report		2024		Spanish	documento_oficial	media		664619ac_encuesta-permanente.md	datafw inei	146
98e30c679cf2499dde26b671708b1d61b2c4f45191c694bc267e335985238913	datafw/data/raw/inei/epen-ciudades/2024/t1-ciudades/trujillo/Ficha_Tecnica EPEN 202401.pdf	Unknown	Ficha Tecnica EPEN 202401	Report	Informe técnico	report		2024		Spanish	documento_oficial	media		98e30c67_ficha-tecnica-epen-202401.md	datafw inei	147
664619acdf091178990e41346ee9ef6c9a7f4657e7de4f4180e9222cf450bb30	datafw/data/raw/inei/epen-ciudades/2024/t1-ciudades/trujillo/Diccionario de Variables EPEN 202401.pdf	Unknown	Encuesta permanente	Report	Informe técnico	report		2024		Spanish	documento_oficial	media		664619ac_encuesta-permanente.md	datafw inei	148
98e30c679cf2499dde26b671708b1d61b2c4f45191c694bc267e335985238913	datafw/data/raw/inei/epen-ciudades/2024/t1-ciudades/moquegua/Ficha_Tecnica EPEN 202401.pdf	Unknown	Ficha Tecnica EPEN 202401	Report	Informe técnico	report		2024		Spanish	documento_oficial	media		98e30c67_ficha-tecnica-epen-202401.md	datafw inei	149
664619acdf091178990e41346ee9ef6c9a7f4657e7de4f4180e9222cf450bb30	datafw/data/raw/inei/epen-ciudades/2024/t1-ciudades/moquegua/Diccionario de Variables EPEN 202401.pdf	Unknown	Encuesta permanente	Report	Informe técnico	report		2024		Spanish	documento_oficial	media		664619ac_encuesta-permanente.md	datafw inei	150
98e30c679cf2499dde26b671708b1d61b2c4f45191c694bc267e335985238913	datafw/data/raw/inei/epen-ciudades/2024/t1-ciudades/huaraz/Ficha_Tecnica EPEN 202401.pdf	Unknown	Ficha Tecnica EPEN 202401	Report	Informe técnico	report		2024		Spanish	documento_oficial	media		98e30c67_ficha-tecnica-epen-202401.md	datafw inei	151
664619acdf091178990e41346ee9ef6c9a7f4657e7de4f4180e9222cf450bb30	datafw/data/raw/inei/epen-ciudades/2024/t1-ciudades/huaraz/Diccionario de Variables EPEN 202401.pdf	Unknown	Encuesta permanente	Report	Informe técnico	report		2024		Spanish	documento_oficial	media		664619ac_encuesta-permanente.md	datafw inei	152
98e30c679cf2499dde26b671708b1d61b2c4f45191c694bc267e335985238913	datafw/data/raw/inei/epen-ciudades/2024/t1-ciudades/puerto-maldonado/Ficha_Tecnica EPEN 202401.pdf	Unknown	Ficha Tecnica EPEN 202401	Report	Informe técnico	report		2024		Spanish	documento_oficial	media		98e30c67_ficha-tecnica-epen-202401.md	datafw inei	153
664619acdf091178990e41346ee9ef6c9a7f4657e7de4f4180e9222cf450bb30	datafw/data/raw/inei/epen-ciudades/2024/t1-ciudades/puerto-maldonado/Diccionario de Variables EPEN 202401.pdf	Unknown	Encuesta permanente	Report	Informe técnico	report		2024		Spanish	documento_oficial	media		664619ac_encuesta-permanente.md	datafw inei	154
98e30c679cf2499dde26b671708b1d61b2c4f45191c694bc267e335985238913	datafw/data/raw/inei/epen-ciudades/2024/t1-ciudades/abancay/Ficha_Tecnica EPEN 202401.pdf	Unknown	Ficha Tecnica EPEN 202401	Report	Informe técnico	report		2024		Spanish	documento_oficial	media		98e30c67_ficha-tecnica-epen-202401.md	datafw inei	155
664619acdf091178990e41346ee9ef6c9a7f4657e7de4f4180e9222cf450bb30	datafw/data/raw/inei/epen-ciudades/2024/t1-ciudades/abancay/Diccionario de Variables EPEN 202401.pdf	Unknown	Encuesta permanente	Report	Informe técnico	report		2024		Spanish	documento_oficial	media		664619ac_encuesta-permanente.md	datafw inei	156
98e30c679cf2499dde26b671708b1d61b2c4f45191c694bc267e335985238913	datafw/data/raw/inei/epen-ciudades/2024/t1-ciudades/cajamarca/Ficha_Tecnica EPEN 202401.pdf	Unknown	Ficha Tecnica EPEN 202401	Report	Informe técnico	report		2024		Spanish	documento_oficial	media		98e30c67_ficha-tecnica-epen-202401.md	datafw inei	157
664619acdf091178990e41346ee9ef6c9a7f4657e7de4f4180e9222cf450bb30	datafw/data/raw/inei/epen-ciudades/2024/t1-ciudades/cajamarca/Diccionario de Variables EPEN 202401.pdf	Unknown	Encuesta permanente	Report	Informe técnico	report		2024		Spanish	documento_oficial	media		664619ac_encuesta-permanente.md	datafw inei	158
98e30c679cf2499dde26b671708b1d61b2c4f45191c694bc267e335985238913	datafw/data/raw/inei/epen-ciudades/2024/t1-ciudades/chimbote/Ficha_Tecnica EPEN 202401.pdf	Unknown	Ficha Tecnica EPEN 202401	Report	Informe técnico	report		2024		Spanish	documento_oficial	media		98e30c67_ficha-tecnica-epen-202401.md	datafw inei	159
664619acdf091178990e41346ee9ef6c9a7f4657e7de4f4180e9222cf450bb30	datafw/data/raw/inei/epen-ciudades/2024/t1-ciudades/chimbote/Diccionario de Variables EPEN 202401.pdf	Unknown	Encuesta permanente	Report	Informe técnico	report		2024		Spanish	documento_oficial	media		664619ac_encuesta-permanente.md	datafw inei	160
e40aec228bb83fe6632702d01a4d8555336dbd336c54813b96b8de261d7e2dc1	datafw/data/raw/inei/epen-ciudades/2023/anual-ciudades/tumbes/Diccionario de Variables EPEN 2023.pdf	Unknown	Encuesta permanente	Report	Informe técnico	report		2024		Spanish	documento_oficial	media		e40aec22_encuesta-permanente.md	datafw inei	161
f0168312b012d8205fd3ca15dbde129d55eef02edcbae0cd8754ce984550b956	datafw/data/raw/inei/epen-ciudades/2023/anual-ciudades/tumbes/Ficha_Tecnica EPEN 2023.pdf	Unknown	Ficha Tecnica EPEN 2023	Report	Informe técnico	report		2023		Spanish	documento_oficial	media		f0168312_ficha-tecnica-epen-2023.md	datafw inei	162
e40aec228bb83fe6632702d01a4d8555336dbd336c54813b96b8de261d7e2dc1	datafw/data/raw/inei/epen-ciudades/2023/anual-ciudades/pucallpa/Diccionario de Variables EPEN 2023.pdf	Unknown	Encuesta permanente	Report	Informe técnico	report		2024		Spanish	documento_oficial	media		e40aec22_encuesta-permanente.md	datafw inei	163
f0168312b012d8205fd3ca15dbde129d55eef02edcbae0cd8754ce984550b956	datafw/data/raw/inei/epen-ciudades/2023/anual-ciudades/pucallpa/Ficha_Tecnica EPEN 2023.pdf	Unknown	Ficha Tecnica EPEN 2023	Report	Informe técnico	report		2023		Spanish	documento_oficial	media		f0168312_ficha-tecnica-epen-2023.md	datafw inei	164
e40aec228bb83fe6632702d01a4d8555336dbd336c54813b96b8de261d7e2dc1	datafw/data/raw/inei/epen-ciudades/2023/anual-ciudades/chachapoyas/Diccionario de Variables EPEN 2023.pdf	Unknown	Encuesta permanente	Report	Informe técnico	report		2024		Spanish	documento_oficial	media		e40aec22_encuesta-permanente.md	datafw inei	165
f0168312b012d8205fd3ca15dbde129d55eef02edcbae0cd8754ce984550b956	datafw/data/raw/inei/epen-ciudades/2023/anual-ciudades/chachapoyas/Ficha_Tecnica EPEN 2023.pdf	Unknown	Ficha Tecnica EPEN 2023	Report	Informe técnico	report		2023		Spanish	documento_oficial	media		f0168312_ficha-tecnica-epen-2023.md	datafw inei	166
e40aec228bb83fe6632702d01a4d8555336dbd336c54813b96b8de261d7e2dc1	datafw/data/raw/inei/epen-ciudades/2023/anual-ciudades/huancavelica/Diccionario de Variables EPEN 2023.pdf	Unknown	Encuesta permanente	Report	Informe técnico	report		2024		Spanish	documento_oficial	media		e40aec22_encuesta-permanente.md	datafw inei	167
f0168312b012d8205fd3ca15dbde129d55eef02edcbae0cd8754ce984550b956	datafw/data/raw/inei/epen-ciudades/2023/anual-ciudades/huancavelica/Ficha_Tecnica EPEN 2023.pdf	Unknown	Ficha Tecnica EPEN 2023	Report	Informe técnico	report		2023		Spanish	documento_oficial	media		f0168312_ficha-tecnica-epen-2023.md	datafw inei	168
e40aec228bb83fe6632702d01a4d8555336dbd336c54813b96b8de261d7e2dc1	datafw/data/raw/inei/epen-ciudades/2023/anual-ciudades/cusco/Diccionario de Variables EPEN 2023.pdf	Unknown	Encuesta permanente	Report	Informe técnico	report		2024		Spanish	documento_oficial	media		e40aec22_encuesta-permanente.md	datafw inei	169
f0168312b012d8205fd3ca15dbde129d55eef02edcbae0cd8754ce984550b956	datafw/data/raw/inei/epen-ciudades/2023/anual-ciudades/cusco/Ficha_Tecnica EPEN 2023.pdf	Unknown	Ficha Tecnica EPEN 2023	Report	Informe técnico	report		2023		Spanish	documento_oficial	media		f0168312_ficha-tecnica-epen-2023.md	datafw inei	170
e40aec228bb83fe6632702d01a4d8555336dbd336c54813b96b8de261d7e2dc1	datafw/data/raw/inei/epen-ciudades/2023/anual-ciudades/tarapoto/Diccionario de Variables EPEN 2023.pdf	Unknown	Encuesta permanente	Report	Informe técnico	report		2024		Spanish	documento_oficial	media		e40aec22_encuesta-permanente.md	datafw inei	171
f0168312b012d8205fd3ca15dbde129d55eef02edcbae0cd8754ce984550b956	datafw/data/raw/inei/epen-ciudades/2023/anual-ciudades/tarapoto/Ficha_Tecnica EPEN 2023.pdf	Unknown	Ficha Tecnica EPEN 2023	Report	Informe técnico	report		2023		Spanish	documento_oficial	media		f0168312_ficha-tecnica-epen-2023.md	datafw inei	172
e40aec228bb83fe6632702d01a4d8555336dbd336c54813b96b8de261d7e2dc1	datafw/data/raw/inei/epen-ciudades/2023/anual-ciudades/ayacucho/Diccionario de Variables EPEN 2023.pdf	Unknown	Encuesta permanente	Report	Informe técnico	report		2024		Spanish	documento_oficial	media		e40aec22_encuesta-permanente.md	datafw inei	173
f0168312b012d8205fd3ca15dbde129d55eef02edcbae0cd8754ce984550b956	datafw/data/raw/inei/epen-ciudades/2023/anual-ciudades/ayacucho/Ficha_Tecnica EPEN 2023.pdf	Unknown	Ficha Tecnica EPEN 2023	Report	Informe técnico	report		2023		Spanish	documento_oficial	media		f0168312_ficha-tecnica-epen-2023.md	datafw inei	174
e40aec228bb83fe6632702d01a4d8555336dbd336c54813b96b8de261d7e2dc1	datafw/data/raw/inei/epen-ciudades/2023/anual-ciudades/pasco/Diccionario de Variables EPEN 2023.pdf	Unknown	Encuesta permanente	Report	Informe técnico	report		2024		Spanish	documento_oficial	media		e40aec22_encuesta-permanente.md	datafw inei	175
f0168312b012d8205fd3ca15dbde129d55eef02edcbae0cd8754ce984550b956	datafw/data/raw/inei/epen-ciudades/2023/anual-ciudades/pasco/Ficha_Tecnica EPEN 2023.pdf	Unknown	Ficha Tecnica EPEN 2023	Report	Informe técnico	report		2023		Spanish	documento_oficial	media		f0168312_ficha-tecnica-epen-2023.md	datafw inei	176
e40aec228bb83fe6632702d01a4d8555336dbd336c54813b96b8de261d7e2dc1	datafw/data/raw/inei/epen-ciudades/2023/anual-ciudades/iquitos/Diccionario de Variables EPEN 2023.pdf	Unknown	Encuesta permanente	Report	Informe técnico	report		2024		Spanish	documento_oficial	media		e40aec22_encuesta-permanente.md	datafw inei	177
f0168312b012d8205fd3ca15dbde129d55eef02edcbae0cd8754ce984550b956	datafw/data/raw/inei/epen-ciudades/2023/anual-ciudades/iquitos/Ficha_Tecnica EPEN 2023.pdf	Unknown	Ficha Tecnica EPEN 2023	Report	Informe técnico	report		2023		Spanish	documento_oficial	media		f0168312_ficha-tecnica-epen-2023.md	datafw inei	178
e40aec228bb83fe6632702d01a4d8555336dbd336c54813b96b8de261d7e2dc1	datafw/data/raw/inei/epen-ciudades/2023/anual-ciudades/puno/Diccionario de Variables EPEN 2023.pdf	Unknown	Encuesta permanente	Report	Informe técnico	report		2024		Spanish	documento_oficial	media		e40aec22_encuesta-permanente.md	datafw inei	179
f0168312b012d8205fd3ca15dbde129d55eef02edcbae0cd8754ce984550b956	datafw/data/raw/inei/epen-ciudades/2023/anual-ciudades/puno/Ficha_Tecnica EPEN 2023.pdf	Unknown	Ficha Tecnica EPEN 2023	Report	Informe técnico	report		2023		Spanish	documento_oficial	media		f0168312_ficha-tecnica-epen-2023.md	datafw inei	180
e40aec228bb83fe6632702d01a4d8555336dbd336c54813b96b8de261d7e2dc1	datafw/data/raw/inei/epen-ciudades/2023/anual-ciudades/lima-metropolitana/Diccionario de Variables EPEN 2023.pdf	Unknown	Encuesta permanente	Report	Informe técnico	report		2024		Spanish	documento_oficial	media		e40aec22_encuesta-permanente.md	datafw inei	181
f0168312b012d8205fd3ca15dbde129d55eef02edcbae0cd8754ce984550b956	datafw/data/raw/inei/epen-ciudades/2023/anual-ciudades/lima-metropolitana/Ficha_Tecnica EPEN 2023.pdf	Unknown	Ficha Tecnica EPEN 2023	Report	Informe técnico	report		2023		Spanish	documento_oficial	media		f0168312_ficha-tecnica-epen-2023.md	datafw inei	182
e40aec228bb83fe6632702d01a4d8555336dbd336c54813b96b8de261d7e2dc1	datafw/data/raw/inei/epen-ciudades/2023/anual-ciudades/arequipa/Diccionario de Variables EPEN 2023.pdf	Unknown	Encuesta permanente	Report	Informe técnico	report		2024		Spanish	documento_oficial	media		e40aec22_encuesta-permanente.md	datafw inei	183
f0168312b012d8205fd3ca15dbde129d55eef02edcbae0cd8754ce984550b956	datafw/data/raw/inei/epen-ciudades/2023/anual-ciudades/arequipa/Ficha_Tecnica EPEN 2023.pdf	Unknown	Ficha Tecnica EPEN 2023	Report	Informe técnico	report		2023		Spanish	documento_oficial	media		f0168312_ficha-tecnica-epen-2023.md	datafw inei	184
e40aec228bb83fe6632702d01a4d8555336dbd336c54813b96b8de261d7e2dc1	datafw/data/raw/inei/epen-ciudades/2023/anual-ciudades/ica/Diccionario de Variables EPEN 2023.pdf	Unknown	Encuesta permanente	Report	Informe técnico	report		2024		Spanish	documento_oficial	media		e40aec22_encuesta-permanente.md	datafw inei	185
f0168312b012d8205fd3ca15dbde129d55eef02edcbae0cd8754ce984550b956	datafw/data/raw/inei/epen-ciudades/2023/anual-ciudades/ica/Ficha_Tecnica EPEN 2023.pdf	Unknown	Ficha Tecnica EPEN 2023	Report	Informe técnico	report		2023		Spanish	documento_oficial	media		f0168312_ficha-tecnica-epen-2023.md	datafw inei	186
e40aec228bb83fe6632702d01a4d8555336dbd336c54813b96b8de261d7e2dc1	datafw/data/raw/inei/epen-ciudades/2023/anual-ciudades/tacna/Diccionario de Variables EPEN 2023.pdf	Unknown	Encuesta permanente	Report	Informe técnico	report		2024		Spanish	documento_oficial	media		e40aec22_encuesta-permanente.md	datafw inei	187
f0168312b012d8205fd3ca15dbde129d55eef02edcbae0cd8754ce984550b956	datafw/data/raw/inei/epen-ciudades/2023/anual-ciudades/tacna/Ficha_Tecnica EPEN 2023.pdf	Unknown	Ficha Tecnica EPEN 2023	Report	Informe técnico	report		2023		Spanish	documento_oficial	media		f0168312_ficha-tecnica-epen-2023.md	datafw inei	188
e40aec228bb83fe6632702d01a4d8555336dbd336c54813b96b8de261d7e2dc1	datafw/data/raw/inei/epen-ciudades/2023/anual-ciudades/huancayo/Diccionario de Variables EPEN 2023.pdf	Unknown	Encuesta permanente	Report	Informe técnico	report		2024		Spanish	documento_oficial	media		e40aec22_encuesta-permanente.md	datafw inei	189
f0168312b012d8205fd3ca15dbde129d55eef02edcbae0cd8754ce984550b956	datafw/data/raw/inei/epen-ciudades/2023/anual-ciudades/huancayo/Ficha_Tecnica EPEN 2023.pdf	Unknown	Ficha Tecnica EPEN 2023	Report	Informe técnico	report		2023		Spanish	documento_oficial	media		f0168312_ficha-tecnica-epen-2023.md	datafw inei	190
e40aec228bb83fe6632702d01a4d8555336dbd336c54813b96b8de261d7e2dc1	datafw/data/raw/inei/epen-ciudades/2023/anual-ciudades/piura/Diccionario de Variables EPEN 2023.pdf	Unknown	Encuesta permanente	Report	Informe técnico	report		2024		Spanish	documento_oficial	media		e40aec22_encuesta-permanente.md	datafw inei	191
f0168312b012d8205fd3ca15dbde129d55eef02edcbae0cd8754ce984550b956	datafw/data/raw/inei/epen-ciudades/2023/anual-ciudades/piura/Ficha_Tecnica EPEN 2023.pdf	Unknown	Ficha Tecnica EPEN 2023	Report	Informe técnico	report		2023		Spanish	documento_oficial	media		f0168312_ficha-tecnica-epen-2023.md	datafw inei	192
e40aec228bb83fe6632702d01a4d8555336dbd336c54813b96b8de261d7e2dc1	datafw/data/raw/inei/epen-ciudades/2023/anual-ciudades/moyobamba/Diccionario de Variables EPEN 2023.pdf	Unknown	Encuesta permanente	Report	Informe técnico	report		2024		Spanish	documento_oficial	media		e40aec22_encuesta-permanente.md	datafw inei	193
f0168312b012d8205fd3ca15dbde129d55eef02edcbae0cd8754ce984550b956	datafw/data/raw/inei/epen-ciudades/2023/anual-ciudades/moyobamba/Ficha_Tecnica EPEN 2023.pdf	Unknown	Ficha Tecnica EPEN 2023	Report	Informe técnico	report		2023		Spanish	documento_oficial	media		f0168312_ficha-tecnica-epen-2023.md	datafw inei	194
e40aec228bb83fe6632702d01a4d8555336dbd336c54813b96b8de261d7e2dc1	datafw/data/raw/inei/epen-ciudades/2023/anual-ciudades/huanuco/Diccionario de Variables EPEN 2023.pdf	Unknown	Encuesta permanente	Report	Informe técnico	report		2024		Spanish	documento_oficial	media		e40aec22_encuesta-permanente.md	datafw inei	195
f0168312b012d8205fd3ca15dbde129d55eef02edcbae0cd8754ce984550b956	datafw/data/raw/inei/epen-ciudades/2023/anual-ciudades/huanuco/Ficha_Tecnica EPEN 2023.pdf	Unknown	Ficha Tecnica EPEN 2023	Report	Informe técnico	report		2023		Spanish	documento_oficial	media		f0168312_ficha-tecnica-epen-2023.md	datafw inei	196
e40aec228bb83fe6632702d01a4d8555336dbd336c54813b96b8de261d7e2dc1	datafw/data/raw/inei/epen-ciudades/2023/anual-ciudades/chiclayo/Diccionario de Variables EPEN 2023.pdf	Unknown	Encuesta permanente	Report	Informe técnico	report		2024		Spanish	documento_oficial	media		e40aec22_encuesta-permanente.md	datafw inei	197
f0168312b012d8205fd3ca15dbde129d55eef02edcbae0cd8754ce984550b956	datafw/data/raw/inei/epen-ciudades/2023/anual-ciudades/chiclayo/Ficha_Tecnica EPEN 2023.pdf	Unknown	Ficha Tecnica EPEN 2023	Report	Informe técnico	report		2023		Spanish	documento_oficial	media		f0168312_ficha-tecnica-epen-2023.md	datafw inei	198
e40aec228bb83fe6632702d01a4d8555336dbd336c54813b96b8de261d7e2dc1	datafw/data/raw/inei/epen-ciudades/2023/anual-ciudades/trujillo/Diccionario de Variables EPEN 2023.pdf	Unknown	Encuesta permanente	Report	Informe técnico	report		2024		Spanish	documento_oficial	media		e40aec22_encuesta-permanente.md	datafw inei	199
f0168312b012d8205fd3ca15dbde129d55eef02edcbae0cd8754ce984550b956	datafw/data/raw/inei/epen-ciudades/2023/anual-ciudades/trujillo/Ficha_Tecnica EPEN 2023.pdf	Unknown	Ficha Tecnica EPEN 2023	Report	Informe técnico	report		2023		Spanish	documento_oficial	media		f0168312_ficha-tecnica-epen-2023.md	datafw inei	200
e40aec228bb83fe6632702d01a4d8555336dbd336c54813b96b8de261d7e2dc1	datafw/data/raw/inei/epen-ciudades/2023/anual-ciudades/moquegua/Diccionario de Variables EPEN 2023.pdf	Unknown	Encuesta permanente	Report	Informe técnico	report		2024		Spanish	documento_oficial	media		e40aec22_encuesta-permanente.md	datafw inei	201
f0168312b012d8205fd3ca15dbde129d55eef02edcbae0cd8754ce984550b956	datafw/data/raw/inei/epen-ciudades/2023/anual-ciudades/moquegua/Ficha_Tecnica EPEN 2023.pdf	Unknown	Ficha Tecnica EPEN 2023	Report	Informe técnico	report		2023		Spanish	documento_oficial	media		f0168312_ficha-tecnica-epen-2023.md	datafw inei	202
e40aec228bb83fe6632702d01a4d8555336dbd336c54813b96b8de261d7e2dc1	datafw/data/raw/inei/epen-ciudades/2023/anual-ciudades/huaraz/Diccionario de Variables EPEN 2023.pdf	Unknown	Encuesta permanente	Report	Informe técnico	report		2024		Spanish	documento_oficial	media		e40aec22_encuesta-permanente.md	datafw inei	203
f0168312b012d8205fd3ca15dbde129d55eef02edcbae0cd8754ce984550b956	datafw/data/raw/inei/epen-ciudades/2023/anual-ciudades/huaraz/Ficha_Tecnica EPEN 2023.pdf	Unknown	Ficha Tecnica EPEN 2023	Report	Informe técnico	report		2023		Spanish	documento_oficial	media		f0168312_ficha-tecnica-epen-2023.md	datafw inei	204
e40aec228bb83fe6632702d01a4d8555336dbd336c54813b96b8de261d7e2dc1	datafw/data/raw/inei/epen-ciudades/2023/anual-ciudades/puerto-maldonado/Diccionario de Variables EPEN 2023.pdf	Unknown	Encuesta permanente	Report	Informe técnico	report		2024		Spanish	documento_oficial	media		e40aec22_encuesta-permanente.md	datafw inei	205
f0168312b012d8205fd3ca15dbde129d55eef02edcbae0cd8754ce984550b956	datafw/data/raw/inei/epen-ciudades/2023/anual-ciudades/puerto-maldonado/Ficha_Tecnica EPEN 2023.pdf	Unknown	Ficha Tecnica EPEN 2023	Report	Informe técnico	report		2023		Spanish	documento_oficial	media		f0168312_ficha-tecnica-epen-2023.md	datafw inei	206
e40aec228bb83fe6632702d01a4d8555336dbd336c54813b96b8de261d7e2dc1	datafw/data/raw/inei/epen-ciudades/2023/anual-ciudades/abancay/Diccionario de Variables EPEN 2023.pdf	Unknown	Encuesta permanente	Report	Informe técnico	report		2024		Spanish	documento_oficial	media		e40aec22_encuesta-permanente.md	datafw inei	207
f0168312b012d8205fd3ca15dbde129d55eef02edcbae0cd8754ce984550b956	datafw/data/raw/inei/epen-ciudades/2023/anual-ciudades/abancay/Ficha_Tecnica EPEN 2023.pdf	Unknown	Ficha Tecnica EPEN 2023	Report	Informe técnico	report		2023		Spanish	documento_oficial	media		f0168312_ficha-tecnica-epen-2023.md	datafw inei	208
e40aec228bb83fe6632702d01a4d8555336dbd336c54813b96b8de261d7e2dc1	datafw/data/raw/inei/epen-ciudades/2023/anual-ciudades/cajamarca/Diccionario de Variables EPEN 2023.pdf	Unknown	Encuesta permanente	Report	Informe técnico	report		2024		Spanish	documento_oficial	media		e40aec22_encuesta-permanente.md	datafw inei	209
f0168312b012d8205fd3ca15dbde129d55eef02edcbae0cd8754ce984550b956	datafw/data/raw/inei/epen-ciudades/2023/anual-ciudades/cajamarca/Ficha_Tecnica EPEN 2023.pdf	Unknown	Ficha Tecnica EPEN 2023	Report	Informe técnico	report		2023		Spanish	documento_oficial	media		f0168312_ficha-tecnica-epen-2023.md	datafw inei	210
e40aec228bb83fe6632702d01a4d8555336dbd336c54813b96b8de261d7e2dc1	datafw/data/raw/inei/epen-ciudades/2023/anual-ciudades/chimbote/Diccionario de Variables EPEN 2023.pdf	Unknown	Encuesta permanente	Report	Informe técnico	report		2024		Spanish	documento_oficial	media		e40aec22_encuesta-permanente.md	datafw inei	211
f0168312b012d8205fd3ca15dbde129d55eef02edcbae0cd8754ce984550b956	datafw/data/raw/inei/epen-ciudades/2023/anual-ciudades/chimbote/Ficha_Tecnica EPEN 2023.pdf	Unknown	Ficha Tecnica EPEN 2023	Report	Informe técnico	report		2023		Spanish	documento_oficial	media		f0168312_ficha-tecnica-epen-2023.md	datafw inei	212
a8150f9425fa1db408c06aaa64f498dc6409042614681c65ff3267915f88902c	datafw/data/raw/inei/epen-ciudades/2023/t2/Ficha_Tecnica EPEN 202302.pdf	Unknown	Ficha Tecnica EPEN 202302	Report	Informe técnico	report		2023		Spanish	documento_oficial	media		a8150f94_ficha-tecnica-epen-202302.md	datafw inei	213
1f0da0e68b0276ad1e501ad1d8c7406d9e2a049a79077176f46473531118ed2c	datafw/data/raw/inei/epen-ciudades/2023/t2/Diccionario de Variables EPEN 202302.pdf	Unknown	Encuesta permanente	Report	Informe técnico	report		2023		Spanish	documento_oficial	media		1f0da0e6_encuesta-permanente.md	datafw inei	214
8eb18addfdce721a7aa712d16f67df26adaabb0576caa4987f0026d190428b99	datafw/data/raw/inei/epen-ciudades/2023/t4/Ficha_Tecnica EPEN 202304.pdf	Unknown	Ficha Tecnica EPEN 202304	Report	Informe técnico	report		2024		Spanish	documento_oficial	media		8eb18add_ficha-tecnica-epen-202304.md	datafw inei	215
68676b379116f7b5f34767e9e94f75e512711e4d36145229be4108f70c1b2130	datafw/data/raw/inei/epen-ciudades/2023/t4/Diccionario de Variables EPEN 202304.pdf	Unknown	Encuesta permanente	Report	Informe técnico	report		2024		Spanish	documento_oficial	media		68676b37_encuesta-permanente.md	datafw inei	216
ea7d9e6fac3ad360753abc32dcbf3a45671b04d6c93641429b61162270caa67d	datafw/data/raw/inei/epen-ciudades/2023/t3/Diccionario de Variables EPEN 202303.pdf	Unknown	Encuesta permanente	Report	Informe técnico	report		2023		Spanish	documento_oficial	media		ea7d9e6f_encuesta-permanente.md	datafw inei	217
857710a3898e1379831c3403c6a2873b55b2f6ff1e6bfb5cf2d3ec1db8caaf34	datafw/data/raw/inei/epen-ciudades/2023/t3/Ficha_Tecnica EPEN 202303.pdf	Unknown	Ficha Tecnica EPEN 202303	Report	Informe técnico	report		2023		Spanish	documento_oficial	media		857710a3_ficha-tecnica-epen-202303.md	datafw inei	218
3157b724e4bb9816b76d97337146a91903317eccb7cdcefa13c435efedee45d6	datafw/data/raw/inei/epen-ciudades/2023/t1-ciudades/tumbes/Ficha_Tecnica EPEN 202301.pdf	Unknown	Ficha Tecnica EPEN 202301	Report	Informe técnico	report		2023		Spanish	documento_oficial	media		3157b724_ficha-tecnica-epen-202301.md	datafw inei	219
adfc8ca166d4992e5aa78f4054226dccd61efce6b259e64ef7767e18ff1cf7dd	datafw/data/raw/inei/epen-ciudades/2023/t1-ciudades/tumbes/Diccionario de Variables EPEN 202301.pdf	Unknown	Encuesta permanente	Report	Informe técnico	report		2023		Spanish	documento_oficial	media		adfc8ca1_encuesta-permanente.md	datafw inei	220
3157b724e4bb9816b76d97337146a91903317eccb7cdcefa13c435efedee45d6	datafw/data/raw/inei/epen-ciudades/2023/t1-ciudades/pucallpa/Ficha_Tecnica EPEN 202301.pdf	Unknown	Ficha Tecnica EPEN 202301	Report	Informe técnico	report		2023		Spanish	documento_oficial	media		3157b724_ficha-tecnica-epen-202301.md	datafw inei	221
adfc8ca166d4992e5aa78f4054226dccd61efce6b259e64ef7767e18ff1cf7dd	datafw/data/raw/inei/epen-ciudades/2023/t1-ciudades/pucallpa/Diccionario de Variables EPEN 202301.pdf	Unknown	Encuesta permanente	Report	Informe técnico	report		2023		Spanish	documento_oficial	media		adfc8ca1_encuesta-permanente.md	datafw inei	222
3157b724e4bb9816b76d97337146a91903317eccb7cdcefa13c435efedee45d6	datafw/data/raw/inei/epen-ciudades/2023/t1-ciudades/chachapoyas/Ficha_Tecnica EPEN 202301.pdf	Unknown	Ficha Tecnica EPEN 202301	Report	Informe técnico	report		2023		Spanish	documento_oficial	media		3157b724_ficha-tecnica-epen-202301.md	datafw inei	223
adfc8ca166d4992e5aa78f4054226dccd61efce6b259e64ef7767e18ff1cf7dd	datafw/data/raw/inei/epen-ciudades/2023/t1-ciudades/chachapoyas/Diccionario de Variables EPEN 202301.pdf	Unknown	Encuesta permanente	Report	Informe técnico	report		2023		Spanish	documento_oficial	media		adfc8ca1_encuesta-permanente.md	datafw inei	224
3157b724e4bb9816b76d97337146a91903317eccb7cdcefa13c435efedee45d6	datafw/data/raw/inei/epen-ciudades/2023/t1-ciudades/huancavelica/Ficha_Tecnica EPEN 202301.pdf	Unknown	Ficha Tecnica EPEN 202301	Report	Informe técnico	report		2023		Spanish	documento_oficial	media		3157b724_ficha-tecnica-epen-202301.md	datafw inei	225
adfc8ca166d4992e5aa78f4054226dccd61efce6b259e64ef7767e18ff1cf7dd	datafw/data/raw/inei/epen-ciudades/2023/t1-ciudades/huancavelica/Diccionario de Variables EPEN 202301.pdf	Unknown	Encuesta permanente	Report	Informe técnico	report		2023		Spanish	documento_oficial	media		adfc8ca1_encuesta-permanente.md	datafw inei	226
3157b724e4bb9816b76d97337146a91903317eccb7cdcefa13c435efedee45d6	datafw/data/raw/inei/epen-ciudades/2023/t1-ciudades/cusco/Ficha_Tecnica EPEN 202301.pdf	Unknown	Ficha Tecnica EPEN 202301	Report	Informe técnico	report		2023		Spanish	documento_oficial	media		3157b724_ficha-tecnica-epen-202301.md	datafw inei	227
adfc8ca166d4992e5aa78f4054226dccd61efce6b259e64ef7767e18ff1cf7dd	datafw/data/raw/inei/epen-ciudades/2023/t1-ciudades/cusco/Diccionario de Variables EPEN 202301.pdf	Unknown	Encuesta permanente	Report	Informe técnico	report		2023		Spanish	documento_oficial	media		adfc8ca1_encuesta-permanente.md	datafw inei	228
3157b724e4bb9816b76d97337146a91903317eccb7cdcefa13c435efedee45d6	datafw/data/raw/inei/epen-ciudades/2023/t1-ciudades/tarapoto/Ficha_Tecnica EPEN 202301.pdf	Unknown	Ficha Tecnica EPEN 202301	Report	Informe técnico	report		2023		Spanish	documento_oficial	media		3157b724_ficha-tecnica-epen-202301.md	datafw inei	229
adfc8ca166d4992e5aa78f4054226dccd61efce6b259e64ef7767e18ff1cf7dd	datafw/data/raw/inei/epen-ciudades/2023/t1-ciudades/tarapoto/Diccionario de Variables EPEN 202301.pdf	Unknown	Encuesta permanente	Report	Informe técnico	report		2023		Spanish	documento_oficial	media		adfc8ca1_encuesta-permanente.md	datafw inei	230
3157b724e4bb9816b76d97337146a91903317eccb7cdcefa13c435efedee45d6	datafw/data/raw/inei/epen-ciudades/2023/t1-ciudades/ayacucho/Ficha_Tecnica EPEN 202301.pdf	Unknown	Ficha Tecnica EPEN 202301	Report	Informe técnico	report		2023		Spanish	documento_oficial	media		3157b724_ficha-tecnica-epen-202301.md	datafw inei	231
adfc8ca166d4992e5aa78f4054226dccd61efce6b259e64ef7767e18ff1cf7dd	datafw/data/raw/inei/epen-ciudades/2023/t1-ciudades/ayacucho/Diccionario de Variables EPEN 202301.pdf	Unknown	Encuesta permanente	Report	Informe técnico	report		2023		Spanish	documento_oficial	media		adfc8ca1_encuesta-permanente.md	datafw inei	232
3157b724e4bb9816b76d97337146a91903317eccb7cdcefa13c435efedee45d6	datafw/data/raw/inei/epen-ciudades/2023/t1-ciudades/pasco/Ficha_Tecnica EPEN 202301.pdf	Unknown	Ficha Tecnica EPEN 202301	Report	Informe técnico	report		2023		Spanish	documento_oficial	media		3157b724_ficha-tecnica-epen-202301.md	datafw inei	233
adfc8ca166d4992e5aa78f4054226dccd61efce6b259e64ef7767e18ff1cf7dd	datafw/data/raw/inei/epen-ciudades/2023/t1-ciudades/pasco/Diccionario de Variables EPEN 202301.pdf	Unknown	Encuesta permanente	Report	Informe técnico	report		2023		Spanish	documento_oficial	media		adfc8ca1_encuesta-permanente.md	datafw inei	234
3157b724e4bb9816b76d97337146a91903317eccb7cdcefa13c435efedee45d6	datafw/data/raw/inei/epen-ciudades/2023/t1-ciudades/iquitos/Ficha_Tecnica EPEN 202301.pdf	Unknown	Ficha Tecnica EPEN 202301	Report	Informe técnico	report		2023		Spanish	documento_oficial	media		3157b724_ficha-tecnica-epen-202301.md	datafw inei	235
adfc8ca166d4992e5aa78f4054226dccd61efce6b259e64ef7767e18ff1cf7dd	datafw/data/raw/inei/epen-ciudades/2023/t1-ciudades/iquitos/Diccionario de Variables EPEN 202301.pdf	Unknown	Encuesta permanente	Report	Informe técnico	report		2023		Spanish	documento_oficial	media		adfc8ca1_encuesta-permanente.md	datafw inei	236
3157b724e4bb9816b76d97337146a91903317eccb7cdcefa13c435efedee45d6	datafw/data/raw/inei/epen-ciudades/2023/t1-ciudades/puno/Ficha_Tecnica EPEN 202301.pdf	Unknown	Ficha Tecnica EPEN 202301	Report	Informe técnico	report		2023		Spanish	documento_oficial	media		3157b724_ficha-tecnica-epen-202301.md	datafw inei	237
adfc8ca166d4992e5aa78f4054226dccd61efce6b259e64ef7767e18ff1cf7dd	datafw/data/raw/inei/epen-ciudades/2023/t1-ciudades/puno/Diccionario de Variables EPEN 202301.pdf	Unknown	Encuesta permanente	Report	Informe técnico	report		2023		Spanish	documento_oficial	media		adfc8ca1_encuesta-permanente.md	datafw inei	238
3157b724e4bb9816b76d97337146a91903317eccb7cdcefa13c435efedee45d6	datafw/data/raw/inei/epen-ciudades/2023/t1-ciudades/lima-metropolitana/Ficha_Tecnica EPEN 202301.pdf	Unknown	Ficha Tecnica EPEN 202301	Report	Informe técnico	report		2023		Spanish	documento_oficial	media		3157b724_ficha-tecnica-epen-202301.md	datafw inei	239
adfc8ca166d4992e5aa78f4054226dccd61efce6b259e64ef7767e18ff1cf7dd	datafw/data/raw/inei/epen-ciudades/2023/t1-ciudades/lima-metropolitana/Diccionario de Variables EPEN 202301.pdf	Unknown	Encuesta permanente	Report	Informe técnico	report		2023		Spanish	documento_oficial	media		adfc8ca1_encuesta-permanente.md	datafw inei	240
3157b724e4bb9816b76d97337146a91903317eccb7cdcefa13c435efedee45d6	datafw/data/raw/inei/epen-ciudades/2023/t1-ciudades/arequipa/Ficha_Tecnica EPEN 202301.pdf	Unknown	Ficha Tecnica EPEN 202301	Report	Informe técnico	report		2023		Spanish	documento_oficial	media		3157b724_ficha-tecnica-epen-202301.md	datafw inei	241
adfc8ca166d4992e5aa78f4054226dccd61efce6b259e64ef7767e18ff1cf7dd	datafw/data/raw/inei/epen-ciudades/2023/t1-ciudades/arequipa/Diccionario de Variables EPEN 202301.pdf	Unknown	Encuesta permanente	Report	Informe técnico	report		2023		Spanish	documento_oficial	media		adfc8ca1_encuesta-permanente.md	datafw inei	242
3157b724e4bb9816b76d97337146a91903317eccb7cdcefa13c435efedee45d6	datafw/data/raw/inei/epen-ciudades/2023/t1-ciudades/ica/Ficha_Tecnica EPEN 202301.pdf	Unknown	Ficha Tecnica EPEN 202301	Report	Informe técnico	report		2023		Spanish	documento_oficial	media		3157b724_ficha-tecnica-epen-202301.md	datafw inei	243
adfc8ca166d4992e5aa78f4054226dccd61efce6b259e64ef7767e18ff1cf7dd	datafw/data/raw/inei/epen-ciudades/2023/t1-ciudades/ica/Diccionario de Variables EPEN 202301.pdf	Unknown	Encuesta permanente	Report	Informe técnico	report		2023		Spanish	documento_oficial	media		adfc8ca1_encuesta-permanente.md	datafw inei	244
3157b724e4bb9816b76d97337146a91903317eccb7cdcefa13c435efedee45d6	datafw/data/raw/inei/epen-ciudades/2023/t1-ciudades/tacna/Ficha_Tecnica EPEN 202301.pdf	Unknown	Ficha Tecnica EPEN 202301	Report	Informe técnico	report		2023		Spanish	documento_oficial	media		3157b724_ficha-tecnica-epen-202301.md	datafw inei	245
adfc8ca166d4992e5aa78f4054226dccd61efce6b259e64ef7767e18ff1cf7dd	datafw/data/raw/inei/epen-ciudades/2023/t1-ciudades/tacna/Diccionario de Variables EPEN 202301.pdf	Unknown	Encuesta permanente	Report	Informe técnico	report		2023		Spanish	documento_oficial	media		adfc8ca1_encuesta-permanente.md	datafw inei	246
3157b724e4bb9816b76d97337146a91903317eccb7cdcefa13c435efedee45d6	datafw/data/raw/inei/epen-ciudades/2023/t1-ciudades/huancayo/Ficha_Tecnica EPEN 202301.pdf	Unknown	Ficha Tecnica EPEN 202301	Report	Informe técnico	report		2023		Spanish	documento_oficial	media		3157b724_ficha-tecnica-epen-202301.md	datafw inei	247
adfc8ca166d4992e5aa78f4054226dccd61efce6b259e64ef7767e18ff1cf7dd	datafw/data/raw/inei/epen-ciudades/2023/t1-ciudades/huancayo/Diccionario de Variables EPEN 202301.pdf	Unknown	Encuesta permanente	Report	Informe técnico	report		2023		Spanish	documento_oficial	media		adfc8ca1_encuesta-permanente.md	datafw inei	248
3157b724e4bb9816b76d97337146a91903317eccb7cdcefa13c435efedee45d6	datafw/data/raw/inei/epen-ciudades/2023/t1-ciudades/piura/Ficha_Tecnica EPEN 202301.pdf	Unknown	Ficha Tecnica EPEN 202301	Report	Informe técnico	report		2023		Spanish	documento_oficial	media		3157b724_ficha-tecnica-epen-202301.md	datafw inei	249
adfc8ca166d4992e5aa78f4054226dccd61efce6b259e64ef7767e18ff1cf7dd	datafw/data/raw/inei/epen-ciudades/2023/t1-ciudades/piura/Diccionario de Variables EPEN 202301.pdf	Unknown	Encuesta permanente	Report	Informe técnico	report		2023		Spanish	documento_oficial	media		adfc8ca1_encuesta-permanente.md	datafw inei	250
3157b724e4bb9816b76d97337146a91903317eccb7cdcefa13c435efedee45d6	datafw/data/raw/inei/epen-ciudades/2023/t1-ciudades/moyobamba/Ficha_Tecnica EPEN 202301.pdf	Unknown	Ficha Tecnica EPEN 202301	Report	Informe técnico	report		2023		Spanish	documento_oficial	media		3157b724_ficha-tecnica-epen-202301.md	datafw inei	251
adfc8ca166d4992e5aa78f4054226dccd61efce6b259e64ef7767e18ff1cf7dd	datafw/data/raw/inei/epen-ciudades/2023/t1-ciudades/moyobamba/Diccionario de Variables EPEN 202301.pdf	Unknown	Encuesta permanente	Report	Informe técnico	report		2023		Spanish	documento_oficial	media		adfc8ca1_encuesta-permanente.md	datafw inei	252
3157b724e4bb9816b76d97337146a91903317eccb7cdcefa13c435efedee45d6	datafw/data/raw/inei/epen-ciudades/2023/t1-ciudades/huanuco/Ficha_Tecnica EPEN 202301.pdf	Unknown	Ficha Tecnica EPEN 202301	Report	Informe técnico	report		2023		Spanish	documento_oficial	media		3157b724_ficha-tecnica-epen-202301.md	datafw inei	253
adfc8ca166d4992e5aa78f4054226dccd61efce6b259e64ef7767e18ff1cf7dd	datafw/data/raw/inei/epen-ciudades/2023/t1-ciudades/huanuco/Diccionario de Variables EPEN 202301.pdf	Unknown	Encuesta permanente	Report	Informe técnico	report		2023		Spanish	documento_oficial	media		adfc8ca1_encuesta-permanente.md	datafw inei	254
3157b724e4bb9816b76d97337146a91903317eccb7cdcefa13c435efedee45d6	datafw/data/raw/inei/epen-ciudades/2023/t1-ciudades/chiclayo/Ficha_Tecnica EPEN 202301.pdf	Unknown	Ficha Tecnica EPEN 202301	Report	Informe técnico	report		2023		Spanish	documento_oficial	media		3157b724_ficha-tecnica-epen-202301.md	datafw inei	255
adfc8ca166d4992e5aa78f4054226dccd61efce6b259e64ef7767e18ff1cf7dd	datafw/data/raw/inei/epen-ciudades/2023/t1-ciudades/chiclayo/Diccionario de Variables EPEN 202301.pdf	Unknown	Encuesta permanente	Report	Informe técnico	report		2023		Spanish	documento_oficial	media		adfc8ca1_encuesta-permanente.md	datafw inei	256
3157b724e4bb9816b76d97337146a91903317eccb7cdcefa13c435efedee45d6	datafw/data/raw/inei/epen-ciudades/2023/t1-ciudades/trujillo/Ficha_Tecnica EPEN 202301.pdf	Unknown	Ficha Tecnica EPEN 202301	Report	Informe técnico	report		2023		Spanish	documento_oficial	media		3157b724_ficha-tecnica-epen-202301.md	datafw inei	257
adfc8ca166d4992e5aa78f4054226dccd61efce6b259e64ef7767e18ff1cf7dd	datafw/data/raw/inei/epen-ciudades/2023/t1-ciudades/trujillo/Diccionario de Variables EPEN 202301.pdf	Unknown	Encuesta permanente	Report	Informe técnico	report		2023		Spanish	documento_oficial	media		adfc8ca1_encuesta-permanente.md	datafw inei	258
3157b724e4bb9816b76d97337146a91903317eccb7cdcefa13c435efedee45d6	datafw/data/raw/inei/epen-ciudades/2023/t1-ciudades/moquegua/Ficha_Tecnica EPEN 202301.pdf	Unknown	Ficha Tecnica EPEN 202301	Report	Informe técnico	report		2023		Spanish	documento_oficial	media		3157b724_ficha-tecnica-epen-202301.md	datafw inei	259
adfc8ca166d4992e5aa78f4054226dccd61efce6b259e64ef7767e18ff1cf7dd	datafw/data/raw/inei/epen-ciudades/2023/t1-ciudades/moquegua/Diccionario de Variables EPEN 202301.pdf	Unknown	Encuesta permanente	Report	Informe técnico	report		2023		Spanish	documento_oficial	media		adfc8ca1_encuesta-permanente.md	datafw inei	260
3157b724e4bb9816b76d97337146a91903317eccb7cdcefa13c435efedee45d6	datafw/data/raw/inei/epen-ciudades/2023/t1-ciudades/huaraz/Ficha_Tecnica EPEN 202301.pdf	Unknown	Ficha Tecnica EPEN 202301	Report	Informe técnico	report		2023		Spanish	documento_oficial	media		3157b724_ficha-tecnica-epen-202301.md	datafw inei	261
adfc8ca166d4992e5aa78f4054226dccd61efce6b259e64ef7767e18ff1cf7dd	datafw/data/raw/inei/epen-ciudades/2023/t1-ciudades/huaraz/Diccionario de Variables EPEN 202301.pdf	Unknown	Encuesta permanente	Report	Informe técnico	report		2023		Spanish	documento_oficial	media		adfc8ca1_encuesta-permanente.md	datafw inei	262
3157b724e4bb9816b76d97337146a91903317eccb7cdcefa13c435efedee45d6	datafw/data/raw/inei/epen-ciudades/2023/t1-ciudades/puerto-maldonado/Ficha_Tecnica EPEN 202301.pdf	Unknown	Ficha Tecnica EPEN 202301	Report	Informe técnico	report		2023		Spanish	documento_oficial	media		3157b724_ficha-tecnica-epen-202301.md	datafw inei	263
adfc8ca166d4992e5aa78f4054226dccd61efce6b259e64ef7767e18ff1cf7dd	datafw/data/raw/inei/epen-ciudades/2023/t1-ciudades/puerto-maldonado/Diccionario de Variables EPEN 202301.pdf	Unknown	Encuesta permanente	Report	Informe técnico	report		2023		Spanish	documento_oficial	media		adfc8ca1_encuesta-permanente.md	datafw inei	264
3157b724e4bb9816b76d97337146a91903317eccb7cdcefa13c435efedee45d6	datafw/data/raw/inei/epen-ciudades/2023/t1-ciudades/abancay/Ficha_Tecnica EPEN 202301.pdf	Unknown	Ficha Tecnica EPEN 202301	Report	Informe técnico	report		2023		Spanish	documento_oficial	media		3157b724_ficha-tecnica-epen-202301.md	datafw inei	265
adfc8ca166d4992e5aa78f4054226dccd61efce6b259e64ef7767e18ff1cf7dd	datafw/data/raw/inei/epen-ciudades/2023/t1-ciudades/abancay/Diccionario de Variables EPEN 202301.pdf	Unknown	Encuesta permanente	Report	Informe técnico	report		2023		Spanish	documento_oficial	media		adfc8ca1_encuesta-permanente.md	datafw inei	266
3157b724e4bb9816b76d97337146a91903317eccb7cdcefa13c435efedee45d6	datafw/data/raw/inei/epen-ciudades/2023/t1-ciudades/cajamarca/Ficha_Tecnica EPEN 202301.pdf	Unknown	Ficha Tecnica EPEN 202301	Report	Informe técnico	report		2023		Spanish	documento_oficial	media		3157b724_ficha-tecnica-epen-202301.md	datafw inei	267
adfc8ca166d4992e5aa78f4054226dccd61efce6b259e64ef7767e18ff1cf7dd	datafw/data/raw/inei/epen-ciudades/2023/t1-ciudades/cajamarca/Diccionario de Variables EPEN 202301.pdf	Unknown	Encuesta permanente	Report	Informe técnico	report		2023		Spanish	documento_oficial	media		adfc8ca1_encuesta-permanente.md	datafw inei	268
3157b724e4bb9816b76d97337146a91903317eccb7cdcefa13c435efedee45d6	datafw/data/raw/inei/epen-ciudades/2023/t1-ciudades/chimbote/Ficha_Tecnica EPEN 202301.pdf	Unknown	Ficha Tecnica EPEN 202301	Report	Informe técnico	report		2023		Spanish	documento_oficial	media		3157b724_ficha-tecnica-epen-202301.md	datafw inei	269
adfc8ca166d4992e5aa78f4054226dccd61efce6b259e64ef7767e18ff1cf7dd	datafw/data/raw/inei/epen-ciudades/2023/t1-ciudades/chimbote/Diccionario de Variables EPEN 202301.pdf	Unknown	Encuesta permanente	Report	Informe técnico	report		2023		Spanish	documento_oficial	media		adfc8ca1_encuesta-permanente.md	datafw inei	270
8eb18addfdce721a7aa712d16f67df26adaabb0576caa4987f0026d190428b99	datafw/data/raw/inei/epen-ciudades/2023/t4-ciudades/tumbes/Ficha_Tecnica EPEN 202304.pdf	Unknown	Ficha Tecnica EPEN 202304	Report	Informe técnico	report		2024		Spanish	documento_oficial	media		8eb18add_ficha-tecnica-epen-202304.md	datafw inei	271
68676b379116f7b5f34767e9e94f75e512711e4d36145229be4108f70c1b2130	datafw/data/raw/inei/epen-ciudades/2023/t4-ciudades/tumbes/Diccionario de Variables EPEN 202304.pdf	Unknown	Encuesta permanente	Report	Informe técnico	report		2024		Spanish	documento_oficial	media		68676b37_encuesta-permanente.md	datafw inei	272
8eb18addfdce721a7aa712d16f67df26adaabb0576caa4987f0026d190428b99	datafw/data/raw/inei/epen-ciudades/2023/t4-ciudades/pucallpa/Ficha_Tecnica EPEN 202304.pdf	Unknown	Ficha Tecnica EPEN 202304	Report	Informe técnico	report		2024		Spanish	documento_oficial	media		8eb18add_ficha-tecnica-epen-202304.md	datafw inei	273
68676b379116f7b5f34767e9e94f75e512711e4d36145229be4108f70c1b2130	datafw/data/raw/inei/epen-ciudades/2023/t4-ciudades/pucallpa/Diccionario de Variables EPEN 202304.pdf	Unknown	Encuesta permanente	Report	Informe técnico	report		2024		Spanish	documento_oficial	media		68676b37_encuesta-permanente.md	datafw inei	274
8eb18addfdce721a7aa712d16f67df26adaabb0576caa4987f0026d190428b99	datafw/data/raw/inei/epen-ciudades/2023/t4-ciudades/chachapoyas/Ficha_Tecnica EPEN 202304.pdf	Unknown	Ficha Tecnica EPEN 202304	Report	Informe técnico	report		2024		Spanish	documento_oficial	media		8eb18add_ficha-tecnica-epen-202304.md	datafw inei	275
68676b379116f7b5f34767e9e94f75e512711e4d36145229be4108f70c1b2130	datafw/data/raw/inei/epen-ciudades/2023/t4-ciudades/chachapoyas/Diccionario de Variables EPEN 202304.pdf	Unknown	Encuesta permanente	Report	Informe técnico	report		2024		Spanish	documento_oficial	media		68676b37_encuesta-permanente.md	datafw inei	276
8eb18addfdce721a7aa712d16f67df26adaabb0576caa4987f0026d190428b99	datafw/data/raw/inei/epen-ciudades/2023/t4-ciudades/huancavelica/Ficha_Tecnica EPEN 202304.pdf	Unknown	Ficha Tecnica EPEN 202304	Report	Informe técnico	report		2024		Spanish	documento_oficial	media		8eb18add_ficha-tecnica-epen-202304.md	datafw inei	277
68676b379116f7b5f34767e9e94f75e512711e4d36145229be4108f70c1b2130	datafw/data/raw/inei/epen-ciudades/2023/t4-ciudades/huancavelica/Diccionario de Variables EPEN 202304.pdf	Unknown	Encuesta permanente	Report	Informe técnico	report		2024		Spanish	documento_oficial	media		68676b37_encuesta-permanente.md	datafw inei	278
8eb18addfdce721a7aa712d16f67df26adaabb0576caa4987f0026d190428b99	datafw/data/raw/inei/epen-ciudades/2023/t4-ciudades/cusco/Ficha_Tecnica EPEN 202304.pdf	Unknown	Ficha Tecnica EPEN 202304	Report	Informe técnico	report		2024		Spanish	documento_oficial	media		8eb18add_ficha-tecnica-epen-202304.md	datafw inei	279
68676b379116f7b5f34767e9e94f75e512711e4d36145229be4108f70c1b2130	datafw/data/raw/inei/epen-ciudades/2023/t4-ciudades/cusco/Diccionario de Variables EPEN 202304.pdf	Unknown	Encuesta permanente	Report	Informe técnico	report		2024		Spanish	documento_oficial	media		68676b37_encuesta-permanente.md	datafw inei	280
8eb18addfdce721a7aa712d16f67df26adaabb0576caa4987f0026d190428b99	datafw/data/raw/inei/epen-ciudades/2023/t4-ciudades/tarapoto/Ficha_Tecnica EPEN 202304.pdf	Unknown	Ficha Tecnica EPEN 202304	Report	Informe técnico	report		2024		Spanish	documento_oficial	media		8eb18add_ficha-tecnica-epen-202304.md	datafw inei	281
68676b379116f7b5f34767e9e94f75e512711e4d36145229be4108f70c1b2130	datafw/data/raw/inei/epen-ciudades/2023/t4-ciudades/tarapoto/Diccionario de Variables EPEN 202304.pdf	Unknown	Encuesta permanente	Report	Informe técnico	report		2024		Spanish	documento_oficial	media		68676b37_encuesta-permanente.md	datafw inei	282
8eb18addfdce721a7aa712d16f67df26adaabb0576caa4987f0026d190428b99	datafw/data/raw/inei/epen-ciudades/2023/t4-ciudades/ayacucho/Ficha_Tecnica EPEN 202304.pdf	Unknown	Ficha Tecnica EPEN 202304	Report	Informe técnico	report		2024		Spanish	documento_oficial	media		8eb18add_ficha-tecnica-epen-202304.md	datafw inei	283
68676b379116f7b5f34767e9e94f75e512711e4d36145229be4108f70c1b2130	datafw/data/raw/inei/epen-ciudades/2023/t4-ciudades/ayacucho/Diccionario de Variables EPEN 202304.pdf	Unknown	Encuesta permanente	Report	Informe técnico	report		2024		Spanish	documento_oficial	media		68676b37_encuesta-permanente.md	datafw inei	284
8eb18addfdce721a7aa712d16f67df26adaabb0576caa4987f0026d190428b99	datafw/data/raw/inei/epen-ciudades/2023/t4-ciudades/pasco/Ficha_Tecnica EPEN 202304.pdf	Unknown	Ficha Tecnica EPEN 202304	Report	Informe técnico	report		2024		Spanish	documento_oficial	media		8eb18add_ficha-tecnica-epen-202304.md	datafw inei	285
68676b379116f7b5f34767e9e94f75e512711e4d36145229be4108f70c1b2130	datafw/data/raw/inei/epen-ciudades/2023/t4-ciudades/pasco/Diccionario de Variables EPEN 202304.pdf	Unknown	Encuesta permanente	Report	Informe técnico	report		2024		Spanish	documento_oficial	media		68676b37_encuesta-permanente.md	datafw inei	286
8eb18addfdce721a7aa712d16f67df26adaabb0576caa4987f0026d190428b99	datafw/data/raw/inei/epen-ciudades/2023/t4-ciudades/iquitos/Ficha_Tecnica EPEN 202304.pdf	Unknown	Ficha Tecnica EPEN 202304	Report	Informe técnico	report		2024		Spanish	documento_oficial	media		8eb18add_ficha-tecnica-epen-202304.md	datafw inei	287
68676b379116f7b5f34767e9e94f75e512711e4d36145229be4108f70c1b2130	datafw/data/raw/inei/epen-ciudades/2023/t4-ciudades/iquitos/Diccionario de Variables EPEN 202304.pdf	Unknown	Encuesta permanente	Report	Informe técnico	report		2024		Spanish	documento_oficial	media		68676b37_encuesta-permanente.md	datafw inei	288
8eb18addfdce721a7aa712d16f67df26adaabb0576caa4987f0026d190428b99	datafw/data/raw/inei/epen-ciudades/2023/t4-ciudades/puno/Ficha_Tecnica EPEN 202304.pdf	Unknown	Ficha Tecnica EPEN 202304	Report	Informe técnico	report		2024		Spanish	documento_oficial	media		8eb18add_ficha-tecnica-epen-202304.md	datafw inei	289
68676b379116f7b5f34767e9e94f75e512711e4d36145229be4108f70c1b2130	datafw/data/raw/inei/epen-ciudades/2023/t4-ciudades/puno/Diccionario de Variables EPEN 202304.pdf	Unknown	Encuesta permanente	Report	Informe técnico	report		2024		Spanish	documento_oficial	media		68676b37_encuesta-permanente.md	datafw inei	290
8eb18addfdce721a7aa712d16f67df26adaabb0576caa4987f0026d190428b99	datafw/data/raw/inei/epen-ciudades/2023/t4-ciudades/lima-metropolitana/Ficha_Tecnica EPEN 202304.pdf	Unknown	Ficha Tecnica EPEN 202304	Report	Informe técnico	report		2024		Spanish	documento_oficial	media		8eb18add_ficha-tecnica-epen-202304.md	datafw inei	291
68676b379116f7b5f34767e9e94f75e512711e4d36145229be4108f70c1b2130	datafw/data/raw/inei/epen-ciudades/2023/t4-ciudades/lima-metropolitana/Diccionario de Variables EPEN 202304.pdf	Unknown	Encuesta permanente	Report	Informe técnico	report		2024		Spanish	documento_oficial	media		68676b37_encuesta-permanente.md	datafw inei	292
8eb18addfdce721a7aa712d16f67df26adaabb0576caa4987f0026d190428b99	datafw/data/raw/inei/epen-ciudades/2023/t4-ciudades/arequipa/Ficha_Tecnica EPEN 202304.pdf	Unknown	Ficha Tecnica EPEN 202304	Report	Informe técnico	report		2024		Spanish	documento_oficial	media		8eb18add_ficha-tecnica-epen-202304.md	datafw inei	293
68676b379116f7b5f34767e9e94f75e512711e4d36145229be4108f70c1b2130	datafw/data/raw/inei/epen-ciudades/2023/t4-ciudades/arequipa/Diccionario de Variables EPEN 202304.pdf	Unknown	Encuesta permanente	Report	Informe técnico	report		2024		Spanish	documento_oficial	media		68676b37_encuesta-permanente.md	datafw inei	294
8eb18addfdce721a7aa712d16f67df26adaabb0576caa4987f0026d190428b99	datafw/data/raw/inei/epen-ciudades/2023/t4-ciudades/ica/Ficha_Tecnica EPEN 202304.pdf	Unknown	Ficha Tecnica EPEN 202304	Report	Informe técnico	report		2024		Spanish	documento_oficial	media		8eb18add_ficha-tecnica-epen-202304.md	datafw inei	295
68676b379116f7b5f34767e9e94f75e512711e4d36145229be4108f70c1b2130	datafw/data/raw/inei/epen-ciudades/2023/t4-ciudades/ica/Diccionario de Variables EPEN 202304.pdf	Unknown	Encuesta permanente	Report	Informe técnico	report		2024		Spanish	documento_oficial	media		68676b37_encuesta-permanente.md	datafw inei	296
8eb18addfdce721a7aa712d16f67df26adaabb0576caa4987f0026d190428b99	datafw/data/raw/inei/epen-ciudades/2023/t4-ciudades/tacna/Ficha_Tecnica EPEN 202304.pdf	Unknown	Ficha Tecnica EPEN 202304	Report	Informe técnico	report		2024		Spanish	documento_oficial	media		8eb18add_ficha-tecnica-epen-202304.md	datafw inei	297
68676b379116f7b5f34767e9e94f75e512711e4d36145229be4108f70c1b2130	datafw/data/raw/inei/epen-ciudades/2023/t4-ciudades/tacna/Diccionario de Variables EPEN 202304.pdf	Unknown	Encuesta permanente	Report	Informe técnico	report		2024		Spanish	documento_oficial	media		68676b37_encuesta-permanente.md	datafw inei	298
8eb18addfdce721a7aa712d16f67df26adaabb0576caa4987f0026d190428b99	datafw/data/raw/inei/epen-ciudades/2023/t4-ciudades/huancayo/Ficha_Tecnica EPEN 202304.pdf	Unknown	Ficha Tecnica EPEN 202304	Report	Informe técnico	report		2024		Spanish	documento_oficial	media		8eb18add_ficha-tecnica-epen-202304.md	datafw inei	299
68676b379116f7b5f34767e9e94f75e512711e4d36145229be4108f70c1b2130	datafw/data/raw/inei/epen-ciudades/2023/t4-ciudades/huancayo/Diccionario de Variables EPEN 202304.pdf	Unknown	Encuesta permanente	Report	Informe técnico	report		2024		Spanish	documento_oficial	media		68676b37_encuesta-permanente.md	datafw inei	300
8eb18addfdce721a7aa712d16f67df26adaabb0576caa4987f0026d190428b99	datafw/data/raw/inei/epen-ciudades/2023/t4-ciudades/piura/Ficha_Tecnica EPEN 202304.pdf	Unknown	Ficha Tecnica EPEN 202304	Report	Informe técnico	report		2024		Spanish	documento_oficial	media		8eb18add_ficha-tecnica-epen-202304.md	datafw inei	301
68676b379116f7b5f34767e9e94f75e512711e4d36145229be4108f70c1b2130	datafw/data/raw/inei/epen-ciudades/2023/t4-ciudades/piura/Diccionario de Variables EPEN 202304.pdf	Unknown	Encuesta permanente	Report	Informe técnico	report		2024		Spanish	documento_oficial	media		68676b37_encuesta-permanente.md	datafw inei	302
8eb18addfdce721a7aa712d16f67df26adaabb0576caa4987f0026d190428b99	datafw/data/raw/inei/epen-ciudades/2023/t4-ciudades/moyobamba/Ficha_Tecnica EPEN 202304.pdf	Unknown	Ficha Tecnica EPEN 202304	Report	Informe técnico	report		2024		Spanish	documento_oficial	media		8eb18add_ficha-tecnica-epen-202304.md	datafw inei	303
68676b379116f7b5f34767e9e94f75e512711e4d36145229be4108f70c1b2130	datafw/data/raw/inei/epen-ciudades/2023/t4-ciudades/moyobamba/Diccionario de Variables EPEN 202304.pdf	Unknown	Encuesta permanente	Report	Informe técnico	report		2024		Spanish	documento_oficial	media		68676b37_encuesta-permanente.md	datafw inei	304
8eb18addfdce721a7aa712d16f67df26adaabb0576caa4987f0026d190428b99	datafw/data/raw/inei/epen-ciudades/2023/t4-ciudades/huanuco/Ficha_Tecnica EPEN 202304.pdf	Unknown	Ficha Tecnica EPEN 202304	Report	Informe técnico	report		2024		Spanish	documento_oficial	media		8eb18add_ficha-tecnica-epen-202304.md	datafw inei	305
68676b379116f7b5f34767e9e94f75e512711e4d36145229be4108f70c1b2130	datafw/data/raw/inei/epen-ciudades/2023/t4-ciudades/huanuco/Diccionario de Variables EPEN 202304.pdf	Unknown	Encuesta permanente	Report	Informe técnico	report		2024		Spanish	documento_oficial	media		68676b37_encuesta-permanente.md	datafw inei	306
8eb18addfdce721a7aa712d16f67df26adaabb0576caa4987f0026d190428b99	datafw/data/raw/inei/epen-ciudades/2023/t4-ciudades/chiclayo/Ficha_Tecnica EPEN 202304.pdf	Unknown	Ficha Tecnica EPEN 202304	Report	Informe técnico	report		2024		Spanish	documento_oficial	media		8eb18add_ficha-tecnica-epen-202304.md	datafw inei	307
68676b379116f7b5f34767e9e94f75e512711e4d36145229be4108f70c1b2130	datafw/data/raw/inei/epen-ciudades/2023/t4-ciudades/chiclayo/Diccionario de Variables EPEN 202304.pdf	Unknown	Encuesta permanente	Report	Informe técnico	report		2024		Spanish	documento_oficial	media		68676b37_encuesta-permanente.md	datafw inei	308
8eb18addfdce721a7aa712d16f67df26adaabb0576caa4987f0026d190428b99	datafw/data/raw/inei/epen-ciudades/2023/t4-ciudades/trujillo/Ficha_Tecnica EPEN 202304.pdf	Unknown	Ficha Tecnica EPEN 202304	Report	Informe técnico	report		2024		Spanish	documento_oficial	media		8eb18add_ficha-tecnica-epen-202304.md	datafw inei	309
68676b379116f7b5f34767e9e94f75e512711e4d36145229be4108f70c1b2130	datafw/data/raw/inei/epen-ciudades/2023/t4-ciudades/trujillo/Diccionario de Variables EPEN 202304.pdf	Unknown	Encuesta permanente	Report	Informe técnico	report		2024		Spanish	documento_oficial	media		68676b37_encuesta-permanente.md	datafw inei	310
8eb18addfdce721a7aa712d16f67df26adaabb0576caa4987f0026d190428b99	datafw/data/raw/inei/epen-ciudades/2023/t4-ciudades/moquegua/Ficha_Tecnica EPEN 202304.pdf	Unknown	Ficha Tecnica EPEN 202304	Report	Informe técnico	report		2024		Spanish	documento_oficial	media		8eb18add_ficha-tecnica-epen-202304.md	datafw inei	311
68676b379116f7b5f34767e9e94f75e512711e4d36145229be4108f70c1b2130	datafw/data/raw/inei/epen-ciudades/2023/t4-ciudades/moquegua/Diccionario de Variables EPEN 202304.pdf	Unknown	Encuesta permanente	Report	Informe técnico	report		2024		Spanish	documento_oficial	media		68676b37_encuesta-permanente.md	datafw inei	312
8eb18addfdce721a7aa712d16f67df26adaabb0576caa4987f0026d190428b99	datafw/data/raw/inei/epen-ciudades/2023/t4-ciudades/huaraz/Ficha_Tecnica EPEN 202304.pdf	Unknown	Ficha Tecnica EPEN 202304	Report	Informe técnico	report		2024		Spanish	documento_oficial	media		8eb18add_ficha-tecnica-epen-202304.md	datafw inei	313
68676b379116f7b5f34767e9e94f75e512711e4d36145229be4108f70c1b2130	datafw/data/raw/inei/epen-ciudades/2023/t4-ciudades/huaraz/Diccionario de Variables EPEN 202304.pdf	Unknown	Encuesta permanente	Report	Informe técnico	report		2024		Spanish	documento_oficial	media		68676b37_encuesta-permanente.md	datafw inei	314
8eb18addfdce721a7aa712d16f67df26adaabb0576caa4987f0026d190428b99	datafw/data/raw/inei/epen-ciudades/2023/t4-ciudades/puerto-maldonado/Ficha_Tecnica EPEN 202304.pdf	Unknown	Ficha Tecnica EPEN 202304	Report	Informe técnico	report		2024		Spanish	documento_oficial	media		8eb18add_ficha-tecnica-epen-202304.md	datafw inei	315
68676b379116f7b5f34767e9e94f75e512711e4d36145229be4108f70c1b2130	datafw/data/raw/inei/epen-ciudades/2023/t4-ciudades/puerto-maldonado/Diccionario de Variables EPEN 202304.pdf	Unknown	Encuesta permanente	Report	Informe técnico	report		2024		Spanish	documento_oficial	media		68676b37_encuesta-permanente.md	datafw inei	316
8eb18addfdce721a7aa712d16f67df26adaabb0576caa4987f0026d190428b99	datafw/data/raw/inei/epen-ciudades/2023/t4-ciudades/abancay/Ficha_Tecnica EPEN 202304.pdf	Unknown	Ficha Tecnica EPEN 202304	Report	Informe técnico	report		2024		Spanish	documento_oficial	media		8eb18add_ficha-tecnica-epen-202304.md	datafw inei	317
68676b379116f7b5f34767e9e94f75e512711e4d36145229be4108f70c1b2130	datafw/data/raw/inei/epen-ciudades/2023/t4-ciudades/abancay/Diccionario de Variables EPEN 202304.pdf	Unknown	Encuesta permanente	Report	Informe técnico	report		2024		Spanish	documento_oficial	media		68676b37_encuesta-permanente.md	datafw inei	318
8eb18addfdce721a7aa712d16f67df26adaabb0576caa4987f0026d190428b99	datafw/data/raw/inei/epen-ciudades/2023/t4-ciudades/cajamarca/Ficha_Tecnica EPEN 202304.pdf	Unknown	Ficha Tecnica EPEN 202304	Report	Informe técnico	report		2024		Spanish	documento_oficial	media		8eb18add_ficha-tecnica-epen-202304.md	datafw inei	319
68676b379116f7b5f34767e9e94f75e512711e4d36145229be4108f70c1b2130	datafw/data/raw/inei/epen-ciudades/2023/t4-ciudades/cajamarca/Diccionario de Variables EPEN 202304.pdf	Unknown	Encuesta permanente	Report	Informe técnico	report		2024		Spanish	documento_oficial	media		68676b37_encuesta-permanente.md	datafw inei	320
8eb18addfdce721a7aa712d16f67df26adaabb0576caa4987f0026d190428b99	datafw/data/raw/inei/epen-ciudades/2023/t4-ciudades/chimbote/Ficha_Tecnica EPEN 202304.pdf	Unknown	Ficha Tecnica EPEN 202304	Report	Informe técnico	report		2024		Spanish	documento_oficial	media		8eb18add_ficha-tecnica-epen-202304.md	datafw inei	321
68676b379116f7b5f34767e9e94f75e512711e4d36145229be4108f70c1b2130	datafw/data/raw/inei/epen-ciudades/2023/t4-ciudades/chimbote/Diccionario de Variables EPEN 202304.pdf	Unknown	Encuesta permanente	Report	Informe técnico	report		2024		Spanish	documento_oficial	media		68676b37_encuesta-permanente.md	datafw inei	322
ea7d9e6fac3ad360753abc32dcbf3a45671b04d6c93641429b61162270caa67d	datafw/data/raw/inei/epen-ciudades/2023/t3-ciudades/tumbes/Diccionario de Variables EPEN 202303.pdf	Unknown	Encuesta permanente	Report	Informe técnico	report		2023		Spanish	documento_oficial	media		ea7d9e6f_encuesta-permanente.md	datafw inei	323
857710a3898e1379831c3403c6a2873b55b2f6ff1e6bfb5cf2d3ec1db8caaf34	datafw/data/raw/inei/epen-ciudades/2023/t3-ciudades/tumbes/Ficha_Tecnica EPEN 202303.pdf	Unknown	Ficha Tecnica EPEN 202303	Report	Informe técnico	report		2023		Spanish	documento_oficial	media		857710a3_ficha-tecnica-epen-202303.md	datafw inei	324
ea7d9e6fac3ad360753abc32dcbf3a45671b04d6c93641429b61162270caa67d	datafw/data/raw/inei/epen-ciudades/2023/t3-ciudades/pucallpa/Diccionario de Variables EPEN 202303.pdf	Unknown	Encuesta permanente	Report	Informe técnico	report		2023		Spanish	documento_oficial	media		ea7d9e6f_encuesta-permanente.md	datafw inei	325
857710a3898e1379831c3403c6a2873b55b2f6ff1e6bfb5cf2d3ec1db8caaf34	datafw/data/raw/inei/epen-ciudades/2023/t3-ciudades/pucallpa/Ficha_Tecnica EPEN 202303.pdf	Unknown	Ficha Tecnica EPEN 202303	Report	Informe técnico	report		2023		Spanish	documento_oficial	media		857710a3_ficha-tecnica-epen-202303.md	datafw inei	326
ea7d9e6fac3ad360753abc32dcbf3a45671b04d6c93641429b61162270caa67d	datafw/data/raw/inei/epen-ciudades/2023/t3-ciudades/chachapoyas/Diccionario de Variables EPEN 202303.pdf	Unknown	Encuesta permanente	Report	Informe técnico	report		2023		Spanish	documento_oficial	media		ea7d9e6f_encuesta-permanente.md	datafw inei	327
857710a3898e1379831c3403c6a2873b55b2f6ff1e6bfb5cf2d3ec1db8caaf34	datafw/data/raw/inei/epen-ciudades/2023/t3-ciudades/chachapoyas/Ficha_Tecnica EPEN 202303.pdf	Unknown	Ficha Tecnica EPEN 202303	Report	Informe técnico	report		2023		Spanish	documento_oficial	media		857710a3_ficha-tecnica-epen-202303.md	datafw inei	328
ea7d9e6fac3ad360753abc32dcbf3a45671b04d6c93641429b61162270caa67d	datafw/data/raw/inei/epen-ciudades/2023/t3-ciudades/huancavelica/Diccionario de Variables EPEN 202303.pdf	Unknown	Encuesta permanente	Report	Informe técnico	report		2023		Spanish	documento_oficial	media		ea7d9e6f_encuesta-permanente.md	datafw inei	329
857710a3898e1379831c3403c6a2873b55b2f6ff1e6bfb5cf2d3ec1db8caaf34	datafw/data/raw/inei/epen-ciudades/2023/t3-ciudades/huancavelica/Ficha_Tecnica EPEN 202303.pdf	Unknown	Ficha Tecnica EPEN 202303	Report	Informe técnico	report		2023		Spanish	documento_oficial	media		857710a3_ficha-tecnica-epen-202303.md	datafw inei	330
ea7d9e6fac3ad360753abc32dcbf3a45671b04d6c93641429b61162270caa67d	datafw/data/raw/inei/epen-ciudades/2023/t3-ciudades/cusco/Diccionario de Variables EPEN 202303.pdf	Unknown	Encuesta permanente	Report	Informe técnico	report		2023		Spanish	documento_oficial	media		ea7d9e6f_encuesta-permanente.md	datafw inei	331
857710a3898e1379831c3403c6a2873b55b2f6ff1e6bfb5cf2d3ec1db8caaf34	datafw/data/raw/inei/epen-ciudades/2023/t3-ciudades/cusco/Ficha_Tecnica EPEN 202303.pdf	Unknown	Ficha Tecnica EPEN 202303	Report	Informe técnico	report		2023		Spanish	documento_oficial	media		857710a3_ficha-tecnica-epen-202303.md	datafw inei	332
ea7d9e6fac3ad360753abc32dcbf3a45671b04d6c93641429b61162270caa67d	datafw/data/raw/inei/epen-ciudades/2023/t3-ciudades/tarapoto/Diccionario de Variables EPEN 202303.pdf	Unknown	Encuesta permanente	Report	Informe técnico	report		2023		Spanish	documento_oficial	media		ea7d9e6f_encuesta-permanente.md	datafw inei	333
857710a3898e1379831c3403c6a2873b55b2f6ff1e6bfb5cf2d3ec1db8caaf34	datafw/data/raw/inei/epen-ciudades/2023/t3-ciudades/tarapoto/Ficha_Tecnica EPEN 202303.pdf	Unknown	Ficha Tecnica EPEN 202303	Report	Informe técnico	report		2023		Spanish	documento_oficial	media		857710a3_ficha-tecnica-epen-202303.md	datafw inei	334
ea7d9e6fac3ad360753abc32dcbf3a45671b04d6c93641429b61162270caa67d	datafw/data/raw/inei/epen-ciudades/2023/t3-ciudades/ayacucho/Diccionario de Variables EPEN 202303.pdf	Unknown	Encuesta permanente	Report	Informe técnico	report		2023		Spanish	documento_oficial	media		ea7d9e6f_encuesta-permanente.md	datafw inei	335
857710a3898e1379831c3403c6a2873b55b2f6ff1e6bfb5cf2d3ec1db8caaf34	datafw/data/raw/inei/epen-ciudades/2023/t3-ciudades/ayacucho/Ficha_Tecnica EPEN 202303.pdf	Unknown	Ficha Tecnica EPEN 202303	Report	Informe técnico	report		2023		Spanish	documento_oficial	media		857710a3_ficha-tecnica-epen-202303.md	datafw inei	336
ea7d9e6fac3ad360753abc32dcbf3a45671b04d6c93641429b61162270caa67d	datafw/data/raw/inei/epen-ciudades/2023/t3-ciudades/pasco/Diccionario de Variables EPEN 202303.pdf	Unknown	Encuesta permanente	Report	Informe técnico	report		2023		Spanish	documento_oficial	media		ea7d9e6f_encuesta-permanente.md	datafw inei	337
857710a3898e1379831c3403c6a2873b55b2f6ff1e6bfb5cf2d3ec1db8caaf34	datafw/data/raw/inei/epen-ciudades/2023/t3-ciudades/pasco/Ficha_Tecnica EPEN 202303.pdf	Unknown	Ficha Tecnica EPEN 202303	Report	Informe técnico	report		2023		Spanish	documento_oficial	media		857710a3_ficha-tecnica-epen-202303.md	datafw inei	338
ea7d9e6fac3ad360753abc32dcbf3a45671b04d6c93641429b61162270caa67d	datafw/data/raw/inei/epen-ciudades/2023/t3-ciudades/iquitos/Diccionario de Variables EPEN 202303.pdf	Unknown	Encuesta permanente	Report	Informe técnico	report		2023		Spanish	documento_oficial	media		ea7d9e6f_encuesta-permanente.md	datafw inei	339
857710a3898e1379831c3403c6a2873b55b2f6ff1e6bfb5cf2d3ec1db8caaf34	datafw/data/raw/inei/epen-ciudades/2023/t3-ciudades/iquitos/Ficha_Tecnica EPEN 202303.pdf	Unknown	Ficha Tecnica EPEN 202303	Report	Informe técnico	report		2023		Spanish	documento_oficial	media		857710a3_ficha-tecnica-epen-202303.md	datafw inei	340
ea7d9e6fac3ad360753abc32dcbf3a45671b04d6c93641429b61162270caa67d	datafw/data/raw/inei/epen-ciudades/2023/t3-ciudades/puno/Diccionario de Variables EPEN 202303.pdf	Unknown	Encuesta permanente	Report	Informe técnico	report		2023		Spanish	documento_oficial	media		ea7d9e6f_encuesta-permanente.md	datafw inei	341
857710a3898e1379831c3403c6a2873b55b2f6ff1e6bfb5cf2d3ec1db8caaf34	datafw/data/raw/inei/epen-ciudades/2023/t3-ciudades/puno/Ficha_Tecnica EPEN 202303.pdf	Unknown	Ficha Tecnica EPEN 202303	Report	Informe técnico	report		2023		Spanish	documento_oficial	media		857710a3_ficha-tecnica-epen-202303.md	datafw inei	342
ea7d9e6fac3ad360753abc32dcbf3a45671b04d6c93641429b61162270caa67d	datafw/data/raw/inei/epen-ciudades/2023/t3-ciudades/lima-metropolitana/Diccionario de Variables EPEN 202303.pdf	Unknown	Encuesta permanente	Report	Informe técnico	report		2023		Spanish	documento_oficial	media		ea7d9e6f_encuesta-permanente.md	datafw inei	343
857710a3898e1379831c3403c6a2873b55b2f6ff1e6bfb5cf2d3ec1db8caaf34	datafw/data/raw/inei/epen-ciudades/2023/t3-ciudades/lima-metropolitana/Ficha_Tecnica EPEN 202303.pdf	Unknown	Ficha Tecnica EPEN 202303	Report	Informe técnico	report		2023		Spanish	documento_oficial	media		857710a3_ficha-tecnica-epen-202303.md	datafw inei	344
ea7d9e6fac3ad360753abc32dcbf3a45671b04d6c93641429b61162270caa67d	datafw/data/raw/inei/epen-ciudades/2023/t3-ciudades/arequipa/Diccionario de Variables EPEN 202303.pdf	Unknown	Encuesta permanente	Report	Informe técnico	report		2023		Spanish	documento_oficial	media		ea7d9e6f_encuesta-permanente.md	datafw inei	345
857710a3898e1379831c3403c6a2873b55b2f6ff1e6bfb5cf2d3ec1db8caaf34	datafw/data/raw/inei/epen-ciudades/2023/t3-ciudades/arequipa/Ficha_Tecnica EPEN 202303.pdf	Unknown	Ficha Tecnica EPEN 202303	Report	Informe técnico	report		2023		Spanish	documento_oficial	media		857710a3_ficha-tecnica-epen-202303.md	datafw inei	346
ea7d9e6fac3ad360753abc32dcbf3a45671b04d6c93641429b61162270caa67d	datafw/data/raw/inei/epen-ciudades/2023/t3-ciudades/ica/Diccionario de Variables EPEN 202303.pdf	Unknown	Encuesta permanente	Report	Informe técnico	report		2023		Spanish	documento_oficial	media		ea7d9e6f_encuesta-permanente.md	datafw inei	347
857710a3898e1379831c3403c6a2873b55b2f6ff1e6bfb5cf2d3ec1db8caaf34	datafw/data/raw/inei/epen-ciudades/2023/t3-ciudades/ica/Ficha_Tecnica EPEN 202303.pdf	Unknown	Ficha Tecnica EPEN 202303	Report	Informe técnico	report		2023		Spanish	documento_oficial	media		857710a3_ficha-tecnica-epen-202303.md	datafw inei	348
ea7d9e6fac3ad360753abc32dcbf3a45671b04d6c93641429b61162270caa67d	datafw/data/raw/inei/epen-ciudades/2023/t3-ciudades/tacna/Diccionario de Variables EPEN 202303.pdf	Unknown	Encuesta permanente	Report	Informe técnico	report		2023		Spanish	documento_oficial	media		ea7d9e6f_encuesta-permanente.md	datafw inei	349
857710a3898e1379831c3403c6a2873b55b2f6ff1e6bfb5cf2d3ec1db8caaf34	datafw/data/raw/inei/epen-ciudades/2023/t3-ciudades/tacna/Ficha_Tecnica EPEN 202303.pdf	Unknown	Ficha Tecnica EPEN 202303	Report	Informe técnico	report		2023		Spanish	documento_oficial	media		857710a3_ficha-tecnica-epen-202303.md	datafw inei	350
ea7d9e6fac3ad360753abc32dcbf3a45671b04d6c93641429b61162270caa67d	datafw/data/raw/inei/epen-ciudades/2023/t3-ciudades/huancayo/Diccionario de Variables EPEN 202303.pdf	Unknown	Encuesta permanente	Report	Informe técnico	report		2023		Spanish	documento_oficial	media		ea7d9e6f_encuesta-permanente.md	datafw inei	351
857710a3898e1379831c3403c6a2873b55b2f6ff1e6bfb5cf2d3ec1db8caaf34	datafw/data/raw/inei/epen-ciudades/2023/t3-ciudades/huancayo/Ficha_Tecnica EPEN 202303.pdf	Unknown	Ficha Tecnica EPEN 202303	Report	Informe técnico	report		2023		Spanish	documento_oficial	media		857710a3_ficha-tecnica-epen-202303.md	datafw inei	352
ea7d9e6fac3ad360753abc32dcbf3a45671b04d6c93641429b61162270caa67d	datafw/data/raw/inei/epen-ciudades/2023/t3-ciudades/piura/Diccionario de Variables EPEN 202303.pdf	Unknown	Encuesta permanente	Report	Informe técnico	report		2023		Spanish	documento_oficial	media		ea7d9e6f_encuesta-permanente.md	datafw inei	353
857710a3898e1379831c3403c6a2873b55b2f6ff1e6bfb5cf2d3ec1db8caaf34	datafw/data/raw/inei/epen-ciudades/2023/t3-ciudades/piura/Ficha_Tecnica EPEN 202303.pdf	Unknown	Ficha Tecnica EPEN 202303	Report	Informe técnico	report		2023		Spanish	documento_oficial	media		857710a3_ficha-tecnica-epen-202303.md	datafw inei	354
ea7d9e6fac3ad360753abc32dcbf3a45671b04d6c93641429b61162270caa67d	datafw/data/raw/inei/epen-ciudades/2023/t3-ciudades/moyobamba/Diccionario de Variables EPEN 202303.pdf	Unknown	Encuesta permanente	Report	Informe técnico	report		2023		Spanish	documento_oficial	media		ea7d9e6f_encuesta-permanente.md	datafw inei	355
857710a3898e1379831c3403c6a2873b55b2f6ff1e6bfb5cf2d3ec1db8caaf34	datafw/data/raw/inei/epen-ciudades/2023/t3-ciudades/moyobamba/Ficha_Tecnica EPEN 202303.pdf	Unknown	Ficha Tecnica EPEN 202303	Report	Informe técnico	report		2023		Spanish	documento_oficial	media		857710a3_ficha-tecnica-epen-202303.md	datafw inei	356
ea7d9e6fac3ad360753abc32dcbf3a45671b04d6c93641429b61162270caa67d	datafw/data/raw/inei/epen-ciudades/2023/t3-ciudades/huanuco/Diccionario de Variables EPEN 202303.pdf	Unknown	Encuesta permanente	Report	Informe técnico	report		2023		Spanish	documento_oficial	media		ea7d9e6f_encuesta-permanente.md	datafw inei	357
857710a3898e1379831c3403c6a2873b55b2f6ff1e6bfb5cf2d3ec1db8caaf34	datafw/data/raw/inei/epen-ciudades/2023/t3-ciudades/huanuco/Ficha_Tecnica EPEN 202303.pdf	Unknown	Ficha Tecnica EPEN 202303	Report	Informe técnico	report		2023		Spanish	documento_oficial	media		857710a3_ficha-tecnica-epen-202303.md	datafw inei	358
ea7d9e6fac3ad360753abc32dcbf3a45671b04d6c93641429b61162270caa67d	datafw/data/raw/inei/epen-ciudades/2023/t3-ciudades/chiclayo/Diccionario de Variables EPEN 202303.pdf	Unknown	Encuesta permanente	Report	Informe técnico	report		2023		Spanish	documento_oficial	media		ea7d9e6f_encuesta-permanente.md	datafw inei	359
857710a3898e1379831c3403c6a2873b55b2f6ff1e6bfb5cf2d3ec1db8caaf34	datafw/data/raw/inei/epen-ciudades/2023/t3-ciudades/chiclayo/Ficha_Tecnica EPEN 202303.pdf	Unknown	Ficha Tecnica EPEN 202303	Report	Informe técnico	report		2023		Spanish	documento_oficial	media		857710a3_ficha-tecnica-epen-202303.md	datafw inei	360
ea7d9e6fac3ad360753abc32dcbf3a45671b04d6c93641429b61162270caa67d	datafw/data/raw/inei/epen-ciudades/2023/t3-ciudades/trujillo/Diccionario de Variables EPEN 202303.pdf	Unknown	Encuesta permanente	Report	Informe técnico	report		2023		Spanish	documento_oficial	media		ea7d9e6f_encuesta-permanente.md	datafw inei	361
857710a3898e1379831c3403c6a2873b55b2f6ff1e6bfb5cf2d3ec1db8caaf34	datafw/data/raw/inei/epen-ciudades/2023/t3-ciudades/trujillo/Ficha_Tecnica EPEN 202303.pdf	Unknown	Ficha Tecnica EPEN 202303	Report	Informe técnico	report		2023		Spanish	documento_oficial	media		857710a3_ficha-tecnica-epen-202303.md	datafw inei	362
ea7d9e6fac3ad360753abc32dcbf3a45671b04d6c93641429b61162270caa67d	datafw/data/raw/inei/epen-ciudades/2023/t3-ciudades/moquegua/Diccionario de Variables EPEN 202303.pdf	Unknown	Encuesta permanente	Report	Informe técnico	report		2023		Spanish	documento_oficial	media		ea7d9e6f_encuesta-permanente.md	datafw inei	363
857710a3898e1379831c3403c6a2873b55b2f6ff1e6bfb5cf2d3ec1db8caaf34	datafw/data/raw/inei/epen-ciudades/2023/t3-ciudades/moquegua/Ficha_Tecnica EPEN 202303.pdf	Unknown	Ficha Tecnica EPEN 202303	Report	Informe técnico	report		2023		Spanish	documento_oficial	media		857710a3_ficha-tecnica-epen-202303.md	datafw inei	364
ea7d9e6fac3ad360753abc32dcbf3a45671b04d6c93641429b61162270caa67d	datafw/data/raw/inei/epen-ciudades/2023/t3-ciudades/huaraz/Diccionario de Variables EPEN 202303.pdf	Unknown	Encuesta permanente	Report	Informe técnico	report		2023		Spanish	documento_oficial	media		ea7d9e6f_encuesta-permanente.md	datafw inei	365
857710a3898e1379831c3403c6a2873b55b2f6ff1e6bfb5cf2d3ec1db8caaf34	datafw/data/raw/inei/epen-ciudades/2023/t3-ciudades/huaraz/Ficha_Tecnica EPEN 202303.pdf	Unknown	Ficha Tecnica EPEN 202303	Report	Informe técnico	report		2023		Spanish	documento_oficial	media		857710a3_ficha-tecnica-epen-202303.md	datafw inei	366
ea7d9e6fac3ad360753abc32dcbf3a45671b04d6c93641429b61162270caa67d	datafw/data/raw/inei/epen-ciudades/2023/t3-ciudades/puerto-maldonado/Diccionario de Variables EPEN 202303.pdf	Unknown	Encuesta permanente	Report	Informe técnico	report		2023		Spanish	documento_oficial	media		ea7d9e6f_encuesta-permanente.md	datafw inei	367
857710a3898e1379831c3403c6a2873b55b2f6ff1e6bfb5cf2d3ec1db8caaf34	datafw/data/raw/inei/epen-ciudades/2023/t3-ciudades/puerto-maldonado/Ficha_Tecnica EPEN 202303.pdf	Unknown	Ficha Tecnica EPEN 202303	Report	Informe técnico	report		2023		Spanish	documento_oficial	media		857710a3_ficha-tecnica-epen-202303.md	datafw inei	368
ea7d9e6fac3ad360753abc32dcbf3a45671b04d6c93641429b61162270caa67d	datafw/data/raw/inei/epen-ciudades/2023/t3-ciudades/abancay/Diccionario de Variables EPEN 202303.pdf	Unknown	Encuesta permanente	Report	Informe técnico	report		2023		Spanish	documento_oficial	media		ea7d9e6f_encuesta-permanente.md	datafw inei	369
857710a3898e1379831c3403c6a2873b55b2f6ff1e6bfb5cf2d3ec1db8caaf34	datafw/data/raw/inei/epen-ciudades/2023/t3-ciudades/abancay/Ficha_Tecnica EPEN 202303.pdf	Unknown	Ficha Tecnica EPEN 202303	Report	Informe técnico	report		2023		Spanish	documento_oficial	media		857710a3_ficha-tecnica-epen-202303.md	datafw inei	370
ea7d9e6fac3ad360753abc32dcbf3a45671b04d6c93641429b61162270caa67d	datafw/data/raw/inei/epen-ciudades/2023/t3-ciudades/cajamarca/Diccionario de Variables EPEN 202303.pdf	Unknown	Encuesta permanente	Report	Informe técnico	report		2023		Spanish	documento_oficial	media		ea7d9e6f_encuesta-permanente.md	datafw inei	371
857710a3898e1379831c3403c6a2873b55b2f6ff1e6bfb5cf2d3ec1db8caaf34	datafw/data/raw/inei/epen-ciudades/2023/t3-ciudades/cajamarca/Ficha_Tecnica EPEN 202303.pdf	Unknown	Ficha Tecnica EPEN 202303	Report	Informe técnico	report		2023		Spanish	documento_oficial	media		857710a3_ficha-tecnica-epen-202303.md	datafw inei	372
ea7d9e6fac3ad360753abc32dcbf3a45671b04d6c93641429b61162270caa67d	datafw/data/raw/inei/epen-ciudades/2023/t3-ciudades/chimbote/Diccionario de Variables EPEN 202303.pdf	Unknown	Encuesta permanente	Report	Informe técnico	report		2023		Spanish	documento_oficial	media		ea7d9e6f_encuesta-permanente.md	datafw inei	373
857710a3898e1379831c3403c6a2873b55b2f6ff1e6bfb5cf2d3ec1db8caaf34	datafw/data/raw/inei/epen-ciudades/2023/t3-ciudades/chimbote/Ficha_Tecnica EPEN 202303.pdf	Unknown	Ficha Tecnica EPEN 202303	Report	Informe técnico	report		2023		Spanish	documento_oficial	media		857710a3_ficha-tecnica-epen-202303.md	datafw inei	374
a8150f9425fa1db408c06aaa64f498dc6409042614681c65ff3267915f88902c	datafw/data/raw/inei/epen-ciudades/2023/t2-ciudades/tumbes/Ficha_Tecnica EPEN 202302.pdf	Unknown	Ficha Tecnica EPEN 202302	Report	Informe técnico	report		2023		Spanish	documento_oficial	media		a8150f94_ficha-tecnica-epen-202302.md	datafw inei	375
1f0da0e68b0276ad1e501ad1d8c7406d9e2a049a79077176f46473531118ed2c	datafw/data/raw/inei/epen-ciudades/2023/t2-ciudades/tumbes/Diccionario de Variables EPEN 202302.pdf	Unknown	Encuesta permanente	Report	Informe técnico	report		2023		Spanish	documento_oficial	media		1f0da0e6_encuesta-permanente.md	datafw inei	376
a8150f9425fa1db408c06aaa64f498dc6409042614681c65ff3267915f88902c	datafw/data/raw/inei/epen-ciudades/2023/t2-ciudades/pucallpa/Ficha_Tecnica EPEN 202302.pdf	Unknown	Ficha Tecnica EPEN 202302	Report	Informe técnico	report		2023		Spanish	documento_oficial	media		a8150f94_ficha-tecnica-epen-202302.md	datafw inei	377
1f0da0e68b0276ad1e501ad1d8c7406d9e2a049a79077176f46473531118ed2c	datafw/data/raw/inei/epen-ciudades/2023/t2-ciudades/pucallpa/Diccionario de Variables EPEN 202302.pdf	Unknown	Encuesta permanente	Report	Informe técnico	report		2023		Spanish	documento_oficial	media		1f0da0e6_encuesta-permanente.md	datafw inei	378
a8150f9425fa1db408c06aaa64f498dc6409042614681c65ff3267915f88902c	datafw/data/raw/inei/epen-ciudades/2023/t2-ciudades/chachapoyas/Ficha_Tecnica EPEN 202302.pdf	Unknown	Ficha Tecnica EPEN 202302	Report	Informe técnico	report		2023		Spanish	documento_oficial	media		a8150f94_ficha-tecnica-epen-202302.md	datafw inei	379
1f0da0e68b0276ad1e501ad1d8c7406d9e2a049a79077176f46473531118ed2c	datafw/data/raw/inei/epen-ciudades/2023/t2-ciudades/chachapoyas/Diccionario de Variables EPEN 202302.pdf	Unknown	Encuesta permanente	Report	Informe técnico	report		2023		Spanish	documento_oficial	media		1f0da0e6_encuesta-permanente.md	datafw inei	380
a8150f9425fa1db408c06aaa64f498dc6409042614681c65ff3267915f88902c	datafw/data/raw/inei/epen-ciudades/2023/t2-ciudades/huancavelica/Ficha_Tecnica EPEN 202302.pdf	Unknown	Ficha Tecnica EPEN 202302	Report	Informe técnico	report		2023		Spanish	documento_oficial	media		a8150f94_ficha-tecnica-epen-202302.md	datafw inei	381
1f0da0e68b0276ad1e501ad1d8c7406d9e2a049a79077176f46473531118ed2c	datafw/data/raw/inei/epen-ciudades/2023/t2-ciudades/huancavelica/Diccionario de Variables EPEN 202302.pdf	Unknown	Encuesta permanente	Report	Informe técnico	report		2023		Spanish	documento_oficial	media		1f0da0e6_encuesta-permanente.md	datafw inei	382
a8150f9425fa1db408c06aaa64f498dc6409042614681c65ff3267915f88902c	datafw/data/raw/inei/epen-ciudades/2023/t2-ciudades/cusco/Ficha_Tecnica EPEN 202302.pdf	Unknown	Ficha Tecnica EPEN 202302	Report	Informe técnico	report		2023		Spanish	documento_oficial	media		a8150f94_ficha-tecnica-epen-202302.md	datafw inei	383
1f0da0e68b0276ad1e501ad1d8c7406d9e2a049a79077176f46473531118ed2c	datafw/data/raw/inei/epen-ciudades/2023/t2-ciudades/cusco/Diccionario de Variables EPEN 202302.pdf	Unknown	Encuesta permanente	Report	Informe técnico	report		2023		Spanish	documento_oficial	media		1f0da0e6_encuesta-permanente.md	datafw inei	384
a8150f9425fa1db408c06aaa64f498dc6409042614681c65ff3267915f88902c	datafw/data/raw/inei/epen-ciudades/2023/t2-ciudades/tarapoto/Ficha_Tecnica EPEN 202302.pdf	Unknown	Ficha Tecnica EPEN 202302	Report	Informe técnico	report		2023		Spanish	documento_oficial	media		a8150f94_ficha-tecnica-epen-202302.md	datafw inei	385
1f0da0e68b0276ad1e501ad1d8c7406d9e2a049a79077176f46473531118ed2c	datafw/data/raw/inei/epen-ciudades/2023/t2-ciudades/tarapoto/Diccionario de Variables EPEN 202302.pdf	Unknown	Encuesta permanente	Report	Informe técnico	report		2023		Spanish	documento_oficial	media		1f0da0e6_encuesta-permanente.md	datafw inei	386
a8150f9425fa1db408c06aaa64f498dc6409042614681c65ff3267915f88902c	datafw/data/raw/inei/epen-ciudades/2023/t2-ciudades/ayacucho/Ficha_Tecnica EPEN 202302.pdf	Unknown	Ficha Tecnica EPEN 202302	Report	Informe técnico	report		2023		Spanish	documento_oficial	media		a8150f94_ficha-tecnica-epen-202302.md	datafw inei	387
1f0da0e68b0276ad1e501ad1d8c7406d9e2a049a79077176f46473531118ed2c	datafw/data/raw/inei/epen-ciudades/2023/t2-ciudades/ayacucho/Diccionario de Variables EPEN 202302.pdf	Unknown	Encuesta permanente	Report	Informe técnico	report		2023		Spanish	documento_oficial	media		1f0da0e6_encuesta-permanente.md	datafw inei	388
a8150f9425fa1db408c06aaa64f498dc6409042614681c65ff3267915f88902c	datafw/data/raw/inei/epen-ciudades/2023/t2-ciudades/pasco/Ficha_Tecnica EPEN 202302.pdf	Unknown	Ficha Tecnica EPEN 202302	Report	Informe técnico	report		2023		Spanish	documento_oficial	media		a8150f94_ficha-tecnica-epen-202302.md	datafw inei	389
1f0da0e68b0276ad1e501ad1d8c7406d9e2a049a79077176f46473531118ed2c	datafw/data/raw/inei/epen-ciudades/2023/t2-ciudades/pasco/Diccionario de Variables EPEN 202302.pdf	Unknown	Encuesta permanente	Report	Informe técnico	report		2023		Spanish	documento_oficial	media		1f0da0e6_encuesta-permanente.md	datafw inei	390
a8150f9425fa1db408c06aaa64f498dc6409042614681c65ff3267915f88902c	datafw/data/raw/inei/epen-ciudades/2023/t2-ciudades/iquitos/Ficha_Tecnica EPEN 202302.pdf	Unknown	Ficha Tecnica EPEN 202302	Report	Informe técnico	report		2023		Spanish	documento_oficial	media		a8150f94_ficha-tecnica-epen-202302.md	datafw inei	391
1f0da0e68b0276ad1e501ad1d8c7406d9e2a049a79077176f46473531118ed2c	datafw/data/raw/inei/epen-ciudades/2023/t2-ciudades/iquitos/Diccionario de Variables EPEN 202302.pdf	Unknown	Encuesta permanente	Report	Informe técnico	report		2023		Spanish	documento_oficial	media		1f0da0e6_encuesta-permanente.md	datafw inei	392
a8150f9425fa1db408c06aaa64f498dc6409042614681c65ff3267915f88902c	datafw/data/raw/inei/epen-ciudades/2023/t2-ciudades/puno/Ficha_Tecnica EPEN 202302.pdf	Unknown	Ficha Tecnica EPEN 202302	Report	Informe técnico	report		2023		Spanish	documento_oficial	media		a8150f94_ficha-tecnica-epen-202302.md	datafw inei	393
1f0da0e68b0276ad1e501ad1d8c7406d9e2a049a79077176f46473531118ed2c	datafw/data/raw/inei/epen-ciudades/2023/t2-ciudades/puno/Diccionario de Variables EPEN 202302.pdf	Unknown	Encuesta permanente	Report	Informe técnico	report		2023		Spanish	documento_oficial	media		1f0da0e6_encuesta-permanente.md	datafw inei	394
a8150f9425fa1db408c06aaa64f498dc6409042614681c65ff3267915f88902c	datafw/data/raw/inei/epen-ciudades/2023/t2-ciudades/lima-metropolitana/Ficha_Tecnica EPEN 202302.pdf	Unknown	Ficha Tecnica EPEN 202302	Report	Informe técnico	report		2023		Spanish	documento_oficial	media		a8150f94_ficha-tecnica-epen-202302.md	datafw inei	395
1f0da0e68b0276ad1e501ad1d8c7406d9e2a049a79077176f46473531118ed2c	datafw/data/raw/inei/epen-ciudades/2023/t2-ciudades/lima-metropolitana/Diccionario de Variables EPEN 202302.pdf	Unknown	Encuesta permanente	Report	Informe técnico	report		2023		Spanish	documento_oficial	media		1f0da0e6_encuesta-permanente.md	datafw inei	396
a8150f9425fa1db408c06aaa64f498dc6409042614681c65ff3267915f88902c	datafw/data/raw/inei/epen-ciudades/2023/t2-ciudades/arequipa/Ficha_Tecnica EPEN 202302.pdf	Unknown	Ficha Tecnica EPEN 202302	Report	Informe técnico	report		2023		Spanish	documento_oficial	media		a8150f94_ficha-tecnica-epen-202302.md	datafw inei	397
1f0da0e68b0276ad1e501ad1d8c7406d9e2a049a79077176f46473531118ed2c	datafw/data/raw/inei/epen-ciudades/2023/t2-ciudades/arequipa/Diccionario de Variables EPEN 202302.pdf	Unknown	Encuesta permanente	Report	Informe técnico	report		2023		Spanish	documento_oficial	media		1f0da0e6_encuesta-permanente.md	datafw inei	398
a8150f9425fa1db408c06aaa64f498dc6409042614681c65ff3267915f88902c	datafw/data/raw/inei/epen-ciudades/2023/t2-ciudades/ica/Ficha_Tecnica EPEN 202302.pdf	Unknown	Ficha Tecnica EPEN 202302	Report	Informe técnico	report		2023		Spanish	documento_oficial	media		a8150f94_ficha-tecnica-epen-202302.md	datafw inei	399
1f0da0e68b0276ad1e501ad1d8c7406d9e2a049a79077176f46473531118ed2c	datafw/data/raw/inei/epen-ciudades/2023/t2-ciudades/ica/Diccionario de Variables EPEN 202302.pdf	Unknown	Encuesta permanente	Report	Informe técnico	report		2023		Spanish	documento_oficial	media		1f0da0e6_encuesta-permanente.md	datafw inei	400
a8150f9425fa1db408c06aaa64f498dc6409042614681c65ff3267915f88902c	datafw/data/raw/inei/epen-ciudades/2023/t2-ciudades/tacna/Ficha_Tecnica EPEN 202302.pdf	Unknown	Ficha Tecnica EPEN 202302	Report	Informe técnico	report		2023		Spanish	documento_oficial	media		a8150f94_ficha-tecnica-epen-202302.md	datafw inei	401
1f0da0e68b0276ad1e501ad1d8c7406d9e2a049a79077176f46473531118ed2c	datafw/data/raw/inei/epen-ciudades/2023/t2-ciudades/tacna/Diccionario de Variables EPEN 202302.pdf	Unknown	Encuesta permanente	Report	Informe técnico	report		2023		Spanish	documento_oficial	media		1f0da0e6_encuesta-permanente.md	datafw inei	402
a8150f9425fa1db408c06aaa64f498dc6409042614681c65ff3267915f88902c	datafw/data/raw/inei/epen-ciudades/2023/t2-ciudades/huancayo/Ficha_Tecnica EPEN 202302.pdf	Unknown	Ficha Tecnica EPEN 202302	Report	Informe técnico	report		2023		Spanish	documento_oficial	media		a8150f94_ficha-tecnica-epen-202302.md	datafw inei	403
1f0da0e68b0276ad1e501ad1d8c7406d9e2a049a79077176f46473531118ed2c	datafw/data/raw/inei/epen-ciudades/2023/t2-ciudades/huancayo/Diccionario de Variables EPEN 202302.pdf	Unknown	Encuesta permanente	Report	Informe técnico	report		2023		Spanish	documento_oficial	media		1f0da0e6_encuesta-permanente.md	datafw inei	404
a8150f9425fa1db408c06aaa64f498dc6409042614681c65ff3267915f88902c	datafw/data/raw/inei/epen-ciudades/2023/t2-ciudades/piura/Ficha_Tecnica EPEN 202302.pdf	Unknown	Ficha Tecnica EPEN 202302	Report	Informe técnico	report		2023		Spanish	documento_oficial	media		a8150f94_ficha-tecnica-epen-202302.md	datafw inei	405
1f0da0e68b0276ad1e501ad1d8c7406d9e2a049a79077176f46473531118ed2c	datafw/data/raw/inei/epen-ciudades/2023/t2-ciudades/piura/Diccionario de Variables EPEN 202302.pdf	Unknown	Encuesta permanente	Report	Informe técnico	report		2023		Spanish	documento_oficial	media		1f0da0e6_encuesta-permanente.md	datafw inei	406
a8150f9425fa1db408c06aaa64f498dc6409042614681c65ff3267915f88902c	datafw/data/raw/inei/epen-ciudades/2023/t2-ciudades/moyobamba/Ficha_Tecnica EPEN 202302.pdf	Unknown	Ficha Tecnica EPEN 202302	Report	Informe técnico	report		2023		Spanish	documento_oficial	media		a8150f94_ficha-tecnica-epen-202302.md	datafw inei	407
1f0da0e68b0276ad1e501ad1d8c7406d9e2a049a79077176f46473531118ed2c	datafw/data/raw/inei/epen-ciudades/2023/t2-ciudades/moyobamba/Diccionario de Variables EPEN 202302.pdf	Unknown	Encuesta permanente	Report	Informe técnico	report		2023		Spanish	documento_oficial	media		1f0da0e6_encuesta-permanente.md	datafw inei	408
a8150f9425fa1db408c06aaa64f498dc6409042614681c65ff3267915f88902c	datafw/data/raw/inei/epen-ciudades/2023/t2-ciudades/huanuco/Ficha_Tecnica EPEN 202302.pdf	Unknown	Ficha Tecnica EPEN 202302	Report	Informe técnico	report		2023		Spanish	documento_oficial	media		a8150f94_ficha-tecnica-epen-202302.md	datafw inei	409
1f0da0e68b0276ad1e501ad1d8c7406d9e2a049a79077176f46473531118ed2c	datafw/data/raw/inei/epen-ciudades/2023/t2-ciudades/huanuco/Diccionario de Variables EPEN 202302.pdf	Unknown	Encuesta permanente	Report	Informe técnico	report		2023		Spanish	documento_oficial	media		1f0da0e6_encuesta-permanente.md	datafw inei	410
a8150f9425fa1db408c06aaa64f498dc6409042614681c65ff3267915f88902c	datafw/data/raw/inei/epen-ciudades/2023/t2-ciudades/chiclayo/Ficha_Tecnica EPEN 202302.pdf	Unknown	Ficha Tecnica EPEN 202302	Report	Informe técnico	report		2023		Spanish	documento_oficial	media		a8150f94_ficha-tecnica-epen-202302.md	datafw inei	411
1f0da0e68b0276ad1e501ad1d8c7406d9e2a049a79077176f46473531118ed2c	datafw/data/raw/inei/epen-ciudades/2023/t2-ciudades/chiclayo/Diccionario de Variables EPEN 202302.pdf	Unknown	Encuesta permanente	Report	Informe técnico	report		2023		Spanish	documento_oficial	media		1f0da0e6_encuesta-permanente.md	datafw inei	412
a8150f9425fa1db408c06aaa64f498dc6409042614681c65ff3267915f88902c	datafw/data/raw/inei/epen-ciudades/2023/t2-ciudades/trujillo/Ficha_Tecnica EPEN 202302.pdf	Unknown	Ficha Tecnica EPEN 202302	Report	Informe técnico	report		2023		Spanish	documento_oficial	media		a8150f94_ficha-tecnica-epen-202302.md	datafw inei	413
1f0da0e68b0276ad1e501ad1d8c7406d9e2a049a79077176f46473531118ed2c	datafw/data/raw/inei/epen-ciudades/2023/t2-ciudades/trujillo/Diccionario de Variables EPEN 202302.pdf	Unknown	Encuesta permanente	Report	Informe técnico	report		2023		Spanish	documento_oficial	media		1f0da0e6_encuesta-permanente.md	datafw inei	414
a8150f9425fa1db408c06aaa64f498dc6409042614681c65ff3267915f88902c	datafw/data/raw/inei/epen-ciudades/2023/t2-ciudades/moquegua/Ficha_Tecnica EPEN 202302.pdf	Unknown	Ficha Tecnica EPEN 202302	Report	Informe técnico	report		2023		Spanish	documento_oficial	media		a8150f94_ficha-tecnica-epen-202302.md	datafw inei	415
1f0da0e68b0276ad1e501ad1d8c7406d9e2a049a79077176f46473531118ed2c	datafw/data/raw/inei/epen-ciudades/2023/t2-ciudades/moquegua/Diccionario de Variables EPEN 202302.pdf	Unknown	Encuesta permanente	Report	Informe técnico	report		2023		Spanish	documento_oficial	media		1f0da0e6_encuesta-permanente.md	datafw inei	416
a8150f9425fa1db408c06aaa64f498dc6409042614681c65ff3267915f88902c	datafw/data/raw/inei/epen-ciudades/2023/t2-ciudades/huaraz/Ficha_Tecnica EPEN 202302.pdf	Unknown	Ficha Tecnica EPEN 202302	Report	Informe técnico	report		2023		Spanish	documento_oficial	media		a8150f94_ficha-tecnica-epen-202302.md	datafw inei	417
1f0da0e68b0276ad1e501ad1d8c7406d9e2a049a79077176f46473531118ed2c	datafw/data/raw/inei/epen-ciudades/2023/t2-ciudades/huaraz/Diccionario de Variables EPEN 202302.pdf	Unknown	Encuesta permanente	Report	Informe técnico	report		2023		Spanish	documento_oficial	media		1f0da0e6_encuesta-permanente.md	datafw inei	418
a8150f9425fa1db408c06aaa64f498dc6409042614681c65ff3267915f88902c	datafw/data/raw/inei/epen-ciudades/2023/t2-ciudades/puerto-maldonado/Ficha_Tecnica EPEN 202302.pdf	Unknown	Ficha Tecnica EPEN 202302	Report	Informe técnico	report		2023		Spanish	documento_oficial	media		a8150f94_ficha-tecnica-epen-202302.md	datafw inei	419
1f0da0e68b0276ad1e501ad1d8c7406d9e2a049a79077176f46473531118ed2c	datafw/data/raw/inei/epen-ciudades/2023/t2-ciudades/puerto-maldonado/Diccionario de Variables EPEN 202302.pdf	Unknown	Encuesta permanente	Report	Informe técnico	report		2023		Spanish	documento_oficial	media		1f0da0e6_encuesta-permanente.md	datafw inei	420
a8150f9425fa1db408c06aaa64f498dc6409042614681c65ff3267915f88902c	datafw/data/raw/inei/epen-ciudades/2023/t2-ciudades/abancay/Ficha_Tecnica EPEN 202302.pdf	Unknown	Ficha Tecnica EPEN 202302	Report	Informe técnico	report		2023		Spanish	documento_oficial	media		a8150f94_ficha-tecnica-epen-202302.md	datafw inei	421
1f0da0e68b0276ad1e501ad1d8c7406d9e2a049a79077176f46473531118ed2c	datafw/data/raw/inei/epen-ciudades/2023/t2-ciudades/abancay/Diccionario de Variables EPEN 202302.pdf	Unknown	Encuesta permanente	Report	Informe técnico	report		2023		Spanish	documento_oficial	media		1f0da0e6_encuesta-permanente.md	datafw inei	422
a8150f9425fa1db408c06aaa64f498dc6409042614681c65ff3267915f88902c	datafw/data/raw/inei/epen-ciudades/2023/t2-ciudades/cajamarca/Ficha_Tecnica EPEN 202302.pdf	Unknown	Ficha Tecnica EPEN 202302	Report	Informe técnico	report		2023		Spanish	documento_oficial	media		a8150f94_ficha-tecnica-epen-202302.md	datafw inei	423
1f0da0e68b0276ad1e501ad1d8c7406d9e2a049a79077176f46473531118ed2c	datafw/data/raw/inei/epen-ciudades/2023/t2-ciudades/cajamarca/Diccionario de Variables EPEN 202302.pdf	Unknown	Encuesta permanente	Report	Informe técnico	report		2023		Spanish	documento_oficial	media		1f0da0e6_encuesta-permanente.md	datafw inei	424
a8150f9425fa1db408c06aaa64f498dc6409042614681c65ff3267915f88902c	datafw/data/raw/inei/epen-ciudades/2023/t2-ciudades/chimbote/Ficha_Tecnica EPEN 202302.pdf	Unknown	Ficha Tecnica EPEN 202302	Report	Informe técnico	report		2023		Spanish	documento_oficial	media		a8150f94_ficha-tecnica-epen-202302.md	datafw inei	425
1f0da0e68b0276ad1e501ad1d8c7406d9e2a049a79077176f46473531118ed2c	datafw/data/raw/inei/epen-ciudades/2023/t2-ciudades/chimbote/Diccionario de Variables EPEN 202302.pdf	Unknown	Encuesta permanente	Report	Informe técnico	report		2023		Spanish	documento_oficial	media		1f0da0e6_encuesta-permanente.md	datafw inei	426
2320fe04229cd5f1754a633560ca19a49aa2dc2425ee0c60aee5e8ddb9574a2a	datafw/data/raw/inei/enaho/2015/modulo85/documentacion/CodigoConglomerado_6_digitos.pdf	Unknown	Cambio a 6 dígitos del código de indentificación de conglomerados.	Report	Informe técnico	report		2015		Spanish	documento_oficial	media		2320fe04_cambio-a-6-digitos-del-codigo-de-indentificacion-de.md	datafw inei	427
e3b59644438496051244ea1c08986def5d0275996bdf13b9681e0dc95ec36022	datafw/data/raw/inei/enaho/2015/modulo85/documentacion/Diccionario2015.pdf	Unknown	Instituto nacional de estadistica e informatica	Report	Informe técnico	report		2016		Spanish	documento_oficial	media		e3b59644_instituto-nacional-de-estadistica-e-informatica.md	datafw inei	428
ca747e53e624baa49a08480f31e469b191e380a7bc8b64115e167d683acebeb8	datafw/data/raw/inei/enaho/2015/modulo85/documentacion/CED-ENAHO 01B 2015.pdf	Unknown	Decreto Legislativo N.° 604	Report	Informe técnico	report		2014	norma:decreto_legislativo_604	Spanish	documento_oficial	media	DECRETO LEGISLATIVO N° 604	ca747e53_decreto-legislativo-n-604.md	datafw inei	429
7a121682c7661ed8520585a2dc3c1346499acee63da4c5f3da3e8b81fa0ea8f8	datafw/data/raw/inei/enaho/2015/modulo85/documentacion/FichaTecnica_2015.pdf	Banco Mundial	FichaTecnica 2015	Report	Informe técnico	report	Banco Mundial	2015	norma:resolucion_suprema_097-2010-	Spanish	documento_oficial	alta	Resolucion Suprema Nº 097-2010-	7a121682_fichatecnica-2015.md	datafw inei	430
2320fe04229cd5f1754a633560ca19a49aa2dc2425ee0c60aee5e8ddb9574a2a	datafw/data/raw/inei/enaho/2015/modulo03/documentacion/CodigoConglomerado_6_digitos.pdf	Unknown	Cambio a 6 dígitos del código de indentificación de conglomerados.	Report	Informe técnico	report		2015		Spanish	documento_oficial	media		2320fe04_cambio-a-6-digitos-del-codigo-de-indentificacion-de.md	datafw inei	431
e3b59644438496051244ea1c08986def5d0275996bdf13b9681e0dc95ec36022	datafw/data/raw/inei/enaho/2015/modulo03/documentacion/Diccionario2015.pdf	Unknown	Instituto nacional de estadistica e informatica	Report	Informe técnico	report		2016		Spanish	documento_oficial	media		e3b59644_instituto-nacional-de-estadistica-e-informatica.md	datafw inei	432
b42b993eb378952b55baf7e4eccd255c86a92a37a3ffcf3550433f6749587467	datafw/data/raw/inei/enaho/2015/modulo03/documentacion/CED-01A-300 2015.pdf	Unknown	300. EDUCACIÓN (Para las personas de 3 años y más de edad)	Report	Informe	report				Spanish	documento_oficial	media		b42b993e_300-educacion-para-las-personas-de-3-anos-y-mas-de-edad.md	datafw inei	433
67827f22034c6e02afea5a222a81bd42961349352e064163299d70bf8167bf63	datafw/data/raw/inei/enaho/2015/modulo03/documentacion/ENAHO_DefiniciónValoresMonetariosBasedeDatos.pdf	Unknown	ENAHO DefiniciónValoresMonetariosBasedeDatos	Report	Informe técnico	report		2015		Spanish	documento_oficial	media		67827f22_enaho-definicionvaloresmonetariosbasededatos.md	datafw inei	434
7a121682c7661ed8520585a2dc3c1346499acee63da4c5f3da3e8b81fa0ea8f8	datafw/data/raw/inei/enaho/2015/modulo03/documentacion/FichaTecnica_2015.pdf	Banco Mundial	FichaTecnica 2015	Report	Informe técnico	report	Banco Mundial	2015	norma:resolucion_suprema_097-2010-	Spanish	documento_oficial	alta	Resolucion Suprema Nº 097-2010-	7a121682_fichatecnica-2015.md	datafw inei	435
91a6e3c2161c9449979be103ae5c14337024a7ed918ec4ea91dd7e17b11139a0	datafw/data/raw/inei/enaho/2015/modulo02/documentacion/Criterios para codificar Ocupaciones Peligrosas.pdf	OIT	Criterios para la codificacion de actividades peligrosas	Report	Informe técnico	report	OIT	2013		Spanish	documento_oficial	alta		91a6e3c2_criterios-para-la-codificacion-de-actividades-peligrosas.md	datafw inei	436
2320fe04229cd5f1754a633560ca19a49aa2dc2425ee0c60aee5e8ddb9574a2a	datafw/data/raw/inei/enaho/2015/modulo02/documentacion/CodigoConglomerado_6_digitos.pdf	Unknown	Cambio a 6 dígitos del código de indentificación de conglomerados.	Report	Informe técnico	report		2015		Spanish	documento_oficial	media		2320fe04_cambio-a-6-digitos-del-codigo-de-indentificacion-de.md	datafw inei	437
e3b59644438496051244ea1c08986def5d0275996bdf13b9681e0dc95ec36022	datafw/data/raw/inei/enaho/2015/modulo02/documentacion/Diccionario2015.pdf	Unknown	Instituto nacional de estadistica e informatica	Report	Informe técnico	report		2016		Spanish	documento_oficial	media		e3b59644_instituto-nacional-de-estadistica-e-informatica.md	datafw inei	438
c89a86ca3db3b67a5773d15b8e56fd45936e3375bd33b768cbc735c0ccf778cd	datafw/data/raw/inei/enaho/2015/modulo02/documentacion/CED-01-200 2015.pdf	Unknown	Informante n° 200. características de los miembros del hogar	Report	Informe	report				Spanish	documento_oficial	media		c89a86ca_informante-n-200-caracteristicas-de-los-miembros-del-hogar.md	datafw inei	439
7a121682c7661ed8520585a2dc3c1346499acee63da4c5f3da3e8b81fa0ea8f8	datafw/data/raw/inei/enaho/2015/modulo02/documentacion/FichaTecnica_2015.pdf	Banco Mundial	FichaTecnica 2015	Report	Informe técnico	report	Banco Mundial	2015	norma:resolucion_suprema_097-2010-	Spanish	documento_oficial	alta	Resolucion Suprema Nº 097-2010-	7a121682_fichatecnica-2015.md	datafw inei	440
79b0c7d41c12b1a9bcdc963c81ae2d3f998712abe48bbb1aca79ba9fc13328df	datafw/data/raw/inei/enaho/2015/modulo05/documentacion/CED-01A-500 2015.pdf	Unknown	Periodo de referencia: del...………..al………...	Report	Informe técnico	report				Spanish	documento_oficial	media		79b0c7d4_periodo-de-referencia-del-al.md	datafw inei	441
2320fe04229cd5f1754a633560ca19a49aa2dc2425ee0c60aee5e8ddb9574a2a	datafw/data/raw/inei/enaho/2015/modulo05/documentacion/CodigoConglomerado_6_digitos.pdf	Unknown	Cambio a 6 dígitos del código de indentificación de conglomerados.	Report	Informe técnico	report		2015		Spanish	documento_oficial	media		2320fe04_cambio-a-6-digitos-del-codigo-de-indentificacion-de.md	datafw inei	442
e3b59644438496051244ea1c08986def5d0275996bdf13b9681e0dc95ec36022	datafw/data/raw/inei/enaho/2015/modulo05/documentacion/Diccionario2015.pdf	Unknown	Instituto nacional de estadistica e informatica	Report	Informe técnico	report		2016		Spanish	documento_oficial	media		e3b59644_instituto-nacional-de-estadistica-e-informatica.md	datafw inei	443
7a121682c7661ed8520585a2dc3c1346499acee63da4c5f3da3e8b81fa0ea8f8	datafw/data/raw/inei/enaho/2015/modulo05/documentacion/FichaTecnica_2015.pdf	Banco Mundial	FichaTecnica 2015	Report	Informe técnico	report	Banco Mundial	2015	norma:resolucion_suprema_097-2010-	Spanish	documento_oficial	alta	Resolucion Suprema Nº 097-2010-	7a121682_fichatecnica-2015.md	datafw inei	444
2320fe04229cd5f1754a633560ca19a49aa2dc2425ee0c60aee5e8ddb9574a2a	datafw/data/raw/inei/enaho/2015/modulo01/documentacion/CodigoConglomerado_6_digitos.pdf	Unknown	Cambio a 6 dígitos del código de indentificación de conglomerados.	Report	Informe técnico	report		2015		Spanish	documento_oficial	media		2320fe04_cambio-a-6-digitos-del-codigo-de-indentificacion-de.md	datafw inei	445
b3ce9b079bacf34de04101217d97773c1a9c76657d0141579ceaa2277f6c94ae	datafw/data/raw/inei/enaho/2015/modulo01/documentacion/CED-01-100 2015.pdf	Unknown	100. características de la vivienda y del hogar	Report	Informe técnico	report				Spanish	documento_oficial	media		b3ce9b07_100-caracteristicas-de-la-vivienda-y-del-hogar.md	datafw inei	446
e3b59644438496051244ea1c08986def5d0275996bdf13b9681e0dc95ec36022	datafw/data/raw/inei/enaho/2015/modulo01/documentacion/Diccionario2015.pdf	Unknown	Instituto nacional de estadistica e informatica	Report	Informe técnico	report		2016		Spanish	documento_oficial	media		e3b59644_instituto-nacional-de-estadistica-e-informatica.md	datafw inei	447
d68698ad69bd861811a6e943226a659fc8172e46bdf58d229af183c3a7c76bee	datafw/data/raw/inei/enaho/2015/modulo01/documentacion/ENAHO_Estratificación del Marco.pdf	Ministerio de Economía y Finanzas	ENAHO Estratificación del Marco	Report	Informe	report	Ministerio de Economía y Finanzas	2015		Spanish	documento_oficial	alta		d68698ad_enaho-estratificacion-del-marco.md	datafw inei	448
67827f22034c6e02afea5a222a81bd42961349352e064163299d70bf8167bf63	datafw/data/raw/inei/enaho/2015/modulo01/documentacion/ENAHO_DefiniciónValoresMonetariosBasedeDatos.pdf	Unknown	ENAHO DefiniciónValoresMonetariosBasedeDatos	Report	Informe técnico	report		2015		Spanish	documento_oficial	media		67827f22_enaho-definicionvaloresmonetariosbasededatos.md	datafw inei	449
7a121682c7661ed8520585a2dc3c1346499acee63da4c5f3da3e8b81fa0ea8f8	datafw/data/raw/inei/enaho/2015/modulo01/documentacion/FichaTecnica_2015.pdf	Banco Mundial	FichaTecnica 2015	Report	Informe técnico	report	Banco Mundial	2015	norma:resolucion_suprema_097-2010-	Spanish	documento_oficial	alta	Resolucion Suprema Nº 097-2010-	7a121682_fichatecnica-2015.md	datafw inei	450
2320fe04229cd5f1754a633560ca19a49aa2dc2425ee0c60aee5e8ddb9574a2a	datafw/data/raw/inei/enaho/2015/modulo34/documentacion/CodigoConglomerado_6_digitos.pdf	Unknown	Cambio a 6 dígitos del código de indentificación de conglomerados.	Report	Informe técnico	report		2015		Spanish	documento_oficial	media		2320fe04_cambio-a-6-digitos-del-codigo-de-indentificacion-de.md	datafw inei	451
e3b59644438496051244ea1c08986def5d0275996bdf13b9681e0dc95ec36022	datafw/data/raw/inei/enaho/2015/modulo34/documentacion/Diccionario2015.pdf	Unknown	Instituto nacional de estadistica e informatica	Report	Informe técnico	report		2016		Spanish	documento_oficial	media		e3b59644_instituto-nacional-de-estadistica-e-informatica.md	datafw inei	452
230d3eda6b04668e6b90c8665f381e7bf5137c7ebb7212e3350387ba7cf77fa6	datafw/data/raw/inei/enaho/2015/modulo34/documentacion/Sumaria-2015.pdf	Unknown	Instituto nacional de estadistica	Report	Informe técnico	report		2016		Spanish	documento_oficial	media		230d3eda_instituto-nacional-de-estadistica.md	datafw inei	453
7a121682c7661ed8520585a2dc3c1346499acee63da4c5f3da3e8b81fa0ea8f8	datafw/data/raw/inei/enaho/2015/modulo34/documentacion/FichaTecnica_2015.pdf	Banco Mundial	FichaTecnica 2015	Report	Informe técnico	report	Banco Mundial	2015	norma:resolucion_suprema_097-2010-	Spanish	documento_oficial	alta	Resolucion Suprema Nº 097-2010-	7a121682_fichatecnica-2015.md	datafw inei	454
06d0f9124a9c0edc7e3e9d4d442dea97c430adb16c789d5ec67fda7f050134ba	datafw/data/raw/inei/enaho/2008/modulo85/documentacion/Ficha Tecnica - ENAHO 2008.pdf	Unknown	Ficha Técnica	Report	Informe técnico	report		2012		Spanish	documento_oficial	media		06d0f912_ficha-tecnica.md	datafw inei	455
7fff2f6e8b87e35d816fcfd6d24ac5fcbad7225f213a014e335f4a16357f3c92	datafw/data/raw/inei/enaho/2008/modulo85/documentacion/Diccionario.pdf	Unknown	Instituto nacional de estadistica e informatica	Report	Informe técnico	report		2012		Spanish	documento_oficial	media		7fff2f6e_instituto-nacional-de-estadistica-e-informatica.md	datafw inei	456
9d0f529aed2701002f941a0cf620b003f9092cda0860255685b5ae98caa09998	datafw/data/raw/inei/enaho/2008/modulo85/documentacion/CUESTIONARIO ENAHO.01b 2008.pdf	Unknown	Decreto Legislativo N.° 604	Report	Informe técnico	report		2010	norma:decreto_legislativo_604	Spanish	documento_oficial	media	DECRETO LEGISLATIVO N° 604	9d0f529a_decreto-legislativo-n-604.md	datafw inei	457
5632c238d8cc4cd088842d656f12268c28ef71e211aa89484d1402994034c17c	datafw/data/raw/inei/enaho/2008/modulo03/documentacion/Ficha Tecnica-2008.pdf	Unknown	NOTA TÉCNICA:	Report	Informe técnico	report		2012		Spanish	documento_oficial	media		5632c238_nota-tecnica.md	datafw inei	458
7fff2f6e8b87e35d816fcfd6d24ac5fcbad7225f213a014e335f4a16357f3c92	datafw/data/raw/inei/enaho/2008/modulo03/documentacion/Diccionario.pdf	Unknown	Instituto nacional de estadistica e informatica	Report	Informe técnico	report		2012		Spanish	documento_oficial	media		7fff2f6e_instituto-nacional-de-estadistica-e-informatica.md	datafw inei	459
4eaa821cf8fc7762021a4b440dfcf9c0bb273dfca8c6cf032c01523a03753fc9	datafw/data/raw/inei/enaho/2008/modulo03/documentacion/CUESTIONARIO-ENAHO01A.pdf	Unknown	Decreto Legislativo N.° 604	Report	Informe técnico	report		2008	norma:decreto_legislativo_604	Spanish	documento_oficial	media	DECRETO LEGISLATIVO N° 604	4eaa821c_decreto-legislativo-n-604.md	datafw inei	460
531a90b11800ae52387318c8b84e10bedc996d6d5cabacf7a47679e9be128b12	datafw/data/raw/inei/enaho/2008/modulo02/documentacion/CED-01-200 2008.pdf	Unknown	Informante n° 200. características de los miembros del hogar	Report	Informe	report		2009		Spanish	documento_oficial	media		531a90b1_informante-n-200-caracteristicas-de-los-miembros-del-hogar.md	datafw inei	461
5632c238d8cc4cd088842d656f12268c28ef71e211aa89484d1402994034c17c	datafw/data/raw/inei/enaho/2008/modulo02/documentacion/Ficha Tecnica-2008.pdf	Unknown	NOTA TÉCNICA:	Report	Informe técnico	report		2012		Spanish	documento_oficial	media		5632c238_nota-tecnica.md	datafw inei	462
7fff2f6e8b87e35d816fcfd6d24ac5fcbad7225f213a014e335f4a16357f3c92	datafw/data/raw/inei/enaho/2008/modulo02/documentacion/Diccionario.pdf	Unknown	Instituto nacional de estadistica e informatica	Report	Informe técnico	report		2012		Spanish	documento_oficial	media		7fff2f6e_instituto-nacional-de-estadistica-e-informatica.md	datafw inei	463
5632c238d8cc4cd088842d656f12268c28ef71e211aa89484d1402994034c17c	datafw/data/raw/inei/enaho/2008/modulo05/documentacion/Ficha Tecnica-2008.pdf	Unknown	NOTA TÉCNICA:	Report	Informe técnico	report		2012		Spanish	documento_oficial	media		5632c238_nota-tecnica.md	datafw inei	464
7fff2f6e8b87e35d816fcfd6d24ac5fcbad7225f213a014e335f4a16357f3c92	datafw/data/raw/inei/enaho/2008/modulo05/documentacion/Diccionario.pdf	Unknown	Instituto nacional de estadistica e informatica	Report	Informe técnico	report		2012		Spanish	documento_oficial	media		7fff2f6e_instituto-nacional-de-estadistica-e-informatica.md	datafw inei	465
653dda691fdb371e8a9575d7afa082fcad83ee0906b57221912829a918b6c7c1	datafw/data/raw/inei/enaho/2008/modulo05/documentacion/CED-01A-500 2008.pdf	Unknown	Periodo de referencia : del...………..al………...	Report	Informe técnico	report		2009		Spanish	documento_oficial	media		653dda69_periodo-de-referencia-del-al.md	datafw inei	466
5632c238d8cc4cd088842d656f12268c28ef71e211aa89484d1402994034c17c	datafw/data/raw/inei/enaho/2008/modulo01/documentacion/Ficha Tecnica-2008.pdf	Unknown	NOTA TÉCNICA:	Report	Informe técnico	report		2012		Spanish	documento_oficial	media		5632c238_nota-tecnica.md	datafw inei	467
7fff2f6e8b87e35d816fcfd6d24ac5fcbad7225f213a014e335f4a16357f3c92	datafw/data/raw/inei/enaho/2008/modulo01/documentacion/Diccionario.pdf	Unknown	Instituto nacional de estadistica e informatica	Report	Informe técnico	report		2012		Spanish	documento_oficial	media		7fff2f6e_instituto-nacional-de-estadistica-e-informatica.md	datafw inei	468
cd7fb282d921982142d1fa2979aed153c901bf372dfd2dfe133aa68b0ef27bb4	datafw/data/raw/inei/enaho/2008/modulo01/documentacion/CED-01-100 2008.pdf	Unknown	100. características de la vivienda y del hogar	Report	Informe técnico	report		2009		Spanish	documento_oficial	media		cd7fb282_100-caracteristicas-de-la-vivienda-y-del-hogar.md	datafw inei	469
8be83c12313e5c670bd956ac5cc7780dcdb24d0313fb245d767f8bd54e375d17	datafw/data/raw/inei/enaho/2008/modulo01/documentacion/ENAHO 2008-Alcances sobre Georeferenciacion.pdf	Unknown	ENAHO georeferenciado 2008	Report	Informe	report		2013		Spanish	documento_oficial	media		8be83c12_enaho-georeferenciado-2008.md	datafw inei	470
5632c238d8cc4cd088842d656f12268c28ef71e211aa89484d1402994034c17c	datafw/data/raw/inei/enaho/2008/modulo34/documentacion/Ficha Tecnica-2008.pdf	Unknown	NOTA TÉCNICA:	Report	Informe técnico	report		2012		Spanish	documento_oficial	media		5632c238_nota-tecnica.md	datafw inei	471
6a4f49491eb8476e1119ca7ebf2572de56b11206437843b9ff02b132c340daec	datafw/data/raw/inei/enaho/2008/modulo34/documentacion/Sumaria_2008.pdf	Unknown	Instituto nacional de estadistica	Report	Informe técnico	report		2008		Spanish	documento_oficial	media		6a4f4949_instituto-nacional-de-estadistica.md	datafw inei	472
7fff2f6e8b87e35d816fcfd6d24ac5fcbad7225f213a014e335f4a16357f3c92	datafw/data/raw/inei/enaho/2008/modulo34/documentacion/Diccionario.pdf	Unknown	Instituto nacional de estadistica e informatica	Report	Informe técnico	report		2012		Spanish	documento_oficial	media		7fff2f6e_instituto-nacional-de-estadistica-e-informatica.md	datafw inei	473
1975001066068c8e3d7e62f6c8f200433095a5c03c87947cc581986f1a55c392	datafw/data/raw/inei/enaho/2007/modulo85/documentacion/Diccionario ENAHO 2007.pdf	Unknown	Encuesta nacional de hogares 2007	Report	Informe técnico	report		2007		Spanish	documento_oficial	media		19750010_encuesta-nacional-de-hogares-2007.md	datafw inei	474
955543ef26a90bfd46601ca5245916f2f42c567cfcfbb0ac0b51f0199374eea5	datafw/data/raw/inei/enaho/2007/modulo85/documentacion/Cuestionario-Enaho.01B-2007.pdf	Unknown	Decreto Legislativo N.° 604	Report	Informe técnico	report		2006	norma:decreto_legislativo_604	Spanish	documento_oficial	media	DECRETO LEGISLATIVO N° 604	955543ef_decreto-legislativo-n-604.md	datafw inei	475
200a83a59d3de7f753125d2309b2a6c024e1dc1eab9c7dc810332e785cabb220	datafw/data/raw/inei/enaho/2007/modulo85/documentacion/Ficha Técnica - ENAHO 2007.pdf	Unknown	Ficha Técnica	Report	Informe técnico	report		2012		Spanish	documento_oficial	media		200a83a5_ficha-tecnica.md	datafw inei	476
1975001066068c8e3d7e62f6c8f200433095a5c03c87947cc581986f1a55c392	datafw/data/raw/inei/enaho/2007/modulo03/documentacion/Diccionario ENAHO 2007.pdf	Unknown	Encuesta nacional de hogares 2007	Report	Informe técnico	report		2007		Spanish	documento_oficial	media		19750010_encuesta-nacional-de-hogares-2007.md	datafw inei	477
4dc53c0cc9b4a642ce0280b1979da98de08f1f9752d86bff321e796579baea8c	datafw/data/raw/inei/enaho/2007/modulo03/documentacion/Ficha Tecnica-2007.pdf	Unknown	ENAHO 2007 Documento: Ficha Técnica	Report	Informe técnico	report		2012		Spanish	documento_oficial	media		4dc53c0c_enaho-2007-documento-ficha-tecnica.md	datafw inei	478
c85381ab299ed6268fc677bb6fef962814b50d04a49bcfa6310cb433f3171539	datafw/data/raw/inei/enaho/2007/modulo03/documentacion/CED-01A-300 2007.pdf	Unknown	300. EDUCACIÓN (Para las personas de 3 años y más de edad)	Report	Informe	report		2007		Spanish	documento_oficial	media		c85381ab_300-educacion-para-las-personas-de-3-anos-y-mas-de-edad.md	datafw inei	479
1975001066068c8e3d7e62f6c8f200433095a5c03c87947cc581986f1a55c392	datafw/data/raw/inei/enaho/2007/modulo02/documentacion/Diccionario ENAHO 2007.pdf	Unknown	Encuesta nacional de hogares 2007	Report	Informe técnico	report		2007		Spanish	documento_oficial	media		19750010_encuesta-nacional-de-hogares-2007.md	datafw inei	480
4dc53c0cc9b4a642ce0280b1979da98de08f1f9752d86bff321e796579baea8c	datafw/data/raw/inei/enaho/2007/modulo02/documentacion/Ficha Tecnica-2007.pdf	Unknown	ENAHO 2007 Documento: Ficha Técnica	Report	Informe técnico	report		2012		Spanish	documento_oficial	media		4dc53c0c_enaho-2007-documento-ficha-tecnica.md	datafw inei	481
c6b6f6d683c58e84e0a1d8b1c18957b92d76d790e84f4f0e68369dee25b4cc6c	datafw/data/raw/inei/enaho/2007/modulo02/documentacion/CED-01-200 2007.pdf	Unknown	Informante n° 200. características de los miembros del hogar	Report	Informe	report		2006		Spanish	documento_oficial	media		c6b6f6d6_informante-n-200-caracteristicas-de-los-miembros-del-hogar.md	datafw inei	482
1975001066068c8e3d7e62f6c8f200433095a5c03c87947cc581986f1a55c392	datafw/data/raw/inei/enaho/2007/modulo05/documentacion/Diccionario ENAHO 2007.pdf	Unknown	Encuesta nacional de hogares 2007	Report	Informe técnico	report		2007		Spanish	documento_oficial	media		19750010_encuesta-nacional-de-hogares-2007.md	datafw inei	483
4038f4c05521a96cd1e575962d192e3983f0ee36ebb1e1259e5fe797fe95a38e	datafw/data/raw/inei/enaho/2007/modulo05/documentacion/CED-01A-500 2007.pdf	Unknown	Periodo de referencia : del...………..al………...	Report	Informe técnico	report		2006		Spanish	documento_oficial	media		4038f4c0_periodo-de-referencia-del-al.md	datafw inei	484
4dc53c0cc9b4a642ce0280b1979da98de08f1f9752d86bff321e796579baea8c	datafw/data/raw/inei/enaho/2007/modulo05/documentacion/Ficha Tecnica-2007.pdf	Unknown	ENAHO 2007 Documento: Ficha Técnica	Report	Informe técnico	report		2012		Spanish	documento_oficial	media		4dc53c0c_enaho-2007-documento-ficha-tecnica.md	datafw inei	485
1975001066068c8e3d7e62f6c8f200433095a5c03c87947cc581986f1a55c392	datafw/data/raw/inei/enaho/2007/modulo01/documentacion/Diccionario ENAHO 2007.pdf	Unknown	Encuesta nacional de hogares 2007	Report	Informe técnico	report		2007		Spanish	documento_oficial	media		19750010_encuesta-nacional-de-hogares-2007.md	datafw inei	486
150ac89d71bd8ee4b41e99f1fbb235eb8ef3423cd3c0eb96d490069420f10b69	datafw/data/raw/inei/enaho/2007/modulo01/documentacion/CED-01-100 2007.pdf	Unknown	100. características de la vivienda y del hogar	Report	Informe técnico	report		2007		Spanish	documento_oficial	media		150ac89d_100-caracteristicas-de-la-vivienda-y-del-hogar.md	datafw inei	487
4dc53c0cc9b4a642ce0280b1979da98de08f1f9752d86bff321e796579baea8c	datafw/data/raw/inei/enaho/2007/modulo01/documentacion/Ficha Tecnica-2007.pdf	Unknown	ENAHO 2007 Documento: Ficha Técnica	Report	Informe técnico	report		2012		Spanish	documento_oficial	media		4dc53c0c_enaho-2007-documento-ficha-tecnica.md	datafw inei	488
4d14b009d1dc4422b327f5f1a379632c814840caa7ad1273c1c6f4ca178f0d96	datafw/data/raw/inei/enaho/2007/modulo01/documentacion/ENAHO 2007-Alcances sobre Georeferenciacion.pdf	Unknown	ENAHO georeferenciado 2007	Report	Informe	report		2013		Spanish	documento_oficial	media		4d14b009_enaho-georeferenciado-2007.md	datafw inei	489
30176a2b19421c6c315fa4063ec7c213ebf8b0a1382fa315e8b656cf23860e24	datafw/data/raw/inei/enaho/2007/modulo34/documentacion/Sumaria_2007.pdf	Unknown	Instituto nacional de estadistica	Report	Informe técnico	report		2007		Spanish	documento_oficial	media		30176a2b_instituto-nacional-de-estadistica.md	datafw inei	490
1975001066068c8e3d7e62f6c8f200433095a5c03c87947cc581986f1a55c392	datafw/data/raw/inei/enaho/2007/modulo34/documentacion/Diccionario ENAHO 2007.pdf	Unknown	Encuesta nacional de hogares 2007	Report	Informe técnico	report		2007		Spanish	documento_oficial	media		19750010_encuesta-nacional-de-hogares-2007.md	datafw inei	491
4dc53c0cc9b4a642ce0280b1979da98de08f1f9752d86bff321e796579baea8c	datafw/data/raw/inei/enaho/2007/modulo34/documentacion/Ficha Tecnica-2007.pdf	Unknown	ENAHO 2007 Documento: Ficha Técnica	Report	Informe técnico	report		2012		Spanish	documento_oficial	media		4dc53c0c_enaho-2007-documento-ficha-tecnica.md	datafw inei	492
54b21457337ee985fce60697eae5e53f36219b2140d347bfd36bf3f5583d39b1	datafw/data/raw/inei/enaho/2010/modulo85/documentacion/FichaTecnica_2010.pdf	Unknown	FichaTecnica 2010	Report	Informe técnico	report		2010	norma:resolucion_suprema_097-2010-	Spanish	documento_oficial	media	Resolucion Suprema Nº 097-2010-	54b21457_fichatecnica-2010.md	datafw inei	493
7140813ecba3c95d13cb8b0f5e67381eeafac1279e62b5fb20a68ced567e8280	datafw/data/raw/inei/enaho/2010/modulo85/documentacion/Diccionario 2010.pdf	Unknown	Instituto nacional de estadistica e informatica	Report	Informe técnico	report		2012		Spanish	documento_oficial	media		7140813e_instituto-nacional-de-estadistica-e-informatica.md	datafw inei	494
9d0f529aed2701002f941a0cf620b003f9092cda0860255685b5ae98caa09998	datafw/data/raw/inei/enaho/2010/modulo85/documentacion/CUESTIONARIO ENAHO.01b 2010.pdf	Unknown	Decreto Legislativo N.° 604	Report	Informe técnico	report		2010	norma:decreto_legislativo_604	Spanish	documento_oficial	media	DECRETO LEGISLATIVO N° 604	9d0f529a_decreto-legislativo-n-604.md	datafw inei	495
7140813ecba3c95d13cb8b0f5e67381eeafac1279e62b5fb20a68ced567e8280	datafw/data/raw/inei/enaho/2010/modulo03/documentacion/Diccionario 2010.pdf	Unknown	Instituto nacional de estadistica e informatica	Report	Informe técnico	report		2012		Spanish	documento_oficial	media		7140813e_instituto-nacional-de-estadistica-e-informatica.md	datafw inei	496
d18cf7f4bc0fa913a04a3d9dbc9e11f2880914df5017850f332907cefbb6d2df	datafw/data/raw/inei/enaho/2010/modulo03/documentacion/CED-01A-300 2010.pdf	Unknown	300. EDUCACIÓN (Para las personas de 3 años y más de edad)	Report	Informe	report		2008		Spanish	documento_oficial	media		d18cf7f4_300-educacion-para-las-personas-de-3-anos-y-mas-de-edad.md	datafw inei	497
ccfb569dd14a69630dcfb057900a61148e7270e887a0adbbab1c137fcdb7ce8f	datafw/data/raw/inei/enaho/2010/modulo03/documentacion/Ficha Tecnica-2010.pdf	Unknown	Resolucion Suprema N.° 097-2010-	Report	Informe técnico	report		2012	norma:resolucion_suprema_097-2010-	Spanish	documento_oficial	media	Resolucion Suprema Nº 097-2010-	ccfb569d_resolucion-suprema-n-097-2010.md	datafw inei	498
7140813ecba3c95d13cb8b0f5e67381eeafac1279e62b5fb20a68ced567e8280	datafw/data/raw/inei/enaho/2010/modulo02/documentacion/Diccionario 2010.pdf	Unknown	Instituto nacional de estadistica e informatica	Report	Informe técnico	report		2012		Spanish	documento_oficial	media		7140813e_instituto-nacional-de-estadistica-e-informatica.md	datafw inei	499
ccfb569dd14a69630dcfb057900a61148e7270e887a0adbbab1c137fcdb7ce8f	datafw/data/raw/inei/enaho/2010/modulo02/documentacion/Ficha Tecnica-2010.pdf	Unknown	Resolucion Suprema N.° 097-2010-	Report	Informe técnico	report		2012	norma:resolucion_suprema_097-2010-	Spanish	documento_oficial	media	Resolucion Suprema Nº 097-2010-	ccfb569d_resolucion-suprema-n-097-2010.md	datafw inei	500
531a90b11800ae52387318c8b84e10bedc996d6d5cabacf7a47679e9be128b12	datafw/data/raw/inei/enaho/2010/modulo02/documentacion/CED-01-200 2010.pdf	Unknown	Informante n° 200. características de los miembros del hogar	Report	Informe	report		2009		Spanish	documento_oficial	media		531a90b1_informante-n-200-caracteristicas-de-los-miembros-del-hogar.md	datafw inei	501
7140813ecba3c95d13cb8b0f5e67381eeafac1279e62b5fb20a68ced567e8280	datafw/data/raw/inei/enaho/2010/modulo05/documentacion/Diccionario 2010.pdf	Unknown	Instituto nacional de estadistica e informatica	Report	Informe técnico	report		2012		Spanish	documento_oficial	media		7140813e_instituto-nacional-de-estadistica-e-informatica.md	datafw inei	502
ccfb569dd14a69630dcfb057900a61148e7270e887a0adbbab1c137fcdb7ce8f	datafw/data/raw/inei/enaho/2010/modulo05/documentacion/Ficha Tecnica-2010.pdf	Unknown	Resolucion Suprema N.° 097-2010-	Report	Informe técnico	report		2012	norma:resolucion_suprema_097-2010-	Spanish	documento_oficial	media	Resolucion Suprema Nº 097-2010-	ccfb569d_resolucion-suprema-n-097-2010.md	datafw inei	503
653dda691fdb371e8a9575d7afa082fcad83ee0906b57221912829a918b6c7c1	datafw/data/raw/inei/enaho/2010/modulo05/documentacion/CED-01A-500 2010.pdf	Unknown	Periodo de referencia : del...………..al………...	Report	Informe técnico	report		2009		Spanish	documento_oficial	media		653dda69_periodo-de-referencia-del-al.md	datafw inei	504
5884bb4678e7859b42b0be752cf840e31bddfd2726443409676be8e1b9797d3c	datafw/data/raw/inei/enaho/2010/modulo01/documentacion/ENAHO 2010-Alcances sobre Georeferenciacion.pdf	Unknown	ENAHO georeferenciado 2010	Report	Informe	report		2013		Spanish	documento_oficial	media		5884bb46_enaho-georeferenciado-2010.md	datafw inei	505
7140813ecba3c95d13cb8b0f5e67381eeafac1279e62b5fb20a68ced567e8280	datafw/data/raw/inei/enaho/2010/modulo01/documentacion/Diccionario 2010.pdf	Unknown	Instituto nacional de estadistica e informatica	Report	Informe técnico	report		2012		Spanish	documento_oficial	media		7140813e_instituto-nacional-de-estadistica-e-informatica.md	datafw inei	506
ccfb569dd14a69630dcfb057900a61148e7270e887a0adbbab1c137fcdb7ce8f	datafw/data/raw/inei/enaho/2010/modulo01/documentacion/Ficha Tecnica-2010.pdf	Unknown	Resolucion Suprema N.° 097-2010-	Report	Informe técnico	report		2012	norma:resolucion_suprema_097-2010-	Spanish	documento_oficial	media	Resolucion Suprema Nº 097-2010-	ccfb569d_resolucion-suprema-n-097-2010.md	datafw inei	507
2ef7c8fe3d7c17a35bb148eb8f0b5657b096d214862c939c400ff10d5656e120	datafw/data/raw/inei/enaho/2010/modulo01/documentacion/CED-01-100 2010 -- Calidad del agua.pdf	Unknown	Informante nº evaluación de hogares con agua segura - calidad bacteriológica del agua	Report	Informe técnico	report		2008		Spanish	documento_oficial	media		2ef7c8fe_informante-n-evaluacion-de-hogares-con-agua-segura-calidad.md	datafw inei	508
cd7fb282d921982142d1fa2979aed153c901bf372dfd2dfe133aa68b0ef27bb4	datafw/data/raw/inei/enaho/2010/modulo01/documentacion/CED-01-100 2010.pdf	Unknown	100. características de la vivienda y del hogar	Report	Informe técnico	report		2009		Spanish	documento_oficial	media		cd7fb282_100-caracteristicas-de-la-vivienda-y-del-hogar.md	datafw inei	509
7140813ecba3c95d13cb8b0f5e67381eeafac1279e62b5fb20a68ced567e8280	datafw/data/raw/inei/enaho/2010/modulo34/documentacion/Diccionario 2010.pdf	Unknown	Instituto nacional de estadistica e informatica	Report	Informe técnico	report		2012		Spanish	documento_oficial	media		7140813e_instituto-nacional-de-estadistica-e-informatica.md	datafw inei	510
69a0a1f79d49664edef41f79b0c439ec3c08849281dc926119aeba6d70fa88f0	datafw/data/raw/inei/enaho/2010/modulo34/documentacion/Sumaria_2010.pdf	Unknown	Instituto nacional de estadistica	Report	Informe técnico	report		2010		Spanish	documento_oficial	media		69a0a1f7_instituto-nacional-de-estadistica.md	datafw inei	511
ccfb569dd14a69630dcfb057900a61148e7270e887a0adbbab1c137fcdb7ce8f	datafw/data/raw/inei/enaho/2010/modulo34/documentacion/Ficha Tecnica-2010.pdf	Unknown	Resolucion Suprema N.° 097-2010-	Report	Informe técnico	report		2012	norma:resolucion_suprema_097-2010-	Spanish	documento_oficial	media	Resolucion Suprema Nº 097-2010-	ccfb569d_resolucion-suprema-n-097-2010.md	datafw inei	512
2320fe04229cd5f1754a633560ca19a49aa2dc2425ee0c60aee5e8ddb9574a2a	datafw/data/raw/inei/enaho/2016/modulo85/documentacion/CodigoConglomerado_6_digitos.pdf	Unknown	Cambio a 6 dígitos del código de indentificación de conglomerados.	Report	Informe técnico	report		2015		Spanish	documento_oficial	media		2320fe04_cambio-a-6-digitos-del-codigo-de-indentificacion-de.md	datafw inei	513
4ac9f2de7ce2b32d398f6b079978c0b8d36df8d7f3e622527002aafc9ad2551c	datafw/data/raw/inei/enaho/2016/modulo85/documentacion/FichaTecnica_2016.pdf	Banco Mundial	FichaTecnica 2016	Report	Informe técnico	report	Banco Mundial	2016	norma:resolucion_suprema_097-2010-	Spanish	documento_oficial	alta	Resolucion Suprema Nº 097-2010-	4ac9f2de_fichatecnica-2016.md	datafw inei	514
7149cfae7ef5dfd75168eac37ee8abdf0f882036d6f51d4e8874ba60ea88df30	datafw/data/raw/inei/enaho/2016/modulo85/documentacion/Diccionario2016.pdf	Unknown	Instituto nacional de estadistica e informatica	Report	Informe técnico	report		2017		Spanish	documento_oficial	media		7149cfae_instituto-nacional-de-estadistica-e-informatica.md	datafw inei	515
48a8711e2962af5c8b402067e7d3976483fa42a9cc3c3deb3c0b893b73e246ee	datafw/data/raw/inei/enaho/2016/modulo85/documentacion/CED-ENAHO 01B 2016.pdf	Unknown	Decreto Legislativo N.° 604	Report	Informe técnico	report		2016	norma:decreto_legislativo_604	Spanish	documento_oficial	media	DECRETO LEGISLATIVO N° 604	48a8711e_decreto-legislativo-n-604.md	datafw inei	516
2320fe04229cd5f1754a633560ca19a49aa2dc2425ee0c60aee5e8ddb9574a2a	datafw/data/raw/inei/enaho/2016/modulo03/documentacion/CodigoConglomerado_6_digitos.pdf	Unknown	Cambio a 6 dígitos del código de indentificación de conglomerados.	Report	Informe técnico	report		2015		Spanish	documento_oficial	media		2320fe04_cambio-a-6-digitos-del-codigo-de-indentificacion-de.md	datafw inei	517
4ac9f2de7ce2b32d398f6b079978c0b8d36df8d7f3e622527002aafc9ad2551c	datafw/data/raw/inei/enaho/2016/modulo03/documentacion/FichaTecnica_2016.pdf	Banco Mundial	FichaTecnica 2016	Report	Informe técnico	report	Banco Mundial	2016	norma:resolucion_suprema_097-2010-	Spanish	documento_oficial	alta	Resolucion Suprema Nº 097-2010-	4ac9f2de_fichatecnica-2016.md	datafw inei	518
7149cfae7ef5dfd75168eac37ee8abdf0f882036d6f51d4e8874ba60ea88df30	datafw/data/raw/inei/enaho/2016/modulo03/documentacion/Diccionario2016.pdf	Unknown	Instituto nacional de estadistica e informatica	Report	Informe técnico	report		2017		Spanish	documento_oficial	media		7149cfae_instituto-nacional-de-estadistica-e-informatica.md	datafw inei	519
20c4f04c60333114d28b281c1149584ee4cfe228b6b9d0f06361c1a65c07176d	datafw/data/raw/inei/enaho/2016/modulo03/documentacion/CED-01A-300 2016.pdf	Unknown	300. EDUCACIÓN (Para las personas de 3 años y más de edad)	Report	Informe	report				Spanish	documento_oficial	media		20c4f04c_300-educacion-para-las-personas-de-3-anos-y-mas-de-edad.md	datafw inei	520
67827f22034c6e02afea5a222a81bd42961349352e064163299d70bf8167bf63	datafw/data/raw/inei/enaho/2016/modulo03/documentacion/ENAHO_DefiniciónValoresMonetariosBasedeDatos.pdf	Unknown	ENAHO DefiniciónValoresMonetariosBasedeDatos	Report	Informe técnico	report		2015		Spanish	documento_oficial	media		67827f22_enaho-definicionvaloresmonetariosbasededatos.md	datafw inei	521
91a6e3c2161c9449979be103ae5c14337024a7ed918ec4ea91dd7e17b11139a0	datafw/data/raw/inei/enaho/2016/modulo02/documentacion/Criterios para codificar Ocupaciones Peligrosas.pdf	OIT	Criterios para la codificacion de actividades peligrosas	Report	Informe técnico	report	OIT	2013		Spanish	documento_oficial	alta		91a6e3c2_criterios-para-la-codificacion-de-actividades-peligrosas.md	datafw inei	522
2320fe04229cd5f1754a633560ca19a49aa2dc2425ee0c60aee5e8ddb9574a2a	datafw/data/raw/inei/enaho/2016/modulo02/documentacion/CodigoConglomerado_6_digitos.pdf	Unknown	Cambio a 6 dígitos del código de indentificación de conglomerados.	Report	Informe técnico	report		2015		Spanish	documento_oficial	media		2320fe04_cambio-a-6-digitos-del-codigo-de-indentificacion-de.md	datafw inei	523
4ac9f2de7ce2b32d398f6b079978c0b8d36df8d7f3e622527002aafc9ad2551c	datafw/data/raw/inei/enaho/2016/modulo02/documentacion/FichaTecnica_2016.pdf	Banco Mundial	FichaTecnica 2016	Report	Informe técnico	report	Banco Mundial	2016	norma:resolucion_suprema_097-2010-	Spanish	documento_oficial	alta	Resolucion Suprema Nº 097-2010-	4ac9f2de_fichatecnica-2016.md	datafw inei	524
c9414f8cb9e7f5416f3eb0f7e40a57c277a7f224d8db3594a6933519672f7ec2	datafw/data/raw/inei/enaho/2016/modulo02/documentacion/CED-01-200 2016.pdf	Unknown	Informante n° 200. características de los miembros del hogar	Report	Informe	report				Spanish	documento_oficial	media		c9414f8c_informante-n-200-caracteristicas-de-los-miembros-del-hogar.md	datafw inei	525
7149cfae7ef5dfd75168eac37ee8abdf0f882036d6f51d4e8874ba60ea88df30	datafw/data/raw/inei/enaho/2016/modulo02/documentacion/Diccionario2016.pdf	Unknown	Instituto nacional de estadistica e informatica	Report	Informe técnico	report		2017		Spanish	documento_oficial	media		7149cfae_instituto-nacional-de-estadistica-e-informatica.md	datafw inei	526
2320fe04229cd5f1754a633560ca19a49aa2dc2425ee0c60aee5e8ddb9574a2a	datafw/data/raw/inei/enaho/2016/modulo05/documentacion/CodigoConglomerado_6_digitos.pdf	Unknown	Cambio a 6 dígitos del código de indentificación de conglomerados.	Report	Informe técnico	report		2015		Spanish	documento_oficial	media		2320fe04_cambio-a-6-digitos-del-codigo-de-indentificacion-de.md	datafw inei	527
4ac9f2de7ce2b32d398f6b079978c0b8d36df8d7f3e622527002aafc9ad2551c	datafw/data/raw/inei/enaho/2016/modulo05/documentacion/FichaTecnica_2016.pdf	Banco Mundial	FichaTecnica 2016	Report	Informe técnico	report	Banco Mundial	2016	norma:resolucion_suprema_097-2010-	Spanish	documento_oficial	alta	Resolucion Suprema Nº 097-2010-	4ac9f2de_fichatecnica-2016.md	datafw inei	528
7149cfae7ef5dfd75168eac37ee8abdf0f882036d6f51d4e8874ba60ea88df30	datafw/data/raw/inei/enaho/2016/modulo05/documentacion/Diccionario2016.pdf	Unknown	Instituto nacional de estadistica e informatica	Report	Informe técnico	report		2017		Spanish	documento_oficial	media		7149cfae_instituto-nacional-de-estadistica-e-informatica.md	datafw inei	529
dcf4d28f963c32aa56638fc1309eccfe43ebf2548442fc3d50e2c5fe844b7a92	datafw/data/raw/inei/enaho/2016/modulo05/documentacion/CED-01A-500 2016.pdf	Unknown	Periodo de referencia: del...………..al………...	Report	Informe técnico	report		2015		Spanish	documento_oficial	media		dcf4d28f_periodo-de-referencia-del-al.md	datafw inei	530
67827f22034c6e02afea5a222a81bd42961349352e064163299d70bf8167bf63	datafw/data/raw/inei/enaho/2016/modulo05/documentacion/ENAHO_DefiniciónValoresMonetariosBasedeDatos.pdf	Unknown	ENAHO DefiniciónValoresMonetariosBasedeDatos	Report	Informe técnico	report		2015		Spanish	documento_oficial	media		67827f22_enaho-definicionvaloresmonetariosbasededatos.md	datafw inei	531
10c3cf3c722d74cf41cfc0fda13067f61332e284b03ea265f39209dcac9537d7	datafw/data/raw/inei/enaho/2016/modulo01/documentacion/CED-01-100 2016.pdf	Unknown	100. características de la vivienda y del hogar	Report	Informe	report				Spanish	documento_oficial	media		10c3cf3c_100-caracteristicas-de-la-vivienda-y-del-hogar.md	datafw inei	532
2320fe04229cd5f1754a633560ca19a49aa2dc2425ee0c60aee5e8ddb9574a2a	datafw/data/raw/inei/enaho/2016/modulo01/documentacion/CodigoConglomerado_6_digitos.pdf	Unknown	Cambio a 6 dígitos del código de indentificación de conglomerados.	Report	Informe técnico	report		2015		Spanish	documento_oficial	media		2320fe04_cambio-a-6-digitos-del-codigo-de-indentificacion-de.md	datafw inei	533
4ac9f2de7ce2b32d398f6b079978c0b8d36df8d7f3e622527002aafc9ad2551c	datafw/data/raw/inei/enaho/2016/modulo01/documentacion/FichaTecnica_2016.pdf	Banco Mundial	FichaTecnica 2016	Report	Informe técnico	report	Banco Mundial	2016	norma:resolucion_suprema_097-2010-	Spanish	documento_oficial	alta	Resolucion Suprema Nº 097-2010-	4ac9f2de_fichatecnica-2016.md	datafw inei	534
65d004fbfda2171313214ac3ccb5d9bf9f5baa4f87d61132142a884ce2fb0e76	datafw/data/raw/inei/enaho/2016/modulo01/documentacion/ENAHO_Estratificación del Marco.pdf	Ministerio de Economía y Finanzas	ENAHO Estratificación del Marco	Report	Informe	report	Ministerio de Economía y Finanzas	2015		Spanish	documento_oficial	alta		65d004fb_enaho-estratificacion-del-marco.md	datafw inei	535
7149cfae7ef5dfd75168eac37ee8abdf0f882036d6f51d4e8874ba60ea88df30	datafw/data/raw/inei/enaho/2016/modulo01/documentacion/Diccionario2016.pdf	Unknown	Instituto nacional de estadistica e informatica	Report	Informe técnico	report		2017		Spanish	documento_oficial	media		7149cfae_instituto-nacional-de-estadistica-e-informatica.md	datafw inei	536
67827f22034c6e02afea5a222a81bd42961349352e064163299d70bf8167bf63	datafw/data/raw/inei/enaho/2016/modulo01/documentacion/ENAHO_DefiniciónValoresMonetariosBasedeDatos.pdf	Unknown	ENAHO DefiniciónValoresMonetariosBasedeDatos	Report	Informe técnico	report		2015		Spanish	documento_oficial	media		67827f22_enaho-definicionvaloresmonetariosbasededatos.md	datafw inei	537
2c7ad0a2782e86c7263ff2a6c5937d9bc2fe347ae81004a7d850f05a186ddb10	datafw/data/raw/inei/enaho/2016/modulo34/documentacion/SUMARIA-2016.pdf	Unknown	Instituto nacional de estadistica	Report	Informe técnico	report		2017		Spanish	documento_oficial	media		2c7ad0a2_instituto-nacional-de-estadistica.md	datafw inei	538
2320fe04229cd5f1754a633560ca19a49aa2dc2425ee0c60aee5e8ddb9574a2a	datafw/data/raw/inei/enaho/2016/modulo34/documentacion/CodigoConglomerado_6_digitos.pdf	Unknown	Cambio a 6 dígitos del código de indentificación de conglomerados.	Report	Informe técnico	report		2015		Spanish	documento_oficial	media		2320fe04_cambio-a-6-digitos-del-codigo-de-indentificacion-de.md	datafw inei	539
4ac9f2de7ce2b32d398f6b079978c0b8d36df8d7f3e622527002aafc9ad2551c	datafw/data/raw/inei/enaho/2016/modulo34/documentacion/FichaTecnica_2016.pdf	Banco Mundial	FichaTecnica 2016	Report	Informe técnico	report	Banco Mundial	2016	norma:resolucion_suprema_097-2010-	Spanish	documento_oficial	alta	Resolucion Suprema Nº 097-2010-	4ac9f2de_fichatecnica-2016.md	datafw inei	540
af005c08ba5fe4a05369ddb16df8cf9765fe5c44e080f7025246e081195b1604	datafw/data/raw/inei/enaho/2016/modulo34/documentacion/SUMARIA-2016-12G.pdf	Unknown	Instituto nacional de estadistica	Report	Informe técnico	report		2017		Spanish	documento_oficial	media		af005c08_instituto-nacional-de-estadistica.md	datafw inei	541
65d004fbfda2171313214ac3ccb5d9bf9f5baa4f87d61132142a884ce2fb0e76	datafw/data/raw/inei/enaho/2016/modulo34/documentacion/ENAHO_Estratificación del Marco.pdf	Ministerio de Economía y Finanzas	ENAHO Estratificación del Marco	Report	Informe	report	Ministerio de Economía y Finanzas	2015		Spanish	documento_oficial	alta		65d004fb_enaho-estratificacion-del-marco.md	datafw inei	542
7149cfae7ef5dfd75168eac37ee8abdf0f882036d6f51d4e8874ba60ea88df30	datafw/data/raw/inei/enaho/2016/modulo34/documentacion/Diccionario2016.pdf	Unknown	Instituto nacional de estadistica e informatica	Report	Informe técnico	report		2017		Spanish	documento_oficial	media		7149cfae_instituto-nacional-de-estadistica-e-informatica.md	datafw inei	543
67827f22034c6e02afea5a222a81bd42961349352e064163299d70bf8167bf63	datafw/data/raw/inei/enaho/2016/modulo34/documentacion/ENAHO_DefiniciónValoresMonetariosBasedeDatos.pdf	Unknown	ENAHO DefiniciónValoresMonetariosBasedeDatos	Report	Informe técnico	report		2015		Spanish	documento_oficial	media		67827f22_enaho-definicionvaloresmonetariosbasededatos.md	datafw inei	544
b388d1c825652c7e8c561cf54d2a5b8f673b6fff2d94d36672dc722558ce3de3	datafw/data/raw/inei/enaho/2002/modulo03/documentacion/Enaho2002-IV-Diccionario de Datos.pdf	Unknown	Enaho2002-IV-Diccionario de Datos	Report	Informe técnico	report		2003		Spanish	documento_oficial	media		b388d1c8_enaho2002-iv-diccionario-de-datos.md	datafw inei	545
f4a93fb374611844480c1586b7ba747defc1e93d2ba6607645a559dc73a8545c	datafw/data/raw/inei/enaho/2002/modulo03/documentacion/Enaho2002-IV-Ficha Técnica.pdf	Unknown	NOTA TÉCNICA:	Report	Informe técnico	report		2003		Spanish	documento_oficial	media		f4a93fb3_nota-tecnica.md	datafw inei	546
4b45abb1375d2868f03fc7978e1f3ac4809777427669f3885a60c939d05fcce4	datafw/data/raw/inei/enaho/2002/modulo03/documentacion/Enaho2002-IV-Cuestionarios/Enaho2002-IV-Cuestionario Enaho 01B.pdf	Unknown	Decreto Legislativo N.° 604	Report	Informe técnico	report		2003	norma:decreto_legislativo_604	Spanish	documento_oficial	media	DECRETO LEGISLATIVO N° 604	4b45abb1_decreto-legislativo-n-604.md	datafw inei	547
5f63d4e97f5b43ee4512e2c52966de5fb3515076aa247c0f64f31ca4a1ac9546	datafw/data/raw/inei/enaho/2002/modulo03/documentacion/Enaho2002-IV-Cuestionarios/Enaho2002-IV-Cuestionario Enaho 03.pdf	Unknown	Decreto Legislativo N.° 604	Report	Informe técnico	report		2003	norma:decreto_legislativo_604	Spanish	documento_oficial	media	DECRETO LEGISLATIVO N° 604	5f63d4e9_decreto-legislativo-n-604.md	datafw inei	548
5a21e830a40a54d94b16b28dc43dcb3fa6c70d4bf572a07b7c149fe4985e0d4d	datafw/data/raw/inei/enaho/2002/modulo03/documentacion/Enaho2002-IV-Cuestionarios/Enaho2002-IV-Cuestionario Enaho 01.pdf	Unknown	Decreto Legislativo N.° 604	Report	Informe técnico	report		2003	norma:decreto_legislativo_604	Spanish	documento_oficial	media	DECRETO LEGISLATIVO N° 604	5a21e830_decreto-legislativo-n-604.md	datafw inei	549
50bdf2a7ea40d1ef8e0d0f1be23b233ff4afea77343e00b8d0e4b0510c9c08c9	datafw/data/raw/inei/enaho/2002/modulo03/documentacion/Enaho2002-IV-Cuestionarios/Enaho2002-IV-Cuestionario Enaho 04.pdf	Unknown	CED-04-Ingreso del Trab. Indep. 2002-IV.doc	Report	Informe técnico	report		2003	norma:decreto_legislativo_604	Spanish	documento_oficial	media	DECRETO LEGISLATIVO N° 604	50bdf2a7_ced-04-ingreso-del-trab-indep-2002-iv-doc.md	datafw inei	550
b94a85db360f773228ed2c4890b5be24407eb12c5c0aa1874e2c3f0731a7c3ec	datafw/data/raw/inei/enaho/2002/modulo03/documentacion/Enaho2002-IV-Cuestionarios/Enaho2002-IV-Cuestionario Enaho 01A.pdf	Unknown	Decreto Legislativo N.° 604	Report	Informe técnico	report		2003	norma:decreto_legislativo_604	Spanish	documento_oficial	media	DECRETO LEGISLATIVO N° 604	b94a85db_decreto-legislativo-n-604.md	datafw inei	551
39a63442613c4b90d1674cbb90a59a9e6f74adac269e94b981c96333e5685d32	datafw/data/raw/inei/enaho/2002/modulo03/documentacion/Enaho2002-IV-Cuestionarios/Enaho2002-IV-Tabla de Equivalencias.pdf	Unknown	Tabla de equivalencia	Report	Informe	report		2003		Spanish	documento_oficial	media		39a63442_tabla-de-equivalencia.md	datafw inei	552
ff3e785f58f745600f79a754eb938d9f29df86c8238b7a39d95fae6528437498	datafw/data/raw/inei/enaho/2002/modulo03/documentacion/Enaho2002-IV-Cuestionarios/Enaho2002-IV-Cuestionario Enaho 02.pdf	Unknown	Decreto Legislativo N.° 604	Report	Informe técnico	report		2003	norma:decreto_legislativo_604	Spanish	documento_oficial	media	DECRETO LEGISLATIVO N° 604	ff3e785f_decreto-legislativo-n-604.md	datafw inei	553
b388d1c825652c7e8c561cf54d2a5b8f673b6fff2d94d36672dc722558ce3de3	datafw/data/raw/inei/enaho/2002/modulo02/documentacion/Enaho2002-IV-Diccionario de Datos.pdf	Unknown	Enaho2002-IV-Diccionario de Datos	Report	Informe técnico	report		2003		Spanish	documento_oficial	media		b388d1c8_enaho2002-iv-diccionario-de-datos.md	datafw inei	554
f4a93fb374611844480c1586b7ba747defc1e93d2ba6607645a559dc73a8545c	datafw/data/raw/inei/enaho/2002/modulo02/documentacion/Enaho2002-IV-Ficha Técnica.pdf	Unknown	NOTA TÉCNICA:	Report	Informe técnico	report		2003		Spanish	documento_oficial	media		f4a93fb3_nota-tecnica.md	datafw inei	555
4b45abb1375d2868f03fc7978e1f3ac4809777427669f3885a60c939d05fcce4	datafw/data/raw/inei/enaho/2002/modulo02/documentacion/Enaho2002-IV-Cuestionarios/Enaho2002-IV-Cuestionario Enaho 01B.pdf	Unknown	Decreto Legislativo N.° 604	Report	Informe técnico	report		2003	norma:decreto_legislativo_604	Spanish	documento_oficial	media	DECRETO LEGISLATIVO N° 604	4b45abb1_decreto-legislativo-n-604.md	datafw inei	556
5f63d4e97f5b43ee4512e2c52966de5fb3515076aa247c0f64f31ca4a1ac9546	datafw/data/raw/inei/enaho/2002/modulo02/documentacion/Enaho2002-IV-Cuestionarios/Enaho2002-IV-Cuestionario Enaho 03.pdf	Unknown	Decreto Legislativo N.° 604	Report	Informe técnico	report		2003	norma:decreto_legislativo_604	Spanish	documento_oficial	media	DECRETO LEGISLATIVO N° 604	5f63d4e9_decreto-legislativo-n-604.md	datafw inei	557
5a21e830a40a54d94b16b28dc43dcb3fa6c70d4bf572a07b7c149fe4985e0d4d	datafw/data/raw/inei/enaho/2002/modulo02/documentacion/Enaho2002-IV-Cuestionarios/Enaho2002-IV-Cuestionario Enaho 01.pdf	Unknown	Decreto Legislativo N.° 604	Report	Informe técnico	report		2003	norma:decreto_legislativo_604	Spanish	documento_oficial	media	DECRETO LEGISLATIVO N° 604	5a21e830_decreto-legislativo-n-604.md	datafw inei	558
50bdf2a7ea40d1ef8e0d0f1be23b233ff4afea77343e00b8d0e4b0510c9c08c9	datafw/data/raw/inei/enaho/2002/modulo02/documentacion/Enaho2002-IV-Cuestionarios/Enaho2002-IV-Cuestionario Enaho 04.pdf	Unknown	CED-04-Ingreso del Trab. Indep. 2002-IV.doc	Report	Informe técnico	report		2003	norma:decreto_legislativo_604	Spanish	documento_oficial	media	DECRETO LEGISLATIVO N° 604	50bdf2a7_ced-04-ingreso-del-trab-indep-2002-iv-doc.md	datafw inei	559
b94a85db360f773228ed2c4890b5be24407eb12c5c0aa1874e2c3f0731a7c3ec	datafw/data/raw/inei/enaho/2002/modulo02/documentacion/Enaho2002-IV-Cuestionarios/Enaho2002-IV-Cuestionario Enaho 01A.pdf	Unknown	Decreto Legislativo N.° 604	Report	Informe técnico	report		2003	norma:decreto_legislativo_604	Spanish	documento_oficial	media	DECRETO LEGISLATIVO N° 604	b94a85db_decreto-legislativo-n-604.md	datafw inei	560
39a63442613c4b90d1674cbb90a59a9e6f74adac269e94b981c96333e5685d32	datafw/data/raw/inei/enaho/2002/modulo02/documentacion/Enaho2002-IV-Cuestionarios/Enaho2002-IV-Tabla de Equivalencias.pdf	Unknown	Tabla de equivalencia	Report	Informe	report		2003		Spanish	documento_oficial	media		39a63442_tabla-de-equivalencia.md	datafw inei	561
ff3e785f58f745600f79a754eb938d9f29df86c8238b7a39d95fae6528437498	datafw/data/raw/inei/enaho/2002/modulo02/documentacion/Enaho2002-IV-Cuestionarios/Enaho2002-IV-Cuestionario Enaho 02.pdf	Unknown	Decreto Legislativo N.° 604	Report	Informe técnico	report		2003	norma:decreto_legislativo_604	Spanish	documento_oficial	media	DECRETO LEGISLATIVO N° 604	ff3e785f_decreto-legislativo-n-604.md	datafw inei	562
b388d1c825652c7e8c561cf54d2a5b8f673b6fff2d94d36672dc722558ce3de3	datafw/data/raw/inei/enaho/2002/modulo05/documentacion/Enaho2002-IV-Diccionario de Datos.pdf	Unknown	Enaho2002-IV-Diccionario de Datos	Report	Informe técnico	report		2003		Spanish	documento_oficial	media		b388d1c8_enaho2002-iv-diccionario-de-datos.md	datafw inei	563
f4a93fb374611844480c1586b7ba747defc1e93d2ba6607645a559dc73a8545c	datafw/data/raw/inei/enaho/2002/modulo05/documentacion/Enaho2002-IV-Ficha Técnica.pdf	Unknown	NOTA TÉCNICA:	Report	Informe técnico	report		2003		Spanish	documento_oficial	media		f4a93fb3_nota-tecnica.md	datafw inei	564
4b45abb1375d2868f03fc7978e1f3ac4809777427669f3885a60c939d05fcce4	datafw/data/raw/inei/enaho/2002/modulo05/documentacion/Enaho2002-IV-Cuestionarios/Enaho2002-IV-Cuestionario Enaho 01B.pdf	Unknown	Decreto Legislativo N.° 604	Report	Informe técnico	report		2003	norma:decreto_legislativo_604	Spanish	documento_oficial	media	DECRETO LEGISLATIVO N° 604	4b45abb1_decreto-legislativo-n-604.md	datafw inei	565
5f63d4e97f5b43ee4512e2c52966de5fb3515076aa247c0f64f31ca4a1ac9546	datafw/data/raw/inei/enaho/2002/modulo05/documentacion/Enaho2002-IV-Cuestionarios/Enaho2002-IV-Cuestionario Enaho 03.pdf	Unknown	Decreto Legislativo N.° 604	Report	Informe técnico	report		2003	norma:decreto_legislativo_604	Spanish	documento_oficial	media	DECRETO LEGISLATIVO N° 604	5f63d4e9_decreto-legislativo-n-604.md	datafw inei	566
5a21e830a40a54d94b16b28dc43dcb3fa6c70d4bf572a07b7c149fe4985e0d4d	datafw/data/raw/inei/enaho/2002/modulo05/documentacion/Enaho2002-IV-Cuestionarios/Enaho2002-IV-Cuestionario Enaho 01.pdf	Unknown	Decreto Legislativo N.° 604	Report	Informe técnico	report		2003	norma:decreto_legislativo_604	Spanish	documento_oficial	media	DECRETO LEGISLATIVO N° 604	5a21e830_decreto-legislativo-n-604.md	datafw inei	567
50bdf2a7ea40d1ef8e0d0f1be23b233ff4afea77343e00b8d0e4b0510c9c08c9	datafw/data/raw/inei/enaho/2002/modulo05/documentacion/Enaho2002-IV-Cuestionarios/Enaho2002-IV-Cuestionario Enaho 04.pdf	Unknown	CED-04-Ingreso del Trab. Indep. 2002-IV.doc	Report	Informe técnico	report		2003	norma:decreto_legislativo_604	Spanish	documento_oficial	media	DECRETO LEGISLATIVO N° 604	50bdf2a7_ced-04-ingreso-del-trab-indep-2002-iv-doc.md	datafw inei	568
b94a85db360f773228ed2c4890b5be24407eb12c5c0aa1874e2c3f0731a7c3ec	datafw/data/raw/inei/enaho/2002/modulo05/documentacion/Enaho2002-IV-Cuestionarios/Enaho2002-IV-Cuestionario Enaho 01A.pdf	Unknown	Decreto Legislativo N.° 604	Report	Informe técnico	report		2003	norma:decreto_legislativo_604	Spanish	documento_oficial	media	DECRETO LEGISLATIVO N° 604	b94a85db_decreto-legislativo-n-604.md	datafw inei	569
39a63442613c4b90d1674cbb90a59a9e6f74adac269e94b981c96333e5685d32	datafw/data/raw/inei/enaho/2002/modulo05/documentacion/Enaho2002-IV-Cuestionarios/Enaho2002-IV-Tabla de Equivalencias.pdf	Unknown	Tabla de equivalencia	Report	Informe	report		2003		Spanish	documento_oficial	media		39a63442_tabla-de-equivalencia.md	datafw inei	570
ff3e785f58f745600f79a754eb938d9f29df86c8238b7a39d95fae6528437498	datafw/data/raw/inei/enaho/2002/modulo05/documentacion/Enaho2002-IV-Cuestionarios/Enaho2002-IV-Cuestionario Enaho 02.pdf	Unknown	Decreto Legislativo N.° 604	Report	Informe técnico	report		2003	norma:decreto_legislativo_604	Spanish	documento_oficial	media	DECRETO LEGISLATIVO N° 604	ff3e785f_decreto-legislativo-n-604.md	datafw inei	571
b388d1c825652c7e8c561cf54d2a5b8f673b6fff2d94d36672dc722558ce3de3	datafw/data/raw/inei/enaho/2002/modulo01/documentacion/Enaho2002-IV-Diccionario de Datos.pdf	Unknown	Enaho2002-IV-Diccionario de Datos	Report	Informe técnico	report		2003		Spanish	documento_oficial	media		b388d1c8_enaho2002-iv-diccionario-de-datos.md	datafw inei	572
f4a93fb374611844480c1586b7ba747defc1e93d2ba6607645a559dc73a8545c	datafw/data/raw/inei/enaho/2002/modulo01/documentacion/Enaho2002-IV-Ficha Técnica.pdf	Unknown	NOTA TÉCNICA:	Report	Informe técnico	report		2003		Spanish	documento_oficial	media		f4a93fb3_nota-tecnica.md	datafw inei	573
4b45abb1375d2868f03fc7978e1f3ac4809777427669f3885a60c939d05fcce4	datafw/data/raw/inei/enaho/2002/modulo01/documentacion/Enaho2002-IV-Cuestionarios/Enaho2002-IV-Cuestionario Enaho 01B.pdf	Unknown	Decreto Legislativo N.° 604	Report	Informe técnico	report		2003	norma:decreto_legislativo_604	Spanish	documento_oficial	media	DECRETO LEGISLATIVO N° 604	4b45abb1_decreto-legislativo-n-604.md	datafw inei	574
5f63d4e97f5b43ee4512e2c52966de5fb3515076aa247c0f64f31ca4a1ac9546	datafw/data/raw/inei/enaho/2002/modulo01/documentacion/Enaho2002-IV-Cuestionarios/Enaho2002-IV-Cuestionario Enaho 03.pdf	Unknown	Decreto Legislativo N.° 604	Report	Informe técnico	report		2003	norma:decreto_legislativo_604	Spanish	documento_oficial	media	DECRETO LEGISLATIVO N° 604	5f63d4e9_decreto-legislativo-n-604.md	datafw inei	575
5a21e830a40a54d94b16b28dc43dcb3fa6c70d4bf572a07b7c149fe4985e0d4d	datafw/data/raw/inei/enaho/2002/modulo01/documentacion/Enaho2002-IV-Cuestionarios/Enaho2002-IV-Cuestionario Enaho 01.pdf	Unknown	Decreto Legislativo N.° 604	Report	Informe técnico	report		2003	norma:decreto_legislativo_604	Spanish	documento_oficial	media	DECRETO LEGISLATIVO N° 604	5a21e830_decreto-legislativo-n-604.md	datafw inei	576
50bdf2a7ea40d1ef8e0d0f1be23b233ff4afea77343e00b8d0e4b0510c9c08c9	datafw/data/raw/inei/enaho/2002/modulo01/documentacion/Enaho2002-IV-Cuestionarios/Enaho2002-IV-Cuestionario Enaho 04.pdf	Unknown	CED-04-Ingreso del Trab. Indep. 2002-IV.doc	Report	Informe técnico	report		2003	norma:decreto_legislativo_604	Spanish	documento_oficial	media	DECRETO LEGISLATIVO N° 604	50bdf2a7_ced-04-ingreso-del-trab-indep-2002-iv-doc.md	datafw inei	577
b94a85db360f773228ed2c4890b5be24407eb12c5c0aa1874e2c3f0731a7c3ec	datafw/data/raw/inei/enaho/2002/modulo01/documentacion/Enaho2002-IV-Cuestionarios/Enaho2002-IV-Cuestionario Enaho 01A.pdf	Unknown	Decreto Legislativo N.° 604	Report	Informe técnico	report		2003	norma:decreto_legislativo_604	Spanish	documento_oficial	media	DECRETO LEGISLATIVO N° 604	b94a85db_decreto-legislativo-n-604.md	datafw inei	578
39a63442613c4b90d1674cbb90a59a9e6f74adac269e94b981c96333e5685d32	datafw/data/raw/inei/enaho/2002/modulo01/documentacion/Enaho2002-IV-Cuestionarios/Enaho2002-IV-Tabla de Equivalencias.pdf	Unknown	Tabla de equivalencia	Report	Informe	report		2003		Spanish	documento_oficial	media		39a63442_tabla-de-equivalencia.md	datafw inei	579
ff3e785f58f745600f79a754eb938d9f29df86c8238b7a39d95fae6528437498	datafw/data/raw/inei/enaho/2002/modulo01/documentacion/Enaho2002-IV-Cuestionarios/Enaho2002-IV-Cuestionario Enaho 02.pdf	Unknown	Decreto Legislativo N.° 604	Report	Informe técnico	report		2003	norma:decreto_legislativo_604	Spanish	documento_oficial	media	DECRETO LEGISLATIVO N° 604	ff3e785f_decreto-legislativo-n-604.md	datafw inei	580
b388d1c825652c7e8c561cf54d2a5b8f673b6fff2d94d36672dc722558ce3de3	datafw/data/raw/inei/enaho/2002/modulo34/documentacion/Enaho2002-IV-Diccionario de Datos.pdf	Unknown	Enaho2002-IV-Diccionario de Datos	Report	Informe técnico	report		2003		Spanish	documento_oficial	media		b388d1c8_enaho2002-iv-diccionario-de-datos.md	datafw inei	581
f4a93fb374611844480c1586b7ba747defc1e93d2ba6607645a559dc73a8545c	datafw/data/raw/inei/enaho/2002/modulo34/documentacion/Enaho2002-IV-Ficha Técnica.pdf	Unknown	NOTA TÉCNICA:	Report	Informe técnico	report		2003		Spanish	documento_oficial	media		f4a93fb3_nota-tecnica.md	datafw inei	582
4b45abb1375d2868f03fc7978e1f3ac4809777427669f3885a60c939d05fcce4	datafw/data/raw/inei/enaho/2002/modulo34/documentacion/Enaho2002-IV-Cuestionarios/Enaho2002-IV-Cuestionario Enaho 01B.pdf	Unknown	Decreto Legislativo N.° 604	Report	Informe técnico	report		2003	norma:decreto_legislativo_604	Spanish	documento_oficial	media	DECRETO LEGISLATIVO N° 604	4b45abb1_decreto-legislativo-n-604.md	datafw inei	583
5f63d4e97f5b43ee4512e2c52966de5fb3515076aa247c0f64f31ca4a1ac9546	datafw/data/raw/inei/enaho/2002/modulo34/documentacion/Enaho2002-IV-Cuestionarios/Enaho2002-IV-Cuestionario Enaho 03.pdf	Unknown	Decreto Legislativo N.° 604	Report	Informe técnico	report		2003	norma:decreto_legislativo_604	Spanish	documento_oficial	media	DECRETO LEGISLATIVO N° 604	5f63d4e9_decreto-legislativo-n-604.md	datafw inei	584
5a21e830a40a54d94b16b28dc43dcb3fa6c70d4bf572a07b7c149fe4985e0d4d	datafw/data/raw/inei/enaho/2002/modulo34/documentacion/Enaho2002-IV-Cuestionarios/Enaho2002-IV-Cuestionario Enaho 01.pdf	Unknown	Decreto Legislativo N.° 604	Report	Informe técnico	report		2003	norma:decreto_legislativo_604	Spanish	documento_oficial	media	DECRETO LEGISLATIVO N° 604	5a21e830_decreto-legislativo-n-604.md	datafw inei	585
50bdf2a7ea40d1ef8e0d0f1be23b233ff4afea77343e00b8d0e4b0510c9c08c9	datafw/data/raw/inei/enaho/2002/modulo34/documentacion/Enaho2002-IV-Cuestionarios/Enaho2002-IV-Cuestionario Enaho 04.pdf	Unknown	CED-04-Ingreso del Trab. Indep. 2002-IV.doc	Report	Informe técnico	report		2003	norma:decreto_legislativo_604	Spanish	documento_oficial	media	DECRETO LEGISLATIVO N° 604	50bdf2a7_ced-04-ingreso-del-trab-indep-2002-iv-doc.md	datafw inei	586
b94a85db360f773228ed2c4890b5be24407eb12c5c0aa1874e2c3f0731a7c3ec	datafw/data/raw/inei/enaho/2002/modulo34/documentacion/Enaho2002-IV-Cuestionarios/Enaho2002-IV-Cuestionario Enaho 01A.pdf	Unknown	Decreto Legislativo N.° 604	Report	Informe técnico	report		2003	norma:decreto_legislativo_604	Spanish	documento_oficial	media	DECRETO LEGISLATIVO N° 604	b94a85db_decreto-legislativo-n-604.md	datafw inei	587
39a63442613c4b90d1674cbb90a59a9e6f74adac269e94b981c96333e5685d32	datafw/data/raw/inei/enaho/2002/modulo34/documentacion/Enaho2002-IV-Cuestionarios/Enaho2002-IV-Tabla de Equivalencias.pdf	Unknown	Tabla de equivalencia	Report	Informe	report		2003		Spanish	documento_oficial	media		39a63442_tabla-de-equivalencia.md	datafw inei	588
ff3e785f58f745600f79a754eb938d9f29df86c8238b7a39d95fae6528437498	datafw/data/raw/inei/enaho/2002/modulo34/documentacion/Enaho2002-IV-Cuestionarios/Enaho2002-IV-Cuestionario Enaho 02.pdf	Unknown	Decreto Legislativo N.° 604	Report	Informe técnico	report		2003	norma:decreto_legislativo_604	Spanish	documento_oficial	media	DECRETO LEGISLATIVO N° 604	ff3e785f_decreto-legislativo-n-604.md	datafw inei	589
d91699cc1ad920c03a20eed9b4a00897b3a4c219c52da50a61ffdbb8ac090a53	datafw/data/raw/inei/enaho/2018/modulo85/documentacion/CodigoConglomerado_6_digitos.pdf	Unknown	Cambio a 6 dígitos del código de identificación de conglomerados	Report	Informe técnico	report		2019		Spanish	documento_oficial	media		d91699cc_cambio-a-6-digitos-del-codigo-de-identificacion-de.md	datafw inei	590
70a1ed1df2899acc1fd269b4bb933e41e965880a44ff096bcf9d711afe92141d	datafw/data/raw/inei/enaho/2018/modulo85/documentacion/Ficha Tecnica_2018.pdf	Banco Mundial	Ficha Tecnica 2018	Report	Informe técnico	report	Banco Mundial	2018	norma:resolucion_suprema_097-2010-	Spanish	documento_oficial	alta	Resolucion Suprema Nº 097-2010-	70a1ed1d_ficha-tecnica-2018.md	datafw inei	591
fd48d8fd53e4ecb485011522cf082a7f2b34f8d92868357dbe82140177b15eb6	datafw/data/raw/inei/enaho/2018/modulo85/documentacion/CED-ENAHO 01B-2018.pdf	Unknown	Decreto Legislativo N.° 604	Report	Informe técnico	report		2018	norma:decreto_legislativo_604	Spanish	documento_oficial	media	DECRETO LEGISLATIVO N° 604	fd48d8fd_decreto-legislativo-n-604.md	datafw inei	592
c635720d6182b4ccec12c41b4e3e7bd156ec2b566628f10ee12ea91c2770f348	datafw/data/raw/inei/enaho/2018/modulo85/documentacion/Diccionario_2018.pdf	Unknown	Instituto nacional de estadistica e informatica	Report	Informe técnico	report		2018		Spanish	documento_oficial	media		c635720d_instituto-nacional-de-estadistica-e-informatica.md	datafw inei	593
56c9646c711f5f117a8c22f26afd8af16a8d56f8d26620de4f43b5405b7071af	datafw/data/raw/inei/enaho/2018/modulo03/documentacion/CED- 01A-300 2018.pdf	Unknown	300. EDUCACIÓN (Para las personas de 3 años y más de edad)	Report	Informe	report				Spanish	documento_oficial	media		56c9646c_300-educacion-para-las-personas-de-3-anos-y-mas-de-edad.md	datafw inei	594
d91699cc1ad920c03a20eed9b4a00897b3a4c219c52da50a61ffdbb8ac090a53	datafw/data/raw/inei/enaho/2018/modulo03/documentacion/CodigoConglomerado_6_digitos.pdf	Unknown	Cambio a 6 dígitos del código de identificación de conglomerados	Report	Informe técnico	report		2019		Spanish	documento_oficial	media		d91699cc_cambio-a-6-digitos-del-codigo-de-identificacion-de.md	datafw inei	595
70a1ed1df2899acc1fd269b4bb933e41e965880a44ff096bcf9d711afe92141d	datafw/data/raw/inei/enaho/2018/modulo03/documentacion/Ficha Tecnica_2018.pdf	Banco Mundial	Ficha Tecnica 2018	Report	Informe técnico	report	Banco Mundial	2018	norma:resolucion_suprema_097-2010-	Spanish	documento_oficial	alta	Resolucion Suprema Nº 097-2010-	70a1ed1d_ficha-tecnica-2018.md	datafw inei	596
d9728cfb7473a4036820453be25c5f29529782e9325fa07e4afd274b509ea533	datafw/data/raw/inei/enaho/2018/modulo03/documentacion/ENAHO_DefiniciónValoresMonetariosBasedeDatos.pdf	Unknown	ENAHO DefiniciónValoresMonetariosBasedeDatos	Report	Informe técnico	report		2015		Spanish	documento_oficial	media		d9728cfb_enaho-definicionvaloresmonetariosbasededatos.md	datafw inei	597
c635720d6182b4ccec12c41b4e3e7bd156ec2b566628f10ee12ea91c2770f348	datafw/data/raw/inei/enaho/2018/modulo03/documentacion/Diccionario_2018.pdf	Unknown	Instituto nacional de estadistica e informatica	Report	Informe técnico	report		2018		Spanish	documento_oficial	media		c635720d_instituto-nacional-de-estadistica-e-informatica.md	datafw inei	598
848c4115390084edfdd5b7823bc2167fb919dfb6753313399f288e0362f4d7aa	datafw/data/raw/inei/enaho/2018/modulo02/documentacion/Criterios para codificar Ocupaciones Peligrosas.pdf	OIT	Criterios para la codificacion de las ocupaciones u	Report	Informe técnico	report	OIT	2018		Spanish	documento_oficial	alta		848c4115_criterios-para-la-codificacion-de-las-ocupaciones-u.md	datafw inei	599
d91699cc1ad920c03a20eed9b4a00897b3a4c219c52da50a61ffdbb8ac090a53	datafw/data/raw/inei/enaho/2018/modulo02/documentacion/CodigoConglomerado_6_digitos.pdf	Unknown	Cambio a 6 dígitos del código de identificación de conglomerados	Report	Informe técnico	report		2019		Spanish	documento_oficial	media		d91699cc_cambio-a-6-digitos-del-codigo-de-identificacion-de.md	datafw inei	600
bf155208ddb9746054a0aece8ebe05feec7d9b9de569d6c0f8119efa2e1aa0f4	datafw/data/raw/inei/enaho/2018/modulo02/documentacion/CED-01-200 2018.pdf	Unknown	Informante n° 200. características de los miembros del hogar	Report	Informe	report				Spanish	documento_oficial	media		bf155208_informante-n-200-caracteristicas-de-los-miembros-del-hogar.md	datafw inei	601
70a1ed1df2899acc1fd269b4bb933e41e965880a44ff096bcf9d711afe92141d	datafw/data/raw/inei/enaho/2018/modulo02/documentacion/Ficha Tecnica_2018.pdf	Banco Mundial	Ficha Tecnica 2018	Report	Informe técnico	report	Banco Mundial	2018	norma:resolucion_suprema_097-2010-	Spanish	documento_oficial	alta	Resolucion Suprema Nº 097-2010-	70a1ed1d_ficha-tecnica-2018.md	datafw inei	602
c635720d6182b4ccec12c41b4e3e7bd156ec2b566628f10ee12ea91c2770f348	datafw/data/raw/inei/enaho/2018/modulo02/documentacion/Diccionario_2018.pdf	Unknown	Instituto nacional de estadistica e informatica	Report	Informe técnico	report		2018		Spanish	documento_oficial	media		c635720d_instituto-nacional-de-estadistica-e-informatica.md	datafw inei	603
d91699cc1ad920c03a20eed9b4a00897b3a4c219c52da50a61ffdbb8ac090a53	datafw/data/raw/inei/enaho/2018/modulo05/documentacion/CodigoConglomerado_6_digitos.pdf	Unknown	Cambio a 6 dígitos del código de identificación de conglomerados	Report	Informe técnico	report		2019		Spanish	documento_oficial	media		d91699cc_cambio-a-6-digitos-del-codigo-de-identificacion-de.md	datafw inei	604
70a1ed1df2899acc1fd269b4bb933e41e965880a44ff096bcf9d711afe92141d	datafw/data/raw/inei/enaho/2018/modulo05/documentacion/Ficha Tecnica_2018.pdf	Banco Mundial	Ficha Tecnica 2018	Report	Informe técnico	report	Banco Mundial	2018	norma:resolucion_suprema_097-2010-	Spanish	documento_oficial	alta	Resolucion Suprema Nº 097-2010-	70a1ed1d_ficha-tecnica-2018.md	datafw inei	605
cb4090b9672c1de813c8f5f1b786390bc51077b663d771a04d10d24f44dc12b6	datafw/data/raw/inei/enaho/2018/modulo05/documentacion/CED-01A-500 2018.pdf	Unknown	Periodo de referencia: del...………..al………...	Report	Informe técnico	report		2018		Spanish	documento_oficial	media		cb4090b9_periodo-de-referencia-del-al.md	datafw inei	606
d9728cfb7473a4036820453be25c5f29529782e9325fa07e4afd274b509ea533	datafw/data/raw/inei/enaho/2018/modulo05/documentacion/ENAHO_DefiniciónValoresMonetariosBasedeDatos.pdf	Unknown	ENAHO DefiniciónValoresMonetariosBasedeDatos	Report	Informe técnico	report		2015		Spanish	documento_oficial	media		d9728cfb_enaho-definicionvaloresmonetariosbasededatos.md	datafw inei	607
c635720d6182b4ccec12c41b4e3e7bd156ec2b566628f10ee12ea91c2770f348	datafw/data/raw/inei/enaho/2018/modulo05/documentacion/Diccionario_2018.pdf	Unknown	Instituto nacional de estadistica e informatica	Report	Informe técnico	report		2018		Spanish	documento_oficial	media		c635720d_instituto-nacional-de-estadistica-e-informatica.md	datafw inei	608
d91699cc1ad920c03a20eed9b4a00897b3a4c219c52da50a61ffdbb8ac090a53	datafw/data/raw/inei/enaho/2018/modulo01/documentacion/CodigoConglomerado_6_digitos.pdf	Unknown	Cambio a 6 dígitos del código de identificación de conglomerados	Report	Informe técnico	report		2019		Spanish	documento_oficial	media		d91699cc_cambio-a-6-digitos-del-codigo-de-identificacion-de.md	datafw inei	609
70a1ed1df2899acc1fd269b4bb933e41e965880a44ff096bcf9d711afe92141d	datafw/data/raw/inei/enaho/2018/modulo01/documentacion/Ficha Tecnica_2018.pdf	Banco Mundial	Ficha Tecnica 2018	Report	Informe técnico	report	Banco Mundial	2018	norma:resolucion_suprema_097-2010-	Spanish	documento_oficial	alta	Resolucion Suprema Nº 097-2010-	70a1ed1d_ficha-tecnica-2018.md	datafw inei	610
24637816c7d30f048b2f93328e4337d0f5e3d228c90332fbd8435fd476204c4d	datafw/data/raw/inei/enaho/2018/modulo01/documentacion/ENAHO_Estratificación del Marco.pdf	Ministerio de Economía y Finanzas	ENAHO Estratificación del Marco	Report	Informe	report	Ministerio de Economía y Finanzas	2018		Spanish	documento_oficial	alta		24637816_enaho-estratificacion-del-marco.md	datafw inei	611
3ca8780e3d7da32cebc377c1cacbb786b0fab6d252f94edd3f6447a342d2dcf1	datafw/data/raw/inei/enaho/2018/modulo01/documentacion/CED-01-100 2018.pdf	Unknown	100. características de la vivienda y del hogar	Report	Informe técnico	report				Spanish	documento_oficial	media		3ca8780e_100-caracteristicas-de-la-vivienda-y-del-hogar.md	datafw inei	612
d9728cfb7473a4036820453be25c5f29529782e9325fa07e4afd274b509ea533	datafw/data/raw/inei/enaho/2018/modulo01/documentacion/ENAHO_DefiniciónValoresMonetariosBasedeDatos.pdf	Unknown	ENAHO DefiniciónValoresMonetariosBasedeDatos	Report	Informe técnico	report		2015		Spanish	documento_oficial	media		d9728cfb_enaho-definicionvaloresmonetariosbasededatos.md	datafw inei	613
c635720d6182b4ccec12c41b4e3e7bd156ec2b566628f10ee12ea91c2770f348	datafw/data/raw/inei/enaho/2018/modulo01/documentacion/Diccionario_2018.pdf	Unknown	Instituto nacional de estadistica e informatica	Report	Informe técnico	report		2018		Spanish	documento_oficial	media		c635720d_instituto-nacional-de-estadistica-e-informatica.md	datafw inei	614
d91699cc1ad920c03a20eed9b4a00897b3a4c219c52da50a61ffdbb8ac090a53	datafw/data/raw/inei/enaho/2018/modulo34/documentacion/CodigoConglomerado_6_digitos.pdf	Unknown	Cambio a 6 dígitos del código de identificación de conglomerados	Report	Informe técnico	report		2019		Spanish	documento_oficial	media		d91699cc_cambio-a-6-digitos-del-codigo-de-identificacion-de.md	datafw inei	615
008dde8b372b30edc50d29b2f56e001942b8e06163ead7b6916f64186cfd026c	datafw/data/raw/inei/enaho/2018/modulo34/documentacion/Sumaria_2018-12G.pdf	Unknown	Sumaria 2018-12G	Report	Informe técnico	report		2018		Spanish	documento_oficial	media		008dde8b_sumaria-2018-12g.md	datafw inei	616
70a1ed1df2899acc1fd269b4bb933e41e965880a44ff096bcf9d711afe92141d	datafw/data/raw/inei/enaho/2018/modulo34/documentacion/Ficha Tecnica_2018.pdf	Banco Mundial	Ficha Tecnica 2018	Report	Informe técnico	report	Banco Mundial	2018	norma:resolucion_suprema_097-2010-	Spanish	documento_oficial	alta	Resolucion Suprema Nº 097-2010-	70a1ed1d_ficha-tecnica-2018.md	datafw inei	617
8e5ceadca74af7bea39fd210fc28776b2036bbc62e42b1f8afdecef1c051a1f7	datafw/data/raw/inei/enaho/2018/modulo34/documentacion/Sumaria_2018.pdf	Unknown	Instituto nacional de estadistica	Report	Informe técnico	report		2018		Spanish	documento_oficial	media		8e5ceadc_instituto-nacional-de-estadistica.md	datafw inei	618
24637816c7d30f048b2f93328e4337d0f5e3d228c90332fbd8435fd476204c4d	datafw/data/raw/inei/enaho/2018/modulo34/documentacion/ENAHO_Estratificación del Marco.pdf	Ministerio de Economía y Finanzas	ENAHO Estratificación del Marco	Report	Informe	report	Ministerio de Economía y Finanzas	2018		Spanish	documento_oficial	alta		24637816_enaho-estratificacion-del-marco.md	datafw inei	619
d9728cfb7473a4036820453be25c5f29529782e9325fa07e4afd274b509ea533	datafw/data/raw/inei/enaho/2018/modulo34/documentacion/ENAHO_DefiniciónValoresMonetariosBasedeDatos.pdf	Unknown	ENAHO DefiniciónValoresMonetariosBasedeDatos	Report	Informe técnico	report		2015		Spanish	documento_oficial	media		d9728cfb_enaho-definicionvaloresmonetariosbasededatos.md	datafw inei	620
c635720d6182b4ccec12c41b4e3e7bd156ec2b566628f10ee12ea91c2770f348	datafw/data/raw/inei/enaho/2018/modulo34/documentacion/Diccionario_2018.pdf	Unknown	Instituto nacional de estadistica e informatica	Report	Informe técnico	report		2018		Spanish	documento_oficial	media		c635720d_instituto-nacional-de-estadistica-e-informatica.md	datafw inei	621
2b2af4c2a1378dd15848bda6472566ba4a8eacc65dafeaeba86f168c43eee7ad	datafw/data/raw/inei/enaho/2017/modulo85/documentacion/Diccionario 2017.pdf	Unknown	Instituto nacional de estadistica	Report	Informe técnico	report		2017		Spanish	documento_oficial	media		2b2af4c2_instituto-nacional-de-estadistica.md	datafw inei	622
9a9a51d7bb3095cf46570d152d1c2da4698fe82f0bc25bc4d4f2117dc9ebdc8c	datafw/data/raw/inei/enaho/2017/modulo85/documentacion/CodigoConglomerado_6_digitos.pdf	Unknown	Cambio a 6 dígitos del código de indentificación de conglomerados.	Report	Informe técnico	report		2015		Spanish	documento_oficial	media		9a9a51d7_cambio-a-6-digitos-del-codigo-de-indentificacion-de.md	datafw inei	623
3ec5842ff11a9d7ef723212ccf07907d61be8899d3ade0dfa205cb6d4efd1639	datafw/data/raw/inei/enaho/2017/modulo85/documentacion/CED-ENAHO 01B 2017.pdf	Unknown	Decreto Legislativo N.° 604	Report	Informe técnico	report		2018	norma:decreto_legislativo_604	Spanish	documento_oficial	media	DECRETO LEGISLATIVO N° 604	3ec5842f_decreto-legislativo-n-604.md	datafw inei	624
3eac85c1a22e0b69b3f952b3f4bbe7a452d038f868c4581a274d71cbd8032e54	datafw/data/raw/inei/enaho/2017/modulo85/documentacion/FichaTecnica_2017.pdf	Banco Mundial	FichaTecnica 2017	Report	Informe técnico	report	Banco Mundial	2017	norma:resolucion_suprema_097-2010-	Spanish	documento_oficial	alta	Resolucion Suprema Nº 097-2010-	3eac85c1_fichatecnica-2017.md	datafw inei	625
9a9a51d7bb3095cf46570d152d1c2da4698fe82f0bc25bc4d4f2117dc9ebdc8c	datafw/data/raw/inei/enaho/2017/modulo03/documentacion/CodigoConglomerado_6_digitos.pdf	Unknown	Cambio a 6 dígitos del código de indentificación de conglomerados.	Report	Informe técnico	report		2015		Spanish	documento_oficial	media		9a9a51d7_cambio-a-6-digitos-del-codigo-de-indentificacion-de.md	datafw inei	626
c6bc06b816d850fa3c2d674e19d941de20339664cce7b1095eed6446f5759974	datafw/data/raw/inei/enaho/2017/modulo03/documentacion/CED-01A-300 2017.pdf	Unknown	300. EDUCACIÓN (Para las personas de 3 años y más de edad)	Report	Informe	report				Spanish	documento_oficial	media		c6bc06b8_300-educacion-para-las-personas-de-3-anos-y-mas-de-edad.md	datafw inei	627
3eac85c1a22e0b69b3f952b3f4bbe7a452d038f868c4581a274d71cbd8032e54	datafw/data/raw/inei/enaho/2017/modulo03/documentacion/FichaTecnica_2017.pdf	Banco Mundial	FichaTecnica 2017	Report	Informe técnico	report	Banco Mundial	2017	norma:resolucion_suprema_097-2010-	Spanish	documento_oficial	alta	Resolucion Suprema Nº 097-2010-	3eac85c1_fichatecnica-2017.md	datafw inei	628
b758cc72aa8eea119a7f30554ba53569bbc64b0e780c198f4c941cae916adf58	datafw/data/raw/inei/enaho/2017/modulo03/documentacion/Diccionario_2017.pdf	Unknown	Instituto nacional de estadistica e informatica	Report	Informe técnico	report		2017		Spanish	documento_oficial	media		b758cc72_instituto-nacional-de-estadistica-e-informatica.md	datafw inei	629
c4b81955245c8a462360a40ccac7e5cf3557ec7f8fb0144c8c7278025f0cc670	datafw/data/raw/inei/enaho/2017/modulo03/documentacion/ENAHO_DefiniciónValoresMonetariosBasedeDatos.pdf	Unknown	ENAHO DefiniciónValoresMonetariosBasedeDatos	Report	Informe técnico	report		2015		Spanish	documento_oficial	media		c4b81955_enaho-definicionvaloresmonetariosbasededatos.md	datafw inei	630
d8b38dfb31344060969d90b1c205c1030c78a2fc6773764150b45f086f0f7f94	datafw/data/raw/inei/enaho/2017/modulo02/documentacion/Criterios para codificar Ocupaciones Peligrosas.pdf	OIT	Criterios para la codificacion de las ocupaciones u	Report	Informe técnico	report	OIT	2018		Spanish	documento_oficial	alta		d8b38dfb_criterios-para-la-codificacion-de-las-ocupaciones-u.md	datafw inei	631
9a9a51d7bb3095cf46570d152d1c2da4698fe82f0bc25bc4d4f2117dc9ebdc8c	datafw/data/raw/inei/enaho/2017/modulo02/documentacion/CodigoConglomerado_6_digitos.pdf	Unknown	Cambio a 6 dígitos del código de indentificación de conglomerados.	Report	Informe técnico	report		2015		Spanish	documento_oficial	media		9a9a51d7_cambio-a-6-digitos-del-codigo-de-indentificacion-de.md	datafw inei	632
3eac85c1a22e0b69b3f952b3f4bbe7a452d038f868c4581a274d71cbd8032e54	datafw/data/raw/inei/enaho/2017/modulo02/documentacion/FichaTecnica_2017.pdf	Banco Mundial	FichaTecnica 2017	Report	Informe técnico	report	Banco Mundial	2017	norma:resolucion_suprema_097-2010-	Spanish	documento_oficial	alta	Resolucion Suprema Nº 097-2010-	3eac85c1_fichatecnica-2017.md	datafw inei	633
07725110f751e16b14a9bafa554489bf243ea02a39dc149fc541c9b1727fa6f8	datafw/data/raw/inei/enaho/2017/modulo02/documentacion/CED-01-200 2017.pdf	Unknown	Informante n° 200. características de los miembros del hogar	Report	Informe	report				Spanish	documento_oficial	media		07725110_informante-n-200-caracteristicas-de-los-miembros-del-hogar.md	datafw inei	634
b758cc72aa8eea119a7f30554ba53569bbc64b0e780c198f4c941cae916adf58	datafw/data/raw/inei/enaho/2017/modulo02/documentacion/Diccionario_2017.pdf	Unknown	Instituto nacional de estadistica e informatica	Report	Informe técnico	report		2017		Spanish	documento_oficial	media		b758cc72_instituto-nacional-de-estadistica-e-informatica.md	datafw inei	635
9a9a51d7bb3095cf46570d152d1c2da4698fe82f0bc25bc4d4f2117dc9ebdc8c	datafw/data/raw/inei/enaho/2017/modulo05/documentacion/CodigoConglomerado_6_digitos.pdf	Unknown	Cambio a 6 dígitos del código de indentificación de conglomerados.	Report	Informe técnico	report		2015		Spanish	documento_oficial	media		9a9a51d7_cambio-a-6-digitos-del-codigo-de-indentificacion-de.md	datafw inei	636
3eac85c1a22e0b69b3f952b3f4bbe7a452d038f868c4581a274d71cbd8032e54	datafw/data/raw/inei/enaho/2017/modulo05/documentacion/FichaTecnica_2017.pdf	Banco Mundial	FichaTecnica 2017	Report	Informe técnico	report	Banco Mundial	2017	norma:resolucion_suprema_097-2010-	Spanish	documento_oficial	alta	Resolucion Suprema Nº 097-2010-	3eac85c1_fichatecnica-2017.md	datafw inei	637
b758cc72aa8eea119a7f30554ba53569bbc64b0e780c198f4c941cae916adf58	datafw/data/raw/inei/enaho/2017/modulo05/documentacion/Diccionario_2017.pdf	Unknown	Instituto nacional de estadistica e informatica	Report	Informe técnico	report		2017		Spanish	documento_oficial	media		b758cc72_instituto-nacional-de-estadistica-e-informatica.md	datafw inei	638
470de84a1b07c42a42aeeff873d1188e5786e7d953eac921b0d6357989d81746	datafw/data/raw/inei/enaho/2017/modulo05/documentacion/CED-01A-500 2017.pdf	Unknown	Periodo de referencia: del...………..al………...	Report	Informe técnico	report				Spanish	documento_oficial	media		470de84a_periodo-de-referencia-del-al.md	datafw inei	639
c4b81955245c8a462360a40ccac7e5cf3557ec7f8fb0144c8c7278025f0cc670	datafw/data/raw/inei/enaho/2017/modulo05/documentacion/ENAHO_DefiniciónValoresMonetariosBasedeDatos.pdf	Unknown	ENAHO DefiniciónValoresMonetariosBasedeDatos	Report	Informe técnico	report		2015		Spanish	documento_oficial	media		c4b81955_enaho-definicionvaloresmonetariosbasededatos.md	datafw inei	640
9a9a51d7bb3095cf46570d152d1c2da4698fe82f0bc25bc4d4f2117dc9ebdc8c	datafw/data/raw/inei/enaho/2017/modulo01/documentacion/CodigoConglomerado_6_digitos.pdf	Unknown	Cambio a 6 dígitos del código de indentificación de conglomerados.	Report	Informe técnico	report		2015		Spanish	documento_oficial	media		9a9a51d7_cambio-a-6-digitos-del-codigo-de-indentificacion-de.md	datafw inei	641
3eac85c1a22e0b69b3f952b3f4bbe7a452d038f868c4581a274d71cbd8032e54	datafw/data/raw/inei/enaho/2017/modulo01/documentacion/FichaTecnica_2017.pdf	Banco Mundial	FichaTecnica 2017	Report	Informe técnico	report	Banco Mundial	2017	norma:resolucion_suprema_097-2010-	Spanish	documento_oficial	alta	Resolucion Suprema Nº 097-2010-	3eac85c1_fichatecnica-2017.md	datafw inei	642
6d46963a71f4453a79d55b1ab376c8bad73ece8174b592d252bccd84699f4875	datafw/data/raw/inei/enaho/2017/modulo01/documentacion/ENAHO_Estratificación del Marco.pdf	Ministerio de Economía y Finanzas	ENAHO Estratificación del Marco	Report	Informe	report	Ministerio de Economía y Finanzas	2018		Spanish	documento_oficial	alta		6d46963a_enaho-estratificacion-del-marco.md	datafw inei	643
b758cc72aa8eea119a7f30554ba53569bbc64b0e780c198f4c941cae916adf58	datafw/data/raw/inei/enaho/2017/modulo01/documentacion/Diccionario_2017.pdf	Unknown	Instituto nacional de estadistica e informatica	Report	Informe técnico	report		2017		Spanish	documento_oficial	media		b758cc72_instituto-nacional-de-estadistica-e-informatica.md	datafw inei	644
c4b81955245c8a462360a40ccac7e5cf3557ec7f8fb0144c8c7278025f0cc670	datafw/data/raw/inei/enaho/2017/modulo01/documentacion/ENAHO_DefiniciónValoresMonetariosBasedeDatos.pdf	Unknown	ENAHO DefiniciónValoresMonetariosBasedeDatos	Report	Informe técnico	report		2015		Spanish	documento_oficial	media		c4b81955_enaho-definicionvaloresmonetariosbasededatos.md	datafw inei	645
f24e2e0b99ece299d80272dcab1a0afff9593aade73924e1f00f19cace9505b0	datafw/data/raw/inei/enaho/2017/modulo01/documentacion/FICHA TECNICA_PUNTOS GPS AÑO 2017.pdf	Unknown	Estudio socioeconómico en lima metropolitana	Report	Informe técnico	report		2018		Spanish	documento_oficial	media		f24e2e0b_estudio-socioeconomico-en-lima-metropolitana.md	datafw inei	646
50ef9e99a457726264794b2f967f54f5429b02959f87b1ffeb6e6444351d2d51	datafw/data/raw/inei/enaho/2017/modulo01/documentacion/CED-01-100 2017.pdf.pdf	Unknown	100. características de la vivienda y del hogar	Report	Informe	report				Spanish	documento_oficial	media		50ef9e99_100-caracteristicas-de-la-vivienda-y-del-hogar.md	datafw inei	647
9a9a51d7bb3095cf46570d152d1c2da4698fe82f0bc25bc4d4f2117dc9ebdc8c	datafw/data/raw/inei/enaho/2017/modulo34/documentacion/CodigoConglomerado_6_digitos.pdf	Unknown	Cambio a 6 dígitos del código de indentificación de conglomerados.	Report	Informe técnico	report		2015		Spanish	documento_oficial	media		9a9a51d7_cambio-a-6-digitos-del-codigo-de-indentificacion-de.md	datafw inei	648
3eac85c1a22e0b69b3f952b3f4bbe7a452d038f868c4581a274d71cbd8032e54	datafw/data/raw/inei/enaho/2017/modulo34/documentacion/FichaTecnica_2017.pdf	Banco Mundial	FichaTecnica 2017	Report	Informe técnico	report	Banco Mundial	2017	norma:resolucion_suprema_097-2010-	Spanish	documento_oficial	alta	Resolucion Suprema Nº 097-2010-	3eac85c1_fichatecnica-2017.md	datafw inei	649
ec90b4d0fab7fec1b7432deb47015e0f9975e154ab97f355fd9ccc091232af00	datafw/data/raw/inei/enaho/2017/modulo34/documentacion/Sumaria_2017-12g.pdf	Unknown	Sumaria 2017-12g	Report	Informe técnico	report		2017		Spanish	documento_oficial	media		ec90b4d0_sumaria-2017-12g.md	datafw inei	650
6d46963a71f4453a79d55b1ab376c8bad73ece8174b592d252bccd84699f4875	datafw/data/raw/inei/enaho/2017/modulo34/documentacion/ENAHO_Estratificación del Marco.pdf	Ministerio de Economía y Finanzas	ENAHO Estratificación del Marco	Report	Informe	report	Ministerio de Economía y Finanzas	2018		Spanish	documento_oficial	alta		6d46963a_enaho-estratificacion-del-marco.md	datafw inei	651
b758cc72aa8eea119a7f30554ba53569bbc64b0e780c198f4c941cae916adf58	datafw/data/raw/inei/enaho/2017/modulo34/documentacion/Diccionario_2017.pdf	Unknown	Instituto nacional de estadistica e informatica	Report	Informe técnico	report		2017		Spanish	documento_oficial	media		b758cc72_instituto-nacional-de-estadistica-e-informatica.md	datafw inei	652
c4b81955245c8a462360a40ccac7e5cf3557ec7f8fb0144c8c7278025f0cc670	datafw/data/raw/inei/enaho/2017/modulo34/documentacion/ENAHO_DefiniciónValoresMonetariosBasedeDatos.pdf	Unknown	ENAHO DefiniciónValoresMonetariosBasedeDatos	Report	Informe técnico	report		2015		Spanish	documento_oficial	media		c4b81955_enaho-definicionvaloresmonetariosbasededatos.md	datafw inei	653
4c5c68e4eba7481e49db35a6367c416b6e35b60c243d89f0bbe3e975329e0bbf	datafw/data/raw/inei/enaho/2005/modulo85/documentacion/CED-01B 2005.pdf	Unknown	Decreto Legislativo N.° 604	Report	Informe técnico	report		2007	norma:decreto_legislativo_604	Spanish	documento_oficial	media	DECRETO LEGISLATIVO N° 604	4c5c68e4_decreto-legislativo-n-604.md	datafw inei	654
9eca2a9ae6e6dd65f14153b9c5f5f99bcf013f442e6e04abc84b1a072c8e1600	datafw/data/raw/inei/enaho/2005/modulo85/documentacion/Diccionario.pdf	Unknown	Instituto nacional de estadistica e informatica	Report	Informe técnico	report		2012		Spanish	documento_oficial	media		9eca2a9a_instituto-nacional-de-estadistica-e-informatica.md	datafw inei	655
d336248536ca8b70696d71ee921a9d6af990b30043d40e0fdd2b82dc4d49a178	datafw/data/raw/inei/enaho/2005/modulo85/documentacion/FichaTecnica.pdf	Unknown	NOTA TÉCNICA:	Report	Informe técnico	report		2007		Spanish	documento_oficial	media		d3362485_nota-tecnica.md	datafw inei	656
8e2e0a09616e4b15a9156b04b76ae1cfc52c19eafc54ebe4cbf706218be45318	datafw/data/raw/inei/enaho/2005/modulo03/documentacion/CED-01A-300 2005.pdf	Unknown	300. EDUCACIÓN (Para las personas de 3 años y más de edad)	Report	Informe	report				Spanish	documento_oficial	media		8e2e0a09_300-educacion-para-las-personas-de-3-anos-y-mas-de-edad.md	datafw inei	657
9eca2a9ae6e6dd65f14153b9c5f5f99bcf013f442e6e04abc84b1a072c8e1600	datafw/data/raw/inei/enaho/2005/modulo03/documentacion/Diccionario.pdf	Unknown	Instituto nacional de estadistica e informatica	Report	Informe técnico	report		2012		Spanish	documento_oficial	media		9eca2a9a_instituto-nacional-de-estadistica-e-informatica.md	datafw inei	658
95f9686b9c0b8c4642cf3cd3db5dff9a1d330b55bdb4a7b445f29024ffac3ca3	datafw/data/raw/inei/enaho/2005/modulo03/documentacion/Ficha Tecnica - 2005.pdf	Unknown	NOTA TÉCNICA:	Report	Informe técnico	report		2012		Spanish	documento_oficial	media		95f9686b_nota-tecnica.md	datafw inei	659
9eca2a9ae6e6dd65f14153b9c5f5f99bcf013f442e6e04abc84b1a072c8e1600	datafw/data/raw/inei/enaho/2005/modulo02/documentacion/Diccionario.pdf	Unknown	Instituto nacional de estadistica e informatica	Report	Informe técnico	report		2012		Spanish	documento_oficial	media		9eca2a9a_instituto-nacional-de-estadistica-e-informatica.md	datafw inei	660
95f9686b9c0b8c4642cf3cd3db5dff9a1d330b55bdb4a7b445f29024ffac3ca3	datafw/data/raw/inei/enaho/2005/modulo02/documentacion/Ficha Tecnica - 2005.pdf	Unknown	NOTA TÉCNICA:	Report	Informe técnico	report		2012		Spanish	documento_oficial	media		95f9686b_nota-tecnica.md	datafw inei	661
11c0c1978112228437c06f7ee582881c0474d1cb53fe69f99d79415f9d7b274a	datafw/data/raw/inei/enaho/2005/modulo02/documentacion/CED-01-200 2005.pdf	Unknown	Informante n° 200. características de los miembros del hogar	Report	Informe	report				Spanish	documento_oficial	media		11c0c197_informante-n-200-caracteristicas-de-los-miembros-del-hogar.md	datafw inei	662
9eca2a9ae6e6dd65f14153b9c5f5f99bcf013f442e6e04abc84b1a072c8e1600	datafw/data/raw/inei/enaho/2005/modulo05/documentacion/Diccionario.pdf	Unknown	Instituto nacional de estadistica e informatica	Report	Informe técnico	report		2012		Spanish	documento_oficial	media		9eca2a9a_instituto-nacional-de-estadistica-e-informatica.md	datafw inei	663
f205806766940c5b353044d2848b549083f44faa7968a57d92a0c4155d6ca48d	datafw/data/raw/inei/enaho/2005/modulo05/documentacion/CED-01A-500 2005.pdf	Unknown	Periodo de referencia : del...………..al………...	Report	Informe técnico	report		2004		Spanish	documento_oficial	media		f2058067_periodo-de-referencia-del-al.md	datafw inei	664
95f9686b9c0b8c4642cf3cd3db5dff9a1d330b55bdb4a7b445f29024ffac3ca3	datafw/data/raw/inei/enaho/2005/modulo05/documentacion/Ficha Tecnica - 2005.pdf	Unknown	NOTA TÉCNICA:	Report	Informe técnico	report		2012		Spanish	documento_oficial	media		95f9686b_nota-tecnica.md	datafw inei	665
9eca2a9ae6e6dd65f14153b9c5f5f99bcf013f442e6e04abc84b1a072c8e1600	datafw/data/raw/inei/enaho/2005/modulo01/documentacion/Diccionario.pdf	Unknown	Instituto nacional de estadistica e informatica	Report	Informe técnico	report		2012		Spanish	documento_oficial	media		9eca2a9a_instituto-nacional-de-estadistica-e-informatica.md	datafw inei	666
850c84e428c2dd4d7040ebb0ccbdd46c3246cdb29b2f23b4ace29efbd017c40e	datafw/data/raw/inei/enaho/2005/modulo01/documentacion/CED-01-100 2005.pdf	Unknown	100. características de la vivienda y del hogar	Report	Informe técnico	report				Spanish	documento_oficial	media		850c84e4_100-caracteristicas-de-la-vivienda-y-del-hogar.md	datafw inei	667
95f9686b9c0b8c4642cf3cd3db5dff9a1d330b55bdb4a7b445f29024ffac3ca3	datafw/data/raw/inei/enaho/2005/modulo01/documentacion/Ficha Tecnica - 2005.pdf	Unknown	NOTA TÉCNICA:	Report	Informe técnico	report		2012		Spanish	documento_oficial	media		95f9686b_nota-tecnica.md	datafw inei	668
9eca2a9ae6e6dd65f14153b9c5f5f99bcf013f442e6e04abc84b1a072c8e1600	datafw/data/raw/inei/enaho/2005/modulo34/documentacion/Diccionario.pdf	Unknown	Instituto nacional de estadistica e informatica	Report	Informe técnico	report		2012		Spanish	documento_oficial	media		9eca2a9a_instituto-nacional-de-estadistica-e-informatica.md	datafw inei	669
95f9686b9c0b8c4642cf3cd3db5dff9a1d330b55bdb4a7b445f29024ffac3ca3	datafw/data/raw/inei/enaho/2005/modulo34/documentacion/Ficha Tecnica - 2005.pdf	Unknown	NOTA TÉCNICA:	Report	Informe técnico	report		2012		Spanish	documento_oficial	media		95f9686b_nota-tecnica.md	datafw inei	670
9fcdd16a0de9f1bb3314e60394f4a357b1d82a400257b615ed350bd584bc2671	datafw/data/raw/inei/enaho/2001/modulo03/documentacion/Diccionario- ENAHO 2001-IV Trim.pdf	Unknown	Instituto nacional de estadistica e informatica	Report	Informe técnico	report		2002		Spanish	documento_oficial	media		9fcdd16a_instituto-nacional-de-estadistica-e-informatica.md	datafw inei	671
3148585d373920055b8655edf5927f5764e496c0f0ef9f3e5702500a8a252fe4	datafw/data/raw/inei/enaho/2001/modulo03/documentacion/CED-300  2001-IV.pdf	Unknown	300. EDUCACION (Para las personas de 3 años y más de edad)	Report	Informe técnico	report		2002		Spanish	documento_oficial	media		3148585d_300-educacion-para-las-personas-de-3-anos-y-mas-de-edad.md	datafw inei	672
c682276bd072239909b287226f603ed6bd6db081cba8731ab362e156711af786	datafw/data/raw/inei/enaho/2001/modulo03/documentacion/FICHA-ENAHO2001-IV.pdf	Unknown	Encuesta nacional de hogares de 1997	Report	Informe técnico	report		2002		Spanish	documento_oficial	media		c682276b_encuesta-nacional-de-hogares-de-1997.md	datafw inei	673
d777ba03f18a2bf8d14f37b5adc3c07b749ed6f0621a9ea1ceeb755b5ce54abc	datafw/data/raw/inei/enaho/2001/modulo03/documentacion/Caratula 01A 2001-IV.pdf	Unknown	Decreto Supremo N.° 018-91-	Report	Informe técnico	report		2002	norma:decreto_supremo_018-91-	Spanish	documento_oficial	media	DECRETO SUPREMO N° 018-91-	d777ba03_decreto-supremo-n-018-91.md	datafw inei	674
9fcdd16a0de9f1bb3314e60394f4a357b1d82a400257b615ed350bd584bc2671	datafw/data/raw/inei/enaho/2001/modulo02/documentacion/Diccionario- ENAHO 2001-IV Trim.pdf	Unknown	Instituto nacional de estadistica e informatica	Report	Informe técnico	report		2002		Spanish	documento_oficial	media		9fcdd16a_instituto-nacional-de-estadistica-e-informatica.md	datafw inei	675
dd794e463d6868e0d34eda8e9dab687423b15a98cbd5f510d410fee279e146bb	datafw/data/raw/inei/enaho/2001/modulo02/documentacion/CED-200  2001-IV.pdf	Unknown	Informante n° 200. caracteristicas de los miembros del hogar	Report	Informe	report		2018		Spanish	documento_oficial	media		dd794e46_informante-n-200-caracteristicas-de-los-miembros-del-hogar.md	datafw inei	676
f8c1829e476acd95d5e9c3190b3fa1d0a35b196652863c729a9fce210dbf0644	datafw/data/raw/inei/enaho/2001/modulo02/documentacion/Caratula 01 2001-IV.pdf	Unknown	ENCUESTADORA	Report	Informe técnico	report		2002	norma:decreto_supremo_018-91-	Spanish	documento_oficial	media	DECRETO SUPREMO N° 018-91-	f8c1829e_encuestadora.md	datafw inei	677
c682276bd072239909b287226f603ed6bd6db081cba8731ab362e156711af786	datafw/data/raw/inei/enaho/2001/modulo02/documentacion/FICHA-ENAHO2001-IV.pdf	Unknown	Encuesta nacional de hogares de 1997	Report	Informe técnico	report		2002		Spanish	documento_oficial	media		c682276b_encuesta-nacional-de-hogares-de-1997.md	datafw inei	678
9fcdd16a0de9f1bb3314e60394f4a357b1d82a400257b615ed350bd584bc2671	datafw/data/raw/inei/enaho/2001/modulo05/documentacion/Diccionario- ENAHO 2001-IV Trim.pdf	Unknown	Instituto nacional de estadistica e informatica	Report	Informe técnico	report		2002		Spanish	documento_oficial	media		9fcdd16a_instituto-nacional-de-estadistica-e-informatica.md	datafw inei	679
d9f64d3110c970f877136b26554e0b370cf2938e8b9336f574bc6b111d04b501	datafw/data/raw/inei/enaho/2001/modulo05/documentacion/CED-500  2001-IV.pdf	Unknown	Periodo de referencia: del………	Report	Informe técnico	report		2002		Spanish	documento_oficial	media		d9f64d31_periodo-de-referencia-del.md	datafw inei	680
c682276bd072239909b287226f603ed6bd6db081cba8731ab362e156711af786	datafw/data/raw/inei/enaho/2001/modulo05/documentacion/FICHA-ENAHO2001-IV.pdf	Unknown	Encuesta nacional de hogares de 1997	Report	Informe técnico	report		2002		Spanish	documento_oficial	media		c682276b_encuesta-nacional-de-hogares-de-1997.md	datafw inei	681
d777ba03f18a2bf8d14f37b5adc3c07b749ed6f0621a9ea1ceeb755b5ce54abc	datafw/data/raw/inei/enaho/2001/modulo05/documentacion/Caratula 01A 2001-IV.pdf	Unknown	Decreto Supremo N.° 018-91-	Report	Informe técnico	report		2002	norma:decreto_supremo_018-91-	Spanish	documento_oficial	media	DECRETO SUPREMO N° 018-91-	d777ba03_decreto-supremo-n-018-91.md	datafw inei	682
9fcdd16a0de9f1bb3314e60394f4a357b1d82a400257b615ed350bd584bc2671	datafw/data/raw/inei/enaho/2001/modulo01/documentacion/Diccionario- ENAHO 2001-IV Trim.pdf	Unknown	Instituto nacional de estadistica e informatica	Report	Informe técnico	report		2002		Spanish	documento_oficial	media		9fcdd16a_instituto-nacional-de-estadistica-e-informatica.md	datafw inei	683
8aad4368a30e129357e6c58b351d71b51a888ffc2c3be44f7cafb5195f152fd8	datafw/data/raw/inei/enaho/2001/modulo01/documentacion/CED-100  2001-IV.pdf	Unknown	Choza o cabaña5	Report	Informe	report		2002		Spanish	documento_oficial	media		8aad4368_choza-o-cabana5.md	datafw inei	684
f8c1829e476acd95d5e9c3190b3fa1d0a35b196652863c729a9fce210dbf0644	datafw/data/raw/inei/enaho/2001/modulo01/documentacion/Caratula 01 2001-IV.pdf	Unknown	ENCUESTADORA	Report	Informe técnico	report		2002	norma:decreto_supremo_018-91-	Spanish	documento_oficial	media	DECRETO SUPREMO N° 018-91-	f8c1829e_encuestadora.md	datafw inei	685
c682276bd072239909b287226f603ed6bd6db081cba8731ab362e156711af786	datafw/data/raw/inei/enaho/2001/modulo01/documentacion/FICHA-ENAHO2001-IV.pdf	Unknown	Encuesta nacional de hogares de 1997	Report	Informe técnico	report		2002		Spanish	documento_oficial	media		c682276b_encuesta-nacional-de-hogares-de-1997.md	datafw inei	686
9fcdd16a0de9f1bb3314e60394f4a357b1d82a400257b615ed350bd584bc2671	datafw/data/raw/inei/enaho/2001/modulo34/documentacion/Diccionario- ENAHO 2001-IV Trim.pdf	Unknown	Instituto nacional de estadistica e informatica	Report	Informe técnico	report		2002		Spanish	documento_oficial	media		9fcdd16a_instituto-nacional-de-estadistica-e-informatica.md	datafw inei	687
c682276bd072239909b287226f603ed6bd6db081cba8731ab362e156711af786	datafw/data/raw/inei/enaho/2001/modulo34/documentacion/FICHA-ENAHO2001-IV.pdf	Unknown	Encuesta nacional de hogares de 1997	Report	Informe técnico	report		2002		Spanish	documento_oficial	media		c682276b_encuesta-nacional-de-hogares-de-1997.md	datafw inei	688
0af9e1e2e14679274211aa69c646c7e9a4696f4369f08bc6ed753db874c88492	datafw/data/raw/inei/enaho/2013/modulo85/documentacion/CUESTIONARIO 01B  2013.pdf	Unknown	Decreto Legislativo N.° 604	Report	Informe técnico	report		2014	norma:decreto_legislativo_604	Spanish	documento_oficial	media	DECRETO LEGISLATIVO N° 604	0af9e1e2_decreto-legislativo-n-604.md	datafw inei	689
401f0c3cc37114111c657615e47738f11e5c2c8b0189bc54e37479712566607a	datafw/data/raw/inei/enaho/2013/modulo85/documentacion/FichaTecnica_2013.pdf	Ministerio de Economía y Finanzas	FichaTecnica 2013	Report	Informe técnico	report	Ministerio de Economía y Finanzas	2013	norma:resolucion_suprema_097-2010-	Spanish	documento_oficial	alta	Resolucion Suprema Nº 097-2010-	401f0c3c_fichatecnica-2013.md	datafw inei	690
ceead0662300e91dc30b524bfbbc8058c93e7a75229e83ac14dc8d5f02d8896d	datafw/data/raw/inei/enaho/2013/modulo85/documentacion/Diccionario2013.pdf	Unknown	Instituto nacional de estadistica e informatica	Report	Informe técnico	report		2014		Spanish	documento_oficial	media		ceead066_instituto-nacional-de-estadistica-e-informatica.md	datafw inei	691
b91eb84cd34f491e426319970dc22d2a1664468322138bdf99cd7bbb8ff00c4c	datafw/data/raw/inei/enaho/2013/modulo03/documentacion/CED-01A-300 2013.pdf	Unknown	Enaho 300 2002-IV	Report	Informe	report		2014		Spanish	documento_oficial	media		b91eb84c_enaho-300-2002-iv.md	datafw inei	692
401f0c3cc37114111c657615e47738f11e5c2c8b0189bc54e37479712566607a	datafw/data/raw/inei/enaho/2013/modulo03/documentacion/FichaTecnica_2013.pdf	Ministerio de Economía y Finanzas	FichaTecnica 2013	Report	Informe técnico	report	Ministerio de Economía y Finanzas	2013	norma:resolucion_suprema_097-2010-	Spanish	documento_oficial	alta	Resolucion Suprema Nº 097-2010-	401f0c3c_fichatecnica-2013.md	datafw inei	693
ceead0662300e91dc30b524bfbbc8058c93e7a75229e83ac14dc8d5f02d8896d	datafw/data/raw/inei/enaho/2013/modulo03/documentacion/Diccionario2013.pdf	Unknown	Instituto nacional de estadistica e informatica	Report	Informe técnico	report		2014		Spanish	documento_oficial	media		ceead066_instituto-nacional-de-estadistica-e-informatica.md	datafw inei	694
91a6e3c2161c9449979be103ae5c14337024a7ed918ec4ea91dd7e17b11139a0	datafw/data/raw/inei/enaho/2013/modulo02/documentacion/Criterios para codificar Ocupaciones Peligrosas.pdf	OIT	Criterios para la codificacion de actividades peligrosas	Report	Informe técnico	report	OIT	2013		Spanish	documento_oficial	alta		91a6e3c2_criterios-para-la-codificacion-de-actividades-peligrosas.md	datafw inei	695
401f0c3cc37114111c657615e47738f11e5c2c8b0189bc54e37479712566607a	datafw/data/raw/inei/enaho/2013/modulo02/documentacion/FichaTecnica_2013.pdf	Ministerio de Economía y Finanzas	FichaTecnica 2013	Report	Informe técnico	report	Ministerio de Economía y Finanzas	2013	norma:resolucion_suprema_097-2010-	Spanish	documento_oficial	alta	Resolucion Suprema Nº 097-2010-	401f0c3c_fichatecnica-2013.md	datafw inei	696
4fe216fea01fea04b46d5edec75a8d0bf21b9321b3f7022a7b51350f45208e11	datafw/data/raw/inei/enaho/2013/modulo02/documentacion/Diccionario2013.pdf	Unknown	Instituto nacional de estadistica e informatica	Report	Informe técnico	report		2014		Spanish	documento_oficial	media		4fe216fe_instituto-nacional-de-estadistica-e-informatica.md	datafw inei	697
e361e6c430c97383eda7b68f797c8a8dfa4b5b1b1c383a303d1fd889042a1f20	datafw/data/raw/inei/enaho/2013/modulo02/documentacion/CED-01-200 2013.pdf	Unknown	Informante n° 200. características de los miembros del hogar	Report	Informe	report		2014		Spanish	documento_oficial	media		e361e6c4_informante-n-200-caracteristicas-de-los-miembros-del-hogar.md	datafw inei	698
401f0c3cc37114111c657615e47738f11e5c2c8b0189bc54e37479712566607a	datafw/data/raw/inei/enaho/2013/modulo05/documentacion/FichaTecnica_2013.pdf	Ministerio de Economía y Finanzas	FichaTecnica 2013	Report	Informe técnico	report	Ministerio de Economía y Finanzas	2013	norma:resolucion_suprema_097-2010-	Spanish	documento_oficial	alta	Resolucion Suprema Nº 097-2010-	401f0c3c_fichatecnica-2013.md	datafw inei	699
4fe216fea01fea04b46d5edec75a8d0bf21b9321b3f7022a7b51350f45208e11	datafw/data/raw/inei/enaho/2013/modulo05/documentacion/Diccionario2013.pdf	Unknown	Instituto nacional de estadistica e informatica	Report	Informe técnico	report		2014		Spanish	documento_oficial	media		4fe216fe_instituto-nacional-de-estadistica-e-informatica.md	datafw inei	700
bc457a6c7c72a606957c7729361222d1ab4dd0837ee71dd829fc8d4e3bb95398	datafw/data/raw/inei/enaho/2013/modulo05/documentacion/CED-01A-500 2013.pdf	Unknown	Enaho 500 2002-IV	Report	Informe técnico	report		2014		Spanish	documento_oficial	media		bc457a6c_enaho-500-2002-iv.md	datafw inei	701
1b85c12849a8c60506cd928c063ddf8d921fbaf1979561d4b52e4874c261b0f1	datafw/data/raw/inei/enaho/2013/modulo01/documentacion/CED-01-100 2013.pdf	Unknown	Decreto Legislativo N.° 604	Report	Informe técnico	report		2014	norma:decreto_legislativo_604	Spanish	documento_oficial	media	DECRETO LEGISLATIVO N° 604	1b85c128_decreto-legislativo-n-604.md	datafw inei	702
1f4919c45d9b9e63eef73f5600f5bf6458225e7bae80f1cc6975fc7677b07c57	datafw/data/raw/inei/enaho/2013/modulo01/documentacion/FICHA TECNICA_PUNTOS GPS AÑO 2013.pdf	Unknown	Estudio socioeconómico en lima metropolitana	Report	Informe técnico	report		2014		Spanish	documento_oficial	media		1f4919c4_estudio-socioeconomico-en-lima-metropolitana.md	datafw inei	703
e53cdface050f11cbaafa7fe85be6418452aae44553f3b881f3833607e5e2813	datafw/data/raw/inei/enaho/2013/modulo01/documentacion/CED-01-100 2013 -- Calidad del agua.pdf	Unknown	Unidades de medida por producto	Report	Informe técnico	report		2014		Spanish	documento_oficial	media		e53cdfac_unidades-de-medida-por-producto.md	datafw inei	704
401f0c3cc37114111c657615e47738f11e5c2c8b0189bc54e37479712566607a	datafw/data/raw/inei/enaho/2013/modulo01/documentacion/FichaTecnica_2013.pdf	Ministerio de Economía y Finanzas	FichaTecnica 2013	Report	Informe técnico	report	Ministerio de Economía y Finanzas	2013	norma:resolucion_suprema_097-2010-	Spanish	documento_oficial	alta	Resolucion Suprema Nº 097-2010-	401f0c3c_fichatecnica-2013.md	datafw inei	705
4fe216fea01fea04b46d5edec75a8d0bf21b9321b3f7022a7b51350f45208e11	datafw/data/raw/inei/enaho/2013/modulo01/documentacion/Diccionario2013.pdf	Unknown	Instituto nacional de estadistica e informatica	Report	Informe técnico	report		2014		Spanish	documento_oficial	media		4fe216fe_instituto-nacional-de-estadistica-e-informatica.md	datafw inei	706
a59715ede586078490583895b0ddbe64b2aa19c33b32a204a8e27ae5338b2cde	datafw/data/raw/inei/enaho/2013/modulo34/documentacion/Sumaria_2013.pdf	Unknown	Instituto nacional de estadistica	Report	Informe técnico	report		2013		Spanish	documento_oficial	media		a59715ed_instituto-nacional-de-estadistica.md	datafw inei	707
401f0c3cc37114111c657615e47738f11e5c2c8b0189bc54e37479712566607a	datafw/data/raw/inei/enaho/2013/modulo34/documentacion/FichaTecnica_2013.pdf	Ministerio de Economía y Finanzas	FichaTecnica 2013	Report	Informe técnico	report	Ministerio de Economía y Finanzas	2013	norma:resolucion_suprema_097-2010-	Spanish	documento_oficial	alta	Resolucion Suprema Nº 097-2010-	401f0c3c_fichatecnica-2013.md	datafw inei	708
ceead0662300e91dc30b524bfbbc8058c93e7a75229e83ac14dc8d5f02d8896d	datafw/data/raw/inei/enaho/2013/modulo34/documentacion/Diccionario2013.pdf	Unknown	Instituto nacional de estadistica e informatica	Report	Informe técnico	report		2014		Spanish	documento_oficial	media		ceead066_instituto-nacional-de-estadistica-e-informatica.md	datafw inei	709
0e3964fa2b833ad2945e9c3cdb2c075e2726e69eba20684a3f731574c82a6353	datafw/data/raw/inei/enaho/2011/modulo85/documentacion/CUESTIONARIO ENAHO01b 2011.pdf	Unknown	Decreto Legislativo N.° 604	Report	Informe técnico	report		2010	norma:decreto_legislativo_604	Spanish	documento_oficial	media	DECRETO LEGISLATIVO N° 604	0e3964fa_decreto-legislativo-n-604.md	datafw inei	710
2c9da600636ec39cd972dedf9f70aba24318548911f87016f6fcab91e0dbb77c	datafw/data/raw/inei/enaho/2011/modulo85/documentacion/Diccionario2011.pdf	Unknown	Encuesta nacional de hogares 2011	Report	Informe técnico	report		2012		Spanish	documento_oficial	media		2c9da600_encuesta-nacional-de-hogares-2011.md	datafw inei	711
001ac4f1d8eb1f293f0868739fbddfccf207d7d0b45ad91e2aec6dacbf005e15	datafw/data/raw/inei/enaho/2011/modulo85/documentacion/FichaTecnica_2011.pdf	Banco Mundial	FichaTecnica 2011	Report	Informe técnico	report	Banco Mundial	2011	norma:resolucion_suprema_097-2010-	Spanish	documento_oficial	alta	Resolucion Suprema Nº 097-2010-	001ac4f1_fichatecnica-2011.md	datafw inei	712
2c9da600636ec39cd972dedf9f70aba24318548911f87016f6fcab91e0dbb77c	datafw/data/raw/inei/enaho/2011/modulo03/documentacion/Diccionario.pdf	Unknown	Encuesta nacional de hogares 2011	Report	Informe técnico	report		2012		Spanish	documento_oficial	media		2c9da600_encuesta-nacional-de-hogares-2011.md	datafw inei	713
001ac4f1d8eb1f293f0868739fbddfccf207d7d0b45ad91e2aec6dacbf005e15	datafw/data/raw/inei/enaho/2011/modulo03/documentacion/FichaTecnica-2011.pdf	Banco Mundial	Resolucion Suprema N.° 097-2010-	Report	Informe técnico	report	Banco Mundial	2012	norma:resolucion_suprema_097-2010-	Spanish	documento_oficial	alta	Resolucion Suprema Nº 097-2010-	001ac4f1_resolucion-suprema-n-097-2010.md	datafw inei	714
d18cf7f4bc0fa913a04a3d9dbc9e11f2880914df5017850f332907cefbb6d2df	datafw/data/raw/inei/enaho/2011/modulo03/documentacion/CED-01A-300 2011.pdf	Unknown	300. EDUCACIÓN (Para las personas de 3 años y más de edad)	Report	Informe	report		2008		Spanish	documento_oficial	media		d18cf7f4_300-educacion-para-las-personas-de-3-anos-y-mas-de-edad.md	datafw inei	715
2c9da600636ec39cd972dedf9f70aba24318548911f87016f6fcab91e0dbb77c	datafw/data/raw/inei/enaho/2011/modulo02/documentacion/Diccionario2011.pdf	Unknown	Encuesta nacional de hogares 2011	Report	Informe técnico	report		2012		Spanish	documento_oficial	media		2c9da600_encuesta-nacional-de-hogares-2011.md	datafw inei	716
001ac4f1d8eb1f293f0868739fbddfccf207d7d0b45ad91e2aec6dacbf005e15	datafw/data/raw/inei/enaho/2011/modulo02/documentacion/FichaTecnica_2011.pdf	Banco Mundial	FichaTecnica 2011	Report	Informe técnico	report	Banco Mundial	2011	norma:resolucion_suprema_097-2010-	Spanish	documento_oficial	alta	Resolucion Suprema Nº 097-2010-	001ac4f1_fichatecnica-2011.md	datafw inei	717
531a90b11800ae52387318c8b84e10bedc996d6d5cabacf7a47679e9be128b12	datafw/data/raw/inei/enaho/2011/modulo02/documentacion/CED-01-200 2011.pdf	Unknown	Informante n° 200. características de los miembros del hogar	Report	Informe	report		2009		Spanish	documento_oficial	media		531a90b1_informante-n-200-caracteristicas-de-los-miembros-del-hogar.md	datafw inei	718
653dda691fdb371e8a9575d7afa082fcad83ee0906b57221912829a918b6c7c1	datafw/data/raw/inei/enaho/2011/modulo05/documentacion/CED-01A-500 2011.pdf	Unknown	Periodo de referencia : del...………..al………...	Report	Informe técnico	report		2009		Spanish	documento_oficial	media		653dda69_periodo-de-referencia-del-al.md	datafw inei	719
2c9da600636ec39cd972dedf9f70aba24318548911f87016f6fcab91e0dbb77c	datafw/data/raw/inei/enaho/2011/modulo05/documentacion/Diccionario2011.pdf	Unknown	Encuesta nacional de hogares 2011	Report	Informe técnico	report		2012		Spanish	documento_oficial	media		2c9da600_encuesta-nacional-de-hogares-2011.md	datafw inei	720
001ac4f1d8eb1f293f0868739fbddfccf207d7d0b45ad91e2aec6dacbf005e15	datafw/data/raw/inei/enaho/2011/modulo05/documentacion/FichaTecnica_2011.pdf	Banco Mundial	FichaTecnica 2011	Report	Informe técnico	report	Banco Mundial	2011	norma:resolucion_suprema_097-2010-	Spanish	documento_oficial	alta	Resolucion Suprema Nº 097-2010-	001ac4f1_fichatecnica-2011.md	datafw inei	721
2c9da600636ec39cd972dedf9f70aba24318548911f87016f6fcab91e0dbb77c	datafw/data/raw/inei/enaho/2011/modulo01/documentacion/Diccionario2011.pdf	Unknown	Encuesta nacional de hogares 2011	Report	Informe técnico	report		2012		Spanish	documento_oficial	media		2c9da600_encuesta-nacional-de-hogares-2011.md	datafw inei	722
2ef7c8fe3d7c17a35bb148eb8f0b5657b096d214862c939c400ff10d5656e120	datafw/data/raw/inei/enaho/2011/modulo01/documentacion/CED-01-100 2011 -- Calidad del agua.pdf	Unknown	Informante nº evaluación de hogares con agua segura - calidad bacteriológica del agua	Report	Informe técnico	report		2008		Spanish	documento_oficial	media		2ef7c8fe_informante-n-evaluacion-de-hogares-con-agua-segura-calidad.md	datafw inei	723
001ac4f1d8eb1f293f0868739fbddfccf207d7d0b45ad91e2aec6dacbf005e15	datafw/data/raw/inei/enaho/2011/modulo01/documentacion/FichaTecnica_2011.pdf	Banco Mundial	FichaTecnica 2011	Report	Informe técnico	report	Banco Mundial	2011	norma:resolucion_suprema_097-2010-	Spanish	documento_oficial	alta	Resolucion Suprema Nº 097-2010-	001ac4f1_fichatecnica-2011.md	datafw inei	724
cd7fb282d921982142d1fa2979aed153c901bf372dfd2dfe133aa68b0ef27bb4	datafw/data/raw/inei/enaho/2011/modulo01/documentacion/CED-01-100 2011.pdf	Unknown	100. características de la vivienda y del hogar	Report	Informe técnico	report		2009		Spanish	documento_oficial	media		cd7fb282_100-caracteristicas-de-la-vivienda-y-del-hogar.md	datafw inei	725
7e7273b729b964161e7e90c100165da911fb839d56dd9810caad479ef76fc990	datafw/data/raw/inei/enaho/2011/modulo01/documentacion/ENAHO 2011-Alcances sobre Georeferenciacion.pdf	Unknown	ENAHO georeferenciado 2011	Report	Informe	report		2013		Spanish	documento_oficial	media		7e7273b7_enaho-georeferenciado-2011.md	datafw inei	726
2c9da600636ec39cd972dedf9f70aba24318548911f87016f6fcab91e0dbb77c	datafw/data/raw/inei/enaho/2011/modulo34/documentacion/Diccionario.pdf	Unknown	Encuesta nacional de hogares 2011	Report	Informe técnico	report		2012		Spanish	documento_oficial	media		2c9da600_encuesta-nacional-de-hogares-2011.md	datafw inei	727
001ac4f1d8eb1f293f0868739fbddfccf207d7d0b45ad91e2aec6dacbf005e15	datafw/data/raw/inei/enaho/2011/modulo34/documentacion/FichaTecnica-2011.pdf	Banco Mundial	Resolucion Suprema N.° 097-2010-	Report	Informe técnico	report	Banco Mundial	2012	norma:resolucion_suprema_097-2010-	Spanish	documento_oficial	alta	Resolucion Suprema Nº 097-2010-	001ac4f1_resolucion-suprema-n-097-2010.md	datafw inei	728
c10f261d9ce5489147fc9c99bef32a6480f1038e2a5de271044b315edd1b4fef	datafw/data/raw/inei/enaho/2011/modulo34/documentacion/Sumaria_2011.pdf	Unknown	Sumaria 2011	Report	Informe técnico	report		2011		Spanish	documento_oficial	media		c10f261d_sumaria-2011.md	datafw inei	729
e446ef54eecce40afd63d5058248bb29f5124f69bf22d5f079ac0c1893964163	datafw/data/raw/inei/enaho/_perudata/documentacion/final output/Overview of ENAHO Survey.pdf	Unknown	Overview of ENAHO Survey	Report	Informe	report		2022		Spanish	documento_oficial	media		e446ef54_overview-of-enaho-survey.md	datafw inei	730
d9275a9b2b6a3996ce9e63ff07923bf37e64ea9cfaca23b871191a97c170c70a	datafw/data/raw/inei/enaho/2006/modulo85/documentacion/Diccionario.pdf	Unknown	Instituto nacional de estadistica e informatica	Report	Informe técnico	report		2012		Spanish	documento_oficial	media		d9275a9b_instituto-nacional-de-estadistica-e-informatica.md	datafw inei	731
3443d2e5d12a44e19efd04f2da74eb795d51f71c01f8221cb5e0be5c299e9751	datafw/data/raw/inei/enaho/2006/modulo85/documentacion/CED-01B 2006.pdf	Unknown	Decreto Legislativo N.° 604	Report	Informe técnico	report		2007	norma:decreto_legislativo_604	Spanish	documento_oficial	media	DECRETO LEGISLATIVO N° 604	3443d2e5_decreto-legislativo-n-604.md	datafw inei	732
1c8cd0e44c206d2f6bc4d7065acab22575fb1257bc4858fa92be4c4719d50caf	datafw/data/raw/inei/enaho/2006/modulo85/documentacion/Ficha Tecnica - ENAHO 2006.pdf	Unknown	NOTA TÉCNICA:	Report	Informe técnico	report		2007		Spanish	documento_oficial	media		1c8cd0e4_nota-tecnica.md	datafw inei	733
8e2e0a09616e4b15a9156b04b76ae1cfc52c19eafc54ebe4cbf706218be45318	datafw/data/raw/inei/enaho/2006/modulo03/documentacion/CED-01A-300 2006.pdf	Unknown	300. EDUCACIÓN (Para las personas de 3 años y más de edad)	Report	Informe	report				Spanish	documento_oficial	media		8e2e0a09_300-educacion-para-las-personas-de-3-anos-y-mas-de-edad.md	datafw inei	734
d9275a9b2b6a3996ce9e63ff07923bf37e64ea9cfaca23b871191a97c170c70a	datafw/data/raw/inei/enaho/2006/modulo03/documentacion/Diccionario.pdf	Unknown	Instituto nacional de estadistica e informatica	Report	Informe técnico	report		2012		Spanish	documento_oficial	media		d9275a9b_instituto-nacional-de-estadistica-e-informatica.md	datafw inei	735
3a9c75da0938d2455ffaeeae5c968cdb904ade40e7ea206592349164006b6648	datafw/data/raw/inei/enaho/2006/modulo03/documentacion/Ficha Tecnica - 2006.pdf	Unknown	NOTA TÉCNICA:	Report	Informe técnico	report		2012		Spanish	documento_oficial	media		3a9c75da_nota-tecnica.md	datafw inei	736
d9275a9b2b6a3996ce9e63ff07923bf37e64ea9cfaca23b871191a97c170c70a	datafw/data/raw/inei/enaho/2006/modulo02/documentacion/Diccionario.pdf	Unknown	Instituto nacional de estadistica e informatica	Report	Informe técnico	report		2012		Spanish	documento_oficial	media		d9275a9b_instituto-nacional-de-estadistica-e-informatica.md	datafw inei	737
11c0c1978112228437c06f7ee582881c0474d1cb53fe69f99d79415f9d7b274a	datafw/data/raw/inei/enaho/2006/modulo02/documentacion/CED-01-200 2006.pdf	Unknown	Informante n° 200. características de los miembros del hogar	Report	Informe	report				Spanish	documento_oficial	media		11c0c197_informante-n-200-caracteristicas-de-los-miembros-del-hogar.md	datafw inei	738
3a9c75da0938d2455ffaeeae5c968cdb904ade40e7ea206592349164006b6648	datafw/data/raw/inei/enaho/2006/modulo02/documentacion/Ficha Tecnica - 2006.pdf	Unknown	NOTA TÉCNICA:	Report	Informe técnico	report		2012		Spanish	documento_oficial	media		3a9c75da_nota-tecnica.md	datafw inei	739
f205806766940c5b353044d2848b549083f44faa7968a57d92a0c4155d6ca48d	datafw/data/raw/inei/enaho/2006/modulo05/documentacion/CED-01A-500 2006.pdf	Unknown	Periodo de referencia : del...………..al………...	Report	Informe técnico	report		2004		Spanish	documento_oficial	media		f2058067_periodo-de-referencia-del-al.md	datafw inei	740
d9275a9b2b6a3996ce9e63ff07923bf37e64ea9cfaca23b871191a97c170c70a	datafw/data/raw/inei/enaho/2006/modulo05/documentacion/Diccionario.pdf	Unknown	Instituto nacional de estadistica e informatica	Report	Informe técnico	report		2012		Spanish	documento_oficial	media		d9275a9b_instituto-nacional-de-estadistica-e-informatica.md	datafw inei	741
3a9c75da0938d2455ffaeeae5c968cdb904ade40e7ea206592349164006b6648	datafw/data/raw/inei/enaho/2006/modulo05/documentacion/Ficha Tecnica - 2006.pdf	Unknown	NOTA TÉCNICA:	Report	Informe técnico	report		2012		Spanish	documento_oficial	media		3a9c75da_nota-tecnica.md	datafw inei	742
d9275a9b2b6a3996ce9e63ff07923bf37e64ea9cfaca23b871191a97c170c70a	datafw/data/raw/inei/enaho/2006/modulo01/documentacion/Diccionario.pdf	Unknown	Instituto nacional de estadistica e informatica	Report	Informe técnico	report		2012		Spanish	documento_oficial	media		d9275a9b_instituto-nacional-de-estadistica-e-informatica.md	datafw inei	743
3a9c75da0938d2455ffaeeae5c968cdb904ade40e7ea206592349164006b6648	datafw/data/raw/inei/enaho/2006/modulo01/documentacion/Ficha Tecnica - 2006.pdf	Unknown	NOTA TÉCNICA:	Report	Informe técnico	report		2012		Spanish	documento_oficial	media		3a9c75da_nota-tecnica.md	datafw inei	744
850c84e428c2dd4d7040ebb0ccbdd46c3246cdb29b2f23b4ace29efbd017c40e	datafw/data/raw/inei/enaho/2006/modulo01/documentacion/CED-01-100 2006.pdf	Unknown	100. características de la vivienda y del hogar	Report	Informe técnico	report				Spanish	documento_oficial	media		850c84e4_100-caracteristicas-de-la-vivienda-y-del-hogar.md	datafw inei	745
d9275a9b2b6a3996ce9e63ff07923bf37e64ea9cfaca23b871191a97c170c70a	datafw/data/raw/inei/enaho/2006/modulo34/documentacion/Diccionario.pdf	Unknown	Instituto nacional de estadistica e informatica	Report	Informe técnico	report		2012		Spanish	documento_oficial	media		d9275a9b_instituto-nacional-de-estadistica-e-informatica.md	datafw inei	746
3a9c75da0938d2455ffaeeae5c968cdb904ade40e7ea206592349164006b6648	datafw/data/raw/inei/enaho/2006/modulo34/documentacion/Ficha Tecnica - 2006.pdf	Unknown	NOTA TÉCNICA:	Report	Informe técnico	report		2012		Spanish	documento_oficial	media		3a9c75da_nota-tecnica.md	datafw inei	747
155720421dcdcab33b26881916312b94df2999b73754228af76fd52f95da913e	datafw/data/raw/inei/enaho/2003/modulo85/documentacion/Ficha-Tecnica-Enaho2003.pdf	Unknown	NOTA TÉCNICA:	Report	Informe técnico	report		2011		Spanish	documento_oficial	media		15572042_nota-tecnica.md	datafw inei	748
6fa688c52962e947e4a084ef9a70c60fdf0d1d557d27435ca9d9a475ee71da2a	datafw/data/raw/inei/enaho/2003/modulo85/documentacion/Enaho 2003-2004_Diccionario.pdf	Unknown	Instituto nacional de estadistica e informatica	Report	Informe técnico	report		2011		Spanish	documento_oficial	media		6fa688c5_instituto-nacional-de-estadistica-e-informatica.md	datafw inei	749
2a811f91665d389cd5d6c8d7dc122c75c00837bf2dfafb4c476b947ff84d125d	datafw/data/raw/inei/enaho/2003/modulo85/documentacion/Enaho2003-Cuestionario Enaho 01B/Enaho2003-Cuestionario Enaho 01B.PDF	Unknown	Decreto Legislativo N.° 604	Report	Informe técnico	report		2003	norma:decreto_legislativo_604	Spanish	documento_oficial	media	DECRETO LEGISLATIVO N° 604	2a811f91_decreto-legislativo-n-604.md	datafw inei	750
155720421dcdcab33b26881916312b94df2999b73754228af76fd52f95da913e	datafw/data/raw/inei/enaho/2003/modulo03/documentacion/Ficha-Tecnica-Enaho2003.pdf	Unknown	NOTA TÉCNICA:	Report	Informe técnico	report		2011		Spanish	documento_oficial	media		15572042_nota-tecnica.md	datafw inei	751
4691cb3b6fcb30e863c0b1bd3a87b64e16da57a47a0bb9ddbc81df2724e12363	datafw/data/raw/inei/enaho/2003/modulo03/documentacion/Enaho2003-Cuestionario Enaho 01A/Enaho2003-Cuestionario Enaho 01A.PDF	Unknown	Decreto Legislativo N.° 604	Report	Informe técnico	report		2003	norma:decreto_legislativo_604	Spanish	documento_oficial	media	DECRETO LEGISLATIVO N° 604	4691cb3b_decreto-legislativo-n-604.md	datafw inei	752
6fa688c52962e947e4a084ef9a70c60fdf0d1d557d27435ca9d9a475ee71da2a	datafw/data/raw/inei/enaho/2003/modulo03/documentacion/Enaho 2003-2004_Diccionario.pdf	Unknown	Instituto nacional de estadistica e informatica	Report	Informe técnico	report		2011		Spanish	documento_oficial	media		6fa688c5_instituto-nacional-de-estadistica-e-informatica.md	datafw inei	753
155720421dcdcab33b26881916312b94df2999b73754228af76fd52f95da913e	datafw/data/raw/inei/enaho/2003/modulo02/documentacion/Ficha-Tecnica-Enaho2003.pdf	Unknown	NOTA TÉCNICA:	Report	Informe técnico	report		2011		Spanish	documento_oficial	media		15572042_nota-tecnica.md	datafw inei	754
6fa688c52962e947e4a084ef9a70c60fdf0d1d557d27435ca9d9a475ee71da2a	datafw/data/raw/inei/enaho/2003/modulo02/documentacion/Enaho 2003-2004_Diccionario.pdf	Unknown	Instituto nacional de estadistica e informatica	Report	Informe técnico	report		2011		Spanish	documento_oficial	media		6fa688c5_instituto-nacional-de-estadistica-e-informatica.md	datafw inei	755
0f997de3b079c92f7e5df0a4f956e85cdb0bb48b89b6c0ade39c4e62d5f5d260	datafw/data/raw/inei/enaho/2003/modulo02/documentacion/Enaho2003-Cuestionario Enaho 01/Enaho2003-Cuestionario Enaho 01.PDF	Unknown	Decreto Legislativo N.° 604	Report	Informe técnico	report		2003	norma:decreto_legislativo_604	Spanish	documento_oficial	media	DECRETO LEGISLATIVO N° 604	0f997de3_decreto-legislativo-n-604.md	datafw inei	756
155720421dcdcab33b26881916312b94df2999b73754228af76fd52f95da913e	datafw/data/raw/inei/enaho/2003/modulo05/documentacion/Ficha-Tecnica-Enaho2003.pdf	Unknown	NOTA TÉCNICA:	Report	Informe técnico	report		2011		Spanish	documento_oficial	media		15572042_nota-tecnica.md	datafw inei	757
4691cb3b6fcb30e863c0b1bd3a87b64e16da57a47a0bb9ddbc81df2724e12363	datafw/data/raw/inei/enaho/2003/modulo05/documentacion/Enaho2003-Cuestionario Enaho 01A/Enaho2003-Cuestionario Enaho 01A.PDF	Unknown	Decreto Legislativo N.° 604	Report	Informe técnico	report		2003	norma:decreto_legislativo_604	Spanish	documento_oficial	media	DECRETO LEGISLATIVO N° 604	4691cb3b_decreto-legislativo-n-604.md	datafw inei	758
6fa688c52962e947e4a084ef9a70c60fdf0d1d557d27435ca9d9a475ee71da2a	datafw/data/raw/inei/enaho/2003/modulo05/documentacion/Enaho 2003-2004_Diccionario.pdf	Unknown	Instituto nacional de estadistica e informatica	Report	Informe técnico	report		2011		Spanish	documento_oficial	media		6fa688c5_instituto-nacional-de-estadistica-e-informatica.md	datafw inei	759
155720421dcdcab33b26881916312b94df2999b73754228af76fd52f95da913e	datafw/data/raw/inei/enaho/2003/modulo01/documentacion/Ficha-Tecnica-Enaho2003.pdf	Unknown	NOTA TÉCNICA:	Report	Informe técnico	report		2011		Spanish	documento_oficial	media		15572042_nota-tecnica.md	datafw inei	760
6fa688c52962e947e4a084ef9a70c60fdf0d1d557d27435ca9d9a475ee71da2a	datafw/data/raw/inei/enaho/2003/modulo01/documentacion/Enaho 2003-2004_Diccionario.pdf	Unknown	Instituto nacional de estadistica e informatica	Report	Informe técnico	report		2011		Spanish	documento_oficial	media		6fa688c5_instituto-nacional-de-estadistica-e-informatica.md	datafw inei	761
0f997de3b079c92f7e5df0a4f956e85cdb0bb48b89b6c0ade39c4e62d5f5d260	datafw/data/raw/inei/enaho/2003/modulo01/documentacion/Enaho2003-Cuestionario Enaho 01/Enaho2003-Cuestionario Enaho 01.PDF	Unknown	Decreto Legislativo N.° 604	Report	Informe técnico	report		2003	norma:decreto_legislativo_604	Spanish	documento_oficial	media	DECRETO LEGISLATIVO N° 604	0f997de3_decreto-legislativo-n-604.md	datafw inei	762
155720421dcdcab33b26881916312b94df2999b73754228af76fd52f95da913e	datafw/data/raw/inei/enaho/2003/modulo34/documentacion/Ficha-Tecnica-Enaho2003.pdf	Unknown	NOTA TÉCNICA:	Report	Informe técnico	report		2011		Spanish	documento_oficial	media		15572042_nota-tecnica.md	datafw inei	763
6fa688c52962e947e4a084ef9a70c60fdf0d1d557d27435ca9d9a475ee71da2a	datafw/data/raw/inei/enaho/2003/modulo34/documentacion/Enaho 2003-2004_Diccionario.pdf	Unknown	Instituto nacional de estadistica e informatica	Report	Informe técnico	report		2011		Spanish	documento_oficial	media		6fa688c5_instituto-nacional-de-estadistica-e-informatica.md	datafw inei	764
4691cb3b6fcb30e863c0b1bd3a87b64e16da57a47a0bb9ddbc81df2724e12363	datafw/data/raw/inei/enaho/2003/modulo34/documentacion/Enaho2003-2004_Cuestionarios/Enaho2003-Cuestionario Enaho 01A/Enaho2003-Cuestionario Enaho 01A.PDF	Unknown	Decreto Legislativo N.° 604	Report	Informe técnico	report		2003	norma:decreto_legislativo_604	Spanish	documento_oficial	media	DECRETO LEGISLATIVO N° 604	4691cb3b_decreto-legislativo-n-604.md	datafw inei	765
44ad4ca8e2452e9f2a35bcdebabd4346e3b95b0e3b2337ba07a8ea142c1b9966	datafw/data/raw/inei/enaho/2003/modulo34/documentacion/Enaho2003-2004_Cuestionarios/Enaho2003-Cuestionario Enaho 04/Enaho2003-Cuestionario Enaho 04.PDF	Unknown	Decreto Legislativo N.° 604	Report	Informe técnico	report		2003	norma:decreto_legislativo_604	Spanish	documento_oficial	media	DECRETO LEGISLATIVO N° 604	44ad4ca8_decreto-legislativo-n-604.md	datafw inei	766
2a811f91665d389cd5d6c8d7dc122c75c00837bf2dfafb4c476b947ff84d125d	datafw/data/raw/inei/enaho/2003/modulo34/documentacion/Enaho2003-2004_Cuestionarios/Enaho2003-Cuestionario Enaho 01B/Enaho2003-Cuestionario Enaho 01B.PDF	Unknown	Decreto Legislativo N.° 604	Report	Informe técnico	report		2003	norma:decreto_legislativo_604	Spanish	documento_oficial	media	DECRETO LEGISLATIVO N° 604	2a811f91_decreto-legislativo-n-604.md	datafw inei	767
0f997de3b079c92f7e5df0a4f956e85cdb0bb48b89b6c0ade39c4e62d5f5d260	datafw/data/raw/inei/enaho/2003/modulo34/documentacion/Enaho2003-2004_Cuestionarios/Enaho2003-Cuestionario Enaho 01/Enaho2003-Cuestionario Enaho 01.PDF	Unknown	Decreto Legislativo N.° 604	Report	Informe técnico	report		2003	norma:decreto_legislativo_604	Spanish	documento_oficial	media	DECRETO LEGISLATIVO N° 604	0f997de3_decreto-legislativo-n-604.md	datafw inei	768
20873c161c0afe53bb931182d060c1b329d1b4a7cf3a6edfdc9aa1fd61ba1716	datafw/data/raw/inei/enaho/2003/modulo34/documentacion/Enaho2003-2004_Cuestionarios/Enaho2003-Cuestionario Enaho 03/Enaho2003-Cuestionario Enaho 03.PDF	Unknown	Decreto Legislativo N.° 604	Report	Informe técnico	report		2003	norma:decreto_legislativo_604	Spanish	documento_oficial	media	DECRETO LEGISLATIVO N° 604	20873c16_decreto-legislativo-n-604.md	datafw inei	769
2857011a4e6e5270af08bc3f18a2e1cf29cc4e3f17df0dd08230efd874abd7cc	datafw/data/raw/inei/enaho/2003/modulo34/documentacion/Enaho2003-2004_Cuestionarios/Enaho2003-Cuestionario Enaho 02/Enaho2003-Cuestionario Enaho 02.PDF	Unknown	Decreto Legislativo N.° 604	Report	Informe técnico	report		2003	norma:decreto_legislativo_604	Spanish	documento_oficial	media	DECRETO LEGISLATIVO N° 604	2857011a_decreto-legislativo-n-604.md	datafw inei	770
67252f964d0286424bc44da94a170cb978d20db4e5a8a84e4acc9882b96c5c4d	datafw/data/raw/inei/enaho/2014/modulo85/documentacion/CED-ENAHO 01B 2014.pdf	Unknown	Decreto Legislativo N.° 604	Report	Informe técnico	report		2014	norma:decreto_legislativo_604	Spanish	documento_oficial	media	DECRETO LEGISLATIVO N° 604	67252f96_decreto-legislativo-n-604.md	datafw inei	771
1db38e36cb47b3aee86f5d3391412186eebdb9420e4dfc18804742fb959d9319	datafw/data/raw/inei/enaho/2014/modulo85/documentacion/Diccionario2014.pdf	Unknown	Instituto nacional de estadistica e informatica	Report	Informe técnico	report		2015		Spanish	documento_oficial	media		1db38e36_instituto-nacional-de-estadistica-e-informatica.md	datafw inei	772
9161d535631ae9c535f5d2cfaaad6af4fd6c37dfb1b4dc65848528ea466cc40c	datafw/data/raw/inei/enaho/2014/modulo85/documentacion/FichaTecnica_2014.pdf	Ministerio de Economía y Finanzas	FichaTecnica 2014	Report	Informe técnico	report	Ministerio de Economía y Finanzas	2014	norma:resolucion_suprema_097-2010-	Spanish	documento_oficial	alta	Resolucion Suprema Nº 097-2010-	9161d535_fichatecnica-2014.md	datafw inei	773
1db38e36cb47b3aee86f5d3391412186eebdb9420e4dfc18804742fb959d9319	datafw/data/raw/inei/enaho/2014/modulo03/documentacion/Diccionario2014.pdf	Unknown	Instituto nacional de estadistica e informatica	Report	Informe técnico	report		2015		Spanish	documento_oficial	media		1db38e36_instituto-nacional-de-estadistica-e-informatica.md	datafw inei	774
9161d535631ae9c535f5d2cfaaad6af4fd6c37dfb1b4dc65848528ea466cc40c	datafw/data/raw/inei/enaho/2014/modulo03/documentacion/FichaTecnica_2014.pdf	Ministerio de Economía y Finanzas	FichaTecnica 2014	Report	Informe técnico	report	Ministerio de Economía y Finanzas	2014	norma:resolucion_suprema_097-2010-	Spanish	documento_oficial	alta	Resolucion Suprema Nº 097-2010-	9161d535_fichatecnica-2014.md	datafw inei	775
67827f22034c6e02afea5a222a81bd42961349352e064163299d70bf8167bf63	datafw/data/raw/inei/enaho/2014/modulo03/documentacion/ENAHO_DefiniciónValoresMonetariosBasedeDatos.pdf	Unknown	ENAHO DefiniciónValoresMonetariosBasedeDatos	Report	Informe técnico	report		2015		Spanish	documento_oficial	media		67827f22_enaho-definicionvaloresmonetariosbasededatos.md	datafw inei	776
493e050e83dd9d87c3f9f6429499d4fc3abda7c3eacfdbc62ffcb1cf4f5ebc15	datafw/data/raw/inei/enaho/2014/modulo03/documentacion/CED-01A-300 2014.pdf	Unknown	300. EDUCACIÓN (Para las personas de 3 años y más de edad)	Report	Informe	report		2014		Spanish	documento_oficial	media		493e050e_300-educacion-para-las-personas-de-3-anos-y-mas-de-edad.md	datafw inei	777
91a6e3c2161c9449979be103ae5c14337024a7ed918ec4ea91dd7e17b11139a0	datafw/data/raw/inei/enaho/2014/modulo02/documentacion/Criterios para codificar Ocupaciones Peligrosas.pdf	OIT	Criterios para la codificacion de actividades peligrosas	Report	Informe técnico	report	OIT	2013		Spanish	documento_oficial	alta		91a6e3c2_criterios-para-la-codificacion-de-actividades-peligrosas.md	datafw inei	778
45ed65a1e8b7e728690eddaa7ce10bff833e66b20f77af85af0630298547c49e	datafw/data/raw/inei/enaho/2014/modulo02/documentacion/CED-01-200 2014.pdf	Unknown	Informante n° 200. características de los miembros del hogar	Report	Informe	report		2014		Spanish	documento_oficial	media		45ed65a1_informante-n-200-caracteristicas-de-los-miembros-del-hogar.md	datafw inei	779
1db38e36cb47b3aee86f5d3391412186eebdb9420e4dfc18804742fb959d9319	datafw/data/raw/inei/enaho/2014/modulo02/documentacion/Diccionario2014.pdf	Unknown	Instituto nacional de estadistica e informatica	Report	Informe técnico	report		2015		Spanish	documento_oficial	media		1db38e36_instituto-nacional-de-estadistica-e-informatica.md	datafw inei	780
9161d535631ae9c535f5d2cfaaad6af4fd6c37dfb1b4dc65848528ea466cc40c	datafw/data/raw/inei/enaho/2014/modulo02/documentacion/FichaTecnica_2014.pdf	Ministerio de Economía y Finanzas	FichaTecnica 2014	Report	Informe técnico	report	Ministerio de Economía y Finanzas	2014	norma:resolucion_suprema_097-2010-	Spanish	documento_oficial	alta	Resolucion Suprema Nº 097-2010-	9161d535_fichatecnica-2014.md	datafw inei	781
1db38e36cb47b3aee86f5d3391412186eebdb9420e4dfc18804742fb959d9319	datafw/data/raw/inei/enaho/2014/modulo05/documentacion/Diccionario2014.pdf	Unknown	Instituto nacional de estadistica e informatica	Report	Informe técnico	report		2015		Spanish	documento_oficial	media		1db38e36_instituto-nacional-de-estadistica-e-informatica.md	datafw inei	782
7aec7809c715f57d5d1aec9ccbb141b37715d4adcc2a0ca42c21376a371f8c6a	datafw/data/raw/inei/enaho/2014/modulo05/documentacion/CED-01A-500 2014.pdf	Unknown	Periodo de referencia: del...………..al………...	Report	Informe técnico	report		2014		Spanish	documento_oficial	media		7aec7809_periodo-de-referencia-del-al.md	datafw inei	783
9161d535631ae9c535f5d2cfaaad6af4fd6c37dfb1b4dc65848528ea466cc40c	datafw/data/raw/inei/enaho/2014/modulo05/documentacion/FichaTecnica_2014.pdf	Ministerio de Economía y Finanzas	FichaTecnica 2014	Report	Informe técnico	report	Ministerio de Economía y Finanzas	2014	norma:resolucion_suprema_097-2010-	Spanish	documento_oficial	alta	Resolucion Suprema Nº 097-2010-	9161d535_fichatecnica-2014.md	datafw inei	784
67827f22034c6e02afea5a222a81bd42961349352e064163299d70bf8167bf63	datafw/data/raw/inei/enaho/2014/modulo05/documentacion/ENAHO_DefiniciónValoresMonetariosBasedeDatos.pdf	Unknown	ENAHO DefiniciónValoresMonetariosBasedeDatos	Report	Informe técnico	report		2015		Spanish	documento_oficial	media		67827f22_enaho-definicionvaloresmonetariosbasededatos.md	datafw inei	785
bd09a146394893ce4102e19ff1cb3d613e3d55a317a56413e483f582c8fd66cf	datafw/data/raw/inei/enaho/2014/modulo01/documentacion/FICHA TECNICA_PUNTOS GPS AÑO 2014.pdf	Unknown	Estudio socioeconómico en lima metropolitana	Report	Informe técnico	report		2014		Spanish	documento_oficial	media		bd09a146_estudio-socioeconomico-en-lima-metropolitana.md	datafw inei	786
548a4f35d2354611ee18e3505f7077e06d3272367f3bd6f165b2cc5fcac5b132	datafw/data/raw/inei/enaho/2014/modulo01/documentacion/CED-01-100 2014.pdf	Unknown	Decreto Legislativo N.° 604	Report	Informe técnico	report		2014	norma:decreto_legislativo_604	Spanish	documento_oficial	media	DECRETO LEGISLATIVO N° 604	548a4f35_decreto-legislativo-n-604.md	datafw inei	787
1db38e36cb47b3aee86f5d3391412186eebdb9420e4dfc18804742fb959d9319	datafw/data/raw/inei/enaho/2014/modulo01/documentacion/Diccionario2014.pdf	Unknown	Instituto nacional de estadistica e informatica	Report	Informe técnico	report		2015		Spanish	documento_oficial	media		1db38e36_instituto-nacional-de-estadistica-e-informatica.md	datafw inei	788
e7b1f0691095ae680a3706ef0fb375bcf5cc3d3f57b8be5fd9848ed3cfe36873	datafw/data/raw/inei/enaho/2014/modulo01/documentacion/CED-01-100 2014 --Calidad del agua.pdf	Unknown	Evaluación del nivel de cloro residual en la muestra de agua de los hogares	Report	Informe técnico	report				Spanish	documento_oficial	media		e7b1f069_evaluacion-del-nivel-de-cloro-residual-en-la-muestra-de.md	datafw inei	789
5fb431c27858c2485603f545c86522b24c7dd83dc00bd73cdd39b157054e52c8	datafw/data/raw/inei/enaho/2014/modulo01/documentacion/ENAHO_Estratificación del Marco.pdf	Ministerio de Economía y Finanzas	ENAHO Estratificación del Marco	Report	Informe	report	Ministerio de Economía y Finanzas	2015		Spanish	documento_oficial	alta		5fb431c2_enaho-estratificacion-del-marco.md	datafw inei	790
9161d535631ae9c535f5d2cfaaad6af4fd6c37dfb1b4dc65848528ea466cc40c	datafw/data/raw/inei/enaho/2014/modulo01/documentacion/FichaTecnica_2014.pdf	Ministerio de Economía y Finanzas	FichaTecnica 2014	Report	Informe técnico	report	Ministerio de Economía y Finanzas	2014	norma:resolucion_suprema_097-2010-	Spanish	documento_oficial	alta	Resolucion Suprema Nº 097-2010-	9161d535_fichatecnica-2014.md	datafw inei	791
67827f22034c6e02afea5a222a81bd42961349352e064163299d70bf8167bf63	datafw/data/raw/inei/enaho/2014/modulo01/documentacion/ENAHO_DefiniciónValoresMonetariosBasedeDatos.pdf	Unknown	ENAHO DefiniciónValoresMonetariosBasedeDatos	Report	Informe técnico	report		2015		Spanish	documento_oficial	media		67827f22_enaho-definicionvaloresmonetariosbasededatos.md	datafw inei	792
1db38e36cb47b3aee86f5d3391412186eebdb9420e4dfc18804742fb959d9319	datafw/data/raw/inei/enaho/2014/modulo34/documentacion/Diccionario2014.pdf	Unknown	Instituto nacional de estadistica e informatica	Report	Informe técnico	report		2015		Spanish	documento_oficial	media		1db38e36_instituto-nacional-de-estadistica-e-informatica.md	datafw inei	793
5fb431c27858c2485603f545c86522b24c7dd83dc00bd73cdd39b157054e52c8	datafw/data/raw/inei/enaho/2014/modulo34/documentacion/ENAHO_Estratificación del Marco.pdf	Ministerio de Economía y Finanzas	ENAHO Estratificación del Marco	Report	Informe	report	Ministerio de Economía y Finanzas	2015		Spanish	documento_oficial	alta		5fb431c2_enaho-estratificacion-del-marco.md	datafw inei	794
9161d535631ae9c535f5d2cfaaad6af4fd6c37dfb1b4dc65848528ea466cc40c	datafw/data/raw/inei/enaho/2014/modulo34/documentacion/FichaTecnica_2014.pdf	Ministerio de Economía y Finanzas	FichaTecnica 2014	Report	Informe técnico	report	Ministerio de Economía y Finanzas	2014	norma:resolucion_suprema_097-2010-	Spanish	documento_oficial	alta	Resolucion Suprema Nº 097-2010-	9161d535_fichatecnica-2014.md	datafw inei	795
49d50011dbbad1603df43eafcf5b86ff94bce283f6297f8fbd6cdaa599865485	datafw/data/raw/inei/enaho/2014/modulo34/documentacion/Sumaria_2014.pdf	Unknown	Instituto nacional de estadistica	Report	Informe técnico	report		2014		Spanish	documento_oficial	media		49d50011_instituto-nacional-de-estadistica.md	datafw inei	796
67827f22034c6e02afea5a222a81bd42961349352e064163299d70bf8167bf63	datafw/data/raw/inei/enaho/2014/modulo34/documentacion/ENAHO_DefiniciónValoresMonetariosBasedeDatos.pdf	Unknown	ENAHO DefiniciónValoresMonetariosBasedeDatos	Report	Informe técnico	report		2015		Spanish	documento_oficial	media		67827f22_enaho-definicionvaloresmonetariosbasededatos.md	datafw inei	797
d8fc397d1104b3c36c506ed7a02d08e61943a6e5a425ccaa700f1f5a86d8d54b	datafw/data/raw/inei/enaho/2012/modulo85/documentacion/CUESTIONARIO ENAHO01b 2012.pdf	Unknown	Decreto Legislativo N.° 604	Report	Informe técnico	report		2012	norma:decreto_legislativo_604	Spanish	documento_oficial	media	DECRETO LEGISLATIVO N° 604	d8fc397d_decreto-legislativo-n-604.md	datafw inei	798
53b485fe686927d62c231d3fa17c5425b5a7619508f9da8b1df74ab90a1930f0	datafw/data/raw/inei/enaho/2012/modulo85/documentacion/Diccionario2012.pdf	Unknown	Instituto nacional de estadistica e informatica	Report	Informe técnico	report		2013		Spanish	documento_oficial	media		53b485fe_instituto-nacional-de-estadistica-e-informatica.md	datafw inei	799
cb2cc6df5955f20bc742caf1c6b453024e7f0358e7d364ac44ab65ebf264a6a1	datafw/data/raw/inei/enaho/2012/modulo85/documentacion/FichaTecnica_2012.pdf	Banco Mundial	FichaTecnica 2012	Report	Informe técnico	report	Banco Mundial	2012	norma:resolucion_suprema_097-2010-	Spanish	documento_oficial	alta	Resolucion Suprema Nº 097-2010-	cb2cc6df_fichatecnica-2012.md	datafw inei	800
858cc2b9139855d0476da43054204318c21e52d02ed1fe08f4e92874a799c3ec	datafw/data/raw/inei/enaho/2012/modulo03/documentacion/Ficha técnica de la tasa de asistencia escolar.pdf	Unknown	Ficha técnica de la tasa neta de	Report	Informe	report		2013		Spanish	documento_oficial	media		858cc2b9_ficha-tecnica-de-la-tasa-neta-de.md	datafw inei	801
46eea4ed0d3f89c53d2eeeb3818a2d3a6c003cc7b911af060dc257b182660141	datafw/data/raw/inei/enaho/2012/modulo03/documentacion/CED-01A-300 2012.pdf	Unknown	CED-01A - Caratula ENAHO 2012	Report	Informe	report		2013		Spanish	documento_oficial	media		46eea4ed_ced-01a-caratula-enaho-2012.md	datafw inei	802
53b485fe686927d62c231d3fa17c5425b5a7619508f9da8b1df74ab90a1930f0	datafw/data/raw/inei/enaho/2012/modulo03/documentacion/Diccionario2012.pdf	Unknown	Instituto nacional de estadistica e informatica	Report	Informe técnico	report		2013		Spanish	documento_oficial	media		53b485fe_instituto-nacional-de-estadistica-e-informatica.md	datafw inei	803
cb2cc6df5955f20bc742caf1c6b453024e7f0358e7d364ac44ab65ebf264a6a1	datafw/data/raw/inei/enaho/2012/modulo03/documentacion/FichaTecnica_2012.pdf	Banco Mundial	FichaTecnica 2012	Report	Informe técnico	report	Banco Mundial	2012	norma:resolucion_suprema_097-2010-	Spanish	documento_oficial	alta	Resolucion Suprema Nº 097-2010-	cb2cc6df_fichatecnica-2012.md	datafw inei	804
91a6e3c2161c9449979be103ae5c14337024a7ed918ec4ea91dd7e17b11139a0	datafw/data/raw/inei/enaho/2012/modulo02/documentacion/Criterios para codificar Ocupaciones Peligrosas.pdf	OIT	Criterios para la codificacion de actividades peligrosas	Report	Informe técnico	report	OIT	2013		Spanish	documento_oficial	alta		91a6e3c2_criterios-para-la-codificacion-de-actividades-peligrosas.md	datafw inei	805
2f465f356995b294792d54ba5b292e85db4913f6f9da69d1e13308d51deb84a1	datafw/data/raw/inei/enaho/2012/modulo02/documentacion/CED-01-200 2012.pdf	Unknown	CED-01-Caratula ENAHO 2012	Report	Informe	report		2013		Spanish	documento_oficial	media		2f465f35_ced-01-caratula-enaho-2012.md	datafw inei	806
53b485fe686927d62c231d3fa17c5425b5a7619508f9da8b1df74ab90a1930f0	datafw/data/raw/inei/enaho/2012/modulo02/documentacion/Diccionario2012.pdf	Unknown	Instituto nacional de estadistica e informatica	Report	Informe técnico	report		2013		Spanish	documento_oficial	media		53b485fe_instituto-nacional-de-estadistica-e-informatica.md	datafw inei	807
cb2cc6df5955f20bc742caf1c6b453024e7f0358e7d364ac44ab65ebf264a6a1	datafw/data/raw/inei/enaho/2012/modulo02/documentacion/FichaTecnica_2012.pdf	Banco Mundial	FichaTecnica 2012	Report	Informe técnico	report	Banco Mundial	2012	norma:resolucion_suprema_097-2010-	Spanish	documento_oficial	alta	Resolucion Suprema Nº 097-2010-	cb2cc6df_fichatecnica-2012.md	datafw inei	808
72c7dbc2e4ad835e0da42ba46991c615c3a91596fef4b44a1f9b74e89f6e6c9b	datafw/data/raw/inei/enaho/2012/modulo05/documentacion/Diccionario2012.pdf	Unknown	Instituto nacional de estadistica e informatica	Report	Informe técnico	report		2014		Spanish	documento_oficial	media		72c7dbc2_instituto-nacional-de-estadistica-e-informatica.md	datafw inei	809
cb2cc6df5955f20bc742caf1c6b453024e7f0358e7d364ac44ab65ebf264a6a1	datafw/data/raw/inei/enaho/2012/modulo05/documentacion/FichaTecnica_2012.pdf	Banco Mundial	FichaTecnica 2012	Report	Informe técnico	report	Banco Mundial	2012	norma:resolucion_suprema_097-2010-	Spanish	documento_oficial	alta	Resolucion Suprema Nº 097-2010-	cb2cc6df_fichatecnica-2012.md	datafw inei	810
bed8c450061d7bba344373f9baca00a7a02ec5f33f089d8637f6106b125b50f3	datafw/data/raw/inei/enaho/2012/modulo05/documentacion/CED-01A-500 2012.pdf	Unknown	CED-01A - Caratula ENAHO 2012	Report	Informe técnico	report		2013		Spanish	documento_oficial	media		bed8c450_ced-01a-caratula-enaho-2012.md	datafw inei	811
25264783e3a41ad3604e182ebf7001794a901cb43f21bab1c3142f143341c568	datafw/data/raw/inei/enaho/2012/modulo01/documentacion/FICHA TECNICA_PUNTOS GPS AÑO 2012.pdf	Unknown	Estudio socioeconómico en lima metropolitana	Report	Informe técnico	report		2014		Spanish	documento_oficial	media		25264783_estudio-socioeconomico-en-lima-metropolitana.md	datafw inei	812
404826c7ac1cfb4dfa24e8298b03fb89628efc0be8162d2164dff4d324892e6c	datafw/data/raw/inei/enaho/2012/modulo01/documentacion/CED-01-100 2012 -- Calidad del agua.pdf	Unknown	CED-01-Caratula ENAHO 2012	Report	Informe técnico	report		2013		Spanish	documento_oficial	media		404826c7_ced-01-caratula-enaho-2012.md	datafw inei	813
7ea2b1b5793b8f4bf2a1b8668da449709d4005f57e00d2dd29ecabc4f2c51d53	datafw/data/raw/inei/enaho/2012/modulo01/documentacion/CED-01-100 2012.pdf	Unknown	CED-01-Caratula ENAHO 2012	Report	Informe técnico	report		2013		Spanish	documento_oficial	media		7ea2b1b5_ced-01-caratula-enaho-2012.md	datafw inei	814
72c7dbc2e4ad835e0da42ba46991c615c3a91596fef4b44a1f9b74e89f6e6c9b	datafw/data/raw/inei/enaho/2012/modulo01/documentacion/Diccionario2012.pdf	Unknown	Instituto nacional de estadistica e informatica	Report	Informe técnico	report		2014		Spanish	documento_oficial	media		72c7dbc2_instituto-nacional-de-estadistica-e-informatica.md	datafw inei	815
cb2cc6df5955f20bc742caf1c6b453024e7f0358e7d364ac44ab65ebf264a6a1	datafw/data/raw/inei/enaho/2012/modulo01/documentacion/FichaTecnica_2012.pdf	Banco Mundial	FichaTecnica 2012	Report	Informe técnico	report	Banco Mundial	2012	norma:resolucion_suprema_097-2010-	Spanish	documento_oficial	alta	Resolucion Suprema Nº 097-2010-	cb2cc6df_fichatecnica-2012.md	datafw inei	816
577aee44851d83757b31f0f34e3833ef09797839c0a6d1af32a2f9c3370c90ea	datafw/data/raw/inei/enaho/2012/modulo34/documentacion/Sumaria_2012.pdf	Unknown	Sumaria 2012	Report	Informe técnico	report		2012		Spanish	documento_oficial	media		577aee44_sumaria-2012.md	datafw inei	817
53b485fe686927d62c231d3fa17c5425b5a7619508f9da8b1df74ab90a1930f0	datafw/data/raw/inei/enaho/2012/modulo34/documentacion/Diccionario2012.pdf	Unknown	Instituto nacional de estadistica e informatica	Report	Informe técnico	report		2013		Spanish	documento_oficial	media		53b485fe_instituto-nacional-de-estadistica-e-informatica.md	datafw inei	818
cb2cc6df5955f20bc742caf1c6b453024e7f0358e7d364ac44ab65ebf264a6a1	datafw/data/raw/inei/enaho/2012/modulo34/documentacion/FichaTecnica_2012.pdf	Banco Mundial	FichaTecnica 2012	Report	Informe técnico	report	Banco Mundial	2012	norma:resolucion_suprema_097-2010-	Spanish	documento_oficial	alta	Resolucion Suprema Nº 097-2010-	cb2cc6df_fichatecnica-2012.md	datafw inei	819
632a098bce975b63023ae5448ab0fa141751ed3d5e36ba7a74bf5e5cf5a3949f	datafw/data/raw/inei/enaho/2009/modulo85/documentacion/CUESTIONARIO ENAHO.01b 2009.pdf	Unknown	Decreto Legislativo N.° 604	Report	Informe técnico	report		2009	norma:decreto_legislativo_604	Spanish	documento_oficial	media	DECRETO LEGISLATIVO N° 604	632a098b_decreto-legislativo-n-604.md	datafw inei	820
9097ea4ee232c6dfd115cc17d75278d9b8bcf303dc79e2325b228ac128fe78d1	datafw/data/raw/inei/enaho/2009/modulo85/documentacion/Diccionario.pdf	Unknown	Instituto nacional de estadistica e informatica	Report	Informe técnico	report		2012		Spanish	documento_oficial	media		9097ea4e_instituto-nacional-de-estadistica-e-informatica.md	datafw inei	821
bfc54ac1f4c05e556cd17ca705d5d74fb323529e70b361ae434c607f81d00e63	datafw/data/raw/inei/enaho/2009/modulo85/documentacion/FichaTecnica.pdf	Unknown	Ficha Técnica	Report	Informe técnico	report		2012		Spanish	documento_oficial	media		bfc54ac1_ficha-tecnica.md	datafw inei	822
b760a0ebf063f3301e7779a93d36301742712a796de17a818a96bc05528a75bc	datafw/data/raw/inei/enaho/2009/modulo03/documentacion/Ficha Tecnica-2009.pdf	Unknown	NOTA TÉCNICA:	Report	Informe técnico	report		2012		Spanish	documento_oficial	media		b760a0eb_nota-tecnica.md	datafw inei	823
9097ea4ee232c6dfd115cc17d75278d9b8bcf303dc79e2325b228ac128fe78d1	datafw/data/raw/inei/enaho/2009/modulo03/documentacion/Diccionario.pdf	Unknown	Instituto nacional de estadistica e informatica	Report	Informe técnico	report		2012		Spanish	documento_oficial	media		9097ea4e_instituto-nacional-de-estadistica-e-informatica.md	datafw inei	824
bb5c90714f4faf885eb570883a0d6138b8f79646ebfe87de80bac284e0f279b3	datafw/data/raw/inei/enaho/2009/modulo03/documentacion/CED-01A-300 2009.pdf	Unknown	300. EDUCACIÓN (Para las personas de 3 años y más de edad)	Report	Informe	report		2008		Spanish	documento_oficial	media		bb5c9071_300-educacion-para-las-personas-de-3-anos-y-mas-de-edad.md	datafw inei	825
b760a0ebf063f3301e7779a93d36301742712a796de17a818a96bc05528a75bc	datafw/data/raw/inei/enaho/2009/modulo02/documentacion/Ficha Tecnica-2009.pdf	Unknown	NOTA TÉCNICA:	Report	Informe técnico	report		2012		Spanish	documento_oficial	media		b760a0eb_nota-tecnica.md	datafw inei	826
9097ea4ee232c6dfd115cc17d75278d9b8bcf303dc79e2325b228ac128fe78d1	datafw/data/raw/inei/enaho/2009/modulo02/documentacion/Diccionario.pdf	Unknown	Instituto nacional de estadistica e informatica	Report	Informe técnico	report		2012		Spanish	documento_oficial	media		9097ea4e_instituto-nacional-de-estadistica-e-informatica.md	datafw inei	827
541a4290f29e7305caefd63ccfa69dd6d18d7b6883dfcbb03a2424a926c6d20f	datafw/data/raw/inei/enaho/2009/modulo02/documentacion/CED-01-200 2009.pdf	Unknown	Informante n° 200. características de los miembros del hogar	Report	Informe	report		2008		Spanish	documento_oficial	media		541a4290_informante-n-200-caracteristicas-de-los-miembros-del-hogar.md	datafw inei	828
b760a0ebf063f3301e7779a93d36301742712a796de17a818a96bc05528a75bc	datafw/data/raw/inei/enaho/2009/modulo05/documentacion/Ficha Tecnica-2009.pdf	Unknown	NOTA TÉCNICA:	Report	Informe técnico	report		2012		Spanish	documento_oficial	media		b760a0eb_nota-tecnica.md	datafw inei	829
653dda691fdb371e8a9575d7afa082fcad83ee0906b57221912829a918b6c7c1	datafw/data/raw/inei/enaho/2009/modulo05/documentacion/CED-01A-500 2009.pdf	Unknown	Periodo de referencia : del...………..al………...	Report	Informe técnico	report		2009		Spanish	documento_oficial	media		653dda69_periodo-de-referencia-del-al.md	datafw inei	830
9097ea4ee232c6dfd115cc17d75278d9b8bcf303dc79e2325b228ac128fe78d1	datafw/data/raw/inei/enaho/2009/modulo05/documentacion/Diccionario.pdf	Unknown	Instituto nacional de estadistica e informatica	Report	Informe técnico	report		2012		Spanish	documento_oficial	media		9097ea4e_instituto-nacional-de-estadistica-e-informatica.md	datafw inei	831
ab4c95010f3e7325ad360e4c299abfed3e8e07c0f1586981ca189d0f48003e36	datafw/data/raw/inei/enaho/2009/modulo01/documentacion/ENAHO 2009-Alcances sobre Georeferenciacion.pdf	Unknown	ENAHO georeferenciado 2009	Report	Informe	report		2013		Spanish	documento_oficial	media		ab4c9501_enaho-georeferenciado-2009.md	datafw inei	832
150ac89d71bd8ee4b41e99f1fbb235eb8ef3423cd3c0eb96d490069420f10b69	datafw/data/raw/inei/enaho/2009/modulo01/documentacion/CED-01-100 2009.pdf	Unknown	100. características de la vivienda y del hogar	Report	Informe técnico	report		2007		Spanish	documento_oficial	media		150ac89d_100-caracteristicas-de-la-vivienda-y-del-hogar.md	datafw inei	833
b760a0ebf063f3301e7779a93d36301742712a796de17a818a96bc05528a75bc	datafw/data/raw/inei/enaho/2009/modulo01/documentacion/Ficha Tecnica-2009.pdf	Unknown	NOTA TÉCNICA:	Report	Informe técnico	report		2012		Spanish	documento_oficial	media		b760a0eb_nota-tecnica.md	datafw inei	834
9097ea4ee232c6dfd115cc17d75278d9b8bcf303dc79e2325b228ac128fe78d1	datafw/data/raw/inei/enaho/2009/modulo01/documentacion/Diccionario.pdf	Unknown	Instituto nacional de estadistica e informatica	Report	Informe técnico	report		2012		Spanish	documento_oficial	media		9097ea4e_instituto-nacional-de-estadistica-e-informatica.md	datafw inei	835
d903d8c302632d519827d0145eaa7b9eabbab9a1d4aeef7917071d4e96c5f710	datafw/data/raw/inei/enaho/2009/modulo34/documentacion/Sumaria_2009.pdf	Unknown	Instituto nacional de estadistica	Report	Informe técnico	report		2009		Spanish	documento_oficial	media		d903d8c3_instituto-nacional-de-estadistica.md	datafw inei	836
b760a0ebf063f3301e7779a93d36301742712a796de17a818a96bc05528a75bc	datafw/data/raw/inei/enaho/2009/modulo34/documentacion/Ficha Tecnica-2009.pdf	Unknown	NOTA TÉCNICA:	Report	Informe técnico	report		2012		Spanish	documento_oficial	media		b760a0eb_nota-tecnica.md	datafw inei	837
9097ea4ee232c6dfd115cc17d75278d9b8bcf303dc79e2325b228ac128fe78d1	datafw/data/raw/inei/enaho/2009/modulo34/documentacion/Diccionario.pdf	Unknown	Instituto nacional de estadistica e informatica	Report	Informe técnico	report		2012		Spanish	documento_oficial	media		9097ea4e_instituto-nacional-de-estadistica-e-informatica.md	datafw inei	838
f5fb01801010eab6eac4087eb6e6b7a4d63c3527da34dbc5bca30120de001926	datafw/data/raw/inei/enaho/2004/modulo85/documentacion/CED-01B 2004.pdf	Unknown	Decreto Legislativo N.° 604	Report	Informe técnico	report		2004	norma:decreto_legislativo_604	Spanish	documento_oficial	media	DECRETO LEGISLATIVO N° 604	f5fb0180_decreto-legislativo-n-604.md	datafw inei	839
4250aea8d9862d36a0ee210c72bcbdd46c2c1ec9c17f3fb4167843a98a54891f	datafw/data/raw/inei/enaho/2004/modulo85/documentacion/Diccionario.pdf	Unknown	Instituto nacional de estadistica e informatica	Report	Informe técnico	report		2012		Spanish	documento_oficial	media		4250aea8_instituto-nacional-de-estadistica-e-informatica.md	datafw inei	840
025dfd7423146f42357ddf8fb91dea7aecf71b9149ff6c6a4bbed7d0dc10a5a8	datafw/data/raw/inei/enaho/2004/modulo85/documentacion/Ficha Tecnica - ENAHO 2004.pdf	Unknown	NOTA TÉCNICA:	Report	Informe técnico	report		2007		Spanish	documento_oficial	media		025dfd74_nota-tecnica.md	datafw inei	841
18b6192861ae04c1959488b605315fe4db7eec1ebbda49c9f23ef33de1f585a1	datafw/data/raw/inei/enaho/2004/modulo03/documentacion/Ficha Tecnica - 2004.pdf	Unknown	NOTA TÉCNICA:	Report	Informe técnico	report		2012		Spanish	documento_oficial	media		18b61928_nota-tecnica.md	datafw inei	842
8e2e0a09616e4b15a9156b04b76ae1cfc52c19eafc54ebe4cbf706218be45318	datafw/data/raw/inei/enaho/2004/modulo03/documentacion/CED-01A-300 2004.pdf	Unknown	300. EDUCACIÓN (Para las personas de 3 años y más de edad)	Report	Informe	report				Spanish	documento_oficial	media		8e2e0a09_300-educacion-para-las-personas-de-3-anos-y-mas-de-edad.md	datafw inei	843
4250aea8d9862d36a0ee210c72bcbdd46c2c1ec9c17f3fb4167843a98a54891f	datafw/data/raw/inei/enaho/2004/modulo03/documentacion/Diccionario.pdf	Unknown	Instituto nacional de estadistica e informatica	Report	Informe técnico	report		2012		Spanish	documento_oficial	media		4250aea8_instituto-nacional-de-estadistica-e-informatica.md	datafw inei	844
18b6192861ae04c1959488b605315fe4db7eec1ebbda49c9f23ef33de1f585a1	datafw/data/raw/inei/enaho/2004/modulo02/documentacion/Ficha Tecnica - 2004.pdf	Unknown	NOTA TÉCNICA:	Report	Informe técnico	report		2012		Spanish	documento_oficial	media		18b61928_nota-tecnica.md	datafw inei	845
11c0c1978112228437c06f7ee582881c0474d1cb53fe69f99d79415f9d7b274a	datafw/data/raw/inei/enaho/2004/modulo02/documentacion/CED-01-200 2004.pdf	Unknown	Informante n° 200. características de los miembros del hogar	Report	Informe	report				Spanish	documento_oficial	media		11c0c197_informante-n-200-caracteristicas-de-los-miembros-del-hogar.md	datafw inei	846
4250aea8d9862d36a0ee210c72bcbdd46c2c1ec9c17f3fb4167843a98a54891f	datafw/data/raw/inei/enaho/2004/modulo02/documentacion/Diccionario.pdf	Unknown	Instituto nacional de estadistica e informatica	Report	Informe técnico	report		2012		Spanish	documento_oficial	media		4250aea8_instituto-nacional-de-estadistica-e-informatica.md	datafw inei	847
18b6192861ae04c1959488b605315fe4db7eec1ebbda49c9f23ef33de1f585a1	datafw/data/raw/inei/enaho/2004/modulo05/documentacion/Ficha Tecnica - 2004.pdf	Unknown	NOTA TÉCNICA:	Report	Informe técnico	report		2012		Spanish	documento_oficial	media		18b61928_nota-tecnica.md	datafw inei	848
4250aea8d9862d36a0ee210c72bcbdd46c2c1ec9c17f3fb4167843a98a54891f	datafw/data/raw/inei/enaho/2004/modulo05/documentacion/Diccionario.pdf	Unknown	Instituto nacional de estadistica e informatica	Report	Informe técnico	report		2012		Spanish	documento_oficial	media		4250aea8_instituto-nacional-de-estadistica-e-informatica.md	datafw inei	849
f205806766940c5b353044d2848b549083f44faa7968a57d92a0c4155d6ca48d	datafw/data/raw/inei/enaho/2004/modulo05/documentacion/CED-01A-500 2004.pdf	Unknown	Periodo de referencia : del...………..al………...	Report	Informe técnico	report		2004		Spanish	documento_oficial	media		f2058067_periodo-de-referencia-del-al.md	datafw inei	850
18b6192861ae04c1959488b605315fe4db7eec1ebbda49c9f23ef33de1f585a1	datafw/data/raw/inei/enaho/2004/modulo01/documentacion/Ficha Tecnica - 2004.pdf	Unknown	NOTA TÉCNICA:	Report	Informe técnico	report		2012		Spanish	documento_oficial	media		18b61928_nota-tecnica.md	datafw inei	851
4250aea8d9862d36a0ee210c72bcbdd46c2c1ec9c17f3fb4167843a98a54891f	datafw/data/raw/inei/enaho/2004/modulo01/documentacion/Diccionario.pdf	Unknown	Instituto nacional de estadistica e informatica	Report	Informe técnico	report		2012		Spanish	documento_oficial	media		4250aea8_instituto-nacional-de-estadistica-e-informatica.md	datafw inei	852
850c84e428c2dd4d7040ebb0ccbdd46c3246cdb29b2f23b4ace29efbd017c40e	datafw/data/raw/inei/enaho/2004/modulo01/documentacion/CED-01-100 2004.pdf	Unknown	100. características de la vivienda y del hogar	Report	Informe técnico	report				Spanish	documento_oficial	media		850c84e4_100-caracteristicas-de-la-vivienda-y-del-hogar.md	datafw inei	853
18b6192861ae04c1959488b605315fe4db7eec1ebbda49c9f23ef33de1f585a1	datafw/data/raw/inei/enaho/2004/modulo34/documentacion/Ficha Tecnica - 2004.pdf	Unknown	NOTA TÉCNICA:	Report	Informe técnico	report		2012		Spanish	documento_oficial	media		18b61928_nota-tecnica.md	datafw inei	854
4250aea8d9862d36a0ee210c72bcbdd46c2c1ec9c17f3fb4167843a98a54891f	datafw/data/raw/inei/enaho/2004/modulo34/documentacion/Diccionario.pdf	Unknown	Instituto nacional de estadistica e informatica	Report	Informe técnico	report		2012		Spanish	documento_oficial	media		4250aea8_instituto-nacional-de-estadistica-e-informatica.md	datafw inei	855
e428e4443292c90e5f3aa4a34b7af9961eca8d419c96f3352587ea64350a61ce	datafw/data/raw/inei/epen-lima/2025/m06-08/Diccionario.pdf	Unknown	DICCIONARIO	Report	Informe técnico	report		2025		Spanish	documento_oficial	media		e428e444_diccionario.md	datafw inei	856
03f12e1bcd2a979d8b3026285502054af41dc29ba2ccacc45bd3e430380f03e8	datafw/data/raw/inei/epen-lima/2025/m06-08/Ficha Técnica.pdf	Unknown	Encuesta permanente de empleo	Report	Informe técnico	report		2025		Spanish	documento_oficial	media		03f12e1b_encuesta-permanente-de-empleo.md	datafw inei	857
78fd76b2a5c446284f5762650fddd1c93bf89fa03f03420f599dd8032ba09163	datafw/data/raw/inei/epen-lima/2025/m10-12/Diccionario.pdf	Unknown	DICCIONARIO	Report	Informe técnico	report		2026		Spanish	documento_oficial	media		78fd76b2_diccionario.md	datafw inei	858
06d7a583862bf8926687669a1ac31abe4a0a1a51ea322a7e36fe2cb04b5df276	datafw/data/raw/inei/epen-lima/2025/m10-12/Ficha Técnica.pdf	Unknown	Encuesta permanente de empleo	Report	Informe técnico	report		2026		Spanish	documento_oficial	media		06d7a583_encuesta-permanente-de-empleo.md	datafw inei	859
f056dc600e5a822418caa27774eead53aeb8a248507a92fda941b6422f164da1	datafw/data/raw/inei/epen-lima/2025/m02-04/Diccionario.pdf	Unknown	DICCIONARIO	Report	Informe técnico	report		2025		Spanish	documento_oficial	media		f056dc60_diccionario.md	datafw inei	860
f67a22d7bcf2168bb0a5fe9ac04f879020d01560dc65a3a6d92cc25efa3cdc0d	datafw/data/raw/inei/epen-lima/2025/m02-04/Ficha Técnica.pdf	Unknown	Encuesta permanente de empleo	Report	Informe técnico	report		2025		Spanish	documento_oficial	media		f67a22d7_encuesta-permanente-de-empleo.md	datafw inei	861
fa4e9eda380a0204b4b944a7b55cb6166f45d25ff5b2c37a75c3017d327fe620	datafw/data/raw/inei/epen-lima/2025/m07-09/Diccionario.pdf	Unknown	DICCIONARIO	Report	Informe técnico	report		2025		Spanish	documento_oficial	media		fa4e9eda_diccionario.md	datafw inei	862
7fe7db14042723dec158a915f852f249f1e0407d55dc8b52d9ae416d76a0b64e	datafw/data/raw/inei/epen-lima/2025/m07-09/Ficha Técnica.pdf	Unknown	Encuesta permanente de empleo	Report	Informe técnico	report		2025		Spanish	documento_oficial	media		7fe7db14_encuesta-permanente-de-empleo.md	datafw inei	863
0ee31e3eab473d918ca8fef59028797eccb5113efd58ae366d718c7cdeaee2e7	datafw/data/raw/inei/epen-lima/2025/m01-03/Diccionario.pdf	Unknown	DICCIONARIO	Report	Informe técnico	report		2025		Spanish	documento_oficial	media		0ee31e3e_diccionario.md	datafw inei	864
63b00a3169f4267ccd3a561d0599b4baf671f7d23d02f654df88734014af1942	datafw/data/raw/inei/epen-lima/2025/m01-03/Ficha Técnica.pdf	Unknown	Encuesta permanente de empleo	Report	Informe técnico	report		2025		Spanish	documento_oficial	media		63b00a31_encuesta-permanente-de-empleo.md	datafw inei	865
1b3a259213bb3a15cc450563f5b4e5f27458b258e8c32b3d16ba22a3ff2de1bd	datafw/data/raw/inei/epen-lima/2025/m08-10/Diccionario.pdf	Unknown	DICCIONARIO	Report	Informe técnico	report		2025		Spanish	documento_oficial	media		1b3a2592_diccionario.md	datafw inei	866
4e502a45ee05c6722ef6436dccf6a0fe06215336d769d7b525f3ff35f0b4cd93	datafw/data/raw/inei/epen-lima/2025/m08-10/Ficha Técnica.pdf	Unknown	Encuesta permanente de empleo	Report	Informe técnico	report		2025		Spanish	documento_oficial	media		4e502a45_encuesta-permanente-de-empleo.md	datafw inei	867
8972c0f3ba2e9c56d04a4ee7ac664536f1c674f6776f354c33974f33767939d5	datafw/data/raw/inei/epen-lima/2025/m03-05/Diccionario.pdf	Unknown	DICCIONARIO	Report	Informe técnico	report		2025		Spanish	documento_oficial	media		8972c0f3_diccionario.md	datafw inei	868
d5576e085663531e844707e58e219e5a41b580a8986eaa2a075145ff14aaa4df	datafw/data/raw/inei/epen-lima/2025/m03-05/Ficha Técnica.pdf	Unknown	Encuesta permanente de empleo	Report	Informe técnico	report		2025		Spanish	documento_oficial	media		d5576e08_encuesta-permanente-de-empleo.md	datafw inei	869
685c7a3209894790831830289eb5df4436f03fdd81100ee439efea0692c07a00	datafw/data/raw/inei/epen-lima/2025/m09-11/Diccionario.pdf	Unknown	DICCIONARIO	Report	Informe técnico	report		2025		Spanish	documento_oficial	media		685c7a32_diccionario.md	datafw inei	870
dc2dd29b8f10e9a0a7742904ad8037a68ff27d73f6ca5b03902b6a82427b7fc8	datafw/data/raw/inei/epen-lima/2025/m09-11/Ficha Técnica.pdf	Unknown	Encuesta permanente de empleo	Report	Informe técnico	report		2025		Spanish	documento_oficial	media		dc2dd29b_encuesta-permanente-de-empleo.md	datafw inei	871
9e7f359121d9867a35c83ed0923c8822b0e51fc0ddd837c1479fe9cb0a5ae252	datafw/data/raw/inei/epen-lima/2025/m12-02/Diccionario.pdf	Unknown	DICCIONARIO	Report	Informe técnico	report		2025		Spanish	documento_oficial	media		9e7f3591_diccionario.md	datafw inei	872
98f961bcbff9bb5b70107f0d468aab26ab49c7889c92d68c805ec949701fe7e7	datafw/data/raw/inei/epen-lima/2025/m12-02/Ficha Técnica.pdf	Unknown	Encuesta permanente de empleo	Report	Informe técnico	report		2025		Spanish	documento_oficial	media		98f961bc_encuesta-permanente-de-empleo.md	datafw inei	873
377e8cff3339c12194a98e512736b271cd14a458454c0cb96d123b9c90eb7391	datafw/data/raw/inei/epen-lima/2025/m11-01/Diccionario.pdf	Unknown	DICCIONARIO	Report	Informe técnico	report		2025		Spanish	documento_oficial	media		377e8cff_diccionario.md	datafw inei	874
c085076b99e379ad49812f82be4a5cefe02a7971259df2e1b6149a0bc6e8f08a	datafw/data/raw/inei/epen-lima/2025/m11-01/Ficha Técnica.pdf	Unknown	Encuesta permanente de empleo	Report	Informe técnico	report		2025		Spanish	documento_oficial	media		c085076b_encuesta-permanente-de-empleo.md	datafw inei	875
793909adfc68bec8679817abd618e2622716d52f6535ef6c18203ee0514e5d6e	datafw/data/raw/inei/epen-lima/2025/m04-06/Diccionario.pdf	Unknown	DICCIONARIO	Report	Informe técnico	report		2025		Spanish	documento_oficial	media		793909ad_diccionario.md	datafw inei	876
3a3f4161482f887291db158565957c3522a0626d2cd1ca11e9d92780b76727d9	datafw/data/raw/inei/epen-lima/2025/m04-06/Ficha Técnica.pdf	Unknown	Encuesta permanente de empleo	Report	Informe técnico	report		2025		Spanish	documento_oficial	media		3a3f4161_encuesta-permanente-de-empleo.md	datafw inei	877
745f521ec37eec8e028bbfb57f5449bcd3fda11aba2c024e17e10578ef1d6d00	datafw/data/raw/inei/epen-lima/2026/m06-08/Diccionario.pdf	Unknown	DICCIONARIO	Report	Informe técnico	report		2026		Spanish	documento_oficial	media		745f521e_diccionario.md	datafw inei	878
66592cd3fdd98ee1cc828bab5783f0e2ac84d62cfe83bf9c342354da0e09fd3c	datafw/data/raw/inei/epen-lima/2026/m06-08/Ficha Técnica.pdf	Unknown	Encuesta permanente de empleo	Report	Informe técnico	report		2026		Spanish	documento_oficial	media		66592cd3_encuesta-permanente-de-empleo.md	datafw inei	879
e758c4c5aeb3334a4ebfe44df69a3e39abdc2aec5fbb8bbab49b364cb4f65b98	datafw/data/raw/inei/epen-lima/2026/m02-04/Diccionario.pdf	Unknown	DICCIONARIO	Report	Informe técnico	report		2026		Spanish	documento_oficial	media		e758c4c5_diccionario.md	datafw inei	880
c96e21dc5a5748cf1dd4c0709f0e58c7cf35675e76143caa260adfd5e4dbb782	datafw/data/raw/inei/epen-lima/2026/m02-04/Ficha Técnica.pdf	Unknown	Encuesta permanente de empleo	Report	Informe técnico	report		2026		Spanish	documento_oficial	media		c96e21dc_encuesta-permanente-de-empleo.md	datafw inei	881
8a602b7a6170e43b36efb6e7ecf65631d634ba633e731638bf45c973471793f2	datafw/data/raw/inei/epen-lima/2026/m05-07/Diccionario.pdf	Unknown	DICCIONARIO	Report	Informe técnico	report		2026		Spanish	documento_oficial	media		8a602b7a_diccionario.md	datafw inei	882
64b16168e0a962131a71c7cbf8a59bc1b4c6246f06405b053c6014364db6dbe1	datafw/data/raw/inei/epen-lima/2026/m05-07/Ficha Técnica.pdf	Unknown	Encuesta permanente de empleo	Report	Informe técnico	report		2026		Spanish	documento_oficial	media		64b16168_encuesta-permanente-de-empleo.md	datafw inei	883
686afe8161ef066732e803eeebccaafd20bde77c3476aeaa1de3d3a06c3b8b4f	datafw/data/raw/inei/epen-lima/2026/m03-05/Diccionario.pdf	Unknown	DICCIONARIO	Report	Informe técnico	report		2026		Spanish	documento_oficial	media		686afe81_diccionario.md	datafw inei	884
28db9d5c2828fbabb16521e93ce3fd8c53d4cdd040e82e5025faa46560c3b4ba	datafw/data/raw/inei/epen-lima/2026/m03-05/Ficha Técnica.pdf	Unknown	Encuesta permanente de empleo	Report	Informe técnico	report		2026		Spanish	documento_oficial	media		28db9d5c_encuesta-permanente-de-empleo.md	datafw inei	885
da5d6d9895f9a522c22906f72167e0c1ec991b4a981278e50e2d17a14d18a94b	datafw/data/raw/inei/epen-lima/2026/m12-02/Diccionario.pdf	Unknown	DICCIONARIO	Report	Informe técnico	report		2026		Spanish	documento_oficial	media		da5d6d98_diccionario.md	datafw inei	886
fbcfaa37fb2865d6b57437e8965e4c9cbe1ce5592537383a637dffb04e2fe67c	datafw/data/raw/inei/epen-lima/2026/m12-02/Ficha Técnica.pdf	Unknown	Encuesta permanente de empleo	Report	Informe técnico	report		2026		Spanish	documento_oficial	media		fbcfaa37_encuesta-permanente-de-empleo.md	datafw inei	887
1532c43b499e7e96b2eb861c736d2fff2bca1c59ae1c790873844eb544fbc449	datafw/data/raw/inei/epen-lima/2026/m11-01/Diccionario.pdf	Unknown	DICCIONARIO	Report	Informe técnico	report		2026		Spanish	documento_oficial	media		1532c43b_diccionario.md	datafw inei	888
c1a968994cd59550561ca94429bad187cf4e61843fb5ad8f8c3c1d16898e5828	datafw/data/raw/inei/epen-lima/2026/m11-01/Ficha Técnica.pdf	Unknown	Encuesta permanente de empleo	Report	Informe técnico	report		2026		Spanish	documento_oficial	media		c1a96899_encuesta-permanente-de-empleo.md	datafw inei	889
89a02287e6a74d02694250deeb9da59300d23320b29df747eb179e43be0136aa	datafw/data/raw/inei/epen-lima/2026/m04-06/Diccionario.pdf	Unknown	DICCIONARIO	Report	Informe técnico	report		2026		Spanish	documento_oficial	media		89a02287_diccionario.md	datafw inei	890
ce49e67b0ed63b63d4d3a144bfc58d7828f912f7b67d051dd0e33b796dd5630c	datafw/data/raw/inei/epen-lima/2026/m04-06/Ficha Técnica.pdf	Unknown	Encuesta permanente de empleo	Report	Informe técnico	report		2026		Spanish	documento_oficial	media		ce49e67b_encuesta-permanente-de-empleo.md	datafw inei	891
b1176b5cecb6d5ddffe425abde9e5de9d361174b25ec6773075356d35a08672f	datafw/data/raw/inei/epen-lima/2024/m06-08/Diccionario.pdf	Unknown	DICCIONARIO	Report	Informe técnico	report		2024		Spanish	documento_oficial	media		b1176b5c_diccionario.md	datafw inei	892
1116e39ad1ea3953688eb8fb72389a2df60c832bc608f57cfff084f4add64cd9	datafw/data/raw/inei/epen-lima/2024/m06-08/Ficha Técnica.pdf	Unknown	Encuesta permanente de empleo	Report	Informe técnico	report		2024		Spanish	documento_oficial	media		1116e39a_encuesta-permanente-de-empleo.md	datafw inei	893
816658912058b80fd440d5f30810d433cc4eb5c991495015ef97de3b4bcd930e	datafw/data/raw/inei/epen-lima/2024/m10-12/Diccionario.pdf	Unknown	DICCIONARIO	Report	Informe técnico	report		2025		Spanish	documento_oficial	media		81665891_diccionario.md	datafw inei	894
9fc636d308bb15536decb3923ca041369932b2c08f21583eb723035f3dde534a	datafw/data/raw/inei/epen-lima/2024/m10-12/Ficha Técnica.pdf	Unknown	Encuesta permanente de empleo	Report	Informe técnico	report		2025		Spanish	documento_oficial	media		9fc636d3_encuesta-permanente-de-empleo.md	datafw inei	895
3fa0c85e80729395ae8276183350a985ccd5d3ef81ecada7770aaf2fc5cbea38	datafw/data/raw/inei/epen-lima/2024/m02-04/Diccionario.pdf	Unknown	DICCIONARIO	Report	Informe técnico	report		2024		Spanish	documento_oficial	media		3fa0c85e_diccionario.md	datafw inei	896
f67ea86213105bde31dff2cf44239f982fcddafc0bfe52f7fe7f151a13d11897	datafw/data/raw/inei/epen-lima/2024/m02-04/Ficha Técnica.pdf	Unknown	Encuesta permanente de empleo	Report	Informe técnico	report		2024		Spanish	documento_oficial	media		f67ea862_encuesta-permanente-de-empleo.md	datafw inei	897
5496be116be7d7cd1f75f841e212e270184f12e449c154880673e449a2b3486f	datafw/data/raw/inei/epen-lima/2024/m05-07/Diccionario.pdf	Unknown	DICCIONARIO	Report	Informe técnico	report		2024		Spanish	documento_oficial	media		5496be11_diccionario.md	datafw inei	898
4769712fee6a3548a4bc314f8966143fa39aaf3cbd077ca06e0e49a73c1b0cb6	datafw/data/raw/inei/epen-lima/2024/m05-07/Ficha Técnica.pdf	Unknown	Encuesta permanente de empleo	Report	Informe técnico	report		2024		Spanish	documento_oficial	media		4769712f_encuesta-permanente-de-empleo.md	datafw inei	899
61750bd1a5a634181cbd1ea4f90e9fa464bb824da91aa0093f8f2673f6c69c02	datafw/data/raw/inei/epen-lima/2024/m07-09/Diccionario.pdf	Unknown	DICCIONARIO	Report	Informe técnico	report		2024		Spanish	documento_oficial	media		61750bd1_diccionario.md	datafw inei	900
718002e6b252e97deaf4a62de67dd4ef293475fc1d27b08b0cd09f358972501d	datafw/data/raw/inei/epen-lima/2024/m07-09/Ficha Técnica.pdf	Unknown	Encuesta permanente de empleo	Report	Informe técnico	report		2024		Spanish	documento_oficial	media		718002e6_encuesta-permanente-de-empleo.md	datafw inei	901
c5470d009de368f0734ff28b5b0f8b33c62396c2a95d8a2cbc2abf29d9b0f678	datafw/data/raw/inei/epen-lima/2024/m08-10/Diccionario.pdf	Unknown	DICCIONARIO	Report	Informe técnico	report		2024		Spanish	documento_oficial	media		c5470d00_diccionario.md	datafw inei	902
cdf1485172cde899a1223c123b5ef7d026982fc1b2da91c71abc33064f0424e1	datafw/data/raw/inei/epen-lima/2024/m08-10/Ficha Técnica.pdf	Unknown	Encuesta permanente de empleo	Report	Informe técnico	report		2024		Spanish	documento_oficial	media		cdf14851_encuesta-permanente-de-empleo.md	datafw inei	903
83ebe9102cc10b08fe78e3bdea8af079ef6abfb256a768d3edba4ce84e024214	datafw/data/raw/inei/epen-lima/2024/m03-05/Diccionario.pdf	Unknown	DICCIONARIO	Report	Informe técnico	report		2024		Spanish	documento_oficial	media		83ebe910_diccionario.md	datafw inei	904
c2a17d971399d9798471d0a461b9468901fe895382d0d8dd8966a08f54853f3d	datafw/data/raw/inei/epen-lima/2024/m03-05/Ficha Técnica.pdf	Unknown	Encuesta permanente de empleo	Report	Informe técnico	report		2024		Spanish	documento_oficial	media		c2a17d97_encuesta-permanente-de-empleo.md	datafw inei	905
960b26f9c528a489781c0cc40d560dd1108f1ff5e43291d0cfacf2b673606f57	datafw/data/raw/inei/epen-lima/2024/m09-11/Diccionario.pdf	Unknown	DICCIONARIO	Report	Informe técnico	report		2024		Spanish	documento_oficial	media		960b26f9_diccionario.md	datafw inei	906
90a916b3f3a1155011ba6a27dc7505e0f3eff9436adef0e5fab9400b395404da	datafw/data/raw/inei/epen-lima/2024/m09-11/Ficha Técnica.pdf	Unknown	Encuesta permanente de empleo	Report	Informe técnico	report		2024		Spanish	documento_oficial	media		90a916b3_encuesta-permanente-de-empleo.md	datafw inei	907
cd814b30e8ef5f95345a8f36a9cccdf232a43bae4a0e987f6a1fdfd1005a32c5	datafw/data/raw/inei/epen-lima/2024/m12-02/Diccionario.pdf	Unknown	DICCIONARIO	Report	Informe técnico	report		2024		Spanish	documento_oficial	media		cd814b30_diccionario.md	datafw inei	908
3da8a03a778573ffa055be86e4926cfd4d954326ab630a67a6a7e3402fd9a028	datafw/data/raw/inei/epen-lima/2024/m12-02/Ficha Técnica.pdf	Unknown	Encuesta permanente de empleo	Report	Informe técnico	report		2024		Spanish	documento_oficial	media		3da8a03a_encuesta-permanente-de-empleo.md	datafw inei	909
f6cb60c74c0fc60e624768f34e147c88b2075d27a952817f58e62914a00fdd52	datafw/data/raw/inei/epen-lima/2024/m11-01/Diccionario.pdf	Unknown	DICCIONARIO	Report	Informe técnico	report		2024		Spanish	documento_oficial	media		f6cb60c7_diccionario.md	datafw inei	910
6086b58bc3fe9376eb4074b6dfcb2638fbf08a1bd5cbe0177694091c5bfbd448	datafw/data/raw/inei/epen-lima/2024/m11-01/Ficha Técnica.pdf	Unknown	Encuesta permanente de empleo	Report	Informe técnico	report		2024		Spanish	documento_oficial	media		6086b58b_encuesta-permanente-de-empleo.md	datafw inei	911
c2012022f613a8dacc605774cd0e577bdc3ec0ab0ead9d1ea3285cf3e92840fc	datafw/data/raw/inei/epen-lima/2024/m04-06/Diccionario.pdf	Unknown	DICCIONARIO	Report	Informe técnico	report		2024		Spanish	documento_oficial	media		c2012022_diccionario.md	datafw inei	912
a3866f74b372e53a27dc6bea566c16e7fe76ca3d648592acb51cd52ca2b91878	datafw/data/raw/inei/epen-lima/2024/m04-06/Ficha Técnica.pdf	Unknown	Encuesta permanente de empleo	Report	Informe técnico	report		2024		Spanish	documento_oficial	media		a3866f74_encuesta-permanente-de-empleo.md	datafw inei	913
f6e5aac37700a3f3b520634ec308665223c04db3827606d955190237992ea08e	datafw/data/raw/inei/epen-lima/2023/m06-08/Diccionario.pdf	Unknown	DICCIONARIO	Report	Informe técnico	report		2023		Spanish	documento_oficial	media		f6e5aac3_diccionario.md	datafw inei	914
2568b13976c2a8504c5ab432cfb5192db4e3cd61d89a7055040f37703a7fc5f5	datafw/data/raw/inei/epen-lima/2023/m10-12/Diccionario.pdf	Unknown	DICCIONARIO	Report	Informe técnico	report		2024		Spanish	documento_oficial	media		2568b139_diccionario.md	datafw inei	915
40ba076dd50a4a71311321c4a0b98d96c41c818a5ca91720a45b0ad6acfd6fed	datafw/data/raw/inei/epen-lima/2023/m10-12/Ficha Técnica.pdf	Unknown	Encuesta permanente de empleo	Report	Informe técnico	report		2024		Spanish	documento_oficial	media		40ba076d_encuesta-permanente-de-empleo.md	datafw inei	916
1c2751cb7e191e8f7408b08481d6b2d1498b47de640ebe9ce6379e387b20b675	datafw/data/raw/inei/epen-lima/2023/m05-07/Diccionario.pdf	Unknown	DICCIONARIO	Report	Informe técnico	report		2023		Spanish	documento_oficial	media		1c2751cb_diccionario.md	datafw inei	917
5ae4489b9583983355dea3048e34ebbe10c5eb77f0f9714c98c801f60bc2e968	datafw/data/raw/inei/epen-lima/2023/m05-07/Ficha Técnica.pdf	Unknown	Encuesta permanente de empleo	Report	Informe técnico	report		2023		Spanish	documento_oficial	media		5ae4489b_encuesta-permanente-de-empleo.md	datafw inei	918
394bfde4b0c93a146adcb599008ac82624fe0b21fa63965e11ad81bf61c07d89	datafw/data/raw/inei/epen-lima/2023/m07-09/Diccionario.pdf	Unknown	DICCIONARIO	Report	Informe técnico	report		2023		Spanish	documento_oficial	media		394bfde4_diccionario.md	datafw inei	919
d41f6b9718769613790b5809daad3af54429d548a5911df78b9f3588ba6fc954	datafw/data/raw/inei/epen-lima/2023/m07-09/Ficha Técnica.pdf	Unknown	Encuesta permanente de empleo	Report	Informe técnico	report		2023		Spanish	documento_oficial	media		d41f6b97_encuesta-permanente-de-empleo.md	datafw inei	920
9ea7e6e2c744957c30ca1b6a3a69e81a49d0e324b00e5dc14cc1155dfa33cbb1	datafw/data/raw/inei/epen-lima/2023/m08-10/Diccionario.pdf	Unknown	DICCIONARIO	Report	Informe técnico	report		2023		Spanish	documento_oficial	media		9ea7e6e2_diccionario.md	datafw inei	921
305b7a6c57aef1f405396a45613cc473f415181d719599d363081bfd1425e8d0	datafw/data/raw/inei/epen-lima/2023/m08-10/Ficha Técnica.pdf	Unknown	Encuesta permanente de empleo	Report	Informe técnico	report		2023		Spanish	documento_oficial	media		305b7a6c_encuesta-permanente-de-empleo.md	datafw inei	922
a4529b8cb33149afc41c61cf1a2608b3e285f02964f4337f40fc4d5db74d6e11	datafw/data/raw/inei/epen-lima/2023/m09-11/Diccionario.pdf	Unknown	DICCIONARIO	Report	Informe técnico	report		2023		Spanish	documento_oficial	media		a4529b8c_diccionario.md	datafw inei	923
c17168c662dff637a4832d9594dfa0c87fd42c5f44eef2226030eb0ecef3b217	datafw/data/raw/inei/epen-lima/2023/m09-11/Ficha Técnica.pdf	Unknown	Encuesta permanente de empleo	Report	Informe técnico	report		2023		Spanish	documento_oficial	media		c17168c6_encuesta-permanente-de-empleo.md	datafw inei	924
3d358956ea525c423297c3af9fbcdc65cc6b5e89d50912244d731199ce93c84e	datafw/data/raw/escale/endi/2018/documentacion/ficha-tecnica-endi-2018.pdf	Unknown	Encuesta nacional a directivos de instituciones educativas	Report	Informe técnico	report		2019		Spanish	documento_oficial	media		3d358956_encuesta-nacional-a-directivos-de-instituciones-educativas.md	datafw escale	1
3f9f46375d4a601ded7a821cbf9c3366e855385a359d371f19afecb9a8455423	datafw/data/raw/escale/endi/2018/documentacion/cuestionario-endi-2018.pdf	Unknown	Encuesta nacional a directivos de instituciones	Report	Informe técnico	report		2018		Spanish	documento_oficial	media		3f9f4637_encuesta-nacional-a-directivos-de-instituciones.md	datafw escale	2
ac1f45df6a3b67c117471ac0e895542e58cb905dbc8b06896791bccaa9c55265	datafw/data/raw/escale/endi/2021/documentacion/cuestionario-endi-remota-2021.pdf	Unknown	Encuesta nacional a directivos de instituciones educativas públicas	Report	Informe técnico	report		2022		Spanish	documento_oficial	media		ac1f45df_encuesta-nacional-a-directivos-de-instituciones-educativas.md	datafw escale	3
a8a89096b07a031a2a6adc4c4aaaf8ac2b337ac94cf152f75abc05d6e478f3dd	datafw/data/raw/escale/endi/2021/documentacion/ficha-tecnica-endi-remota-2021.pdf	Unknown	Decenio de la Igualdad de oportunidades para mujeres y hombres	Report	Informe técnico	report		2022		Spanish	documento_oficial	media		a8a89096_decenio-de-la-igualdad-de-oportunidades-para-mujeres-y.md	datafw escale	4
e673e32c581f4bd49c1ca5b213ac1f686915de599dd4f4901dd47e4c5e262d6b	datafw/data/raw/escale/endi/2023/documentacion/cuestionario-endi-v009-41.pdf	Unknown	Unidad de Seguimiento y	Report	Informe técnico	report		2023		Spanish	documento_oficial	media		e673e32c_unidad-de-seguimiento-y.md	datafw escale	5
74231cba1fe8e9afa9f71dca35274e3db7da23a3b2eb658b8cd7dc3ca8e4fc4d	datafw/data/raw/escale/endi/2023/documentacion/ficha-tecnica-endi-2023-11.pdf	Unknown	Decenio de la igualdad de oportunidades para mujeres y hombres	Report	Informe técnico	report		2023		Spanish	documento_oficial	media		74231cba_decenio-de-la-igualdad-de-oportunidades-para-mujeres-y.md	datafw escale	6
89a95946d62151b88abb0a2a20501c3820ac491ecb89e0774d0b603f3a7ca423	datafw/data/raw/escale/censo-escolar/2015/documentacion/cedula-1b-2015.pdf	Unknown	Censo escolar 2015	Report	Informe técnico	report		2016		Spanish	documento_oficial	media		89a95946_censo-escolar-2015.md	datafw escale	7
34118b17b5a7dfede47b0be8f5f4821e6ee10748116e4a8e64bf78e1341ae07b	datafw/data/raw/escale/censo-escolar/2015/documentacion/cedula-5a-2015.pdf	Unknown	Ministerio de educación	Report	Informe técnico	report		2015		Spanish	documento_oficial	media		34118b17_ministerio-de-educacion.md	datafw escale	8
b104046305881cb4172d9cfc36f65a39cca49b342d76d5112508d2432a530f9b	datafw/data/raw/escale/censo-escolar/2015/documentacion/cedula-3a-2015.pdf	Unknown	Censo escolar 2015	Report	Informe técnico	report		2015		Spanish	documento_oficial	media		b1040463_censo-escolar-2015.md	datafw escale	9
5d98d1afed170e9153efc2f2c3a37532f0c3c67028b7c50000c5ae7b3c483c58	datafw/data/raw/escale/censo-escolar/2015/documentacion/cedula-7b-2015.pdf	Unknown	Censo escolar 2015	Report	Informe técnico	report		2016		Spanish	documento_oficial	media		5d98d1af_censo-escolar-2015.md	datafw escale	10
f57eb01fb338e1b7ee700782d587502a32e02f99e873043209db2726df25ab91	datafw/data/raw/escale/censo-escolar/2015/documentacion/cedula-4b-2015.pdf	Unknown	Censo escolar 2015	Report	Informe técnico	report		2016		Spanish	documento_oficial	media		f57eb01f_censo-escolar-2015.md	datafw escale	11
d3b2a567cc9a5b754173be31ffb436a968726404417e7bc3be96e56704ccdf84	datafw/data/raw/escale/censo-escolar/2015/documentacion/cedula-8b-2015.pdf	Unknown	Censo escolar 2016	Report	Informe técnico	report		2016		Spanish	documento_oficial	media		d3b2a567_censo-escolar-2016.md	datafw escale	12
b13a77f8969de722c4e50819c06030544fe4a23a8058e5b14ee332b26ab6cad0	datafw/data/raw/escale/censo-escolar/2015/documentacion/cedula-7a-2015.pdf	Unknown	Ministerio de educación	Report	Informe técnico	report		2015		Spanish	documento_oficial	media		b13a77f8_ministerio-de-educacion.md	datafw escale	13
b26f599962a89ea19935b37dd6a5439f8a0f0b6572fb13f87414129b9f80bf63	datafw/data/raw/escale/censo-escolar/2015/documentacion/00-diccionario-padron-2015.pdf	Unknown	Diccionario Censo Escolar 2007 - CE03	Report	Informe técnico	report		2015		Spanish	documento_oficial	media		b26f5999_diccionario-censo-escolar-2007-ce03.md	datafw escale	14
f9e4221deef566d80dd67c9bbf9d7337ed1b1fb175f3932268b8b3a520e657bf	datafw/data/raw/escale/censo-escolar/2015/documentacion/cedula-2b-2015.pdf	Unknown	Censo escolar 2015	Report	Informe técnico	report		2016		Spanish	documento_oficial	media		f9e4221d_censo-escolar-2015.md	datafw escale	15
0c0a080fcd34b55e442acb7676d6f6ec7b8e1be0f4069d080ab55a7886b949cb	datafw/data/raw/escale/censo-escolar/2015/documentacion/cedula-9a-2015.pdf	Unknown	Ministerio de educación	Report	Informe técnico	report		2015		Spanish	documento_oficial	media		0c0a080f_ministerio-de-educacion.md	datafw escale	16
c71b2e0256c8f829e4e5e1ede665136dd4be6932cf3d5e2b7376c22a7d6f6a02	datafw/data/raw/escale/censo-escolar/2015/documentacion/cedula-3b-2015.pdf	Unknown	Censo escolar 2015	Report	Informe técnico	report		2016		Spanish	documento_oficial	media		c71b2e02_censo-escolar-2015.md	datafw escale	17
d78fab3136daab5c1ded089fdde57c717487d49b00fda72a57c2cb209e3daa32	datafw/data/raw/escale/censo-escolar/2015/documentacion/cedula-6a-2015.pdf	Unknown	Ministerio de educación	Report	Informe técnico	report		2015		Spanish	documento_oficial	media		d78fab31_ministerio-de-educacion.md	datafw escale	18
621be5b69cc71571641276e4ded4ce866854668145ecb7cedc20e5c96e1f7cb5	datafw/data/raw/escale/censo-escolar/2015/documentacion/cedula-8a-2015.pdf	Unknown	Censo escolar 2015	Report	Informe técnico	report		2015		Spanish	documento_oficial	media		621be5b6_censo-escolar-2015.md	datafw escale	19
d97785128c6dafc404f093a0627d6d92e02b49c2f46ead94ef755106178770a0	datafw/data/raw/escale/censo-escolar/2015/documentacion/cedula-2a-2015.pdf	Unknown	Censo escolar 2015	Report	Informe técnico	report		2015		Spanish	documento_oficial	media		d9778512_censo-escolar-2015.md	datafw escale	20
942c695e422d7b0fea2a51c113d13c944b04618992e2ee4a20c85a6346c830d2	datafw/data/raw/escale/censo-escolar/2015/documentacion/cedula-1a-2015.pdf	Unknown	Ministerio de educación	Report	Informe técnico	report		2015		Spanish	documento_oficial	media		942c695e_ministerio-de-educacion.md	datafw escale	21
39706764771e9a50423c842b21a55a0b1305cb629bf37d6aa4cc4a2a6b8d906c	datafw/data/raw/escale/censo-escolar/2015/documentacion/00-diccionario-de-datos-censo-escolar-2015.pdf	Unknown	Diccionario de datos – Censo Escolar 2015	Report	Informe técnico	report		2015		Spanish	documento_oficial	media		39706764_diccionario-de-datos-censo-escolar-2015.md	datafw escale	22
27d567fcebc3275a9bc2a9f4af16c743e312262b7499d6b2acef305d73823aa7	datafw/data/raw/escale/censo-escolar/2015/documentacion/00-censo-escolar-2015-resultado-del-ejercicio.pdf	Unknown	Censo Escolar 2015 – Módulo Resultado del Ejercicio Educativo	Report	Informe técnico	report		2016		Spanish	documento_oficial	media		27d567fc_censo-escolar-2015-modulo-resultado-del-ejercicio-educativo.md	datafw escale	23
03a62e06e71a11fa7dd41809174f4a0fae1856124d229fdc042c7483898a21e6	datafw/data/raw/escale/censo-escolar/2015/documentacion/cedula-6b-2015.pdf	Unknown	Censo escolar 2015	Report	Informe técnico	report		2016		Spanish	documento_oficial	media		03a62e06_censo-escolar-2015.md	datafw escale	24
9024040218da03adca03db6414b5436f15144b1142e6060e1c15901c3b0be0ce	datafw/data/raw/escale/censo-escolar/2015/documentacion/cedula-11-2015.pdf	Unknown	Censo escolar 2015	Report	Informe técnico	report		2015		Spanish	documento_oficial	media		90240402_censo-escolar-2015.md	datafw escale	25
baba1b172fa1fbd9611eda65b2da67a735e891dc02068c584bd2da57310f9297	datafw/data/raw/escale/censo-escolar/2015/documentacion/cedula-9b-2015.pdf	Unknown	Censo escolar 2015	Report	Informe técnico	report		2016		Spanish	documento_oficial	media		baba1b17_censo-escolar-2015.md	datafw escale	26
9758e8264abd4bb051f2bfb63c44957ef00b77442876032fa466a2ceb08cfce3	datafw/data/raw/escale/censo-escolar/2015/documentacion/cedula-5b-2015.pdf	Unknown	Censo escolar 2015	Report	Informe técnico	report		2016		Spanish	documento_oficial	media		9758e826_censo-escolar-2015.md	datafw escale	27
e1866efeb65c6a57b38cb0acc1e3e140ef1ae21c3f43b587e479ac376d4d38c5	datafw/data/raw/escale/censo-escolar/2015/documentacion/cedula-4a-2015.pdf	Unknown	Ministerio de educación	Report	Informe técnico	report		2015		Spanish	documento_oficial	media		e1866efe_ministerio-de-educacion.md	datafw escale	28
a6577ef317f266ab66d458718dfa6f64ee409c259c3303eefd15a2792c24ada2	datafw/data/raw/escale/censo-escolar/2025/documentacion/cedula-8acp-censo-educativo-2025.pdf	Unknown	Censo censo educativo 2025	Report	Informe	report		2025		Spanish	documento_oficial	media		a6577ef3_censo-censo-educativo-2025.md	datafw escale	29
e6667b15d596a7617cd7a1c2907eb5e006270edee8e20746ac97fffede780c9f	datafw/data/raw/escale/censo-escolar/2025/documentacion/cedula-4ai-censo-educativo-2025.pdf	Unknown	Cedula 4AI Censo Educativo 2023 [Recuperado]	Report	Informe	report		2023		Spanish	documento_oficial	media		e6667b15_cedula-4ai-censo-educativo-2023-recuperado.md	datafw escale	30
a6c9df3047540d3922c2d30bd6800ddb8347b700dba5941b2d6f06cd0aef5378	datafw/data/raw/escale/censo-escolar/2025/documentacion/00-diccionario-de-datos-le-2025.pdf	Unknown	LOCAL EDUCATIVO:	Report	Informe	report				Spanish	documento_oficial	media	OCR pendiente;	a6c9df30_local-educativo.md	datafw escale	31
3df59e2e98b389a6dadf4f6263609d0163f2f25276f07ae883494a37be886f13	datafw/data/raw/escale/censo-escolar/2025/documentacion/cedula-5a-censo-educativo-2025.pdf	Unknown	Cedula 5A Censo Educativo 2022	Report	Informe	report		2022	norma:ley_23585	Spanish	documento_oficial	media	LEY Nº 23585	3df59e2e_cedula-5a-censo-educativo-2022.md	datafw escale	32
fbf4ae34ade100868e92562be82abdba6bd9f516f105200831693d7f9b1f316c	datafw/data/raw/escale/censo-escolar/2025/documentacion/cedula-9a-censo-educativo-2025.pdf	Unknown	Cedula 9A Censo Educativo 2022	Document	Documento oficial	document		2022	norma:ley_23585	Spanish	documento_oficial	alta	LEY Nº 23585	fbf4ae34_cedula-9a-censo-educativo-2022.md	datafw escale	33
84c4b38ddbcaad0031f49336934140e6d3fd3df5946e60c80f68380c1cc44e81	datafw/data/raw/escale/censo-escolar/2025/documentacion/cedula-7a-censo-educativo-2025.pdf	Unknown	Cedula 7A Censo Educativo 2022	Document	Documento oficial	document		2022		Spanish	documento_oficial	alta		84c4b38d_cedula-7a-censo-educativo-2022.md	datafw escale	34
2bb228d802fb51945886ca9e6a202a0a0b9762d238f024638df3868ddb96ba23	datafw/data/raw/escale/censo-escolar/2025/documentacion/cedula-7b-censo-educativo-2025.pdf	Unknown	Cedula 7B -2022 02 03	Report	Informe	report		2022		Spanish	documento_oficial	media		2bb228d8_cedula-7b-2022-02-03.md	datafw escale	35
6023331f87145212866afbdb5ecca2d2e542fb4eb524added95024f0c9c2fd35	datafw/data/raw/escale/censo-escolar/2025/documentacion/cedula-5b-censo-educativo-2025.pdf	Unknown	Cedula 5B -2022 02 03	Report	Informe	report		2022		Spanish	documento_oficial	media		6023331f_cedula-5b-2022-02-03.md	datafw escale	36
50c728e8dc387c8004cf2b3ffbf32e4c7cee4a12f29f042bbd9e3e0520fdc06a	datafw/data/raw/escale/censo-escolar/2025/documentacion/cedula-8ai-censo-educativo-2025.pdf	Unknown	Censo censo educativo 2025	Report	Informe	report		2022		Spanish	documento_oficial	media		50c728e8_censo-censo-educativo-2025.md	datafw escale	37
78b506eb6634f6c0b0d959efadbc382c460dd03976c29ca353413c18ca640c69	datafw/data/raw/escale/censo-escolar/2025/documentacion/cedula-8ap-censo-educativo-2025.pdf	Unknown	Censo censo educativo 2025	Report	Informe	report		2022		Spanish	documento_oficial	media		78b506eb_censo-censo-educativo-2025.md	datafw escale	38
63af2c648f424851633699538a7bb4a290278231814e08ef39b73a5ebed4c821	datafw/data/raw/escale/censo-escolar/2025/documentacion/cedula-3as-censo-educativo-2025.pdf	Unknown	Cedula 3AS Censo Educativo -20-02-2025 Hrs 1505	Report	Informe	report		2025		Spanish	documento_oficial	media		63af2c64_cedula-3as-censo-educativo-20-02-2025-hrs-1505.md	datafw escale	39
fbf5182614dae15dda230407fb3e13ea7ceaa0df835d6393853ad6b3f0b01578	datafw/data/raw/escale/censo-escolar/2025/documentacion/cedula-8bp-censo-educativo-2025.pdf	Unknown	Cedula 8BP-Censo Educativo 2021	Report	Informe	report		2021	norma:decreto_supremo_072-2012-	Spanish	documento_oficial	media	Decreto Supremo N° 072-2012-	fbf51826_cedula-8bp-censo-educativo-2021.md	datafw escale	40
805a063a6f754acf1edf01e908b698d3ff16ff95721768b97343cd5c219fb859	datafw/data/raw/escale/censo-escolar/2025/documentacion/cedula-8a-censo-educativo-2025.pdf	Unknown	Cedula 8A Censo Educativo 20244	Report	Informe	report		2024	norma:decreto_supremo_010-2021-	Spanish	documento_oficial	media	Decreto SupremoN.° 010-2021-	805a063a_cedula-8a-censo-educativo-20244.md	datafw escale	41
070cab8f1fb1bf72d8891960bf6a3dbd96a232a5451fece7765e7b213fbd2bba	datafw/data/raw/escale/censo-escolar/2025/documentacion/00-diccionario-de-datos-ce-2025.pdf	Unknown	o Descripción de las cédulas del Censo Educativo 2025 ........................................ 2	Report	Informe	report		2025		Spanish	documento_oficial	media		070cab8f_o-descripcion-de-las-cedulas-del-censo-educativo-2025-2.md	datafw escale	42
83081444cef5b65b18a8c92b3512e358f69d7e110cdb9c8f30bfd076b715233b	datafw/data/raw/escale/censo-escolar/2025/documentacion/cedula-9b-censo-educativo-2025.pdf	Unknown	Cedula 9B -2022 02 03	Report	Informe	report		2022		Spanish	documento_oficial	media		83081444_cedula-9b-2022-02-03.md	datafw escale	43
f49d7a87211c7fc14b590c02cacbfd77b235843332947f95a174a3caa8c6033c	datafw/data/raw/escale/censo-escolar/2025/documentacion/cedula11-local-educativo-fuie-2025.pdf	Unknown	Censo educativo 2025	Book	Libro	book		2024		Spanish	documento_oficial	media		f49d7a87_censo-educativo-2025.md	datafw escale	44
5d99dab5105ccc0aeac4d7325bf81f901a4d43dfc1b1c3e0ac2c0fe171a6c6a3	datafw/data/raw/escale/censo-escolar/2025/documentacion/cedula-6a-censo-educativo-2025.pdf	Unknown	Cedula 6A Censo Educativo 2022	Document	Documento oficial	document		2023	norma:ley_23585	Spanish	documento_oficial	alta	LEY Nº 23585	5d99dab5_cedula-6a-censo-educativo-2022.md	datafw escale	45
9423093f5d2303ca023af5a3753c468c8b0a2a1e115c0a627c821977183e6e26	datafw/data/raw/escale/censo-escolar/2025/documentacion/cedula-8bi-censo-educativo-2025.pdf	Unknown	Cedula 8BI -Censo Educativo 2021	Report	Informe	report		2021	norma:decreto_supremo_072-2012-	Spanish	documento_oficial	media	Decreto Supremo N° 072-2012-	9423093f_cedula-8bi-censo-educativo-2021.md	datafw escale	46
ce684eec76d7d5264d98c6d5e84ce14454e0d9c442bf63df4e292c3ba3c02abe	datafw/data/raw/escale/censo-escolar/2025/documentacion/cedula-4aa-censo-educativo-2025.pdf	Unknown	Cedula 4AA Censo Educativo 2023zz [Recuperado]	Report	Informe	report		2025		Spanish	documento_oficial	media		ce684eec_cedula-4aa-censo-educativo-2023zz-recuperado.md	datafw escale	47
8f0376043838f7f6412aa548419b1afedaaca8444474c0a97cfba96b9b59f113	datafw/data/raw/escale/censo-escolar/2025/documentacion/manual-cedula11-local-educativo-fuie.pdf	Unknown	Manual del director – FUIE – CE 2025	Book	Libro	book		2025		Spanish	documento_oficial	media		8f037604_manual-del-director-fuie-ce-2025.md	datafw escale	48
74fb6c6fc1a0061eb0cf83e23689c0f49de9eb2be7955e4704ceaccaa05eea91	datafw/data/raw/escale/censo-escolar/2025/documentacion/cedula-2pc-censo-educativo-2025.pdf	Unknown	Cedula 2PC Censo Educativo 2021	Report	Informe	report		2023		Spanish	documento_oficial	media		74fb6c6f_cedula-2pc-censo-educativo-2021.md	datafw escale	49
8857c6235f8f27c5cb7e8f9f97c27bb2e9edce075ce965c990342ba666849a6e	datafw/data/raw/escale/censo-escolar/2025/documentacion/00-dicionario-datos-resultado-2025.pdf	Unknown	Diccionario de datos	Report	Informe técnico	report		2026		Spanish	documento_oficial	media		8857c623_diccionario-de-datos.md	datafw escale	50
4a78a8c3c0e9e4b34a52d04856b783544c9ee6b5dfefcd9c3e8a6b70bf8bcad6	datafw/data/raw/escale/censo-escolar/2025/documentacion/00-diccionario-marco-censal-2025.pdf	Unknown	Unidad de Estadística – MINEDU.	Report	Informe técnico	report		2026		Spanish	documento_oficial	media		4a78a8c3_unidad-de-estadistica-minedu.md	datafw escale	51
1abe72058e2c9d02f2e1dd43903953c7bf2c9284559dd82579e67e0a03a1513a	datafw/data/raw/escale/censo-escolar/2025/documentacion/cedula-6b-censo-educativo-2025.pdf	Unknown	Cedula 6B - 2022 02 03	Report	Informe	report		2022		Spanish	documento_oficial	media		1abe7205_cedula-6b-2022-02-03.md	datafw escale	52
9f34f39f4818f226edb9bb22c8eff62f88359756480a4890ddc8dd492f6f626f	datafw/data/raw/escale/censo-escolar/2025/documentacion/cedula-1a-censo-educativo-2025.pdf	Unknown	Cedula 1A Censo Educativo 2022	Report	Informe	report		2022		Spanish	documento_oficial	media		9f34f39f_cedula-1a-censo-educativo-2022.md	datafw escale	53
52866c0564863bfceb58624ddf9a5a25a0f1dd177014be34c1638a8a37f2518d	datafw/data/raw/escale/censo-escolar/2025/documentacion/cedula-3ap-censo-educativo-2025.pdf	Unknown	Cedula 3AS Censo Educativo 2024	Report	Informe	report		2025		Spanish	documento_oficial	media		52866c05_cedula-3as-censo-educativo-2024.md	datafw escale	54
806e906759d2880a949b6bc01870a1b130c5e9d6db7ff1afb103b13d2694c413	datafw/data/raw/escale/censo-escolar/2025/documentacion/cedula-2a-censo-educativo-2025.pdf	Unknown	Censo censo educativo 2025	Report	Informe	report		2025		Spanish	documento_oficial	media		806e9067_censo-censo-educativo-2025.md	datafw escale	55
7a67b43c6e37dde9b5c788a24a61bcf1357186ccee4bab9ff680bcc2e64d6823	datafw/data/raw/escale/censo-escolar/2008/documentacion/cedula-04-2008.pdf	Unknown	Censo escolar 2008 cédula	Report	Informe técnico	report		2008		Spanish	documento_oficial	media		7a67b43c_censo-escolar-2008-cedula.md	datafw escale	56
8afda118db15a232af2f8358c56ec54dfaf3416c75a3bbc0b048ce4c406a522d	datafw/data/raw/escale/censo-escolar/2008/documentacion/cedula-01-2008.pdf	Unknown	Censo escolar 2008 cédula	Report	Informe técnico	report		2008		Spanish	documento_oficial	media		8afda118_censo-escolar-2008-cedula.md	datafw escale	57
5af08637d845e8c3670267a6af235ff02270dc5e6d3e80e407e67f266aa32645	datafw/data/raw/escale/censo-escolar/2008/documentacion/cedula-08-2008.pdf	Unknown	Censo escolar 2008 cédula	Report	Informe técnico	report		2008		Spanish	documento_oficial	media		5af08637_censo-escolar-2008-cedula.md	datafw escale	58
bde9f06ff508f2297df36d176fa6bea97c3c64a124839c74e84efe51a4316ed2	datafw/data/raw/escale/censo-escolar/2008/documentacion/cedula-06-2008.pdf	Unknown	Censo escolar 2008 cédula	Report	Informe técnico	report		2008		Spanish	documento_oficial	media		bde9f06f_censo-escolar-2008-cedula.md	datafw escale	59
c0a4fd4cef0d1cf75577a55bf78cda0fd308522d3bff4816389e4b62951a5fb1	datafw/data/raw/escale/censo-escolar/2008/documentacion/0-diccionario-de-datos-del-censo-escolar-2008.pdf	Unknown	Descripcion de tablas del censo escolar 2000	Report	Informe técnico	report		2009		Spanish	documento_oficial	media		c0a4fd4c_descripcion-de-tablas-del-censo-escolar-2000.md	datafw escale	60
c11e139e7b3ba41fc4f07ed18a99c0e3d93a6d4e667fee5106a3eb4a6530b69c	datafw/data/raw/escale/censo-escolar/2008/documentacion/cedula-03-2008.pdf	Unknown	Censo escolar 2008 cédula	Report	Informe técnico	report		2008		Spanish	documento_oficial	media		c11e139e_censo-escolar-2008-cedula.md	datafw escale	61
dd9c7ab791d37d070abe08321cecb5ea86b38220ce5acd94706eb682f96c13bb	datafw/data/raw/escale/censo-escolar/2008/documentacion/cedula-07-2008.pdf	Unknown	Censo escolar 2008 cédula	Report	Informe técnico	report		2008		Spanish	documento_oficial	media		dd9c7ab7_censo-escolar-2008-cedula.md	datafw escale	62
0c94ff7f0d79f6fd80388d55418e4f73349b485bd2a5f5e5cf9197623be6a226	datafw/data/raw/escale/censo-escolar/2008/documentacion/cedula-02-2008.pdf	Unknown	Censo escolar 2008	Report	Informe técnico	report		2008		Spanish	documento_oficial	media		0c94ff7f_censo-escolar-2008.md	datafw escale	63
2006534045c423e1932f314300509a5abf6224c4488fff55b4057b4e52a798bb	datafw/data/raw/escale/censo-escolar/2008/documentacion/cedula-04a-2008.pdf	Unknown	Censo escolar 2008 cédula	Report	Informe técnico	report		2008		Spanish	documento_oficial	media		20065340_censo-escolar-2008-cedula.md	datafw escale	64
620ce2993a2bbfc0c8c1eff2c459389a8388aee89d2b42432dc90990a7548556	datafw/data/raw/escale/censo-escolar/2008/documentacion/cedula-05-2008.pdf	Unknown	Ministerio de educación	Report	Informe técnico	report		2008		Spanish	documento_oficial	media		620ce299_ministerio-de-educacion.md	datafw escale	65
63e88e2c25f180585413cc1812e577a1557521424c2ead17d1344709abf04086	datafw/data/raw/escale/censo-escolar/2008/documentacion/cedula-11-2008.pdf	Unknown	Censo escolar 2008 cédula	Report	Informe técnico	report		2008		Spanish	documento_oficial	media		63e88e2c_censo-escolar-2008-cedula.md	datafw escale	66
df5654586865678198b7f715749b5496ff4bce2e46ce67fd207d1b1f886b0c86	datafw/data/raw/escale/censo-escolar/2008/documentacion/cedula-09-2008.pdf	Unknown	Ministerio de educación	Report	Informe técnico	report		2008		Spanish	documento_oficial	media		df565458_ministerio-de-educacion.md	datafw escale	67
48ca0c73beec4b8b4e81494489e061341aead33621fdbb89d8c3820a1664a415	datafw/data/raw/escale/censo-escolar/2007/documentacion/cedula-03-censo2007.pdf	Unknown	Censo escolar 2007 cédula	Report	Informe técnico	report		2007		Spanish	documento_oficial	media		48ca0c73_censo-escolar-2007-cedula.md	datafw escale	68
a09ebb36b31335fae7a3f8eef6c4601f4a90ab32ea302c4a6bb9c7703e5fb28c	datafw/data/raw/escale/censo-escolar/2007/documentacion/0-diccionario-de-datos-del-censo-escolar-2007.pdf	Unknown	Descripcion de tablas del censo escolar 2000	Report	Informe técnico	report		2012		Spanish	documento_oficial	media		a09ebb36_descripcion-de-tablas-del-censo-escolar-2000.md	datafw escale	69
7c0d3bdb2d39d9111fa5a51b9c07b3b1c025d71e54c4985ee37f3e52c38b29f1	datafw/data/raw/escale/censo-escolar/2007/documentacion/cedula-06-censo2007.pdf	Unknown	Censo escolar 2007 cédula	Report	Informe técnico	report		2007		Spanish	documento_oficial	media		7c0d3bdb_censo-escolar-2007-cedula.md	datafw escale	70
ef097bceb95478468ecedb0a92e281f32a3ad67c66bc1a00c6421256a0e1dbc5	datafw/data/raw/escale/censo-escolar/2007/documentacion/cedula-02-censo2007.pdf	Unknown	Censo escolar 2007 cédula	Report	Informe técnico	report		2007		Spanish	documento_oficial	media		ef097bce_censo-escolar-2007-cedula.md	datafw escale	71
56ee81d038b2c1ec2f00a62e2c92174fe1e99ca1499a3b674311e8924328d933	datafw/data/raw/escale/censo-escolar/2007/documentacion/cedula-04a-censo2007.pdf	Unknown	Censo escolar 2007 cédula	Report	Informe técnico	report		2007		Spanish	documento_oficial	media		56ee81d0_censo-escolar-2007-cedula.md	datafw escale	72
ae67780b45bc9ea1c798bcb17233b6b97168fe2ffe736005bceb7e279fd594dd	datafw/data/raw/escale/censo-escolar/2007/documentacion/cedula-09-censo2007.pdf	Unknown	Ministerio de educación	Report	Informe técnico	report		2007		Spanish	documento_oficial	media		ae67780b_ministerio-de-educacion.md	datafw escale	73
97646ea231ab62e4f015bd8c174366f790851617b21666be548e2d4c4bd24e2c	datafw/data/raw/escale/censo-escolar/2007/documentacion/0-definicion-de-datos-padron-2007.pdf	Unknown	Especificaciones de la	Report	Informe técnico	report		2014		Spanish	documento_oficial	media		97646ea2_especificaciones-de-la.md	datafw escale	74
b30eb8ebb3d967eef9dddf09983eca8a32714ee534e451ac1eefa7d62162e366	datafw/data/raw/escale/censo-escolar/2007/documentacion/cedula-07-censo2007.pdf	Unknown	Ministerio de educación	Report	Informe técnico	report		2007		Spanish	documento_oficial	media		b30eb8eb_ministerio-de-educacion.md	datafw escale	75
8496bc36e77994d65dff39095fb42c0978281013420b23c4a20e4d73ebf1e341	datafw/data/raw/escale/censo-escolar/2007/documentacion/cedula-04-censo2007.pdf	Unknown	Censo escolar 2007 cédula	Report	Informe técnico	report		2007		Spanish	documento_oficial	media		8496bc36_censo-escolar-2007-cedula.md	datafw escale	76
bd5731697a7ea79d1f408d4f07e6b2cda05cbaa97bfdc13db45059ae4d5a989f	datafw/data/raw/escale/censo-escolar/2007/documentacion/cedula-01-censo2007.pdf	Unknown	Censo escolar 2007 cédula	Report	Informe técnico	report		2007		Spanish	documento_oficial	media		bd573169_censo-escolar-2007-cedula.md	datafw escale	77
3e48e92bf20abe102474199805205769c95c855182de041ca776aa66b60d0b4c	datafw/data/raw/escale/censo-escolar/2007/documentacion/cedula-08-censo2007.pdf	Unknown	Censo escolar 2007 cédula	Report	Informe técnico	report		2007		Spanish	documento_oficial	media		3e48e92b_censo-escolar-2007-cedula.md	datafw escale	78
f0a98cb9b9cce04a6336646951e843ebfdd3746612449f61e9382182ba9b80b2	datafw/data/raw/escale/censo-escolar/2007/documentacion/cedula-11-censo2007.pdf	Unknown	Ministerio de educación	Report	Informe técnico	report		2007		Spanish	documento_oficial	media		f0a98cb9_ministerio-de-educacion.md	datafw escale	79
d53d10273894a6d4deadda500ea995eb6ff4989e15270efc82056c0936c7afc2	datafw/data/raw/escale/censo-escolar/2007/documentacion/cedula-05-censo2007.pdf	Unknown	Ministerio de educación	Report	Informe técnico	report		2007		Spanish	documento_oficial	media		d53d1027_ministerio-de-educacion.md	datafw escale	80
499258b8c32ac7b0ef0beb8bf270fb6d6ae3e590af6d8ef9b7d39be51883b8b1	datafw/data/raw/escale/censo-escolar/2010/documentacion/cedula-9b-2010.pdf	Unknown	Censo escolar 2010	Report	Informe técnico	report		2010		Spanish	documento_oficial	media		499258b8_censo-escolar-2010.md	datafw escale	81
3823ec1885a18718243883c952c423c5e5639d9d0c40ff1f961801b45112ce95	datafw/data/raw/escale/censo-escolar/2010/documentacion/cedula-4ab-2010.pdf	Unknown	Censo escolar 2010	Report	Informe técnico	report		2010		Spanish	documento_oficial	media		3823ec18_censo-escolar-2010.md	datafw escale	82
d2e602b79339b5aa459863cec91b9112e3e747fa70d6f82b518dee5e3c775e62	datafw/data/raw/escale/censo-escolar/2010/documentacion/cedula-08-2010.pdf	Unknown	Censo escolar 2010 cédula	Report	Informe técnico	report		2010		Spanish	documento_oficial	media		d2e602b7_censo-escolar-2010-cedula.md	datafw escale	83
f5548e3a8bf4b8901482608b9c91bc7ec8f6589f1b54a1e706b523e90db50857	datafw/data/raw/escale/censo-escolar/2010/documentacion/0-diccionario-censo-escolar-2010.pdf	Unknown	Ministerio de educación	Report	Informe técnico	report		2011		Spanish	documento_oficial	media		f5548e3a_ministerio-de-educacion.md	datafw escale	84
b91291b2958c9ad334c2aa2549f7a1d30eb5dabb41cf30697d443f2db700cf34	datafw/data/raw/escale/censo-escolar/2010/documentacion/cedula-09-2010.pdf	Unknown	Censo escolar 2010 cédula	Report	Informe técnico	report		2010		Spanish	documento_oficial	media		b91291b2_censo-escolar-2010-cedula.md	datafw escale	85
1ea4e3fc6682efb239503a1c71c9ed2cd318d99105502adadcc348fd5442baf8	datafw/data/raw/escale/censo-escolar/2010/documentacion/cedula-04a-2010.pdf	Unknown	Censo escolar 2010 cédula	Report	Informe técnico	report		2010		Spanish	documento_oficial	media		1ea4e3fc_censo-escolar-2010-cedula.md	datafw escale	86
4d9263fa9c0281487e76757cf0eb05b3e1ecf2b1f0be19da4c08c84ebb2534d7	datafw/data/raw/escale/censo-escolar/2010/documentacion/cedula-05-2010.pdf	Unknown	Ministerio de educación	Report	Informe técnico	report		2010		Spanish	documento_oficial	media		4d9263fa_ministerio-de-educacion.md	datafw escale	87
dfa233cdc813ee7106ddef03c05191e7eccfdc0d94e4c009a4e0d8f81633e2e4	datafw/data/raw/escale/censo-escolar/2010/documentacion/cedula-8b-2010.pdf	Unknown	Censo escolar 2010	Report	Informe técnico	report		2010		Spanish	documento_oficial	media		dfa233cd_censo-escolar-2010.md	datafw escale	88
6224bbc6799198cabe385dacc5a29bea59c0981503516380d35a53dcae116522	datafw/data/raw/escale/censo-escolar/2010/documentacion/cedula-6b-2010.pdf	Unknown	Censo escolar 2010	Report	Informe técnico	report		2010		Spanish	documento_oficial	media		6224bbc6_censo-escolar-2010.md	datafw escale	89
5b1b9f849c1ee9189b23eb2b2ced7d2c81d5b499d0f743e5e3b376136f425aff	datafw/data/raw/escale/censo-escolar/2010/documentacion/0-diccionario-padron-2010.pdf	Unknown	Diccionario Censo Escolar 2007 - CE03	Report	Informe técnico	report		2011		Spanish	documento_oficial	media		5b1b9f84_diccionario-censo-escolar-2007-ce03.md	datafw escale	90
cf97618cb6128cfd24c93494baef32ce52cbb90179f4ca0c14e16bad34c0d700	datafw/data/raw/escale/censo-escolar/2010/documentacion/cedula-7b-2010.pdf	Unknown	Censo escolar 2010	Report	Informe técnico	report		2010		Spanish	documento_oficial	media		cf97618c_censo-escolar-2010.md	datafw escale	91
c63495f447975759f1bb1ca2aa2e6081eee4f5dfa326811ca0138c6ca575891e	datafw/data/raw/escale/censo-escolar/2010/documentacion/0-diccionario-de-datos-resultado-2010.pdf	Unknown	Especificaciones de la	Report	Informe técnico	report		2011		Spanish	documento_oficial	media		c63495f4_especificaciones-de-la.md	datafw escale	92
d4db6378bb16aa39abfc2fdd6b5ddcec40bf28817a399bd073c23cb28d7d44d3	datafw/data/raw/escale/censo-escolar/2010/documentacion/cedula-1b-2010.pdf	Unknown	Censo escolar 2010	Report	Informe técnico	report		2010		Spanish	documento_oficial	media		d4db6378_censo-escolar-2010.md	datafw escale	93
63ab709546f3a1b045d371927857059eee984baf4ebe5d497396f05f22e2e3a1	datafw/data/raw/escale/censo-escolar/2010/documentacion/cedula-2b-2010.pdf	Unknown	Censo escolar 2010	Report	Informe técnico	report		2010		Spanish	documento_oficial	media		63ab7095_censo-escolar-2010.md	datafw escale	94
c931a573b1255eb69f301d9976e5df8072c819cc030d6c248f8f93c891d6100a	datafw/data/raw/escale/censo-escolar/2010/documentacion/cedula-01-2010.pdf	Unknown	Censo escolar 2010 cédula	Report	Informe técnico	report		2010		Spanish	documento_oficial	media		c931a573_censo-escolar-2010-cedula.md	datafw escale	95
b60013176cd5f52a63fb8580f13183b737d6b92e529c004681eccf90c1e500d0	datafw/data/raw/escale/censo-escolar/2010/documentacion/cedula-02-2010.pdf	Unknown	Censo escolar 2010	Report	Informe técnico	report		2010		Spanish	documento_oficial	media		b6001317_censo-escolar-2010.md	datafw escale	96
472aec3a94436f9e114017c2e32bf59355de2873f6d5389569bfb51adda844c8	datafw/data/raw/escale/censo-escolar/2010/documentacion/cedula-3b-2010.pdf	Unknown	Censo escolar 2010	Report	Informe técnico	report		2010		Spanish	documento_oficial	media		472aec3a_censo-escolar-2010.md	datafw escale	97
01f925987b56db9deb559836cb64252f3be22d3d8ea911f5cfe94305bc6bd4db	datafw/data/raw/escale/censo-escolar/2010/documentacion/cedula-03-2010.pdf	Unknown	Censo escolar 2010 cédula	Report	Informe técnico	report		2010		Spanish	documento_oficial	media		01f92598_censo-escolar-2010-cedula.md	datafw escale	98
e692ee53c0baabc37c535be09edea50a1443540ec10dc3591764b5e4f257ccbd	datafw/data/raw/escale/censo-escolar/2010/documentacion/cedula-5b-2010.pdf	Unknown	Censo escolar 2010	Report	Informe técnico	report		2010		Spanish	documento_oficial	media		e692ee53_censo-escolar-2010.md	datafw escale	99
4783d4ca11c6582e5eb007715425b603026b01563f03dfe61204cd18e80e3565	datafw/data/raw/escale/censo-escolar/2010/documentacion/cedula-04-2010.pdf	Unknown	Censo escolar 2010 cédula	Report	Informe técnico	report		2010		Spanish	documento_oficial	media		4783d4ca_censo-escolar-2010-cedula.md	datafw escale	100
03977e74f075ec5a025b3db2e1f8fc845cab11ec79873e9544c0d9bc900f6639	datafw/data/raw/escale/censo-escolar/2010/documentacion/cedula-07-2010.pdf	Unknown	Censo escolar 2010 cédula	Report	Informe técnico	report		2010		Spanish	documento_oficial	media		03977e74_censo-escolar-2010-cedula.md	datafw escale	101
3206a9d22b52e941ded443cbda90878ef8c7a763c936e635488150f72d8febcd	datafw/data/raw/escale/censo-escolar/2010/documentacion/cedula-4b-2010.pdf	Unknown	Censo escolar 2010	Report	Informe técnico	report		2010		Spanish	documento_oficial	media		3206a9d2_censo-escolar-2010.md	datafw escale	102
ada22e144073495d6102b1b9615b093b0f0205cf6eaa563da8182c476e7de445	datafw/data/raw/escale/censo-escolar/2010/documentacion/cedula-11-2010.pdf	Unknown	ADVERTENCIA : Al concluir el llenado de esta Cédula Borrador, sírvase remitir el contenido por Internet, utilizando el formato electrónico que podrá descargar	Report	Informe técnico	report		2010		Spanish	documento_oficial	media		ada22e14_advertencia-al-concluir-el-llenado-de-esta-cedula-borrador.md	datafw escale	103
51eb9b673ec118b32424198af77dd837a61d8228e2d6412be44be30a55c27c90	datafw/data/raw/escale/censo-escolar/2010/documentacion/cedula-06-2010.pdf	Unknown	Censo escolar 2010 cédula	Report	Informe técnico	report		2010		Spanish	documento_oficial	media		51eb9b67_censo-escolar-2010-cedula.md	datafw escale	104
3bf5a366e15624ed2458453c1c0d4537702604ad7817095ab8a6f16119a9e206	datafw/data/raw/escale/censo-escolar/2016/documentacion/cedula-7b-2016.pdf	Unknown	Censo escolar 2016	Report	Informe	report		2016		Spanish	documento_oficial	media		3bf5a366_censo-escolar-2016.md	datafw escale	105
6f2ad177ac99a57f29c569f51a0c3bfb8a26a572f3f1644eb47327bcd3cfadaa	datafw/data/raw/escale/censo-escolar/2016/documentacion/cedula-3b-2016.pdf	Unknown	Censo escolar 2016	Report	Informe	report		2016		Spanish	documento_oficial	media		6f2ad177_censo-escolar-2016.md	datafw escale	106
24c8bf7e9468ca18dd23b752eeb5af020c5759600085369442952acc7bbd9a79	datafw/data/raw/escale/censo-escolar/2016/documentacion/cedula-7a-censo2016.pdf	Unknown	Educación Superior de	Report	Informe	report		2016		Spanish	documento_oficial	media		24c8bf7e_educacion-superior-de.md	datafw escale	107
c628eb8d8e06268587a7712cf03a21cf53a7c549ef9a15c7b2bc74413878f92d	datafw/data/raw/escale/censo-escolar/2016/documentacion/cedula-4ai-censo2016.pdf	Unknown	Censo escolar 2016	Report	Informe	report		2016		Spanish	documento_oficial	media		c628eb8d_censo-escolar-2016.md	datafw escale	108
7ad2f91076be20ad369f1a1beddb98e73e7e7e68c5620d6efbea81f64a734e1f	datafw/data/raw/escale/censo-escolar/2016/documentacion/cedula-4bi-2016.pdf	Unknown	Censo escolar 2016	Report	Informe	report		2016		Spanish	documento_oficial	media		7ad2f910_censo-escolar-2016.md	datafw escale	109
08534989ecf4b1ec2115249d2dcca019d78927a729cc00e7aafa7e93a67f41c7	datafw/data/raw/escale/censo-escolar/2016/documentacion/00-diccionario-de-datos-resultado-del-ejercicio2016.pdf	Unknown	Censo Escolar 2016 – Módulo Resultado del Ejercicio Educativo	Report	Informe técnico	report		2017		Spanish	documento_oficial	media		08534989_censo-escolar-2016-modulo-resultado-del-ejercicio-educativo.md	datafw escale	110
e028628688b362a3270a36b0d06f9193a66ae0d938377765e8a2932c576a7b00	datafw/data/raw/escale/censo-escolar/2016/documentacion/cedula-8b-2016.pdf	Unknown	Censo escolar 2016	Report	Informe	report		2016		Spanish	documento_oficial	media		e0286286_censo-escolar-2016.md	datafw escale	111
ab4bf6bf9304d62322025034921c952cf3c068df515e7ac887f289b9ca891289	datafw/data/raw/escale/censo-escolar/2016/documentacion/cedula-8a-censo2016.pdf	Unknown	Censo escolar 2016	Report	Informe	report		2016		Spanish	documento_oficial	media		ab4bf6bf_censo-escolar-2016.md	datafw escale	112
c4ac7b55b30da9550074c07f4ca8ce02de5b0ffbc924131e67f9a4624befdb7d	datafw/data/raw/escale/censo-escolar/2016/documentacion/cedula-id-censo2016.pdf	Unknown	Censo escolar 2016	Report	Informe	report		2016		Spanish	documento_oficial	media		c4ac7b55_censo-escolar-2016.md	datafw escale	113
9ee1a164de71ded514a9748c4c64de60192253087e6a5d145feeac147901db7b	datafw/data/raw/escale/censo-escolar/2016/documentacion/cedula-1b-2016.pdf	Unknown	Censo escolar 2016	Report	Informe	report		2016		Spanish	documento_oficial	media		9ee1a164_censo-escolar-2016.md	datafw escale	114
f386ffa2da322ce7197105277eca82594df30ea8096196d7336e60a07eb54b42	datafw/data/raw/escale/censo-escolar/2016/documentacion/cedula-11-censo2016.pdf	Unknown	Censo escolar 2016	Report	Informe	report		2016		Spanish	documento_oficial	media		f386ffa2_censo-escolar-2016.md	datafw escale	115
d18bab08d79b12efdd301ae263449cd425b39ef2633d6c141e664653711392f8	datafw/data/raw/escale/censo-escolar/2016/documentacion/cedula-3a-censo2016.pdf	Unknown	Censo escolar 2016	Report	Informe	report		2016		Spanish	documento_oficial	media		d18bab08_censo-escolar-2016.md	datafw escale	116
791b5e8823367f28275073ef1b3b8ab6c86726595723e9b2098c5e7283d9f6c0	datafw/data/raw/escale/censo-escolar/2016/documentacion/cedula-4aa-censo2016.pdf	Unknown	Censo escolar 2016	Report	Informe	report		2016		Spanish	documento_oficial	media		791b5e88_censo-escolar-2016.md	datafw escale	117
7eaaded85638d60a75ffcdfbb058e3badfd4d4241563a153ae52762bc8b65a32	datafw/data/raw/escale/censo-escolar/2016/documentacion/cedula-1a-censo2016.pdf	Unknown	Educación Básica Regular	Report	Informe	report		2016		Spanish	documento_oficial	media		7eaaded8_educacion-basica-regular.md	datafw escale	118
531debcc6c7580fce05196eac07e8315d7ce6cd983d344be1211a769adb386fd	datafw/data/raw/escale/censo-escolar/2016/documentacion/cedula-2b-2016.pdf	Unknown	Censo escolar 2016	Report	Informe	report		2016		Spanish	documento_oficial	media		531debcc_censo-escolar-2016.md	datafw escale	119
dcad7cc7f7517f0805a31b42704b6ab152fadf582610d81ef079603eef8dd76c	datafw/data/raw/escale/censo-escolar/2016/documentacion/cedula-5a-censo2016.pdf	Unknown	Educación Superior Pedagógica	Report	Informe	report		2016		Spanish	documento_oficial	media		dcad7cc7_educacion-superior-pedagogica.md	datafw escale	120
dbc2fd4a8eb33d7b1e5ba24ec303b708af46540207ed7015e9c2c28603ee587a	datafw/data/raw/escale/censo-escolar/2016/documentacion/cedula-5b-2016.pdf	Unknown	Censo escolar 2016	Report	Informe	report		2016		Spanish	documento_oficial	media		dbc2fd4a_censo-escolar-2016.md	datafw escale	121
1ccad1bc44cc5f3f4657dca332b360d1e818ed11bacb8fd5cefaf4eb8b90b3a1	datafw/data/raw/escale/censo-escolar/2016/documentacion/cedula-9b-2016.pdf	Unknown	Censo escolar 2016	Report	Informe	report		2016		Spanish	documento_oficial	media		1ccad1bc_censo-escolar-2016.md	datafw escale	122
38e127bf26ad009be39df937e1de1d44bb9a94f0a780cbaf374d93e7f1cdea62	datafw/data/raw/escale/censo-escolar/2016/documentacion/cedula-6a-censo2016.pdf	Unknown	Educación Superior Tecnológica	Report	Informe	report		2016		Spanish	documento_oficial	media		38e127bf_educacion-superior-tecnologica.md	datafw escale	123
b0a495476d6982b8df7c4dddb213c3cd4bd582fd22675866b660a8a6bdaec1d2	datafw/data/raw/escale/censo-escolar/2016/documentacion/00-diccionario-padron-2016.pdf	Unknown	Diccionario Censo Escolar 2007 - CE03	Report	Informe técnico	report		2016		Spanish	documento_oficial	media		b0a49547_diccionario-censo-escolar-2007-ce03.md	datafw escale	124
152b78e5fd2dd3ee7c0bdcab26255c812117153fb39cfa4b5598b1fa69d9afc1	datafw/data/raw/escale/censo-escolar/2016/documentacion/00-diccionario-de-datos-censo-escolar-2016-pdf.pdf	Unknown	Diccionario de datos – Censo Escolar 2016	Report	Informe técnico	report		2016		Spanish	documento_oficial	media		152b78e5_diccionario-de-datos-censo-escolar-2016.md	datafw escale	125
b0ed30bae6551c624fb4758089a0b6084afc96de92a30fe89c530dc41f2fe132	datafw/data/raw/escale/censo-escolar/2016/documentacion/cedula-9a-censo2016.pdf	Unknown	Educación Técnico Productiva	Report	Informe	report		2016		Spanish	documento_oficial	media		b0ed30ba_educacion-tecnico-productiva.md	datafw escale	126
f6e243ab1960c84e460b12a57ce4b8b9ed41ba73b6fdace7a96ceee9f9a2cbfc	datafw/data/raw/escale/censo-escolar/2016/documentacion/cedula-2a-censo2016.pdf	Unknown	Censo escolar 2016	Report	Informe	report		2016		Spanish	documento_oficial	media		f6e243ab_censo-escolar-2016.md	datafw escale	127
b022e6c698de6c354a3acff294fea7fdbcc53c4bd71b0c86101148af6d5e85e7	datafw/data/raw/escale/censo-escolar/2016/documentacion/cedula-4ba-2016.pdf	Unknown	Censo escolar 2016	Report	Informe	report		2016		Spanish	documento_oficial	media		b022e6c6_censo-escolar-2016.md	datafw escale	128
280a63db6758c83ec8375a3632a6a651542ed72a0a60b64367ca35e9b2619aba	datafw/data/raw/escale/censo-escolar/2016/documentacion/cedula-6b-2016.pdf	Unknown	Censo escolar 2016	Report	Informe	report		2016		Spanish	documento_oficial	media		280a63db_censo-escolar-2016.md	datafw escale	129
491cefbc56b9490a46b3197033b50c86519d6335f201c66ad89a38d8cb15faaf	datafw/data/raw/escale/censo-escolar/2019/documentacion/cedula-8ap-censo-educativo-2019.pdf	Unknown	Censo censo educativo 2019	Report	Informe	report		2019		Spanish	documento_oficial	media		491cefbc_censo-censo-educativo-2019.md	datafw escale	130
71736d774e3f7e018660a50652bd9347ea77641806fb73e988e8df58f867c9fe	datafw/data/raw/escale/censo-escolar/2019/documentacion/cedula-8ai-censo-educativo-2019.pdf	Unknown	Censo censo educativo 2019	Report	Informe	report		2019		Spanish	documento_oficial	media		71736d77_censo-censo-educativo-2019.md	datafw escale	131
c8e6d39fff06db44c821e10b96ad2b30b422bb1e45b33d153ff2891cec76ddd0	datafw/data/raw/escale/censo-escolar/2019/documentacion/00-diccionario-de-datos-censo-educativo-2019-v6-20191231.pdf	Unknown	Diccionario de datos – Censo Educativo 2017	Report	Informe	report		2020		Spanish	documento_oficial	media		c8e6d39f_diccionario-de-datos-censo-educativo-2017.md	datafw escale	132
338fe7d73bb2b7e96d0f5872fac00a171b7f1f7043265a488cb6b8b80d41dc15	datafw/data/raw/escale/censo-escolar/2019/documentacion/cedula-7b-censo-educativo-2019.pdf	Congreso de la República	Decreto Supremo N.° 072-2012-	Statute	Normativa	statute	Diario Oficial El Peruano	2019	norma:decreto_supremo_072-2012-	Spanish	documento_oficial	alta	Decreto Supremo N° 072-2012-	338fe7d7_decreto-supremo-n-072-2012.md	datafw escale	133
b94c5948a2bb1b3e4f3fe3ddeef06104590cf2975808300ebdf4a018d571f116	datafw/data/raw/escale/censo-escolar/2019/documentacion/cedula-3as-censo-educativo-2019.pdf	Unknown	Ley N.° 29719	Report	Informe	report		2019	norma:ley_29719	Spanish	documento_oficial	media	LEY N° 29719	b94c5948_ley-n-29719.md	datafw escale	134
87c468a1adbffd027ff511490f16c08b7b985e0d9489be88a3a77c9f27e6a4b9	datafw/data/raw/escale/censo-escolar/2019/documentacion/cedula-9b-censo-educativo-2019.pdf	Congreso de la República	Decreto Supremo N.° 072-2012-	Statute	Normativa	statute	Diario Oficial El Peruano	2019	norma:decreto_supremo_072-2012-	Spanish	documento_oficial	alta	Decreto Supremo N° 072-2012-	87c468a1_decreto-supremo-n-072-2012.md	datafw escale	135
7dc3aaf106f3488accc1001bdd733a8640a78f9a513ec4d42ed2019d34e07013	datafw/data/raw/escale/censo-escolar/2019/documentacion/cedula-5a-censo-educativo-2019.pdf	Unknown	Educación superior	Report	Informe	report		2019		Spanish	documento_oficial	media	OCR pendiente;	7dc3aaf1_educacion-superior.md	datafw escale	136
b1501133713ef2bd8cc0f3cdef2052e2de06c2b066316ce1ddf4f0197910e66f	datafw/data/raw/escale/censo-escolar/2019/documentacion/cedula-6a-censo-educativo-2019.pdf	Unknown	Censo educativo 2019	Report	Informe	report		2019		Spanish	documento_oficial	media		b1501133_censo-educativo-2019.md	datafw escale	137
229ef286420b523c3cbe90dcf40d84d3d229f98a6182ac555f55a1400ca8819d	datafw/data/raw/escale/censo-escolar/2019/documentacion/cedula-3bp-censo-educativo-2019.pdf	Unknown	Censo censo educativo 2019	Report	Informe	report		2019		Spanish	documento_oficial	media		229ef286_censo-censo-educativo-2019.md	datafw escale	138
2b5f8bbf96408aa76dc4d943dfd9f658de0fb015df12c831f8f9228792caddcf	datafw/data/raw/escale/censo-escolar/2019/documentacion/cedula-3bs-censo-educativo-2019.pdf	Unknown	Censo censo educativo 2019	Report	Informe	report		2019		Spanish	documento_oficial	media		2b5f8bbf_censo-censo-educativo-2019.md	datafw escale	139
219f71673608a17ceb72bfc31b49a5e3042e3cf3cf224d5c125e74e3ca6e58f9	datafw/data/raw/escale/censo-escolar/2019/documentacion/00-catalogo-de-carreras-2019.pdf	Unknown	Catálogo de carreras	Report	Informe	report		2019		Spanish	documento_oficial	media		219f7167_catalogo-de-carreras.md	datafw escale	140
aa7f833642d795bfe0db4e56b4e639a527e1016ee3d47b9d7335eab4c1ad0cfd	datafw/data/raw/escale/censo-escolar/2019/documentacion/cedula-4aa-censo-educativo-2019.pdf	Unknown	Educativo censo educativo 2019	Report	Informe	report		2019		Spanish	documento_oficial	media		aa7f8336_educativo-censo-educativo-2019.md	datafw escale	141
5675113bd27bc957281fea16f0fc0ce2249f1d6a20470e9ab123a0ee0b9c448d	datafw/data/raw/escale/censo-escolar/2019/documentacion/cedula-1a-censo-educativo-2019.pdf	Unknown	Cedula 1A Censo Educativo 2019-ADD--v4	Report	Informe	report		2019	norma:ley_29719	Spanish	documento_oficial	media	LEY N° 29719	5675113b_cedula-1a-censo-educativo-2019-add-v4.md	datafw escale	142
2ce868f86b740c703e5884f9e000116de350148c43e8575629133fd936db9179	datafw/data/raw/escale/censo-escolar/2019/documentacion/cedula-2pc-censo-educativo-2019.pdf	Unknown	Cedula 2PC Censo Educativo 2019	Report	Informe	report		2019		Spanish	documento_oficial	media		2ce868f8_cedula-2pc-censo-educativo-2019.md	datafw escale	143
5583dd7bf60fddfc548a1c5893d176381f8925b27298cf57817c20c3e42a215a	datafw/data/raw/escale/censo-escolar/2019/documentacion/00-diccionario-de-datos-local-educativo.pdf	Unknown	Censo educativo 2019	Report	Informe técnico	report		2020		Spanish	documento_oficial	media		5583dd7b_censo-educativo-2019.md	datafw escale	144
b116f8c8cf3bde2a49ab73f6e593485b35ae7934858e75009ebe2bd2b1fe7583	datafw/data/raw/escale/censo-escolar/2019/documentacion/cedula-6b-censo-educativo-2019.pdf	Congreso de la República	Decreto Supremo N.° 072-2012-	Statute	Normativa	statute	Diario Oficial El Peruano	2019	norma:decreto_supremo_072-2012-	Spanish	documento_oficial	alta	Decreto Supremo N° 072-2012-	b116f8c8_decreto-supremo-n-072-2012.md	datafw escale	145
32f667d302f16f33c444133486a059e31141d2ac6b04352b81be7d3de418dd6c	datafw/data/raw/escale/censo-escolar/2019/documentacion/cedula-8bi-censo-educativo-2019.pdf	Congreso de la República	Decreto Supremo N.° 072-2012-	Statute	Normativa	statute	Diario Oficial El Peruano	2019	norma:decreto_supremo_072-2012-	Spanish	documento_oficial	alta	Decreto Supremo N° 072-2012-	32f667d3_decreto-supremo-n-072-2012.md	datafw escale	146
0a6ce8c24960ecc8ae47c9aec12eeae5d0ae27cfca2491a44b9c8b47703ed0b5	datafw/data/raw/escale/censo-escolar/2019/documentacion/cedula-1b-censo-educativo-2019.pdf	Congreso de la República	Decreto Supremo N.° 072-2012-	Statute	Normativa	statute	Diario Oficial El Peruano	2019	norma:decreto_supremo_072-2012-	Spanish	documento_oficial	alta	Decreto Supremo N° 072-2012-	0a6ce8c2_decreto-supremo-n-072-2012.md	datafw escale	147
c8776d69acdaefbf2dc1236ecfa063960d4eb9dc85ab9e10b90604b90a5c569a	datafw/data/raw/escale/censo-escolar/2019/documentacion/00-diccionario-resultados-2019.pdf	Unknown	Censo educativo 2019	Report	Informe técnico	report		2020		Spanish	documento_oficial	media		c8776d69_censo-educativo-2019.md	datafw escale	148
aa55707f7d4412ecfa8788df8f20a3739d45458e60e84d5618726a6487311bf0	datafw/data/raw/escale/censo-escolar/2019/documentacion/cedula-7a-censo-educativo-2019.pdf	Unknown	Censo censo educativo 2019	Report	Informe	report		2019		Spanish	documento_oficial	media		aa55707f_censo-censo-educativo-2019.md	datafw escale	149
68026912c1e32976ad7c6686e534fa5617ab87c4669b973c6367f19d8e7d09ca	datafw/data/raw/escale/censo-escolar/2019/documentacion/cedula-8bp-censo-educativo-2019.pdf	Congreso de la República	Decreto Supremo N.° 072-2012-	Statute	Normativa	statute	Diario Oficial El Peruano	2019	norma:decreto_supremo_072-2012-	Spanish	documento_oficial	alta	Decreto Supremo N° 072-2012-	68026912_decreto-supremo-n-072-2012.md	datafw escale	150
8e0ac5a69c31a286c1c7ac7fd41f164d61e3f2d52e6913eba060b54bd9fe8ec5	datafw/data/raw/escale/censo-escolar/2019/documentacion/cedula-2a-censo-educativo-2019.pdf	Unknown	Cedula 2A Censo Educativo 2019 v5	Report	Informe	report		2019		Spanish	documento_oficial	media		8e0ac5a6_cedula-2a-censo-educativo-2019-v5.md	datafw escale	151
f95002ac83b4161c5521b2f2cde24b06f495508925a30e70eadc13b981ceb8d3	datafw/data/raw/escale/censo-escolar/2019/documentacion/cedula-4ba-censo-educativo-2019.pdf	Unknown	Censo censo educativo 2019	Report	Informe	report		2019		Spanish	documento_oficial	media		f95002ac_censo-censo-educativo-2019.md	datafw escale	152
6681814f3bdefca32ea8bb1db67cf5606560993c57cb89b9875a6edd4c799434	datafw/data/raw/escale/censo-escolar/2019/documentacion/cedula-2b-censo-educativo-2019.pdf	Congreso de la República	Decreto Supremo N.° 072-2012-	Statute	Normativa	statute	Diario Oficial El Peruano	2019	norma:decreto_supremo_072-2012-	Spanish	documento_oficial	alta	Decreto Supremo N° 072-2012-	6681814f_decreto-supremo-n-072-2012.md	datafw escale	153
180412fdf391aa168cfdba5ea4055195cd5e8b1f7158f2e449715e9458a33210	datafw/data/raw/escale/censo-escolar/2019/documentacion/cedula-11-censo-educativo-2019.pdf	Unknown	Cedula 11 Censo Educativo 2019--08-03-2019 --Hrs 1800	Report	Informe	report		2019		Spanish	documento_oficial	media		180412fd_cedula-11-censo-educativo-2019-08-03-2019-hrs-1800.md	datafw escale	154
82221525a3bc33610cd16b4086cf354a1ca50ac6f1c9046159a7572e54f8f52d	datafw/data/raw/escale/censo-escolar/2019/documentacion/cedula-9a-censo-educativo-2019.pdf	Unknown	Cedula 9A Censo Educativo 2019	Report	Informe	report		2019		Spanish	documento_oficial	media		82221525_cedula-9a-censo-educativo-2019.md	datafw escale	155
cd41cef234489154e3e0088927ef76fcfec5f8d839d0340e8ba524b52a91864c	datafw/data/raw/escale/censo-escolar/2019/documentacion/cedula-3ap-censo-educativo-2019.pdf	Unknown	Cedula 3AP Censo Educativo 2019 -- 05 03 2019	Report	Informe	report		2019		Spanish	documento_oficial	media		cd41cef2_cedula-3ap-censo-educativo-2019-05-03-2019.md	datafw escale	156
60e6162d90493c8fb948a89f2b57f6f22917565d1d38db4e6aac9a23c6002260	datafw/data/raw/escale/censo-escolar/2019/documentacion/cedula-4ai-censo-educativo-2019.pdf	Unknown	Censo censo educativo 2019	Report	Informe	report		2019		Spanish	documento_oficial	media		60e6162d_censo-censo-educativo-2019.md	datafw escale	157
b4895d1f8f128c810e1866b3ca05932b3333fef8b028cccd978c9d087283ce18	datafw/data/raw/escale/censo-escolar/2019/documentacion/cedula-5b-censo-educativo-2019.pdf	Congreso de la República	Decreto Supremo N.° 072-2012-	Statute	Normativa	statute	Diario Oficial El Peruano	2019	norma:decreto_supremo_072-2012-	Spanish	documento_oficial	alta	Decreto Supremo N° 072-2012-	b4895d1f_decreto-supremo-n-072-2012.md	datafw escale	158
6bd62cea8c4210b2e98a6993a4e41c2d804778bf37fe84839df35effeb2dc44d	datafw/data/raw/escale/censo-escolar/2019/documentacion/cedula-4bi-censo-educativo-2019.pdf	Unknown	Censo censo educativo 2019	Report	Informe	report		2019		Spanish	documento_oficial	media		6bd62cea_censo-censo-educativo-2019.md	datafw escale	159
bb1f07ab53c7f85c7c7883e6374bb777fe8bae38c1808b0b4c003d55dad11812	datafw/data/raw/escale/censo-escolar/2018/documentacion/cedula-1a-censo-educativo-2018.pdf	Unknown	Cedula 1A Censo Educativo 2018 FINAL2	Report	Informe	report		2018		Spanish	documento_oficial	media	OCR pendiente;	bb1f07ab_cedula-1a-censo-educativo-2018-final2.md	datafw escale	160
ed2d107fdac27dac4f9918415d66e1417f969ef221d551fb6e5982b07cdd5457	datafw/data/raw/escale/censo-escolar/2018/documentacion/cedula-5b-censo-educativo-2018.pdf	Unknown	Cedula 5B Censo Educativo 2018 v2	Report	Informe	report		2018		Spanish	documento_oficial	media		ed2d107f_cedula-5b-censo-educativo-2018-v2.md	datafw escale	161
819f9f13a26b973a71489dca45f27aa15dece70905f22ff86733d75bc727bf8c	datafw/data/raw/escale/censo-escolar/2018/documentacion/00-diccionario-marco-censal-2018.pdf	Unknown	Diccionario Censo Escolar 2007 - CE03	Report	Informe técnico	report		2018		Spanish	documento_oficial	media		819f9f13_diccionario-censo-escolar-2007-ce03.md	datafw escale	162
7db4504b2005889a618b4f40414f065911a9ad5143c0133f11996a1779a3091d	datafw/data/raw/escale/censo-escolar/2018/documentacion/cedula-4ba-censo-educativo-2018.pdf	Unknown	Cedula 4BA Censo Educativo 2018 v2	Report	Informe	report		2018		Spanish	documento_oficial	media		7db4504b_cedula-4ba-censo-educativo-2018-v2.md	datafw escale	163
a754aa0bb04812d220df7dcaa9582ad4e879f66873e72c657bfb32242765858d	datafw/data/raw/escale/censo-escolar/2018/documentacion/cedula-4ai-censo-educativo-2018.pdf	Unknown	Cedula 4AI Censo Educativo 2018 v2	Report	Informe	report		2018		Spanish	documento_oficial	media	OCR pendiente;	a754aa0b_cedula-4ai-censo-educativo-2018-v2.md	datafw escale	164
dabb56a4bd63ed8e80ed9a5ae1e821390d8fadba82fbcc6e7117f37076ae44a6	datafw/data/raw/escale/censo-escolar/2018/documentacion/cedula-9b-censo-educativo-2018.pdf	Unknown	Cedula 9B Censo Educativo 2018 v2	Report	Informe	report		2018		Spanish	documento_oficial	media		dabb56a4_cedula-9b-censo-educativo-2018-v2.md	datafw escale	165
6380a16198c66fe65352d78875b73b7a4c869f4ffeebe84c9f9334111e87bc02	datafw/data/raw/escale/censo-escolar/2018/documentacion/00-diccionario-de-datos-censo-educativo-2018.pdf	Unknown	Diccionario de datos – Censo Educativo 2017	Report	Informe técnico	report		2018		Spanish	documento_oficial	media		6380a161_diccionario-de-datos-censo-educativo-2017.md	datafw escale	166
0707ebeb64c3c88ee4448e174a4afaea6d231ef4c664f50fea9495bfa1a8b5a8	datafw/data/raw/escale/censo-escolar/2018/documentacion/cedula-8bp-censo-educativo-2018.pdf	Unknown	Cedula 8BP Censo Educativo 2018 V2	Report	Informe	report		2018		Spanish	documento_oficial	media		0707ebeb_cedula-8bp-censo-educativo-2018-v2.md	datafw escale	167
39d65f021d40a12e00a6a9de3e1ee516bc8da6ca4fe7407919764764cde8aa21	datafw/data/raw/escale/censo-escolar/2018/documentacion/cedula-11-censo-educativo-2018.pdf	Unknown	Cedula 11 Censo Educativo 2018 v8	Report	Informe	report		2018		Spanish	documento_oficial	media		39d65f02_cedula-11-censo-educativo-2018-v8.md	datafw escale	168
680158cd3473d6adf87e6a080a9791eb975c059b6f70a99cabde7a5031fb15dc	datafw/data/raw/escale/censo-escolar/2018/documentacion/cedula-4bi-censo-educativo-2018.pdf	Unknown	Cedula 4BI Censo Educativo 2018 v2	Report	Informe	report		2018		Spanish	documento_oficial	media		680158cd_cedula-4bi-censo-educativo-2018-v2.md	datafw escale	169
c1ca0457f1f7705f0d3c8551e9d0be25d6f7d0a6edb78105fa473ff321da9d9c	datafw/data/raw/escale/censo-escolar/2018/documentacion/cedula-8bi-censo-educativo-2018.pdf	Unknown	Cedula 8BI Censo Educativo 2018 v2	Report	Informe	report		2018		Spanish	documento_oficial	media		c1ca0457_cedula-8bi-censo-educativo-2018-v2.md	datafw escale	170
1f52c5ce83e336123ab6c5292c3839bc358a5a35a1f3447f24f72f339a821d14	datafw/data/raw/escale/censo-escolar/2018/documentacion/cedula-7a-censo-educativo-2018.pdf	Unknown	Cedula 7A Censo Educativo 2018 v1	Report	Informe	report		2018		Spanish	documento_oficial	media	OCR pendiente;	1f52c5ce_cedula-7a-censo-educativo-2018-v1.md	datafw escale	171
962ded9c9cb0a605dea3bd1d83b07c4155c30899c1ab8dc9e38e9d8122258bca	datafw/data/raw/escale/censo-escolar/2018/documentacion/cedula-3bp-censo-educativo-2018.pdf	Unknown	Cedula 3BP Censo Educativo 2018 v2	Report	Informe	report		2018		Spanish	documento_oficial	media		962ded9c_cedula-3bp-censo-educativo-2018-v2.md	datafw escale	172
cb0aea9afc3d5986ed05ff72a9bcdf3d41862b46165543e5a542f8b72cb0a67d	datafw/data/raw/escale/censo-escolar/2018/documentacion/cedula-8ap-censo-educativo-2018.pdf	Unknown	Cedula 8AP Censo Educativo 2018 v1	Report	Informe	report		2018		Spanish	documento_oficial	media	OCR pendiente;	cb0aea9a_cedula-8ap-censo-educativo-2018-v1.md	datafw escale	173
30f92999a7c5aced41e5e0162a36887e57664ac568951437ae9613bcff426315	datafw/data/raw/escale/censo-escolar/2018/documentacion/cedula-3bs-censo-educativo-2018.pdf	Unknown	Cedula 3BS Censo Educativo 2018 v2	Report	Informe	report		2018		Spanish	documento_oficial	media		30f92999_cedula-3bs-censo-educativo-2018-v2.md	datafw escale	174
e901dceebc2d197f20bc41770dcd06e5b37787e99b28ad1d9b802c8ed9f265c4	datafw/data/raw/escale/censo-escolar/2018/documentacion/cedula-6a-censo-educativo-2018.pdf	Unknown	Cedula 6A Censo Educativo 2018 v1	Report	Informe	report		2018		Spanish	documento_oficial	media		e901dcee_cedula-6a-censo-educativo-2018-v1.md	datafw escale	175
685d24a704b49857de355aa1c83d8d84804cdbbc081520c93a7cbb1fbdf6a9e5	datafw/data/raw/escale/censo-escolar/2018/documentacion/cedula-8ai-censo-educativo-2018.pdf	Unknown	Cedula 8AI Censo Educativo 2018 v1	Report	Informe	report		2018		Spanish	documento_oficial	media	OCR pendiente;	685d24a7_cedula-8ai-censo-educativo-2018-v1.md	datafw escale	176
a371a4d7cc9f6af6427bfe81f7afec5edf7906f8c02f553d402082879558936a	datafw/data/raw/escale/censo-escolar/2018/documentacion/anexo-01-residencias.pdf	Unknown	ANEXO 01: Código de local escolar	Report	Informe	report		2018		Spanish	documento_oficial	media		a371a4d7_anexo-01-codigo-de-local-escolar.md	datafw escale	177
0ecc3d0a499b1487bbda751b88e6b14a25525a35b5352d3fd79d44dbfc2cc81c	datafw/data/raw/escale/censo-escolar/2018/documentacion/cedula-4aa-censo-educativo-2018.pdf	Unknown	Cedula 4AA Censo Educativo 2018 v3	Report	Informe	report		2018		Spanish	documento_oficial	media	OCR pendiente;	0ecc3d0a_cedula-4aa-censo-educativo-2018-v3.md	datafw escale	178
fb7b509fb27eb6fd83ebde3bb740aaacf43bfad3e5488c318206d368ddce6ea2	datafw/data/raw/escale/censo-escolar/2018/documentacion/00-diccionario-resultados-2018.pdf	Unknown	Censo educativo 2018	Report	Informe técnico	report		2019		Spanish	documento_oficial	media		fb7b509f_censo-educativo-2018.md	datafw escale	179
2400897531790d40b94cc646b7388cce672ab22c486e9995a68f0a7488066196	datafw/data/raw/escale/censo-escolar/2018/documentacion/cedula-3ap-censo-educativo-2018.pdf	Unknown	Cedula 3AP Censo Educativo 2018 FINAL2	Report	Informe	report		2018		Spanish	documento_oficial	media		24008975_cedula-3ap-censo-educativo-2018-final2.md	datafw escale	180
f0a26827b2d9f2e0d07c4678e5177d9df94f5d25347b4fde496019a25d4b889b	datafw/data/raw/escale/censo-escolar/2018/documentacion/cedula-2b-censo-educativo-2018.pdf	Unknown	Cedula 2B Censo Educativo 2018 v2	Report	Informe	report		2018		Spanish	documento_oficial	media		f0a26827_cedula-2b-censo-educativo-2018-v2.md	datafw escale	181
0071bfa2aee559523d9beaa769ba2779cda7437f6cc3c683a2eb4f90c7f7ece5	datafw/data/raw/escale/censo-escolar/2018/documentacion/cedula-5a-censo-educativo-2018.pdf	Unknown	Cedula 5A Censo Educativo 2018 v1	Report	Informe	report		2018		Spanish	documento_oficial	media	OCR pendiente;	0071bfa2_cedula-5a-censo-educativo-2018-v1.md	datafw escale	182
ceee1e4fad95fb0a9a9f07255d1a86390a84e46ed6bfb58a7848c04c137c48ec	datafw/data/raw/escale/censo-escolar/2018/documentacion/cedula-6b-censo-educativo-2018.pdf	Unknown	Cedula 6B Censo Educativo 2018 v2	Report	Informe	report		2018		Spanish	documento_oficial	media		ceee1e4f_cedula-6b-censo-educativo-2018-v2.md	datafw escale	183
7e1dab49fc5e42fb20ab6b4197d628bf28f4ffae6967f27148dd7bf4237c0d02	datafw/data/raw/escale/censo-escolar/2018/documentacion/cedula-7b-censo-educativo-2018.pdf	Unknown	Cedula 7B Censo Educativo 2018 v2	Report	Informe	report		2018		Spanish	documento_oficial	media		7e1dab49_cedula-7b-censo-educativo-2018-v2.md	datafw escale	184
8a77299c0af8d02c99568e59a05b7d186a5d29a840b4acb8453c3916a47d038f	datafw/data/raw/escale/censo-escolar/2018/documentacion/cedula-3as-censo-educativo-2018.pdf	Unknown	Cedula 3AS Censo Educativo 2018 FINAL2	Report	Informe	report		2018	norma:ley_9719	Spanish	documento_oficial	media	LEY N° 9719	8a77299c_cedula-3as-censo-educativo-2018-final2.md	datafw escale	185
3c4fb6739917e6bff0b43fea037c1e41fc288d0de085bd94ae32a17fe0431a63	datafw/data/raw/escale/censo-escolar/2018/documentacion/cedula-1b-censo-educativo-2018.pdf	Unknown	Cedula 1B Censo Educativo 2018 v2	Report	Informe	report		2018		Spanish	documento_oficial	media		3c4fb673_cedula-1b-censo-educativo-2018-v2.md	datafw escale	186
409159cef3f6f6e788c7cda9260f4f7d8ccfc949d299a56b83adf449bc177313	datafw/data/raw/escale/censo-escolar/2018/documentacion/cedula-9a-censo-educativo-2018.pdf	Unknown	Cedula 9A Censo Educativo 2018 v1	Report	Informe	report		2018		Spanish	documento_oficial	media	OCR pendiente;	409159ce_cedula-9a-censo-educativo-2018-v1.md	datafw escale	187
c0a2c0343908c23bcdf2fc1ae3acc259a516906ec21750844ad72ae681b23944	datafw/data/raw/escale/censo-escolar/2018/documentacion/cedula-2a-censo-educativo-2018.pdf	Unknown	Cedula 2A Censo Educativo 2018 FINAL CORRE1	Report	Informe	report		2018		Spanish	documento_oficial	media	OCR pendiente;	c0a2c034_cedula-2a-censo-educativo-2018-final-corre1.md	datafw escale	188
525e12e1c593c453c3354abf51d484db7c964337323a9f3f240bc835c8f8a71a	datafw/data/raw/escale/censo-escolar/2022/documentacion/cedula-6b-censo-educativo-2022.pdf	Unknown	Cedula 6B - 2022 02 03	Report	Informe	report		2022		Spanish	documento_oficial	media		525e12e1_cedula-6b-2022-02-03.md	datafw escale	189
b37850841ec4e2510557ac8d1c4e688495dcdcb65a6f3c24c8587d7aa9ebeb43	datafw/data/raw/escale/censo-escolar/2022/documentacion/manual-fuie-cedula-11-local-educativo.pdf	Unknown	Manual del Director - FUIE	Report	Informe	report				Spanish	documento_oficial	media	OCR pendiente;	b3785084_manual-del-director-fuie.md	datafw escale	190
19e31474c7d569060574e6b0e6d06d6c32f064cc8f00d7d5d542509c3f6e3182	datafw/data/raw/escale/censo-escolar/2022/documentacion/cedula-3ap-censo-educativo-2022.pdf	Unknown	Cedula 3AP Censo Educativo 2022	Report	Informe	report		2022		Spanish	documento_oficial	media		19e31474_cedula-3ap-censo-educativo-2022.md	datafw escale	191
8459d5016a44706847e2e1960afec7502600714d3d715d84647ec001a2bf3190	datafw/data/raw/escale/censo-escolar/2022/documentacion/cedula-7a-censo-educativo-2022.pdf	Unknown	Cedula 7A Censo Educativo 2022	Report	Informe	report		2022		Spanish	documento_oficial	media		8459d501_cedula-7a-censo-educativo-2022.md	datafw escale	192
f374e08bf1311ab98c359ab2b59b82a96bde42ccaa3962c7719d770acd838106	datafw/data/raw/escale/censo-escolar/2022/documentacion/cedula-8ai-censo-educativo-2022.pdf	Unknown	Censo censo educativo 2022	Report	Informe	report		2022		Spanish	documento_oficial	media		f374e08b_censo-censo-educativo-2022.md	datafw escale	193
a06692b3e0622c1181e90ba6a88494cdd7b65a28b205145b2a07387bd6d51dd4	datafw/data/raw/escale/censo-escolar/2022/documentacion/cedula-9a-censo-educativo-2022.pdf	Unknown	Cedula 9A Censo Educativo 2022	Report	Informe	report		2022		Spanish	documento_oficial	media		a06692b3_cedula-9a-censo-educativo-2022.md	datafw escale	194
1d2ac2173fba32ffcb07f7d189011dcca9920880f59cd3ae616076863c95ebd2	datafw/data/raw/escale/censo-escolar/2022/documentacion/cedula-5a-censo-educativo-2022.pdf	Unknown	Cedula 5A Censo Educativo 2022	Report	Informe	report		2022		Spanish	documento_oficial	media		1d2ac217_cedula-5a-censo-educativo-2022.md	datafw escale	195
25609f3db482fbe0b3b23253586c11b44772bba063575eda2dedc5fc7be468e8	datafw/data/raw/escale/censo-escolar/2022/documentacion/cedula-9b-censo-educativo-2022.pdf	Unknown	Cedula 9B -2022 02 03	Report	Informe	report		2022		Spanish	documento_oficial	media		25609f3d_cedula-9b-2022-02-03.md	datafw escale	196
4701950f65bfe0b4c374147a10a9200d65cc222d52ebc5d26e56636cf22c6f4c	datafw/data/raw/escale/censo-escolar/2022/documentacion/cedula-2b-censo-educativo-2022.pdf	Unknown	Cedula 2B-Censo Educativo 2021	Report	Informe	report		2021		Spanish	documento_oficial	media		4701950f_cedula-2b-censo-educativo-2021.md	datafw escale	197
353a8be6a7c63c42a149ae790b0d8835f5367571733d1d06ba1e1952b6534395	datafw/data/raw/escale/censo-escolar/2022/documentacion/cedula-4ba-censo-educativo-2022.pdf	Unknown	Cedula 4BA-Censo Educativo 2021	Report	Informe	report		2021	norma:decreto_supremo_072-2012-	Spanish	documento_oficial	media	Decreto Supremo N° 072-2012-	353a8be6_cedula-4ba-censo-educativo-2021.md	datafw escale	198
051d1263ab62d307ff23bba374f18509d95007e53929af0fa81eb3dcdae55d37	datafw/data/raw/escale/censo-escolar/2022/documentacion/cedula-4aa-censo-educativo-2022.pdf	Unknown	Cedula 4AA Censo Educativo 2022	Report	Informe	report		2022		Spanish	documento_oficial	media		051d1263_cedula-4aa-censo-educativo-2022.md	datafw escale	199
7c5b454f480959f27cdc33ad907dbe78548d007606e07ddaea805f978f0fd700	datafw/data/raw/escale/censo-escolar/2022/documentacion/cedula-2a-censo-educativo-2022.pdf	Unknown	Censo censo educativo 2022	Report	Informe	report		2022		Spanish	documento_oficial	media		7c5b454f_censo-censo-educativo-2022.md	datafw escale	200
43bb44b49a8466327053331785fdef590527f3c3fee7792279ab6510d6067206	datafw/data/raw/escale/censo-escolar/2022/documentacion/cedula-1a-censo-educativo-2022.pdf	Unknown	Cedula 1A Censo Educativo 2022	Report	Informe	report		2022		Spanish	documento_oficial	media		43bb44b4_cedula-1a-censo-educativo-2022.md	datafw escale	201
77b8dc1f16f3cc9fdbb12a9a513e4bac8ee6bb3288256eb1dd3671a7266132ed	datafw/data/raw/escale/censo-escolar/2022/documentacion/cedula-3as-censo-educativo-2022.pdf	Unknown	Cedula 3AS Censo Educativo 2022	Report	Informe	report		2022		Spanish	documento_oficial	media		77b8dc1f_cedula-3as-censo-educativo-2022.md	datafw escale	202
af9112d489e92dcb896aec1e7ae716594e2130730db95ae8da1836af1f0c74c5	datafw/data/raw/escale/censo-escolar/2022/documentacion/00-diccionario-de-datos-ce-2022-resultados.pdf	Unknown	diccionario de datos – censo educativo 2022	Report	Informe técnico	report		2023		Spanish	documento_oficial	media		af9112d4_diccionario-de-datos-censo-educativo-2022.md	datafw escale	203
9a64b7de462d6686941856b00e5964f064e21c56f53ceb37cde0f687e40cee54	datafw/data/raw/escale/censo-escolar/2022/documentacion/cedula-8ap-censo-educativo-2022.pdf	Unknown	Censo censo educativo 2022	Report	Informe	report		2022		Spanish	documento_oficial	media		9a64b7de_censo-censo-educativo-2022.md	datafw escale	204
a835a0fb33d14923cc2b77bfa7aec3e08145b53963d408c8e568fa686dbd1f29	datafw/data/raw/escale/censo-escolar/2022/documentacion/cedula-5b-censo-educativo-2022.pdf	Unknown	Cedula 5B -2022 02 03	Report	Informe	report		2022		Spanish	documento_oficial	media		a835a0fb_cedula-5b-2022-02-03.md	datafw escale	205
0ca62aeee34cdf9845649314dee7f4dcb540e17e119cf4c9d1425a53839b578d	datafw/data/raw/escale/censo-escolar/2022/documentacion/00-diccionario-de-datos-ce-2022.pdf	Unknown	diccionario de datos – censo educativo 2022	Report	Informe técnico	report		2023		Spanish	documento_oficial	media		0ca62aee_diccionario-de-datos-censo-educativo-2022.md	datafw escale	206
28540c26b19e5d9ba1c62998392b2a15b99525a8c2d6e9653831372238464b2a	datafw/data/raw/escale/censo-escolar/2022/documentacion/cedula-3bs-censo-educativo-2022.pdf	Unknown	Cedula 3BS-Censo Educativo 2021	Report	Informe	report		2021		Spanish	documento_oficial	media		28540c26_cedula-3bs-censo-educativo-2021.md	datafw escale	207
9b209969146d219c1c2d764947b5a34eaa8dc4f7c5729ad46492c0913b87a3a4	datafw/data/raw/escale/censo-escolar/2022/documentacion/00-diccionario-de-datos-le-2022.pdf	Unknown	diccionario de datos – censo educativo 2022	Report	Informe técnico	report		2022		Spanish	documento_oficial	media		9b209969_diccionario-de-datos-censo-educativo-2022.md	datafw escale	208
7ca5c604980c76d2a57c9aea69a6dd1dd8fb9b91d4109153b908ee44d529d9eb	datafw/data/raw/escale/censo-escolar/2022/documentacion/cedula-11-local-educativo-2022-fuie.pdf	Unknown	Censo educativo 2022	Report	Informe	report		2022		Spanish	documento_oficial	media		7ca5c604_censo-educativo-2022.md	datafw escale	209
286242dce607ca93685a5da680c454a78a8a9976a7eeabfdec515ce7e049c51a	datafw/data/raw/escale/censo-escolar/2022/documentacion/cedula-3bp-censo-educativo-2022.pdf	Unknown	Cedula 3BP-Censo Educativo 2021	Report	Informe	report		2022		Spanish	documento_oficial	media		286242dc_cedula-3bp-censo-educativo-2021.md	datafw escale	210
69370d441e01716efc8d727cefa8f22502521063743ff630b2ffd7d880a55002	datafw/data/raw/escale/censo-escolar/2022/documentacion/00-diccionario-marco-censal-2022.pdf	Congreso de la República	Diccionario Censo Escolar 2007 - CE03	Report	Informe técnico	report	Congreso de la República	2022		Spanish	documento_oficial	alta		69370d44_diccionario-censo-escolar-2007-ce03.md	datafw escale	211
6fa065fe177369628050f3cbb4ce4c051f2d72f2ef5c6bda7f2701702f0e9409	datafw/data/raw/escale/censo-escolar/2022/documentacion/cedula-8bp-censo-educativo-2022.pdf	Unknown	Cedula 8BP-Censo Educativo 2021	Report	Informe	report		2021	norma:decreto_supremo_072-2012-	Spanish	documento_oficial	media	Decreto Supremo N° 072-2012-	6fa065fe_cedula-8bp-censo-educativo-2021.md	datafw escale	212
26c6cfcd56616b18ae75f61e08d3d183b0a5349e4a760ec538365ad05f6a990e	datafw/data/raw/escale/censo-escolar/2022/documentacion/cedula-8bi-censo-educativo-2022.pdf	Unknown	Cedula 8BI -Censo Educativo 2021	Report	Informe	report		2021	norma:decreto_supremo_072-2012-	Spanish	documento_oficial	media	Decreto Supremo N° 072-2012-	26c6cfcd_cedula-8bi-censo-educativo-2021.md	datafw escale	213
086e9ba5b78c757bf5a5ed4de09a79785716eb39a2a32b4418c9de1efe863d5e	datafw/data/raw/escale/censo-escolar/2022/documentacion/cedula-4ai-censo-educativo-2022.pdf	Unknown	Cedula 4AI Censo Educativo 2022	Report	Informe	report		2022		Spanish	documento_oficial	media		086e9ba5_cedula-4ai-censo-educativo-2022.md	datafw escale	214
1b84c9166c790ad8d16565e22b89bbcb1648bb8b2c4d19e4965a432623918ff1	datafw/data/raw/escale/censo-escolar/2022/documentacion/cedula-4bi-censo-educativo-2022.pdf	Unknown	Cedula 4BI-Censo Educativo 2022 [Recuperado]	Report	Informe	report		2022	norma:decreto_supremo_072-2012-	Spanish	documento_oficial	media	Decreto Supremo N° 072-2012-	1b84c916_cedula-4bi-censo-educativo-2022-recuperado.md	datafw escale	215
600f91a9e1a058d971146eb7800edf48fc2a56094d6ef10e4ba05948a7041ca0	datafw/data/raw/escale/censo-escolar/2022/documentacion/cedula-1b-censo-educativo-2022.pdf	Unknown	Cedula 1B-Censo Educativo 2021	Report	Informe	report		2021		Spanish	documento_oficial	media		600f91a9_cedula-1b-censo-educativo-2021.md	datafw escale	216
cea94efc3f0773304cb708aad7db2e0a9372e6dac26273f64654a0b60941c33b	datafw/data/raw/escale/censo-escolar/2022/documentacion/cedula-6a-censo-educativo-2022.pdf	Unknown	Cedula 6A Censo Educativo 2022	Report	Informe	report		2022		Spanish	documento_oficial	media		cea94efc_cedula-6a-censo-educativo-2022.md	datafw escale	217
80b0e5bfba17baf90eb25cecdbd6716807cfbb711a8d312b44b71c668d5f3f15	datafw/data/raw/escale/censo-escolar/2022/documentacion/cedula-2pc-censo-educativo-2022.pdf	Unknown	Cedula 2PC Censo Educativo 2021	Report	Informe	report		2021		Spanish	documento_oficial	media		80b0e5bf_cedula-2pc-censo-educativo-2021.md	datafw escale	218
56d5d9f0d89f57417298e3502c259ad50f7d692f53df967cdefb91dc257a6151	datafw/data/raw/escale/censo-escolar/2022/documentacion/cedula-7b-censo-educativo-2022.pdf	Unknown	Cedula 7B -2022 02 03	Report	Informe	report		2022		Spanish	documento_oficial	media		56d5d9f0_cedula-7b-2022-02-03.md	datafw escale	219
6acf6e93a3513d52f2ca4c19896affc5cf01d3e0e8b85a8e72b300b69941373b	datafw/data/raw/escale/censo-escolar/2017/documentacion/cedula-8bp-censo-educativo-2017.pdf	Unknown	Cedula 8BP Censo Educativo 2017 FINAL1	Report	Informe	report		2017		Spanish	documento_oficial	media		6acf6e93_cedula-8bp-censo-educativo-2017-final1.md	datafw escale	220
ad49646a0336d78302433d46a33577a6b89bb76137c80023394376c0b93d4d0c	datafw/data/raw/escale/censo-escolar/2017/documentacion/cedula-9a-censo-educativo-2017.pdf	Unknown	Cedula 9A Censo Educativo 2017 FINAL1	Report	Informe	report		2017		Spanish	documento_oficial	media		ad49646a_cedula-9a-censo-educativo-2017-final1.md	datafw escale	221
18f6c539af3fd189dd981eac3a2749dc5769ae5d9a5a9fcaa49e3363d37d4004	datafw/data/raw/escale/censo-escolar/2017/documentacion/cedula-4bi-censo-educativo-2017.pdf	Unknown	Cedula 4BI Censo Educativo 2017 FINAL1	Report	Informe	report		2017		Spanish	documento_oficial	media		18f6c539_cedula-4bi-censo-educativo-2017-final1.md	datafw escale	222
86e842574e075e4f3a1525cf6152682c0d943014e7cdffe41e260385769ce706	datafw/data/raw/escale/censo-escolar/2017/documentacion/cedula-3ap-censo-educativo-2017.pdf	Unknown	Cedula 3AP Censo Educativo 2017 FINAL1	Report	Informe	report		2017		Spanish	documento_oficial	media		86e84257_cedula-3ap-censo-educativo-2017-final1.md	datafw escale	223
35a7040a4dbec07242dc7441a0400e4e1a100e79c470e4fcb95327eba3bf8198	datafw/data/raw/escale/censo-escolar/2017/documentacion/cedula-d-censo-educativo-2017.pdf	Unknown	Cedula D Censo Educativo 2017	Report	Informe	report		2017		Spanish	documento_oficial	media		35a7040a_cedula-d-censo-educativo-2017.md	datafw escale	224
f8c43c9342266bc479a62360e96566d5411977d8bd31831d1f553958159901f8	datafw/data/raw/escale/censo-escolar/2017/documentacion/cedula-6a-censo-educativo-2017.pdf	Unknown	Cedula 6A Censo Educativo 2017 FINAL1	Report	Informe	report		2017		Spanish	documento_oficial	media		f8c43c93_cedula-6a-censo-educativo-2017-final1.md	datafw escale	225
df2494cd740099a3ca4e462a06f5ebf361dd24552264e3dd250d1b252c4b6485	datafw/data/raw/escale/censo-escolar/2017/documentacion/cedula-3as-censo-educativo-2017.pdf	Unknown	Cedula 3AS Censo Educativo 2017 FINAL1	Report	Informe	report		2017		Spanish	documento_oficial	media		df2494cd_cedula-3as-censo-educativo-2017-final1.md	datafw escale	226
170d16152f863568552de0be66d8519967caada8027b6e03b44dc51d37792556	datafw/data/raw/escale/censo-escolar/2017/documentacion/cedula-7a-censo-educativo-2017.pdf	Unknown	Cedula 7A Censo Educativo 2017 FINAL1	Report	Informe	report		2017		Spanish	documento_oficial	media		170d1615_cedula-7a-censo-educativo-2017-final1.md	datafw escale	227
44b78c5171ecf91f2d074c0e0884da3468942835a59651c984b3bb75cb9b73f5	datafw/data/raw/escale/censo-escolar/2017/documentacion/cedula-s-censo-educativo-2017.pdf	Unknown	Cedula S Censo Educativo 2017	Report	Informe	report		2017		Spanish	documento_oficial	media		44b78c51_cedula-s-censo-educativo-2017.md	datafw escale	228
40ef45a53c9bc0c169524528f10e9468326bda182cc35d4cb43f946fc71331d6	datafw/data/raw/escale/censo-escolar/2017/documentacion/cedula-2a-censo-educativo-2017.pdf	Unknown	Cedula 2A Censo Educativo 2017 FINAL1	Report	Informe	report		2017		Spanish	documento_oficial	media		40ef45a5_cedula-2a-censo-educativo-2017-final1.md	datafw escale	229
313a709cee44a58624f61daf169ba6825016975683b76a6ae7fa9fd4d895ec70	datafw/data/raw/escale/censo-escolar/2017/documentacion/cedula-11-censo-educativo-2017.pdf	Unknown	Cedula 11 Censo Educativo 2017 FINAL1	Report	Informe	report		2017		Spanish	documento_oficial	media		313a709c_cedula-11-censo-educativo-2017-final1.md	datafw escale	230
c42b62108e549ee2960da58ed5ca073fb28bd15ab832f4acb7190624d3507f26	datafw/data/raw/escale/censo-escolar/2017/documentacion/00-diccionario-padron-2017.pdf	Unknown	Censo Educativo 2017– Padrón de Instituciones y Programas Educativos	Report	Informe técnico	report		2017		Spanish	documento_oficial	media		c42b6210_censo-educativo-2017-padron-de-instituciones-y-programas.md	datafw escale	231
fbb89068d5be45ecce06ccbec51d6ed6ec4d602e0cb7de25e6fb1ef6808ce324	datafw/data/raw/escale/censo-escolar/2017/documentacion/cedula-4aa-censo-educativo-2017.pdf	Unknown	Cedula 4AA Censo Educativo 2017 FINAL1	Report	Informe	report		2017		Spanish	documento_oficial	media		fbb89068_cedula-4aa-censo-educativo-2017-final1.md	datafw escale	232
b92d8a8dfffe189da0feef879c074d8acc3de358081208024e0732cb015fbb58	datafw/data/raw/escale/censo-escolar/2017/documentacion/cedula-4ba-censo-educativo-2017.pdf	Unknown	Cedula 4BA Censo Educativo 2017 FINAL1	Report	Informe	report		2017		Spanish	documento_oficial	media		b92d8a8d_cedula-4ba-censo-educativo-2017-final1.md	datafw escale	233
e9291e11bed747437cefadca7a6c822df0ed26e3b4b74049669e909da235fa6d	datafw/data/raw/escale/censo-escolar/2017/documentacion/00-diccionario-ce-datos-resultado-del-ejercicio-2017.pdf	Unknown	Censo Educativo 2017 – Módulo II Resultado del Ejercicio Educativo	Report	Informe técnico	report		2018		Spanish	documento_oficial	media		e9291e11_censo-educativo-2017-modulo-ii-resultado-del-ejercicio.md	datafw escale	234
80633a16df8a6c380008d4213753ea7539eed16b0e6bce0701144ea3de56c338	datafw/data/raw/escale/censo-escolar/2017/documentacion/cedula-4ai-censo-educativo-2017.pdf	Unknown	Cedula 4AI Censo Educativo 2017 FINAL1	Report	Informe	report		2017		Spanish	documento_oficial	media		80633a16_cedula-4ai-censo-educativo-2017-final1.md	datafw escale	235
c8042ab5da1608eb0180d12790e5ff37fb239b7cb24b59810407ea7cf88f2610	datafw/data/raw/escale/censo-escolar/2017/documentacion/cedula-6b-censo-educativo-2017.pdf	Unknown	Cedula 6B Censo Educativo 2017 FINAL1	Report	Informe	report		2017		Spanish	documento_oficial	media		c8042ab5_cedula-6b-censo-educativo-2017-final1.md	datafw escale	236
81dc5f40bf5873830c3149bdc769800dbcbea92a305dbc159bb88f23ad5fdbb9	datafw/data/raw/escale/censo-escolar/2017/documentacion/cedula-2b-censo-educativo-2017.pdf	Unknown	Cedula 2B Censo Educativo 2017 FINAL1	Report	Informe	report		2017		Spanish	documento_oficial	media		81dc5f40_cedula-2b-censo-educativo-2017-final1.md	datafw escale	237
6c32095de74784f5f0618be580877e0ed76f3af2b2e3089fa8c644d8152b4917	datafw/data/raw/escale/censo-escolar/2017/documentacion/cedula-7b-censo-educativo-2017.pdf	Unknown	Cedula 7B Censo Educativo 2017 FINAL MODIFICADO	Report	Informe	report		2017		Spanish	documento_oficial	media		6c32095d_cedula-7b-censo-educativo-2017-final-modificado.md	datafw escale	238
8dcf3efb8a50bd6ea750665d43c07a39df488bd6ab1c6b80594af03a33377843	datafw/data/raw/escale/censo-escolar/2017/documentacion/cedula-1b-censo-educativo-2017.pdf	Unknown	Cedula 1B Censo Educativo 2017 FINAL1	Report	Informe	report		2017		Spanish	documento_oficial	media		8dcf3efb_cedula-1b-censo-educativo-2017-final1.md	datafw escale	239
c6a847f483c1611c15809fd82733ff2dbbbaf26ecdb7bbd9be3598c940661353	datafw/data/raw/escale/censo-escolar/2017/documentacion/cedula-8ai-censo-educativo-2017.pdf	Unknown	Cedula 8AI Censo Educativo 2017 FINAL1	Report	Informe	report		2017		Spanish	documento_oficial	media		c6a847f4_cedula-8ai-censo-educativo-2017-final1.md	datafw escale	240
f59a78af4fa744c16e1a95ce6e68be725baaa76327555b1d5c2db91d709c4561	datafw/data/raw/escale/censo-escolar/2017/documentacion/cedula-5a-censo-educativo-2017.pdf	Unknown	Cedula 5A Censo Educativo 2017 FINAL1	Report	Informe	report		2017		Spanish	documento_oficial	media		f59a78af_cedula-5a-censo-educativo-2017-final1.md	datafw escale	241
a08823313f1e03bc8f232b2988aa02d13accb5b194f3713de1a152819e119eb6	datafw/data/raw/escale/censo-escolar/2017/documentacion/cedula-id-censo-educativo-2017.pdf	Unknown	Cedula ID Censo Educativo 2017 FINAL1	Report	Informe	report		2017		Spanish	documento_oficial	media		a0882331_cedula-id-censo-educativo-2017-final1.md	datafw escale	242
b6856266c5707e41ee11fdd3757adcb65327c33a4711949382f64db84702b462	datafw/data/raw/escale/censo-escolar/2017/documentacion/cedula-3bs-censo-educativo-2017.pdf	Unknown	Cedula 3BS Censo Educativo 2017 FINAL1	Report	Informe	report		2017		Spanish	documento_oficial	media		b6856266_cedula-3bs-censo-educativo-2017-final1.md	datafw escale	243
9eb58de5360ac8fe1cf4045b2fa892809f1aab859cd1a4ee3cfec1814327b96a	datafw/data/raw/escale/censo-escolar/2017/documentacion/cedula-3bp-censo-educativo-2017.pdf	Unknown	Cedula 3BP Censo Educativo 2017 FINAL1	Report	Informe	report		2017		Spanish	documento_oficial	media		9eb58de5_cedula-3bp-censo-educativo-2017-final1.md	datafw escale	244
83d7093be0a6aa52330ff701c2d2d58547e868823d95b251cbc752ea153fb58f	datafw/data/raw/escale/censo-escolar/2017/documentacion/cedula-8bi-censo-educativo-2017.pdf	Unknown	Cedula 8BI Censo Educativo 2017 FINAL1	Report	Informe	report		2017		Spanish	documento_oficial	media		83d7093b_cedula-8bi-censo-educativo-2017-final1.md	datafw escale	245
3f9beea9cdb62c5c01cd9069a4823e136573afcfb2462098ac12335f9fa4fa12	datafw/data/raw/escale/censo-escolar/2017/documentacion/cedula-9b-censo-educativo-2017.pdf	Unknown	Cedula 9B Censo Educativo 2017 FINAL1	Report	Informe	report		2017		Spanish	documento_oficial	media		3f9beea9_cedula-9b-censo-educativo-2017-final1.md	datafw escale	246
d60ad2cfd89839286f5144b9f8ccd1f6219b9ee1f73c17af52eac07db9cfbc77	datafw/data/raw/escale/censo-escolar/2017/documentacion/cedula-5b-censo-educativo-2017.pdf	Unknown	Cedula 5B Censo Educativo 2017 FINAL1	Report	Informe	report		2017		Spanish	documento_oficial	media		d60ad2cf_cedula-5b-censo-educativo-2017-final1.md	datafw escale	247
70f85623564f089f1bdf27e364079fb00076c1f82f2374308b1a322437db0f6b	datafw/data/raw/escale/censo-escolar/2017/documentacion/cedula-8ap-censo-educativo-2017.pdf	Unknown	Cedula 8AP Censo Educativo 2017 FINAL1	Report	Informe	report		2017		Spanish	documento_oficial	media		70f85623_cedula-8ap-censo-educativo-2017-final1.md	datafw escale	248
e2021145d608829b08d6a386fc95732121371c98d42cccd50e378993b37db9f1	datafw/data/raw/escale/censo-escolar/2017/documentacion/cedula-1a-censo-educativo-2017.pdf	Unknown	Cedula 1A Censo Educativo 2017 FINAL1	Report	Informe	report		2017		Spanish	documento_oficial	media		e2021145_cedula-1a-censo-educativo-2017-final1.md	datafw escale	249
2ed57c34209c8d88df1f2d48077afc0ebe2ce0bd6af8d51956a077d3b8620286	datafw/data/raw/escale/censo-escolar/2017/documentacion/00-diccionario-de-datos-censo-escolar-2017-v2.pdf	Unknown	Diccionario de datos – Censo Educativo 2017	Report	Informe	report		2018		Spanish	documento_oficial	media		2ed57c34_diccionario-de-datos-censo-educativo-2017.md	datafw escale	250
53a9313d9e1906d0dc37240b3c43a8f0f68b9f430479ffcc4780bd1533cc9d15	datafw/data/raw/escale/censo-escolar/2005/documentacion/cedula-03-censo2005.pdf	Unknown	Censo escolar 2005	Report	Informe técnico	report		2005		Spanish	documento_oficial	media		53a9313d_censo-escolar-2005.md	datafw escale	251
bc0a817f5878556bef1b4a875b8f88eeec897aa9078f5c9cece62d36f6094097	datafw/data/raw/escale/censo-escolar/2005/documentacion/diccionario-de-datos-censo-escolar-2005.pdf	Unknown	Diccionario de datos Censo Escolar 2005.doc	Report	Informe técnico	report		2006		Spanish	documento_oficial	media		bc0a817f_diccionario-de-datos-censo-escolar-2005-doc.md	datafw escale	252
ca6687457e6483440d936be2313ef082cfcd87ef4979c667a63acc1119b3e000	datafw/data/raw/escale/censo-escolar/2005/documentacion/cedula-05-censo2005.pdf	Unknown	Censo escolar 2005	Report	Informe técnico	report		2005		Spanish	documento_oficial	media		ca668745_censo-escolar-2005.md	datafw escale	253
be97f2fdcffce68e40792b4dc902c411126779123a67d6194c19d1441e4d1d45	datafw/data/raw/escale/censo-escolar/2005/documentacion/cedula-09-censo2005.pdf	Unknown	Censo escolar 2005	Report	Informe técnico	report		2005		Spanish	documento_oficial	media		be97f2fd_censo-escolar-2005.md	datafw escale	254
f68258adb5cce66592465b7ca9129717352a487b0f50027fb6b0cb05188c98cc	datafw/data/raw/escale/censo-escolar/2005/documentacion/cedula-01-censo2005.pdf	Unknown	Censo escolar 2005	Report	Informe técnico	report		2005		Spanish	documento_oficial	media		f68258ad_censo-escolar-2005.md	datafw escale	255
572c72e0a87f7c2649b8f0c372a50611ef445ec8812aebfa164eb2997085a068	datafw/data/raw/escale/censo-escolar/2005/documentacion/cedula-06-censo2005.pdf	Unknown	Censo escolar 2005	Report	Informe técnico	report		2005		Spanish	documento_oficial	media		572c72e0_censo-escolar-2005.md	datafw escale	256
9556058a86977559003c5bb9c7bd226c1272c5b648091c4d6e35ec0e6c3cbee3	datafw/data/raw/escale/censo-escolar/2005/documentacion/cedula-03a-censo2005.pdf	Unknown	Censo escolar 2005 cédula	Report	Informe técnico	report		2005		Spanish	documento_oficial	media		9556058a_censo-escolar-2005-cedula.md	datafw escale	257
eed26eaab91bd8f2928a76780ce0255c0bdfa368f91b21c952c64caca307c69c	datafw/data/raw/escale/censo-escolar/2005/documentacion/cedula-08-censo2005.pdf	Unknown	Censo escolar 2005	Report	Informe técnico	report		2005		Spanish	documento_oficial	media		eed26eaa_censo-escolar-2005.md	datafw escale	258
1ae18a81f4b0c3959c02d3637739b9975302189f8a00febc58abecc9d22d9d18	datafw/data/raw/escale/censo-escolar/2005/documentacion/cedula-02-censo2005.pdf	Unknown	Censo escolar 2005	Report	Informe técnico	report		2005		Spanish	documento_oficial	media		1ae18a81_censo-escolar-2005.md	datafw escale	259
52442f964a4ea521558a46f5f8b4b1b60c40bb00d8f5c816849f3ce24f5b2767	datafw/data/raw/escale/censo-escolar/2005/documentacion/cedula-10-censo-2005.pdf	Unknown	Censo escolar 2005	Report	Informe técnico	report		2005		Spanish	documento_oficial	media		52442f96_censo-escolar-2005.md	datafw escale	260
0434eee198b19527b00ce6f3673384b053291ad00dbaa7611cba0d1ba07479f2	datafw/data/raw/escale/censo-escolar/2005/documentacion/cedula-04-censo2005.pdf	Unknown	Censo escolar 2005	Report	Informe técnico	report		2005		Spanish	documento_oficial	media		0434eee1_censo-escolar-2005.md	datafw escale	261
d80d026981de68c692a4302cc773f986e48c7700bf7b77d91a818d15c7849f60	datafw/data/raw/escale/censo-escolar/2020/documentacion/cedula-7a-censo-educativo-2020.pdf	Unknown	Cedula 7A Censo Educativo 2020	Report	Informe	report		2020		Spanish	documento_oficial	media		d80d0269_cedula-7a-censo-educativo-2020.md	datafw escale	262
11bc4371d38d294d70b39acda92f7a9eece42cba4b6e12de85bf13a440f21ac0	datafw/data/raw/escale/censo-escolar/2020/documentacion/cedula-3bp-censo-educativo-2020.pdf	Unknown	Decreto Supremo N.° 072-2012-	Report	Informe	report		2020	norma:decreto_supremo_072-2012-	Spanish	documento_oficial	media	Decreto Supremo N° 072-2012-	11bc4371_decreto-supremo-n-072-2012.md	datafw escale	263
0a07df3f99cc811118b679945dcc938514139e1c42686c03908bbd583e29504b	datafw/data/raw/escale/censo-escolar/2020/documentacion/cedula-8bp-censo-educativo-2020.pdf	Congreso de la República	Decreto Supremo N.° 072-2012-	Statute	Normativa	statute	Diario Oficial El Peruano	2019	norma:decreto_supremo_072-2012-	Spanish	documento_oficial	alta	Decreto Supremo N° 072-2012-	0a07df3f_decreto-supremo-n-072-2012.md	datafw escale	264
434deaa8e6101715bc86e43f4b6baeb959a914d67e623c95dba36a23fc2d3963	datafw/data/raw/escale/censo-escolar/2020/documentacion/cedula-2a-censo-educativo-2020.pdf	Unknown	Cedula 2A Censo Educativo 2020	Report	Informe	report		2020		Spanish	documento_oficial	media		434deaa8_cedula-2a-censo-educativo-2020.md	datafw escale	265
40d4b7def97a88e223e836f08e304d89a8642fd72a9f9dc3b5faabd576c03217	datafw/data/raw/escale/censo-escolar/2020/documentacion/cedula-6b-censo-educativo-2020.pdf	Congreso de la República	Decreto Supremo N.° 072-2012-	Statute	Normativa	statute	Diario Oficial El Peruano	2019	norma:decreto_supremo_072-2012-	Spanish	documento_oficial	alta	Decreto Supremo N° 072-2012-	40d4b7de_decreto-supremo-n-072-2012.md	datafw escale	266
7364294a06565e570c951fe91281d26914e83f0f576c9e33dbde156ef9faa6db	datafw/data/raw/escale/censo-escolar/2020/documentacion/00-diccionario-de-datos-local-educativo-2020.pdf	Unknown	Diccionario de datos	Report	Informe técnico	report		2020		Spanish	documento_oficial	media		7364294a_diccionario-de-datos.md	datafw escale	267
4aea4c48557789de0b68e0265a666ff4fd0c51043ba8eb24d8383d7b39175dbe	datafw/data/raw/escale/censo-escolar/2020/documentacion/cedula-3ap-censo-educativo-2020.pdf	Unknown	Cedula 3AP Censo Educativo 2020	Report	Informe	report		2020		Spanish	documento_oficial	media		4aea4c48_cedula-3ap-censo-educativo-2020.md	datafw escale	268
b45adae1f79927d83d325da704e62e833b8f8449788925a00b41f5c5ad8c0e03	datafw/data/raw/escale/censo-escolar/2020/documentacion/00-dicionario-de-datos-ce-2020-3-0.pdf	Unknown	“Decenio de la Igualdad de oportunidades para mujeres y hombres”	Report	Informe técnico	report		2020		Spanish	documento_oficial	media		b45adae1_decenio-de-la-igualdad-de-oportunidades-para-mujeres-y.md	datafw escale	269
62a66c65548b06d4d12f10fe18fe9185f8aba75b03bfd5cbc89cd0acf1ac20a7	datafw/data/raw/escale/censo-escolar/2020/documentacion/cedula-9b-censo-educativo-2020.pdf	Congreso de la República	Decreto Supremo N.° 072-2012-	Statute	Normativa	statute	Diario Oficial El Peruano	2019	norma:decreto_supremo_072-2012-	Spanish	documento_oficial	alta	Decreto Supremo N° 072-2012-	62a66c65_decreto-supremo-n-072-2012.md	datafw escale	270
1b23615fbc605c5a59240e4fc72d4c0082829b5cfe6739847e2723c2695a2e01	datafw/data/raw/escale/censo-escolar/2020/documentacion/cedula-9a-censo-educativo-2020.pdf	Unknown	Cedula 9A Censo Educativo 2020	Report	Informe	report		2020		Spanish	documento_oficial	media		1b23615f_cedula-9a-censo-educativo-2020.md	datafw escale	271
0d0588d10af76b9b279b95370e05313a75b0ff91b7576c35ce3508451f43f30b	datafw/data/raw/escale/censo-escolar/2020/documentacion/00-diccionario-marco-censal-2020.pdf	Unknown	Diccionario Censo Escolar 2007 - CE03	Report	Informe técnico	report		2020		Spanish	documento_oficial	media		0d0588d1_diccionario-censo-escolar-2007-ce03.md	datafw escale	272
3464063eb8f3968cc0bb1dacddd460a1c5e92b509a9bd5c5dad700dbd413837d	datafw/data/raw/escale/censo-escolar/2020/documentacion/00-diccionario-de-datos-2020-resultados.pdf	Unknown	Ministerio de educación	Report	Informe técnico	report		2021		Spanish	documento_oficial	media		3464063e_ministerio-de-educacion.md	datafw escale	273
18438d399cd87e29f428bdad61b860754308b9f01c7f280163c0bafbfdc3ca3c	datafw/data/raw/escale/censo-escolar/2020/documentacion/cedula-11-censo-educativo-2020.pdf	Unknown	Censo censo educativo 2020	Report	Informe	report		2020		Spanish	documento_oficial	media		18438d39_censo-censo-educativo-2020.md	datafw escale	274
972a4c7415adc87330a4a68e0a33a50f192c87ca253085198bdefd32a617d3a3	datafw/data/raw/escale/censo-escolar/2020/documentacion/cedula-4aa-censo-educativo-2020.pdf	Unknown	Cedula 4AA Censo Educativo 2020	Report	Informe	report		2020		Spanish	documento_oficial	media		972a4c74_cedula-4aa-censo-educativo-2020.md	datafw escale	275
060f4cb17fb1ae99e5b0c2f26b67ddf8a16b7d40e0625be57ddcf66cfd590351	datafw/data/raw/escale/censo-escolar/2020/documentacion/cedula-8bi-censo-educativo-2020.pdf	Congreso de la República	Decreto Supremo N.° 072-2012-	Statute	Normativa	statute	Diario Oficial El Peruano	2019	norma:decreto_supremo_072-2012-	Spanish	documento_oficial	alta	Decreto Supremo N° 072-2012-	060f4cb1_decreto-supremo-n-072-2012.md	datafw escale	276
9a60b6a3283e789c9d6b80996c996715f86334115b61dd07fb9131a0792844bb	datafw/data/raw/escale/censo-escolar/2020/documentacion/cedula-1b-censo-educativo-2020.pdf	Unknown	Decreto Supremo N.° 072-2012-	Report	Informe	report		2020	norma:decreto_supremo_072-2012-	Spanish	documento_oficial	media	Decreto Supremo N° 072-2012-	9a60b6a3_decreto-supremo-n-072-2012.md	datafw escale	277
b91ddeea0aae1ffb9b2246672a2c5c7f03e437fa0167d342e551d1e9106361bc	datafw/data/raw/escale/censo-escolar/2020/documentacion/cedula-4ba-censo-educativo-2020.pdf	Unknown	Decreto Supremo N.° 072-2012-	Report	Informe	report		2020	norma:decreto_supremo_072-2012-	Spanish	documento_oficial	media	Decreto Supremo N° 072-2012-	b91ddeea_decreto-supremo-n-072-2012.md	datafw escale	278
2e5e2de5000825ab5d1072600af03c7613be0cd02d9c9a114d8d1b2d4d141c6b	datafw/data/raw/escale/censo-escolar/2020/documentacion/cedula-3as-censo-educativo-2020.pdf	Unknown	Cedula 3AS Censo Educativo 2020	Report	Informe	report		2020		Spanish	documento_oficial	media		2e5e2de5_cedula-3as-censo-educativo-2020.md	datafw escale	279
ee099c0ed986388e2191fe4271b639588eb83f66f34fbf4827a49e49f04745d8	datafw/data/raw/escale/censo-escolar/2020/documentacion/cedula-4bi-censo-educativo-2020t.pdf	Unknown	Decreto Supremo N.° 072-2012-	Report	Informe	report		2020	norma:decreto_supremo_072-2012-	Spanish	documento_oficial	media	Decreto Supremo N° 072-2012-	ee099c0e_decreto-supremo-n-072-2012.md	datafw escale	280
b05dc8fa344c36c3246e1840d2e0ca2ad3d44daa47a36868f08c516852c0f10d	datafw/data/raw/escale/censo-escolar/2020/documentacion/cedula-1a-censo-educativo-2020.pdf	Unknown	Cedula 1A Censo Educativo 2020	Report	Informe	report		2020		Spanish	documento_oficial	media		b05dc8fa_cedula-1a-censo-educativo-2020.md	datafw escale	281
9fe6bdd5d2f994628e634d34906a4056a4540c7ce3d9c99672cbe0f93a9f2c3b	datafw/data/raw/escale/censo-escolar/2020/documentacion/cedula-5b-censo-educativo-2020.pdf	Congreso de la República	Decreto Supremo N.° 072-2012-	Statute	Normativa	statute	Diario Oficial El Peruano	2019	norma:decreto_supremo_072-2012-	Spanish	documento_oficial	alta	Decreto Supremo N° 072-2012-	9fe6bdd5_decreto-supremo-n-072-2012.md	datafw escale	282
3665cbc6284592ff8da7f228f6fc1245a48e354f811123da536351591385d9e7	datafw/data/raw/escale/censo-escolar/2020/documentacion/cedula-3bs-censo-educativo-2020.pdf	Unknown	Censo censo educativo 2020	Report	Informe	report		2020		Spanish	documento_oficial	media		3665cbc6_censo-censo-educativo-2020.md	datafw escale	283
da7b42ffda4cfcff01714594490bc3beafc9414a224dd4c765546a635ebd1284	datafw/data/raw/escale/censo-escolar/2020/documentacion/cedula-2b-censo-educativo-2020.pdf	Unknown	Decreto Supremo N.° 072-2012-	Report	Informe	report		2020	norma:decreto_supremo_072-2012-	Spanish	documento_oficial	media	Decreto Supremo N° 072-2012-	da7b42ff_decreto-supremo-n-072-2012.md	datafw escale	284
4bd46991282e714760477dfa96f8a2e6349dc0becfd0d19da9ad51031e753ae7	datafw/data/raw/escale/censo-escolar/2020/documentacion/cedula-8ai-censo-educativo-2020.pdf	Unknown	Cedula 8AI Censo Educativo 2020	Report	Informe	report		2020		Spanish	documento_oficial	media		4bd46991_cedula-8ai-censo-educativo-2020.md	datafw escale	285
ce6fedc9490ff26c2085a05057a6f75e3256c2263effab33e612d9addbe7e07b	datafw/data/raw/escale/censo-escolar/2020/documentacion/cedula-5a-censo-educativo-2020.pdf	Unknown	Cedula 5A Censo Educativo 2020	Report	Informe	report		2020		Spanish	documento_oficial	media	OCR pendiente;	ce6fedc9_cedula-5a-censo-educativo-2020.md	datafw escale	286
2dd7d67cdf0d061f8c192e568757db2a8a34ead5ed6c848e92b64e807d6fb2c9	datafw/data/raw/escale/censo-escolar/2020/documentacion/cedula-7b-censo-educativo-2020.pdf	Congreso de la República	Decreto Supremo N.° 072-2012-	Statute	Normativa	statute	Diario Oficial El Peruano	2019	norma:decreto_supremo_072-2012-	Spanish	documento_oficial	alta	Decreto Supremo N° 072-2012-	2dd7d67c_decreto-supremo-n-072-2012.md	datafw escale	287
9618cd6ef305dfcfb98dbb2cd1c4f5ab94c4ab30f9241c106d34b0775a84ddfc	datafw/data/raw/escale/censo-escolar/2020/documentacion/cedula-8ap-censo-educativo-2020.pdf	Unknown	Cedula 8AP Censo Educativo 2020	Report	Informe	report		2020		Spanish	documento_oficial	media		9618cd6e_cedula-8ap-censo-educativo-2020.md	datafw escale	288
f0cec4e848f6f2d9e49213f0bb18e014bf00f3632d012193d9fb137c2d73064e	datafw/data/raw/escale/censo-escolar/2020/documentacion/cedula-6a-censo-educativo-2020.pdf	Unknown	Cedula 6A Censo Educativo 2020	Report	Informe	report		2020		Spanish	documento_oficial	media		f0cec4e8_cedula-6a-censo-educativo-2020.md	datafw escale	289
86bfba7c7daaac2232021706e57cd5e13f8bc955f6abba5298ee00953d502056	datafw/data/raw/escale/censo-escolar/2020/documentacion/cedula-4ai-censo-educativo-2020.pdf	Unknown	Cedula 4AI Censo Educativo 2020	Report	Informe	report		2020		Spanish	documento_oficial	media		86bfba7c_cedula-4ai-censo-educativo-2020.md	datafw escale	290
8cdf55202385c4fb85e85532c6b30fce8ffa9d6f00928222a88d07532d2d4540	datafw/data/raw/escale/censo-escolar/2020/documentacion/cedula-2pc-censo-educativo-2020.pdf	Unknown	Cedula 2PC Censo Educativo 2020	Report	Informe	report		2020		Spanish	documento_oficial	media		8cdf5520_cedula-2pc-censo-educativo-2020.md	datafw escale	291
1bf70742a23c5cccc68a79bc30465878ec2e191b84a027a39aefdfa30e1c833d	datafw/data/raw/escale/censo-escolar/2024/documentacion/cedula-4bi-censo-educativo-2024.pdf	Unknown	Cedula 4BI-Censo Educativo 2022 [Recuperado]	Report	Informe	report		2022	norma:decreto_supremo_072-2012-	Spanish	documento_oficial	media	Decreto Supremo N° 072-2012-	1bf70742_cedula-4bi-censo-educativo-2022-recuperado.md	datafw escale	292
0b8d9fd85a15f57d957d2b5a821048680e0e49800715433ae45ab355e29532f3	datafw/data/raw/escale/censo-escolar/2024/documentacion/00-diccionario-de-datos-ce-2024.pdf	Unknown	"Año del Bicentenario, de la consolidación de nuestra Independencia, y de la conmemoración de las heroicas batallas	Report	Informe	report				Spanish	documento_oficial	media		0b8d9fd8_ano-del-bicentenario-de-la-consolidacion-de-nuestra.md	datafw escale	293
7675c0d8afaaa62f99cc97b979d332c302024fbd10c6a331e6ca70aed6e4e88b	datafw/data/raw/escale/censo-escolar/2024/documentacion/manual-fuie-cedula-11-local-educativo.pdf	Unknown	Manual del director – FUIE – CE 2024	Book	Libro	book		2024		Spanish	documento_oficial	media		7675c0d8_manual-del-director-fuie-ce-2024.md	datafw escale	294
68da04ce0ca2b64499331c8935ca15078f6c22dae0bfb58e0332d1d5557122f4	datafw/data/raw/escale/censo-escolar/2024/documentacion/cedula-11-local-educativo-fuie-2024.pdf	Unknown	Censo educativo 2024	Report	Informe	report		2024		Spanish	documento_oficial	media		68da04ce_censo-educativo-2024.md	datafw escale	295
eafe3f25a55162b9a6034ddb6a0a41704a210eb6347bd18362d737699b8373f3	datafw/data/raw/escale/censo-escolar/2024/documentacion/cedula-3bs-censo-educativo-2024.pdf	Unknown	Cedula 3BS-Censo Educativo 2021	Report	Informe	report		2021		Spanish	documento_oficial	media		eafe3f25_cedula-3bs-censo-educativo-2021.md	datafw escale	296
efcb9ff0f052770a46671075eb856ad4aa56d0e66d482a313a06fcc1106203a4	datafw/data/raw/escale/censo-escolar/2024/documentacion/cedula-8acp-censo-educativo-2024.pdf	Unknown	Censo censo educativo 2024	Report	Informe	report		2022		Spanish	documento_oficial	media		efcb9ff0_censo-censo-educativo-2024.md	datafw escale	297
98454559d376afac79dfb5a0134a51af62f2817d92354df30adc388cc7ca98b8	datafw/data/raw/escale/censo-escolar/2024/documentacion/cedula-5b-censo-educativo-2024.pdf	Unknown	Cedula 5B -2022 02 03	Report	Informe	report		2022		Spanish	documento_oficial	media		98454559_cedula-5b-2022-02-03.md	datafw escale	298
62b48602b192114d98134cdbe7d5207d260e42c235a440246dfae4f7742f00ab	datafw/data/raw/escale/censo-escolar/2024/documentacion/cedula-6b-censo-educativo-2024.pdf	Unknown	Cedula 6B - 2022 02 03	Report	Informe	report		2022		Spanish	documento_oficial	media		62b48602_cedula-6b-2022-02-03.md	datafw escale	299
e3021a758a6d967cb28f59ec2289c1d1cc2c3d2337cfb79736c3df60b395f9e9	datafw/data/raw/escale/censo-escolar/2024/documentacion/cedula-8bi-censo-educativo-2024.pdf	Unknown	Cedula 8BI -Censo Educativo 2021	Report	Informe	report		2021	norma:decreto_supremo_072-2012-	Spanish	documento_oficial	media	Decreto Supremo N° 072-2012-	e3021a75_cedula-8bi-censo-educativo-2021.md	datafw escale	300
1f3a0f662a6caa8c67817b9e2bdfb874cd6cd33c58d66952cefe3f9fe096c98f	datafw/data/raw/escale/censo-escolar/2024/documentacion/cedula-6a-censo-educativo-2024.pdf	Unknown	Cedula 6A Censo Educativo 2022	Document	Documento oficial	document		2023	norma:ley_23585	Spanish	documento_oficial	alta	LEY Nº 23585	1f3a0f66_cedula-6a-censo-educativo-2022.md	datafw escale	301
c187591272a6dad07f22e52bbb217b6b3944c80cf538d4a38e3497be7adc5bf0	datafw/data/raw/escale/censo-escolar/2024/documentacion/cedula-7a-censo-educativo-2024.pdf	Unknown	Cedula 7A Censo Educativo 2022	Document	Documento oficial	document		2022		Spanish	documento_oficial	alta		c1875912_cedula-7a-censo-educativo-2022.md	datafw escale	302
333c8221df56b842a776c427e98d480a376868f383d3864352e02adfb3182457	datafw/data/raw/escale/censo-escolar/2024/documentacion/cedula-4ba-censo-educativo-2024.pdf	Unknown	Cedula 4BA-Censo Educativo 2021	Report	Informe	report		2021	norma:decreto_supremo_072-2012-	Spanish	documento_oficial	media	Decreto Supremo N° 072-2012-	333c8221_cedula-4ba-censo-educativo-2021.md	datafw escale	303
77621cf64e21ea21ce76c0fd5e3fe82e5becc5434e9f54a70e0a083d2ae3196d	datafw/data/raw/escale/censo-escolar/2024/documentacion/00-diccionario-de-datos-le-2024.pdf	Unknown	Año del bicentenario, de la consolidación de nuestra independencia y"	Report	Informe	report				Spanish	documento_oficial	media		77621cf6_ano-del-bicentenario-de-la-consolidacion-de-nuestra.md	datafw escale	304
d08ed3ffb992d6884f1124d2a9adc81d517ab48f5e0c29f2150dbd6be3151da2	datafw/data/raw/escale/censo-escolar/2024/documentacion/cedula-1a-censo-educativo-2024.pdf	Unknown	Cedula 1A Censo Educativo 2022	Report	Informe	report		2022		Spanish	documento_oficial	media		d08ed3ff_cedula-1a-censo-educativo-2022.md	datafw escale	305
f21a11ca7cc18755356f00bf97825de0492b543ef936a9b2a5be6b3654a8b09a	datafw/data/raw/escale/censo-escolar/2024/documentacion/00-diccionario-marco-censal-2024.pdf	Unknown	Diccionario Censo Escolar 2007 - CE03	Report	Informe técnico	report		2024		Spanish	documento_oficial	media		f21a11ca_diccionario-censo-escolar-2007-ce03.md	datafw escale	306
1ec7c20b4e79a718d95c4875d65038adfd47ca0167a44013d244e655009431b1	datafw/data/raw/escale/censo-escolar/2024/documentacion/cedula-3ap-censo-educativo-2024.pdf	Unknown	Censo censo educativo 2024	Report	Informe	report		2024		Spanish	documento_oficial	media		1ec7c20b_censo-censo-educativo-2024.md	datafw escale	307
41f7519007fe44f3527fe9d8a6073723734e82b0a1b986b8b6973c98359f3950	datafw/data/raw/escale/censo-escolar/2024/documentacion/cedula-3as-censo-educativo-2024.pdf	Unknown	Cedula 3AS Censo Educativo 2024	Report	Informe	report		2024		Spanish	documento_oficial	media		41f75190_cedula-3as-censo-educativo-2024.md	datafw escale	308
3530b7a9a90bc6cecedaed790079044542ad97e9d5c501bd2b94eaba10d82e5a	datafw/data/raw/escale/censo-escolar/2024/documentacion/cedula-9b-censo-educativo-2024.pdf	Unknown	Cedula 9B -2022 02 03	Report	Informe	report		2022		Spanish	documento_oficial	media		3530b7a9_cedula-9b-2022-02-03.md	datafw escale	309
ff19999f521c66cf39bb3091717dd2e2287ac2e365125cf6d9afff0b6bcc4840	datafw/data/raw/escale/censo-escolar/2024/documentacion/00-diccionario-de-datos-ce-2024-resultados.pdf	Unknown	Año de la recuperación y consolidación de la economía peruana	Report	Informe	report				Spanish	documento_oficial	media		ff19999f_ano-de-la-recuperacion-y-consolidacion-de-la-economia.md	datafw escale	310
8fcf8226afd5f0df1f1085c5bab721958f1ce0cb85f6dc64d4518673e1ca07a9	datafw/data/raw/escale/censo-escolar/2024/documentacion/cedula-8bp-censo-educativo-2024.pdf	Unknown	Cedula 8BP-Censo Educativo 2021	Report	Informe	report		2021	norma:decreto_supremo_072-2012-	Spanish	documento_oficial	media	Decreto Supremo N° 072-2012-	8fcf8226_cedula-8bp-censo-educativo-2021.md	datafw escale	311
073ba1adbbdff5f33ef03a494a745d1b9ab223c37c22a73f2ef5e323c0bab87f	datafw/data/raw/escale/censo-escolar/2024/documentacion/cedula-3bp-censo-educativo-2024.pdf	Unknown	Cedula 3BP-Censo Educativo 2021	Report	Informe	report		2022		Spanish	documento_oficial	media		073ba1ad_cedula-3bp-censo-educativo-2021.md	datafw escale	312
2037780a8249999bd86aab494d5b0512369b940767d5e656fd067b97cba58edd	datafw/data/raw/escale/censo-escolar/2024/documentacion/cedula-8ai-censo-educativo-2024.pdf	Unknown	Cedula 8AI Censo Educativo 2023-2	Report	Informe	report		2023		Spanish	documento_oficial	media		2037780a_cedula-8ai-censo-educativo-2023-2.md	datafw escale	313
0bf77498bbaaf9ab8b09a77ed1943b950381e1121356f2856720bfc4d1bbf405	datafw/data/raw/escale/censo-escolar/2024/documentacion/cedula-9a-censo-educativo-2024.pdf	Unknown	Cedula 9A Censo Educativo 2022	Document	Documento oficial	document		2022	norma:ley_23585	Spanish	documento_oficial	alta	LEY Nº 23585	0bf77498_cedula-9a-censo-educativo-2022.md	datafw escale	314
2552f11dee9df6dd8fa69fd85ab17614897cffaa1d9055f3e16ff630f8e36379	datafw/data/raw/escale/censo-escolar/2024/documentacion/cedula-8ap-censo-educativo-2024.pdf	Unknown	Censo censo educativo 2024	Report	Informe	report		2022		Spanish	documento_oficial	media		2552f11d_censo-censo-educativo-2024.md	datafw escale	315
923ec765a5eb114f6d73e67c31697a2b1a9276ea52e9eff632bb0250c2f463b5	datafw/data/raw/escale/censo-escolar/2024/documentacion/cedula-2b-censo-educativo-2024.pdf	Unknown	Cedula 2B-Censo Educativo 2021	Report	Informe	report		2021	norma:decreto_supremo_072-2012-	Spanish	documento_oficial	media	Decreto Supremo N° 072-2012-	923ec765_cedula-2b-censo-educativo-2021.md	datafw escale	316
65852b2ddb1bd855dae56bc539da5506bf8d78bb114976c2512b0c21196e7b8d	datafw/data/raw/escale/censo-escolar/2024/documentacion/cedula-7b-censo-educativo-2024.pdf	Unknown	Cedula 7B -2022 02 03	Report	Informe	report		2022		Spanish	documento_oficial	media		65852b2d_cedula-7b-2022-02-03.md	datafw escale	317
439323c9f39f037e39745e3c5023f4206859d5f5f9f2295ae96131a49c80cce8	datafw/data/raw/escale/censo-escolar/2024/documentacion/cedula-2pc-censo-educativo-2024.pdf	Unknown	Cedula 2PC Censo Educativo 2021	Report	Informe	report		2023		Spanish	documento_oficial	media		439323c9_cedula-2pc-censo-educativo-2021.md	datafw escale	318
81c23e9774a47da8802507f71a534c31dab35c9dd06b6eaf53f1f3fe357d932a	datafw/data/raw/escale/censo-escolar/2024/documentacion/cedula-1b-censo-educativo-2024.pdf	Unknown	Cedula 1B-Censo Educativo 2021	Report	Informe	report		2021	norma:decreto_supremo_072-2012-	Spanish	documento_oficial	media	Decreto Supremo N° 072-2012-	81c23e97_cedula-1b-censo-educativo-2021.md	datafw escale	319
0059000e72dbe9acfdcd1dc8941db5963372ad330cf63f91144b2f1ec934c228	datafw/data/raw/escale/censo-escolar/2024/documentacion/cedula-4ai-censo-educativo-2024.pdf	Unknown	Cedula 4AI Censo Educativo 2023 [Recuperado]	Report	Informe	report		2023		Spanish	documento_oficial	media		0059000e_cedula-4ai-censo-educativo-2023-recuperado.md	datafw escale	320
44d595112056cda1359b3de7afd59f4c4deacae809d200d65f4f8699404791a4	datafw/data/raw/escale/censo-escolar/2024/documentacion/cedula-4aa-censo-educativo-2024.pdf	Unknown	Cedula 4AA Censo Educativo 2023zz [Recuperado]	Report	Informe	report		2023		Spanish	documento_oficial	media		44d59511_cedula-4aa-censo-educativo-2023zz-recuperado.md	datafw escale	321
e9efdb34bfb0806334033566f4e3efa5ef9d13a450dcc3497494b0c71be3da54	datafw/data/raw/escale/censo-escolar/2024/documentacion/cedula-8a-censo-educativo-2024.pdf	Unknown	Cedula 8A Censo Educativo 20244	Report	Informe	report		2024		Spanish	documento_oficial	media		e9efdb34_cedula-8a-censo-educativo-20244.md	datafw escale	322
701e077348296af29a2e56d65cd033272694a4441dae4c70c5897e4e2ee8b792	datafw/data/raw/escale/censo-escolar/2024/documentacion/cedula-5a-censo-educativo-2024.pdf	Unknown	Cedula 5A Censo Educativo 2022	Report	Informe	report		2022	norma:ley_23585	Spanish	documento_oficial	media	LEY Nº 23585	701e0773_cedula-5a-censo-educativo-2022.md	datafw escale	323
205407719182d6d26d261ce456d56a5592cfffa5e3d1cd819ac5817401811e1a	datafw/data/raw/escale/censo-escolar/2013/documentacion/0-diccionario-censo-escolar-2013-v2.pdf	Unknown	Ministerio de educación	Report	Informe técnico	report		2014		Spanish	documento_oficial	media		20540771_ministerio-de-educacion.md	datafw escale	324
f61f12e3629c492d63701027e1880cd79c4ebfd7e4ebc9f6dc88bb0fe310b430	datafw/data/raw/escale/censo-escolar/2013/documentacion/cedula-6a-2013.pdf	Unknown	Censo escolar 2013 cédula	Report	Informe técnico	report		2012		Spanish	documento_oficial	media		f61f12e3_censo-escolar-2013-cedula.md	datafw escale	325
d2180da837b9c519a67c08db987cf93d7a5fea401ff08dd4069d844727f7cbaf	datafw/data/raw/escale/censo-escolar/2013/documentacion/cedula-6b-2013.pdf	Unknown	Censo escolar 2013	Report	Informe técnico	report		2012		Spanish	documento_oficial	media		d2180da8_censo-escolar-2013.md	datafw escale	326
05066fb30a095652b2d22ebbdc35c98c045e63aab45bee8d7bcb4e17ff0a88b8	datafw/data/raw/escale/censo-escolar/2013/documentacion/cedula-7a-2013.pdf	Unknown	Censo escolar 2013 cédula	Report	Informe técnico	report		2012		Spanish	documento_oficial	media		05066fb3_censo-escolar-2013-cedula.md	datafw escale	327
b3d3442d1ff41356c0646b7fd1ad3e832a1595723106c2e9181f55b2ec84ec50	datafw/data/raw/escale/censo-escolar/2013/documentacion/cedula-8b-2013.pdf	Unknown	Censo escolar 2013	Report	Informe técnico	report		2012		Spanish	documento_oficial	media		b3d3442d_censo-escolar-2013.md	datafw escale	328
23b9409dbb984204af2744dff0af024f4ebe84ecdaf8a02936a27403dcab46db	datafw/data/raw/escale/censo-escolar/2013/documentacion/cedula-2a-2013.pdf	Unknown	Censo escolar 2013	Report	Informe técnico	report		2012		Spanish	documento_oficial	media		23b9409d_censo-escolar-2013.md	datafw escale	329
d4251ae64c775bb5a83c52d8085e743bfcba06b3f597a7dff4bb868fb4958bed	datafw/data/raw/escale/censo-escolar/2013/documentacion/0-diccionario-padron-2013.pdf	Unknown	Diccionario Censo Escolar 2007 - CE03	Report	Informe técnico	report		2013		Spanish	documento_oficial	media		d4251ae6_diccionario-censo-escolar-2007-ce03.md	datafw escale	330
d99d64c72f11b0521f59e6eb0d3dc759d2e51d6790d787db85e060c217a4cefa	datafw/data/raw/escale/censo-escolar/2013/documentacion/cedula-11-2013.pdf	Unknown	Censo escolar 2013	Report	Informe técnico	report		2012		Spanish	documento_oficial	media		d99d64c7_censo-escolar-2013.md	datafw escale	331
45f3bbb38cfe5c3c2ea4275ee3300921fbce980e5dc72e56116eed0c1d74eb72	datafw/data/raw/escale/censo-escolar/2013/documentacion/cedula-5a-2013.pdf	Unknown	Censo escolar 2013 cédula	Report	Informe técnico	report		2012		Spanish	documento_oficial	media		45f3bbb3_censo-escolar-2013-cedula.md	datafw escale	332
22a756a0c3322c6e6d3824d5a413e3de55e6fbcddd20320d1a32a6e6887426d3	datafw/data/raw/escale/censo-escolar/2013/documentacion/cedula-7b-2013.pdf	Unknown	Censo escolar 2013	Report	Informe técnico	report		2012		Spanish	documento_oficial	media		22a756a0_censo-escolar-2013.md	datafw escale	333
8dc7ef2d0c6ea5f326cb472a5b7fdab51f8c300f823bdc6e86ac90290989fffe	datafw/data/raw/escale/censo-escolar/2013/documentacion/cedula-1a-2013.pdf	Unknown	Censo escolar 2013	Report	Informe técnico	report		2012		Spanish	documento_oficial	media		8dc7ef2d_censo-escolar-2013.md	datafw escale	334
38b43bf92ec67610211cc4c71f7dbb0dd8857dd936e19b139f088d1e99099196	datafw/data/raw/escale/censo-escolar/2013/documentacion/cedula-4b-2013.pdf	Unknown	Censo escolar 2013	Report	Informe técnico	report		2012		Spanish	documento_oficial	media		38b43bf9_censo-escolar-2013.md	datafw escale	335
da6495978f6619a96d25892f0e6bb4fd929e173a8eded41aa5d2c0a00d916c0b	datafw/data/raw/escale/censo-escolar/2013/documentacion/cedula-4a-2013.pdf	Unknown	Censo escolar 2013 cédula	Report	Informe técnico	report		2012		Spanish	documento_oficial	media		da649597_censo-escolar-2013-cedula.md	datafw escale	336
709e32ce465f2266437817e763ed3042591f60acf805771a218e372cbba768a1	datafw/data/raw/escale/censo-escolar/2013/documentacion/cedula-9b-2013.pdf	Unknown	Censo escolar 2013	Report	Informe técnico	report		2012		Spanish	documento_oficial	media		709e32ce_censo-escolar-2013.md	datafw escale	337
4c3ce2d74a4f65df12790c53e5b6339568b7d597e5679c6327051ceb472777e2	datafw/data/raw/escale/censo-escolar/2013/documentacion/cedula-5b-2013.pdf	Unknown	Censo escolar 2013	Report	Informe técnico	report		2012		Spanish	documento_oficial	media		4c3ce2d7_censo-escolar-2013.md	datafw escale	338
c042be91b7f63b030da0fbab7c8cc41e1d7b33d39bc56865d6e19683e9313d2d	datafw/data/raw/escale/censo-escolar/2013/documentacion/cedula-3a-2013.pdf	Unknown	Censo escolar 2013	Report	Informe técnico	report		2012		Spanish	documento_oficial	media		c042be91_censo-escolar-2013.md	datafw escale	339
16d7c656d5ee06c7c7489c25188a2afdec47abd7b4a50d4d9f7bc7af4b27020d	datafw/data/raw/escale/censo-escolar/2013/documentacion/cedula-8a-2013.pdf	Unknown	Censo escolar 2013 cédula	Report	Informe técnico	report		2012		Spanish	documento_oficial	media		16d7c656_censo-escolar-2013-cedula.md	datafw escale	340
2dec587049796344695921ebb3bd1b3fc4dd6518c669e590c4ff3fb60707e797	datafw/data/raw/escale/censo-escolar/2013/documentacion/cedula-9a-2013.pdf	Unknown	Censo escolar 2013	Report	Informe técnico	report		2012		Spanish	documento_oficial	media		2dec5870_censo-escolar-2013.md	datafw escale	341
ef90c12be7c22f63661993ae98b0f64273fe052cfcfe38506557cb9f59290fda	datafw/data/raw/escale/censo-escolar/2013/documentacion/cedula-1b-2013.pdf	Unknown	Censo escolar 2013	Report	Informe técnico	report		2012		Spanish	documento_oficial	media		ef90c12b_censo-escolar-2013.md	datafw escale	342
6f28065344d07729c8aec41f730b2c49f9e648bd2db56321f8ff5f75dc0605dc	datafw/data/raw/escale/censo-escolar/2013/documentacion/0-diccionario-resultados-2013-e1.pdf	Unknown	Especificaciones de la estructura de la tabla	Report	Informe técnico	report		2014		Spanish	documento_oficial	media		6f280653_especificaciones-de-la-estructura-de-la-tabla.md	datafw escale	343
ddd806e21614a367d78f4426f7479ec827bf5617bcce141d8074c4dd8218cf2d	datafw/data/raw/escale/censo-escolar/2013/documentacion/cedula-2b-2013.pdf	Unknown	Censo escolar 2013	Report	Informe técnico	report		2012		Spanish	documento_oficial	media		ddd806e2_censo-escolar-2013.md	datafw escale	344
1f1aa3a933b7566df6a52ce7f545c5e3476552efddd4752043b5f5c9df18ba50	datafw/data/raw/escale/censo-escolar/2013/documentacion/cedula-3b-2013.pdf	Unknown	Censo escolar 2013	Report	Informe técnico	report		2012		Spanish	documento_oficial	media		1f1aa3a9_censo-escolar-2013.md	datafw escale	345
697602d128f55bf489e30cb7c7f2a141a9d0353b143ce50f150dca5796f46b88	datafw/data/raw/escale/censo-escolar/2011/documentacion/cedula-11-2011.pdf	Unknown	ADVERTENCIA : Al concluir el llenado de esta Cédula Borrador, sírvase remitir el contenido por Internet, utilizando el formato electrónico que podrá descargar	Report	Informe técnico	report		2011		Spanish	documento_oficial	media		697602d1_advertencia-al-concluir-el-llenado-de-esta-cedula-borrador.md	datafw escale	346
459f576a7fd7ff1f50eb10493da58c5c3ae41f82576fe60818fac867aa4138cb	datafw/data/raw/escale/censo-escolar/2011/documentacion/cedula-1b-2011.pdf	Unknown	Censo escolar 2011	Report	Informe técnico	report		2011		Spanish	documento_oficial	media		459f576a_censo-escolar-2011.md	datafw escale	347
acd11f05a01f4b2bdb256484fbe340b37c424980b8b87f448af6eecb95657398	datafw/data/raw/escale/censo-escolar/2011/documentacion/cedula-6a-2011.pdf	Unknown	Censo escolar 2011	Report	Informe técnico	report		2011		Spanish	documento_oficial	media		acd11f05_censo-escolar-2011.md	datafw escale	348
98a4bf7b833c78d5bc7073b1fbd10bdd0e324c9dd2e197d92c2867a060e237aa	datafw/data/raw/escale/censo-escolar/2011/documentacion/0-diccionario-censoescolar-2011-v3.pdf	Unknown	Ministerio de educación	Report	Informe técnico	report		2013		Spanish	documento_oficial	media		98a4bf7b_ministerio-de-educacion.md	datafw escale	349
d424bbfdc319750ce2e207405dcb9ebcba7743ac0beeecd7e611177cf14ca9bb	datafw/data/raw/escale/censo-escolar/2011/documentacion/0-definicion-de-datos-resultado-2011.pdf	Unknown	Especificaciones de la	Report	Informe técnico	report		2012		Spanish	documento_oficial	media		d424bbfd_especificaciones-de-la.md	datafw escale	350
ab6c14107580fa7d019af9f88842bc81d3ed1f9a719d0903e7b3fa671905e85d	datafw/data/raw/escale/censo-escolar/2011/documentacion/cedula-5a-2011.pdf	Unknown	Censo escolar 2011	Report	Informe técnico	report		2011		Spanish	documento_oficial	media		ab6c1410_censo-escolar-2011.md	datafw escale	351
57198d88baea521a937308596767ba7db2bf77ebcbad0b7587d91f2c50cd46a7	datafw/data/raw/escale/censo-escolar/2011/documentacion/cedula-7a-2011.pdf	Unknown	Censo escolar 2011	Report	Informe técnico	report		2011		Spanish	documento_oficial	media		57198d88_censo-escolar-2011.md	datafw escale	352
747ad98c112110909a227a1fe23b55ff4109866af59c1aec1563c75a9c254156	datafw/data/raw/escale/censo-escolar/2011/documentacion/cedula-5b-2011.pdf	Unknown	Censo escolar 2011	Report	Informe técnico	report		2011		Spanish	documento_oficial	media		747ad98c_censo-escolar-2011.md	datafw escale	353
9f36f734c4adea6301ce16ccf994c5ef9f713ab09b6660dae8ff2b61d9c0b14a	datafw/data/raw/escale/censo-escolar/2011/documentacion/cedula-7b-2011.pdf	Unknown	Censo escolar 2011	Report	Informe técnico	report		2011		Spanish	documento_oficial	media		9f36f734_censo-escolar-2011.md	datafw escale	354
793d364e6184e1d5ae8bfc9312469220d574296ed4e4670d58c346ccdecb1e90	datafw/data/raw/escale/censo-escolar/2011/documentacion/cedula-3a-2011.pdf	Unknown	Censo escolar 2011	Report	Informe técnico	report		2011		Spanish	documento_oficial	media		793d364e_censo-escolar-2011.md	datafw escale	355
e643b7306efe038c4c36a307b10d76e53b72f980215c8bf47f6b14931fd2dbf3	datafw/data/raw/escale/censo-escolar/2011/documentacion/cedula-4b-2011.pdf	Unknown	Censo escolar 2011	Report	Informe técnico	report		2011		Spanish	documento_oficial	media		e643b730_censo-escolar-2011.md	datafw escale	356
0436dae18e75bb6efee82d224b6df718996848fc6a4d90b2c26513901a3be7a7	datafw/data/raw/escale/censo-escolar/2011/documentacion/cedula-9b-2011.pdf	Unknown	Censo escolar 2011	Report	Informe técnico	report		2011		Spanish	documento_oficial	media		0436dae1_censo-escolar-2011.md	datafw escale	357
542d275f2d3544029ed358f09bc8ece4b010ee7cb8654055c54b74840f744318	datafw/data/raw/escale/censo-escolar/2011/documentacion/cedula-9a-2011.pdf	Unknown	Censo escolar 2011	Report	Informe técnico	report		2011		Spanish	documento_oficial	media		542d275f_censo-escolar-2011.md	datafw escale	358
f6f223f0e6d7bd0dd2ec0a373f1931cbbaa1105904eb549cc2c8f5dca5c4a5fc	datafw/data/raw/escale/censo-escolar/2011/documentacion/cedula-8a-2011.pdf	Unknown	Censo escolar 2011 cédula	Report	Informe técnico	report		2011		Spanish	documento_oficial	media		f6f223f0_censo-escolar-2011-cedula.md	datafw escale	359
6759ea39fdcb1a9b9eeeceaf4637df364b3a5ccefcea65d759d9914fe3b356c4	datafw/data/raw/escale/censo-escolar/2011/documentacion/cedula-4a-2011.pdf	Unknown	Censo escolar 2011	Report	Informe técnico	report		2011		Spanish	documento_oficial	media		6759ea39_censo-escolar-2011.md	datafw escale	360
2ed05517c4a196591f25b22d9388f3c7a679d38a2504b5dcaf89d88f364ca833	datafw/data/raw/escale/censo-escolar/2011/documentacion/cedula-8b-2011.pdf	Unknown	Censo escolar 2011	Report	Informe técnico	report		2011		Spanish	documento_oficial	media		2ed05517_censo-escolar-2011.md	datafw escale	361
c8a634ffa8087baad831e6a0926afd63d942e980c9674e13f93067462a80ff4c	datafw/data/raw/escale/censo-escolar/2011/documentacion/cedula-1a-2011.pdf	Unknown	Censo escolar 2011	Report	Informe técnico	report		2011		Spanish	documento_oficial	media		c8a634ff_censo-escolar-2011.md	datafw escale	362
c1b1b3d42dd347c9ad0fe0adf52c78b1ceab45678b39f37ce9c55de06c9da649	datafw/data/raw/escale/censo-escolar/2011/documentacion/cedula-2b-2011.pdf	Unknown	Censo escolar 2011	Report	Informe técnico	report		2011		Spanish	documento_oficial	media		c1b1b3d4_censo-escolar-2011.md	datafw escale	363
b9b769571619167dad8b70733017054e6621f09d633c418ac01a10b885c55628	datafw/data/raw/escale/censo-escolar/2011/documentacion/cedula-6b-2011.pdf	Unknown	Censo escolar 2011	Report	Informe técnico	report		2011		Spanish	documento_oficial	media		b9b76957_censo-escolar-2011.md	datafw escale	364
2a126e4e8a3c2d84870131174221870a0cf8aebdc085494ef583cf49c0f01691	datafw/data/raw/escale/censo-escolar/2011/documentacion/cedula-3b-2011.pdf	Unknown	Censo escolar 2011	Report	Informe técnico	report		2011		Spanish	documento_oficial	media		2a126e4e_censo-escolar-2011.md	datafw escale	365
f0ecc5d2e65236f1a0696a809c65e7956b5f74f915ab53e093912f05eb647147	datafw/data/raw/escale/censo-escolar/2011/documentacion/cedula-2a-2011.pdf	Unknown	Censo escolar 2011	Report	Informe técnico	report		2011		Spanish	documento_oficial	media		f0ecc5d2_censo-escolar-2011.md	datafw escale	366
604f59fa8de7f3c453aee7f1c294ca17f8e0918c0db695c66f270205d51dae37	datafw/data/raw/escale/censo-escolar/2011/documentacion/0-diccionario-padron.pdf	Unknown	Diccionario Censo Escolar 2007 - CE03	Report	Informe técnico	report		2012		Spanish	documento_oficial	media		604f59fa_diccionario-censo-escolar-2007-ce03.md	datafw escale	367
88a0c5f9f6610c5e3761a8ef39e5b5316a5bc5b7fe91fe8c8b938f3c52eb31cb	datafw/data/raw/escale/censo-escolar/2006/documentacion/cedula-11-censo2006.pdf	Unknown	Censo escolar 2006 cédula	Report	Informe técnico	report		2006		Spanish	documento_oficial	media		88a0c5f9_censo-escolar-2006-cedula.md	datafw escale	368
f6aa6fc3e598492a50fbe9a658c7aecdcfb0c2c0fa9c824cbae28506ebaa5f0d	datafw/data/raw/escale/censo-escolar/2006/documentacion/cedula-04-censo2006.pdf	Unknown	Censo escolar 2006 cédula	Report	Informe técnico	report		2006		Spanish	documento_oficial	media		f6aa6fc3_censo-escolar-2006-cedula.md	datafw escale	369
281c9aa54ebeefd43d15d019799b667f0e7d6b247554cbfd61cd47aad63ffaa6	datafw/data/raw/escale/censo-escolar/2006/documentacion/cedula-08-censo2006.pdf	Unknown	Censo escolar 2006 cédula	Report	Informe técnico	report		2006		Spanish	documento_oficial	media		281c9aa5_censo-escolar-2006-cedula.md	datafw escale	370
d4fdbcfded4bdc76c4568af70a991c49e5b62acc2664898458a0d23483a7a7ed	datafw/data/raw/escale/censo-escolar/2006/documentacion/cedula-01-censo2006.pdf	Unknown	Censo escolar 2006 cédula	Report	Informe técnico	report		2006		Spanish	documento_oficial	media		d4fdbcfd_censo-escolar-2006-cedula.md	datafw escale	371
c6392011d045e13ff48facf8dd67140ad166970b121c385ec3c6006c22dae28c	datafw/data/raw/escale/censo-escolar/2006/documentacion/cedula-04a-censo2006.pdf	Unknown	Censo escolar 2006 cédula	Report	Informe técnico	report		2006		Spanish	documento_oficial	media		c6392011_censo-escolar-2006-cedula.md	datafw escale	372
e419824f8b8b94dd3b0ba19ff4ba5545ffbb79d14ed82764e7d339c698068fc6	datafw/data/raw/escale/censo-escolar/2006/documentacion/cedula-02-censo2006.pdf	Unknown	Censo escolar 2006 cédula	Report	Informe técnico	report		2006		Spanish	documento_oficial	media		e419824f_censo-escolar-2006-cedula.md	datafw escale	373
e64c6c62ffbe1d519c9d9de139048640e67133d15929c14f5c8b70dfbef12124	datafw/data/raw/escale/censo-escolar/2006/documentacion/diccionario-de-datos-de-local-escolar-2006.pdf	Unknown	Ministerio de educacion	Report	Informe técnico	report		2007		Spanish	documento_oficial	media		e64c6c62_ministerio-de-educacion.md	datafw escale	374
ee888a49545c737e305636ed7f59271c9dba4ee007819e31cca92dff6e223aa6	datafw/data/raw/escale/censo-escolar/2006/documentacion/cedula-06-censo2006.pdf	Unknown	Censo escolar 2006 cédula	Report	Informe técnico	report		2006		Spanish	documento_oficial	media		ee888a49_censo-escolar-2006-cedula.md	datafw escale	375
3fb3ae191ad90f4125af86393707a0ebc64e26d40ac38f2948ded2d23c355bec	datafw/data/raw/escale/censo-escolar/2006/documentacion/cedula-09-censo2006.pdf	Unknown	Censo escolar 2006 cédula	Report	Informe técnico	report		2006		Spanish	documento_oficial	media		3fb3ae19_censo-escolar-2006-cedula.md	datafw escale	376
aba01565841a2c062fff227316a2c7c79bf69dad20e38b4e22b089fd105556ab	datafw/data/raw/escale/censo-escolar/2006/documentacion/cedula-05-censo2006.pdf	Unknown	Censo escolar 2006 cédula	Report	Informe técnico	report		2006		Spanish	documento_oficial	media		aba01565_censo-escolar-2006-cedula.md	datafw escale	377
08880906d86ec73f688081af9a2c0b6cc812262d668b978a7b4c5c0a4d25142f	datafw/data/raw/escale/censo-escolar/2006/documentacion/diccionario-de-datos-censo-escolar-2006.pdf	Unknown	Ministerio de educacion	Report	Informe técnico	report		2007		Spanish	documento_oficial	media		08880906_ministerio-de-educacion.md	datafw escale	378
f6a57bb8025eda952fd2e488650cec57b6f68ffde7a62e1243d20720b04bb6a1	datafw/data/raw/escale/censo-escolar/2006/documentacion/cedula-03-censo2006.pdf	Unknown	Censo escolar 2006 cédula	Report	Informe técnico	report		2006		Spanish	documento_oficial	media		f6a57bb8_censo-escolar-2006-cedula.md	datafw escale	379
8c111d23dc006b027680a74f0de1d0ecea95408c3f280f9e9dbbaef1feab1909	datafw/data/raw/escale/censo-escolar/2014/documentacion/cedula-6b-censo2014.pdf	Unknown	Censo escolar 2014	Report	Informe técnico	report		2013		Spanish	documento_oficial	media		8c111d23_censo-escolar-2014.md	datafw escale	380
5d68cdc1f1b2efa8c71c6c5737683081e799a88b3eb7734e3274f6c3ed1c402f	datafw/data/raw/escale/censo-escolar/2014/documentacion/cedula-9b-censo2014.pdf	Unknown	Censo escolar 2014	Report	Informe técnico	report		2013		Spanish	documento_oficial	media		5d68cdc1_censo-escolar-2014.md	datafw escale	381
5ab841f5415fa660bb496307bf1f8ea0d833ff55d522821aedfde83f29546a55	datafw/data/raw/escale/censo-escolar/2014/documentacion/cedula-4b-censo2014.pdf	Unknown	Censo escolar 2014	Report	Informe técnico	report		2013		Spanish	documento_oficial	media		5ab841f5_censo-escolar-2014.md	datafw escale	382
249381446ad5e6ce9fb1fcb57be8ccf37bb877bf00019511d2a78cc25ca89f26	datafw/data/raw/escale/censo-escolar/2014/documentacion/cedula-2a-censo2014.pdf	Unknown	Censo escolar 2014	Report	Informe técnico	report		2013		Spanish	documento_oficial	media		24938144_censo-escolar-2014.md	datafw escale	383
37d063df3bd8c992949a45dd39c6b30f2b0dfdbfeb966e48872c7f789a8bc098	datafw/data/raw/escale/censo-escolar/2014/documentacion/cedula-4a-censo2014.pdf	Unknown	Censo escolar 2014 cédula	Report	Informe técnico	report		2013		Spanish	documento_oficial	media		37d063df_censo-escolar-2014-cedula.md	datafw escale	384
1d4d2f81fd308312c9f404f7f41b0a85a59804f19fe646dd575003eb583ec102	datafw/data/raw/escale/censo-escolar/2014/documentacion/cedula-6a-censo2014.pdf	Unknown	Censo escolar 2014 cédula	Report	Informe técnico	report		2013		Spanish	documento_oficial	media		1d4d2f81_censo-escolar-2014-cedula.md	datafw escale	385
35a1456d3c3bdbd0be7e9bfa672407c9718f55466352149ec41cab2d9359d62c	datafw/data/raw/escale/censo-escolar/2014/documentacion/cedula-7b-censo2014.pdf	Unknown	Censo escolar 2014	Report	Informe técnico	report		2013		Spanish	documento_oficial	media		35a1456d_censo-escolar-2014.md	datafw escale	386
31300161868e034fb78020abb4b10d0c09ff7da6a9583d218b0ce4932b36bf2d	datafw/data/raw/escale/censo-escolar/2014/documentacion/cedula-5b-censo2014.pdf	Unknown	Censo escolar 2014	Report	Informe técnico	report		2013		Spanish	documento_oficial	media		31300161_censo-escolar-2014.md	datafw escale	387
d2eb4ed0f18a7fd664f84faf7b1c3d97ae49a8706a9f15c5b247d9e5ccc964bb	datafw/data/raw/escale/censo-escolar/2014/documentacion/00-diccionario-padron.pdf	Unknown	Diccionario Censo Escolar 2007 - CE03	Report	Informe técnico	report		2014		Spanish	documento_oficial	media		d2eb4ed0_diccionario-censo-escolar-2007-ce03.md	datafw escale	388
9e3c44ecd8164c3abdcbd7b16e505ea9fa1a398d9476f8ed9f627ffa2a3269d9	datafw/data/raw/escale/censo-escolar/2014/documentacion/cedula-1a-censo2014.pdf	Unknown	Sin título-1	Report	Informe técnico	report		2013		Spanish	documento_oficial	media		9e3c44ec_sin-titulo-1.md	datafw escale	389
2e879d0392063db8b315aff5489c5d6748278153006233438059eb24ddb49d9b	datafw/data/raw/escale/censo-escolar/2014/documentacion/cedula-7a-censo2014.pdf	Unknown	Censo escolar 2014 cédula	Report	Informe técnico	report		2013		Spanish	documento_oficial	media		2e879d03_censo-escolar-2014-cedula.md	datafw escale	390
ed14919b775043d60b0acd8024afdc5548748ada9984813753563c3dbd6b2369	datafw/data/raw/escale/censo-escolar/2014/documentacion/00-diccionario-de-datos-censo-escolar-2014.pdf	Unknown	“Año de Promoción de la Industria Responsable y del Compromiso Climático”	Report	Informe técnico	report		2014		Spanish	documento_oficial	media		ed14919b_ano-de-promocion-de-la-industria-responsable-y-del.md	datafw escale	391
98e934985c3e6f0813338d3fb1ef10faa3afcfa1cbdcc8e833e33da2022114f7	datafw/data/raw/escale/censo-escolar/2014/documentacion/cedula-11-censo2014.pdf	Unknown	Censo escolar 2014	Report	Informe técnico	report		2013		Spanish	documento_oficial	media		98e93498_censo-escolar-2014.md	datafw escale	392
d76ec59305896d49d9876395f8ed99c0f5e977e84d060144a3a0a52f32f0a367	datafw/data/raw/escale/censo-escolar/2014/documentacion/cedula-5a-censo2014.pdf	Unknown	Censo escolar 2014 cédula	Report	Informe técnico	report		2013		Spanish	documento_oficial	media		d76ec593_censo-escolar-2014-cedula.md	datafw escale	393
6689c2eaa01919998500607028cedc81827fe5338a06fdfc7bfe1160f6c850ce	datafw/data/raw/escale/censo-escolar/2014/documentacion/cedula-3b-censo2014.pdf	Unknown	Censo escolar 2014	Report	Informe técnico	report		2013		Spanish	documento_oficial	media		6689c2ea_censo-escolar-2014.md	datafw escale	394
0b414dfec912eb093004110e16f44b7e4622eade6ca213964c3901dbb31d905f	datafw/data/raw/escale/censo-escolar/2014/documentacion/00-diccionario-de-datos-local-escolar.pdf	Unknown	Cédula 11 . Local Escolar	Report	Informe	report		2014		Spanish	documento_oficial	media		0b414dfe_cedula-11-local-escolar.md	datafw escale	395
62b7d93d82351cffe08605ebc3a973af7a34e50b28771cd444589b7ea1f18f99	datafw/data/raw/escale/censo-escolar/2014/documentacion/cedula-3a-censo2014.pdf	Unknown	Censo escolar 2014	Report	Informe técnico	report		2013		Spanish	documento_oficial	media		62b7d93d_censo-escolar-2014.md	datafw escale	396
9343e6acc534577b73038bf9f8b188f6bdd5230d634f0da02cc9787503e34ab1	datafw/data/raw/escale/censo-escolar/2014/documentacion/cedula-9a-censo2014.pdf	Unknown	Censo escolar 2014	Report	Informe técnico	report		2013		Spanish	documento_oficial	media		9343e6ac_censo-escolar-2014.md	datafw escale	397
5c218df308890e7398efbf7585554f89793bcefd15395b96f35bdb00477f4bd0	datafw/data/raw/escale/censo-escolar/2014/documentacion/cedula-1b-censo2014.pdf	Unknown	Censo escolar 2014	Report	Informe técnico	report		2013		Spanish	documento_oficial	media		5c218df3_censo-escolar-2014.md	datafw escale	398
be9eb82201e96ed7b9089b8ff46030a9c2523dd8cdc532c3a895e847f8d256c4	datafw/data/raw/escale/censo-escolar/2014/documentacion/00-diccionario-de-datos-resultado-2014.pdf	Unknown	Especificaciones de la	Report	Informe técnico	report		2015		Spanish	documento_oficial	media		be9eb822_especificaciones-de-la.md	datafw escale	399
1d2bc902d36fa9d9e44c31c5f629b74a15a12aa897a7c9dc7900f371f4d2b172	datafw/data/raw/escale/censo-escolar/2014/documentacion/cedula-8a-censo2014.pdf	Unknown	Censo escolar 2014 cédula	Report	Informe técnico	report		2013		Spanish	documento_oficial	media		1d2bc902_censo-escolar-2014-cedula.md	datafw escale	400
3ecde8f0d5a11cf21eeafedd7fb7e900cdec023085c12786c1d3c1c19b4dd8a9	datafw/data/raw/escale/censo-escolar/2014/documentacion/cedula-2b-censo2014.pdf	Unknown	Censo escolar 2014	Report	Informe técnico	report		2013		Spanish	documento_oficial	media		3ecde8f0_censo-escolar-2014.md	datafw escale	401
cf5e8913521ca4196bab486f6631c0913e008298fd9874000bc30bcf51966a4b	datafw/data/raw/escale/censo-escolar/2014/documentacion/cedula-8b-censo2014.pdf	Unknown	Censo escolar 2014	Report	Informe técnico	report		2013		Spanish	documento_oficial	media		cf5e8913_censo-escolar-2014.md	datafw escale	402
3df138a816a0db60b7ed1df5158e31f72f1a1a5698ee268740067e5c81e6c49f	datafw/data/raw/escale/censo-escolar/2021/documentacion/cedula-2pc-censo-educativo-2021.pdf	Unknown	Cedula 2PC Censo Educativo 2021	Report	Informe	report		2021		Spanish	documento_oficial	media		3df138a8_cedula-2pc-censo-educativo-2021.md	datafw escale	403
064d169b8c93925e2ebae9a5f2fb0ffc08ad6a57df1b81d23d325a137b703395	datafw/data/raw/escale/censo-escolar/2021/documentacion/cedula-8bi-censo-educativo-2021.pdf	Unknown	Cedula 8BI -Censo Educativo 2021	Report	Informe	report		2021	norma:decreto_supremo_072-2012-	Spanish	documento_oficial	media	Decreto Supremo N° 072-2012-	064d169b_cedula-8bi-censo-educativo-2021.md	datafw escale	404
da715c6d2d7cb8d13697fc4d89e30f7ba478ee25ce077364c1c0ed3b74b64c05	datafw/data/raw/escale/censo-escolar/2021/documentacion/cedula-9b-censo-educativo-2021.pdf	Unknown	Cedula 9B -2022 02 03	Report	Informe	report		2022		Spanish	documento_oficial	media		da715c6d_cedula-9b-2022-02-03.md	datafw escale	405
e1f7acd3930ddfaa2734a214b9e98e250c7e1ab66b654c2090255de74a11237c	datafw/data/raw/escale/censo-escolar/2021/documentacion/cedula-8ap-censo-educativo-2021.pdf	Unknown	Cedula 8AP Censo Educativo 2020	Report	Informe	report		2021		Spanish	documento_oficial	media		e1f7acd3_cedula-8ap-censo-educativo-2020.md	datafw escale	406
1b23fe5afc44b64d7c7b912b7a6321490e876d99053b83f9c0e45d4636f3d309	datafw/data/raw/escale/censo-escolar/2021/documentacion/cedula-3bs-censo-educativo-2021.pdf	Unknown	Cedula 3BS-Censo Educativo 2021	Report	Informe	report		2021		Spanish	documento_oficial	media		1b23fe5a_cedula-3bs-censo-educativo-2021.md	datafw escale	407
98637a17b41370e5016d01b3296f7c252c62c957eed6cce807cf433021b9640a	datafw/data/raw/escale/censo-escolar/2021/documentacion/cedula-2b-censo-educativo-2021.pdf	Unknown	Cedula 2B-Censo Educativo 2021	Report	Informe	report		2021	norma:decreto_supremo_072-2012-	Spanish	documento_oficial	media	Decreto Supremo N° 072-2012-	98637a17_cedula-2b-censo-educativo-2021.md	datafw escale	408
4cde8199af98c3c0c97ea2feeb749a182e2ba1bff402c8543106b21a55356821	datafw/data/raw/escale/censo-escolar/2021/documentacion/cedula-1a-censo-educativo-2021.pdf	Unknown	Cedula 1A Censo Educativo 2021	Report	Informe	report		2021		Spanish	documento_oficial	media		4cde8199_cedula-1a-censo-educativo-2021.md	datafw escale	409
f3d4765ffbd0d602fb1a637cf903967a82239e0ca17a515001d4f439be14a107	datafw/data/raw/escale/censo-escolar/2021/documentacion/cedula-2a-censo-educativo-2021.pdf	Unknown	Cedula 2A Censo Educativo 2021	Report	Informe	report		2021		Spanish	documento_oficial	media		f3d4765f_cedula-2a-censo-educativo-2021.md	datafw escale	410
1ebdc65749a9ef2b7a29ad7e17748f7f72fad94e97dadd9f90f67beac0d91062	datafw/data/raw/escale/censo-escolar/2021/documentacion/00-diccionario-marco-censal-2021.pdf	Unknown	Diccionario Censo Escolar 2007 - CE03	Report	Informe técnico	report		2021		Spanish	documento_oficial	media		1ebdc657_diccionario-censo-escolar-2007-ce03.md	datafw escale	411
071ec07569bfada0bd55b25471789c52a1feacba3231a69dc1a14786b48c892e	datafw/data/raw/escale/censo-escolar/2021/documentacion/cedula-7a-censo-educativo-2021.pdf	Unknown	Cedula 7A Censo Educativo 2021	Report	Informe	report		2021		Spanish	documento_oficial	media		071ec075_cedula-7a-censo-educativo-2021.md	datafw escale	412
734d577294d6864b2d5cd1206e765cbaec0971da1372a69153e3f0578e56ecfc	datafw/data/raw/escale/censo-escolar/2021/documentacion/00-diccionario-de-datos-2021-resultados.pdf	Congreso de la República	Censo educativo 2021RESULTADO del ejercicio educativo 2021	Report	Informe técnico	report	Congreso de la República	2022		Spanish	documento_oficial	alta		734d5772_censo-educativo-2021resultado-del-ejercicio-educativo-2021.md	datafw escale	413
9ecd330b1211e03c3531a70b48fc5190d104600f1bd118073fe4dab8fd8c3436	datafw/data/raw/escale/censo-escolar/2021/documentacion/cedula-6b-censo-educativo-2021.pdf	Unknown	Cedula 6B - 2022 02 03	Report	Informe	report		2022		Spanish	documento_oficial	media		9ecd330b_cedula-6b-2022-02-03.md	datafw escale	414
cd5e7c8ffee584afd172488a1661ba3e5a3cb8c66145f7113a33cff4adc065ac	datafw/data/raw/escale/censo-escolar/2021/documentacion/diccionario-de-datos-local-educativo-2021.pdf	Unknown	"Decenio de la Igualdad de oportunidades para mujeres y hombres	Report	Informe	report		2021		Spanish	documento_oficial	media		cd5e7c8f_decenio-de-la-igualdad-de-oportunidades-para-mujeres-y.md	datafw escale	415
c29b54c1e56cf65eaf1ed8bfe9856ec5868389e7b7d56c82c30f60c3916105cc	datafw/data/raw/escale/censo-escolar/2021/documentacion/cedula-4ai-censo-educativo-2021.pdf	Unknown	Cedula 4AI Censo Educativo 2021	Report	Informe	report		2021		Spanish	documento_oficial	media		c29b54c1_cedula-4ai-censo-educativo-2021.md	datafw escale	416
627a614b3f1d8d48142a9aaa1f4fbd2a452264008387530ddaaaade1d58e5dd1	datafw/data/raw/escale/censo-escolar/2021/documentacion/cedula-5a-censo-educativo-2021.pdf	Unknown	Cedula 5A Censo Educativo 2021	Report	Informe	report		2021		Spanish	documento_oficial	media		627a614b_cedula-5a-censo-educativo-2021.md	datafw escale	417
ce59c881468bd5013f46f4bd4b0c6892f52323047821312625686e411a23e28d	datafw/data/raw/escale/censo-escolar/2021/documentacion/cedula-11-local-educativo-2021-fuie.pdf	Unknown	Censo educativo 2021	Report	Informe	report		2021		Spanish	documento_oficial	media		ce59c881_censo-educativo-2021.md	datafw escale	418
34af89623f5c0e3088b6af7fc5d6bc2ddd41903b85000114f26d893680908638	datafw/data/raw/escale/censo-escolar/2021/documentacion/cedula-4aa-censo-educativo-2021.pdf	Unknown	Cedula 4AA Censo Educativo 2021	Report	Informe	report		2021		Spanish	documento_oficial	media		34af8962_cedula-4aa-censo-educativo-2021.md	datafw escale	419
da92f5b6e20cb7997b6149ae32a4c5cb7e4c776bdab6b4fceb79fae3716593af	datafw/data/raw/escale/censo-escolar/2021/documentacion/cedula-4ba-censo-educativo-2021.pdf	Unknown	Cedula 4BA-Censo Educativo 2021	Report	Informe	report		2021	norma:decreto_supremo_072-2012-	Spanish	documento_oficial	media	Decreto Supremo N° 072-2012-	da92f5b6_cedula-4ba-censo-educativo-2021.md	datafw escale	420
1667b3b6bf0dc2aaf83c3fcfd1a4e067e3459986fcee55cfcc3f65a71e3a6644	datafw/data/raw/escale/censo-escolar/2021/documentacion/cedula-3ap-censo-educativo-2021.pdf	Unknown	Cedula 3AP Censo Educativo 2021	Report	Informe	report		2021		Spanish	documento_oficial	media		1667b3b6_cedula-3ap-censo-educativo-2021.md	datafw escale	421
03becec3840bbc780306416ae1759c1833904168dae1f9c662f5742abe0bf3d1	datafw/data/raw/escale/censo-escolar/2021/documentacion/cedula-6a-censo-educativo-2021.pdf	Unknown	Cedula 6A Censo Educativo 2021	Report	Informe	report		2021		Spanish	documento_oficial	media		03becec3_cedula-6a-censo-educativo-2021.md	datafw escale	422
415240df7da040498336fef024bf731ab7c56b10b4dd6ac580ac4b97f5cb3a8f	datafw/data/raw/escale/censo-escolar/2021/documentacion/manual-fuie-cedula-11-local-educativo-ce2021.pdf	Unknown	Manual del Registrador - FUIE	Report	Informe	report		2021		Spanish	documento_oficial	media		415240df_manual-del-registrador-fuie.md	datafw escale	423
c54aa25cc07fa902095be401f2418209aa54415c28597b05bf817441f8cc2cb9	datafw/data/raw/escale/censo-escolar/2021/documentacion/cedula-8ai-censo-educativo-2021.pdf	Unknown	Cedula 8AI Censo Educativo 2020	Report	Informe	report		2021		Spanish	documento_oficial	media		c54aa25c_cedula-8ai-censo-educativo-2020.md	datafw escale	424
402840b0ca9266bab9b40b77c0d0ed1087eb98885dcdb5e65c9b1b9deaaad287	datafw/data/raw/escale/censo-escolar/2021/documentacion/cedula-3as-censo-educativo-2021.pdf	Unknown	Cedula 3AS Censo Educativo 2021	Report	Informe	report		2021		Spanish	documento_oficial	media		402840b0_cedula-3as-censo-educativo-2021.md	datafw escale	425
35c5ece6ecb6c35c9b709407612f9d69bb10aa6f0d0ddbaed3f674e6b8fd63fb	datafw/data/raw/escale/censo-escolar/2021/documentacion/cedula-3bp-censo-educativo-2021.pdf	Unknown	Cedula 3BP-Censo Educativo 2021	Report	Informe	report		2021	norma:decreto_supremo_072-2012-	Spanish	documento_oficial	media	Decreto Supremo N° 072-2012-	35c5ece6_cedula-3bp-censo-educativo-2021.md	datafw escale	426
028818283a774457d170de5cababbc727d24123e67e2bf1ffc2d4a889beac1d0	datafw/data/raw/escale/censo-escolar/2021/documentacion/cedula-5b-censo-educativo-2021.pdf	Unknown	Cedula 5B -2022 02 03	Report	Informe	report		2022		Spanish	documento_oficial	media		02881828_cedula-5b-2022-02-03.md	datafw escale	427
49de3192618ffc28e66427359f46b74fea972ef16c6c2b61e6a7c9c97bba5af9	datafw/data/raw/escale/censo-escolar/2021/documentacion/cedula-9a-censo-educativo-2021.pdf	Unknown	Cedula 9A Censo Educativo 2021	Report	Informe	report		2021		Spanish	documento_oficial	media		49de3192_cedula-9a-censo-educativo-2021.md	datafw escale	428
905d1a5280819b6dd440cac929331afec80535448cb2736d45440c5a0e89ef2f	datafw/data/raw/escale/censo-escolar/2021/documentacion/cedula-8bp-censo-educativo-2021.pdf	Unknown	Cedula 8BP-Censo Educativo 2021	Report	Informe	report		2021	norma:decreto_supremo_072-2012-	Spanish	documento_oficial	media	Decreto Supremo N° 072-2012-	905d1a52_cedula-8bp-censo-educativo-2021.md	datafw escale	429
df7062df0033aeee96c2b0f7b98d7506ac7017400498c205bd017972b9b51902	datafw/data/raw/escale/censo-escolar/2021/documentacion/cedula-7b-censo-educativo-2021.pdf	Unknown	Cedula 7B -2022 02 03	Report	Informe	report		2022		Spanish	documento_oficial	media		df7062df_cedula-7b-2022-02-03.md	datafw escale	430
6fca2041e72136c8dd847c632b42fc7affa87b4d595c332c4d9900c13a3e1456	datafw/data/raw/escale/censo-escolar/2021/documentacion/00-dicionario-de-datos-ce-2021-1-2.pdf	Unknown	Decenio de la Igualdad de oportunidades para mujeres y hombres"""	Report	Informe técnico	report		2022		Spanish	documento_oficial	media		6fca2041_decenio-de-la-igualdad-de-oportunidades-para-mujeres-y.md	datafw escale	431
f9f8fa6625233904527d8f29f7a9928a80179742fe2744f44a8b42518e7d524b	datafw/data/raw/escale/censo-escolar/2021/documentacion/cedula-4bi-censo-educativo-2021.pdf	Unknown	Cedula 4BI-Censo Educativo 2021	Report	Informe	report		2021	norma:decreto_supremo_072-2012-	Spanish	documento_oficial	media	Decreto Supremo N° 072-2012-	f9f8fa66_cedula-4bi-censo-educativo-2021.md	datafw escale	432
fac6277af6772e9aa60ce598c14ac174d70d95024ccb131dab09dd95b9d81ea6	datafw/data/raw/escale/censo-escolar/2021/documentacion/cedula-1b-censo-educativo-2021.pdf	Unknown	Cedula 1B-Censo Educativo 2021	Report	Informe	report		2021	norma:decreto_supremo_072-2012-	Spanish	documento_oficial	media	Decreto Supremo N° 072-2012-	fac6277a_cedula-1b-censo-educativo-2021.md	datafw escale	433
1a99291faf01687a1c42721cfe5a822931d3b6c2327ab8f96150e5a8cd5262c7	datafw/data/raw/escale/censo-escolar/2012/documentacion/cedula-2b-2012.pdf	Unknown	Censo escolar 2012	Report	Informe técnico	report		2012		Spanish	documento_oficial	media		1a99291f_censo-escolar-2012.md	datafw escale	434
c165b5b5c08f989de6072b97cbf686193c468f2a9fbf62d2c660151dae3402f9	datafw/data/raw/escale/censo-escolar/2012/documentacion/cedula-1a-2012.pdf	Unknown	Censo escolar 2012	Report	Informe técnico	report		2012		Spanish	documento_oficial	media		c165b5b5_censo-escolar-2012.md	datafw escale	435
5bf8651c89dd4f3591fcd035ca48ad68881fcbf935f46047f74a075c839522dd	datafw/data/raw/escale/censo-escolar/2012/documentacion/cedula-4a-2012.pdf	Unknown	Censo escolar 2012 cédula	Report	Informe técnico	report		2012		Spanish	documento_oficial	media		5bf8651c_censo-escolar-2012-cedula.md	datafw escale	436
2bd4857ea1e71b502eff4539f75d3dcbaa7eb6ff94b4a5c033b58e2073b14e48	datafw/data/raw/escale/censo-escolar/2012/documentacion/0-definicion-de-datos-resultado-2012.pdf	Unknown	Especificaciones de la	Report	Informe técnico	report		2013		Spanish	documento_oficial	media		2bd4857e_especificaciones-de-la.md	datafw escale	437
e8fb0789ccd1526b32f07ac803ad3349270d9b298c315400bdaec6fbd275ec1c	datafw/data/raw/escale/censo-escolar/2012/documentacion/cedula-3a-2012.pdf	Unknown	Censo escolar 2012	Report	Informe técnico	report		2012		Spanish	documento_oficial	media		e8fb0789_censo-escolar-2012.md	datafw escale	438
299fb44c3af14293b2d1c5d831c38598aaa45860845a0a1154129d5e265b8c3d	datafw/data/raw/escale/censo-escolar/2012/documentacion/0-diccionario-2012-censo-escolar-v3.pdf	Unknown	Ministerio de educación	Report	Informe técnico	report		2013		Spanish	documento_oficial	media		299fb44c_ministerio-de-educacion.md	datafw escale	439
cbb480db1bfb3615bc6af4cdb77f1a4956f78d6b9ddb4cf0dee27f83324f362b	datafw/data/raw/escale/censo-escolar/2012/documentacion/cedula-7b-2012.pdf	Unknown	Censo escolar 2012	Report	Informe técnico	report		2012		Spanish	documento_oficial	media		cbb480db_censo-escolar-2012.md	datafw escale	440
84aaebe973bbab2efa98d18d45f48c4f36b56065bd6cdc4844e913d333357ba0	datafw/data/raw/escale/censo-escolar/2012/documentacion/cedula-1b-2012.pdf	Unknown	Censo escolar 2012	Report	Informe técnico	report		2012		Spanish	documento_oficial	media		84aaebe9_censo-escolar-2012.md	datafw escale	441
1aeb59862ac0c35fb616ac617b336a31496afd239df4fe654caab04c8c3f7641	datafw/data/raw/escale/censo-escolar/2012/documentacion/cedula-11-2012.pdf	Unknown	Censo escolar 2012 cédula	Report	Informe técnico	report		2012		Spanish	documento_oficial	media		1aeb5986_censo-escolar-2012-cedula.md	datafw escale	442
6f2c57990d35d3bcfe8b6aebd52bb1150a6fc2a412fe8d616f0e5372cefa6e8d	datafw/data/raw/escale/censo-escolar/2012/documentacion/cedula-8b-2012.pdf	Unknown	Censo escolar 2012	Report	Informe técnico	report		2012		Spanish	documento_oficial	media		6f2c5799_censo-escolar-2012.md	datafw escale	443
22c026e4e87148020f4ebafb8b47407332010f8c863321312049f8a7bf0e057f	datafw/data/raw/escale/censo-escolar/2012/documentacion/cedula-3b-2012.pdf	Unknown	Censo escolar 2012	Report	Informe técnico	report		2012		Spanish	documento_oficial	media		22c026e4_censo-escolar-2012.md	datafw escale	444
cd8d1c6a72dab6a0c0a6979b206ee7d353640fff4a27839e9013b9f5582a111c	datafw/data/raw/escale/censo-escolar/2012/documentacion/cedula-4b-2012.pdf	Unknown	Censo escolar 2012	Report	Informe técnico	report		2012		Spanish	documento_oficial	media		cd8d1c6a_censo-escolar-2012.md	datafw escale	445
7dd6776eb716fe18a797d874a126010441b0505a92776badfb75d7f9560d8eb3	datafw/data/raw/escale/censo-escolar/2012/documentacion/cedula-6b-2012.pdf	Unknown	Censo escolar 2012	Report	Informe técnico	report		2012		Spanish	documento_oficial	media		7dd6776e_censo-escolar-2012.md	datafw escale	446
3073ac28d346faed0a41373563e05b3bc783fa9cbd93281fcfd536f5775f31a8	datafw/data/raw/escale/censo-escolar/2012/documentacion/cedula-5a-2012.pdf	Unknown	Censo escolar 2012	Report	Informe técnico	report		2012		Spanish	documento_oficial	media		3073ac28_censo-escolar-2012.md	datafw escale	447
0d6862eec4eac5bf0fea104c504ee63638a8876aa23e372224e8e50011814052	datafw/data/raw/escale/censo-escolar/2012/documentacion/cedula-2a-2012.pdf	Unknown	Censo escolar 2012	Report	Informe técnico	report		2012		Spanish	documento_oficial	media		0d6862ee_censo-escolar-2012.md	datafw escale	448
8d59d737bf819d488ccdfcc3d3fa6a9d41405290bbfb7c2b621f30cc10668dd3	datafw/data/raw/escale/censo-escolar/2012/documentacion/cedula-8a-2012.pdf	Unknown	Censo escolar 2012	Report	Informe técnico	report		2012		Spanish	documento_oficial	media		8d59d737_censo-escolar-2012.md	datafw escale	449
fe00be148ea71ad2f50bef8174ca03ccce0280bd6358a1811b6fb204fb1b1ace	datafw/data/raw/escale/censo-escolar/2012/documentacion/cedula-9b-2012.pdf	Unknown	Censo escolar 2012	Report	Informe técnico	report		2012		Spanish	documento_oficial	media		fe00be14_censo-escolar-2012.md	datafw escale	450
fc8c019e06063c2cea39d886a76b0c7d8f8b061aed80144d39b35d36aecea328	datafw/data/raw/escale/censo-escolar/2012/documentacion/cedula-9a-2012.pdf	Unknown	Censo escolar 2012	Report	Informe técnico	report		2012		Spanish	documento_oficial	media		fc8c019e_censo-escolar-2012.md	datafw escale	451
19638567987211d723633ffbbe9b2553f0258b39a4898037023e9b0f32235ee6	datafw/data/raw/escale/censo-escolar/2012/documentacion/cedula-7a-2012.pdf	Unknown	Censo escolar 2012	Report	Informe técnico	report		2012		Spanish	documento_oficial	media		19638567_censo-escolar-2012.md	datafw escale	452
5f12aaa38d4c7e8ebf4abc341d5a979ad25cda268fd5bbe9e2d393de778d07e9	datafw/data/raw/escale/censo-escolar/2012/documentacion/cedula-5b-2012.pdf	Unknown	Censo escolar 2012	Report	Informe técnico	report		2012		Spanish	documento_oficial	media		5f12aaa3_censo-escolar-2012.md	datafw escale	453
bc96b4582840b69a48dec905dd5fcfb601c21d400a814fe1f2c31de1b140cb06	datafw/data/raw/escale/censo-escolar/2012/documentacion/0-diccionario-padron.pdf	Unknown	Diccionario Censo Escolar 2007 - CE03	Report	Informe técnico	report		2013		Spanish	documento_oficial	media		bc96b458_diccionario-censo-escolar-2007-ce03.md	datafw escale	454
39459fb2b33dd180f7a258375a3d4271cb4956ca190ee161689fa94f29031470	datafw/data/raw/escale/censo-escolar/2012/documentacion/cedula-6a-2012.pdf	Unknown	Censo escolar 2012	Report	Informe técnico	report		2012		Spanish	documento_oficial	media		39459fb2_censo-escolar-2012.md	datafw escale	455
0aca2f4afad92a3fb375a86239e8c9acb6dec374326e51e4ea48f1b088d98710	datafw/data/raw/escale/censo-escolar/2023/documentacion/cedula-3bp-censo-educativo-2023.pdf	Unknown	Cedula 3BP-Censo Educativo 2021	Report	Informe	report		2022		Spanish	documento_oficial	media		0aca2f4a_cedula-3bp-censo-educativo-2021.md	datafw escale	456
59cbf2635d047f7ed8f0d98a4a8b193c3603ce4cffd3c848c19ac3f6f5ccea8b	datafw/data/raw/escale/censo-escolar/2023/documentacion/manual-fuie-cedula-11-local-educativo.pdf	Unknown	Manual del Director – FUIE – CE 2023	Book	Libro	book		2023		Spanish	documento_oficial	media		59cbf263_manual-del-director-fuie-ce-2023.md	datafw escale	457
25adb6a8e0f5a9413be803fa38091a4b6de7c018fafb7063cb528b6155815317	datafw/data/raw/escale/censo-escolar/2023/documentacion/cedula-2pc-censo-educativo-2023.pdf	Unknown	Cedula 2PC Censo Educativo 2021	Report	Informe	report		2023		Spanish	documento_oficial	media		25adb6a8_cedula-2pc-censo-educativo-2021.md	datafw escale	458
4aa08f769551335522c5ba3ca74258d017cbfb414794a1500e93d24981573169	datafw/data/raw/escale/censo-escolar/2023/documentacion/cedula-8bi-censo-educativo-2023.pdf	Unknown	Cedula 8BI -Censo Educativo 2021	Report	Informe	report		2021	norma:decreto_supremo_072-2012-	Spanish	documento_oficial	media	Decreto Supremo N° 072-2012-	4aa08f76_cedula-8bi-censo-educativo-2021.md	datafw escale	459
cdf6c93b6b7834b875eb49e4b15b2aeef24fa8c0cb3cda8b711cde966af1f327	datafw/data/raw/escale/censo-escolar/2023/documentacion/catalogo-de-carreras-local-educativo-ce2023.pdf	Unknown	Lista de carreras pedagógica	Report	Informe	report		2023		Spanish	documento_oficial	media		cdf6c93b_lista-de-carreras-pedagogica.md	datafw escale	460
4749b14226389837bd64e10e4d0e33e535c6e953e149fcd2459c25b4db65724a	datafw/data/raw/escale/censo-escolar/2023/documentacion/cedula-4bi-censo-educativo-2023.pdf	Unknown	Cedula 4BI-Censo Educativo 2022 [Recuperado]	Report	Informe	report		2022	norma:decreto_supremo_072-2012-	Spanish	documento_oficial	media	Decreto Supremo N° 072-2012-	4749b142_cedula-4bi-censo-educativo-2022-recuperado.md	datafw escale	461
058e157de1da862f415fa80be62d09a442d6668455200b7a8426ee2d2ad12bf0	datafw/data/raw/escale/censo-escolar/2023/documentacion/cedula-7a-censo-educativo-2023.pdf	Unknown	Cedula 7A Censo Educativo 2022	Document	Documento oficial	document		2022		Spanish	documento_oficial	alta		058e157d_cedula-7a-censo-educativo-2022.md	datafw escale	462
46005fba9a904204b5f40786c5cff9561e0d892fd9256c935905d163219050f3	datafw/data/raw/escale/censo-escolar/2023/documentacion/cedula-3bs-censo-educativo-2023.pdf	Unknown	Cedula 3BS-Censo Educativo 2021	Report	Informe	report		2021		Spanish	documento_oficial	media		46005fba_cedula-3bs-censo-educativo-2021.md	datafw escale	463
7a373cff3f1db6eed025aefff986b0950b391f0cdee96ef03fbf52b9190ee2fd	datafw/data/raw/escale/censo-escolar/2023/documentacion/00-diccionario-de-datos-ce-2023.pdf	Unknown	“Decenio de la Igualdad de Oportunidades para mujeres y hombres”	Report	Informe	report				Spanish	documento_oficial	media		7a373cff_decenio-de-la-igualdad-de-oportunidades-para-mujeres-y.md	datafw escale	464
85f4fc07644ab09ac8b94fd34d99e7e86ed7b4c344eaef808387f38ce409efd0	datafw/data/raw/escale/censo-escolar/2023/documentacion/cedula-2a-censo-educativo-2023.pdf	Unknown	Censo censo educativo 2023	Report	Informe	report		2022		Spanish	documento_oficial	media		85f4fc07_censo-censo-educativo-2023.md	datafw escale	465
aa98cb9ed8a6a43c78ba544ab7f91c1b5b3f60de00e0b54852c4ab5eba1085d4	datafw/data/raw/escale/censo-escolar/2023/documentacion/cedula-9a-censo-educativo-2023.pdf	Unknown	Cedula 9A Censo Educativo 2022	Document	Documento oficial	document		2022		Spanish	documento_oficial	alta		aa98cb9e_cedula-9a-censo-educativo-2022.md	datafw escale	466
03fa0fc4ecd6effd344a30b41c7954c6ff1069c4864326947f5e7f6daeb5aac0	datafw/data/raw/escale/censo-escolar/2023/documentacion/cedula-11-local-educativo-2023-fuie.pdf	Unknown	Censo educativo 2023	Report	Informe	report		2022		Spanish	documento_oficial	media		03fa0fc4_censo-educativo-2023.md	datafw escale	467
f1e40011c04b17d808aaf7db25ce390343677366d083956694acaf46dad69ae0	datafw/data/raw/escale/censo-escolar/2023/documentacion/cedula-4aa-censo-educativo-2023.pdf	Unknown	Cedula 4AA Censo Educativo 2023zz [Recuperado]	Report	Informe	report		2023		Spanish	documento_oficial	media		f1e40011_cedula-4aa-censo-educativo-2023zz-recuperado.md	datafw escale	468
6ba2c02c757e4e06a20d60089da022bcb40feb3a77df85d0e977a09b0210e955	datafw/data/raw/escale/censo-escolar/2023/documentacion/cedula-4ba-censo-educativo-2023.pdf	Unknown	Cedula 4BA-Censo Educativo 2021	Report	Informe	report		2021	norma:decreto_supremo_072-2012-	Spanish	documento_oficial	media	Decreto Supremo N° 072-2012-	6ba2c02c_cedula-4ba-censo-educativo-2021.md	datafw escale	469
17254cf3a6e7fc12b2fb6b393d5bb26dcc6be72d0780f87a2f2e0390a53ea77d	datafw/data/raw/escale/censo-escolar/2023/documentacion/cedula-8bp-censo-educativo-2023.pdf	Unknown	Cedula 8BP-Censo Educativo 2021	Report	Informe	report		2021	norma:decreto_supremo_072-2012-	Spanish	documento_oficial	media	Decreto Supremo N° 072-2012-	17254cf3_cedula-8bp-censo-educativo-2021.md	datafw escale	470
b8cf5609eb4b2b5f036b7b8792dda2bc83c36e761c69985e08b0f35e23a3ee8b	datafw/data/raw/escale/censo-escolar/2023/documentacion/00-diccionario-de-datos-le-2023.pdf	Unknown	Año de la unidad, la paz y el desarrollo	Report	Informe	report				Spanish	documento_oficial	media	OCR pendiente;	b8cf5609_ano-de-la-unidad-la-paz-y-el-desarrollo.md	datafw escale	471
d7547d8363462849409bb0063f960a12ddf482bd6db77c5fba30c5976d9f5c35	datafw/data/raw/escale/censo-escolar/2023/documentacion/cedula-3as-censo-educativo-2023.pdf	Unknown	Cedula 3AS Censo Educativo 2023 [Recuperado]	Report	Informe	report		2023		Spanish	documento_oficial	media		d7547d83_cedula-3as-censo-educativo-2023-recuperado.md	datafw escale	472
a03b61818025d7bc58f9014b4a56f612287bd560e457ede3b63b24bc364cadb3	datafw/data/raw/escale/censo-escolar/2023/documentacion/cedula-6a-censo-educativo-2023.pdf	Unknown	Cedula 6A Censo Educativo 2022	Document	Documento oficial	document		2023		Spanish	documento_oficial	alta		a03b6181_cedula-6a-censo-educativo-2022.md	datafw escale	473
a889fd8bc869f4c16b293ab7cd4b436e4cb96aedd323768e34044aa710cd6781	datafw/data/raw/escale/censo-escolar/2023/documentacion/cedula-5a-censo-educativo-2023.pdf	Unknown	Cedula 5A Censo Educativo 2022	Report	Informe	report		2022		Spanish	documento_oficial	media		a889fd8b_cedula-5a-censo-educativo-2022.md	datafw escale	474
6f6210144dcf88e63b2cc2921bd156199d70dad11da1a8fbe83580d44f27d9c8	datafw/data/raw/escale/censo-escolar/2023/documentacion/00-diccionario-marco-censal-2023.pdf	Unknown	Diccionario Censo Escolar 2007 - CE03	Report	Informe técnico	report		2024		Spanish	documento_oficial	media		6f621014_diccionario-censo-escolar-2007-ce03.md	datafw escale	475
d828804983b674a75de3cc3dacf5a583a4bb1b3e8a48908c3f4e6f31233ff95e	datafw/data/raw/escale/censo-escolar/2023/documentacion/cedula-4ai-censo-educativo-2023.pdf	Unknown	Cedula 4AI Censo Educativo 2023 [Recuperado]	Report	Informe	report		2023		Spanish	documento_oficial	media		d8288049_cedula-4ai-censo-educativo-2023-recuperado.md	datafw escale	476
75debdb84deaddc28914877563a621c0c3c9e738e3f34912984475c44648702e	datafw/data/raw/escale/censo-escolar/2023/documentacion/cedula-6b-censo-educativo-2023.pdf	Unknown	Cedula 6B - 2022 02 03	Report	Informe	report		2022		Spanish	documento_oficial	media		75debdb8_cedula-6b-2022-02-03.md	datafw escale	477
93ef83905a29abff505b1037658fd1b0ed4860a0799e436663f6981781e7b066	datafw/data/raw/escale/censo-escolar/2023/documentacion/cedula-2b-censo-educativo-2023.pdf	Unknown	Cedula 2B-Censo Educativo 2021	Report	Informe	report		2021	norma:decreto_supremo_072-2012-	Spanish	documento_oficial	media	Decreto Supremo N° 072-2012-	93ef8390_cedula-2b-censo-educativo-2021.md	datafw escale	478
d9c1668cea05028698ed8c147f599bf6c28875271aaa9f2208df6c5245bf909a	datafw/data/raw/escale/censo-escolar/2023/documentacion/cedula-1a-censo-educativo-2023.pdf	Unknown	Cedula 1A Censo Educativo 2022	Report	Informe	report		2022		Spanish	documento_oficial	media		d9c1668c_cedula-1a-censo-educativo-2022.md	datafw escale	479
b2033d32778114991a886d8a38f9bcf92bce0d71da44f03a718fed8a76c9373d	datafw/data/raw/escale/censo-escolar/2023/documentacion/cedula-8ai-censo-educativo-2023.pdf	Unknown	Cedula 8AI Censo Educativo 2023-2	Report	Informe	report		2023		Spanish	documento_oficial	media		b2033d32_cedula-8ai-censo-educativo-2023-2.md	datafw escale	480
4b8aae61997817088e2c84f03d1bba351856d750bc81690601afdb0702ab6d0a	datafw/data/raw/escale/censo-escolar/2023/documentacion/cedula-1b-censo-educativo-2023.pdf	Unknown	Cedula 1B-Censo Educativo 2021	Report	Informe	report		2021	norma:decreto_supremo_072-2012-	Spanish	documento_oficial	media	Decreto Supremo N° 072-2012-	4b8aae61_cedula-1b-censo-educativo-2021.md	datafw escale	481
1e6955fd9aa815f60d07935faac90313e90e43745aa94b0dd7eb8606be92c4bd	datafw/data/raw/escale/censo-escolar/2023/documentacion/cedula-8ap-censo-educativo-2023.pdf	Unknown	Censo censo educativo 2023	Report	Informe	report		2022		Spanish	documento_oficial	media		1e6955fd_censo-censo-educativo-2023.md	datafw escale	482
a9b84d2c3c5828255c55e5bc7a316a29d3cc237f0b7476e52e8da7c5b1e360e0	datafw/data/raw/escale/censo-escolar/2023/documentacion/00-diccionario-de-datos-ce-2023-resultados.pdf	Unknown	"Año del bicentenario, de la consolidación de nuestra independencia y	Report	Informe	report				Spanish	documento_oficial	media		a9b84d2c_ano-del-bicentenario-de-la-consolidacion-de-nuestra.md	datafw escale	483
883efaf00f371cc4e8e757911fc64ccd43db42bd90aadd69d7ec4f291ac0500c	datafw/data/raw/escale/censo-escolar/2023/documentacion/cedula-3ap-censo-educativo-2023.pdf	Unknown	Cedula 3AP Censo Educativo 2022	Report	Informe	report		2023		Spanish	documento_oficial	media		883efaf0_cedula-3ap-censo-educativo-2022.md	datafw escale	484
4215746326c751fe72d04e81628157e842a6d10fe68034b48a72c816fdf81f28	datafw/data/raw/escale/censo-escolar/2023/documentacion/cedula-5b-censo-educativo-2023.pdf	Unknown	Cedula 5B -2022 02 03	Report	Informe	report		2022		Spanish	documento_oficial	media		42157463_cedula-5b-2022-02-03.md	datafw escale	485
8ace4c00866b1c198c935ca0eb9090ea4c1b4f76f70d6ceef35d34feb5bdd6fe	datafw/data/raw/escale/censo-escolar/2023/documentacion/cedula-8a-censo-educativo-2023.pdf	Unknown	Censo censo educativo 2023	Report	Informe	report		2022		Spanish	documento_oficial	media		8ace4c00_censo-censo-educativo-2023.md	datafw escale	486
d637171b202239b8e66a1f897257edc75f33da37d3aab937823e00b04c578d0d	datafw/data/raw/escale/censo-escolar/2023/documentacion/cedula-9b-censo-educativo-2023.pdf	Unknown	Cedula 9B -2022 02 03	Report	Informe	report		2022		Spanish	documento_oficial	media		d637171b_cedula-9b-2022-02-03.md	datafw escale	487
38f40cfe5470e6bb6ac33aca034fcd66afba94d3ea8abf8e5305d4a5d0e49e1e	datafw/data/raw/escale/censo-escolar/2023/documentacion/cedula-7b-censo-educativo-2023.pdf	Unknown	Cedula 7B -2022 02 03	Report	Informe	report		2022		Spanish	documento_oficial	media		38f40cfe_cedula-7b-2022-02-03.md	datafw escale	488
90eb3fe765b12e368efe4c6ec4b7fcb4b373634f76e71c7b203151657c998f76	datafw/data/raw/escale/censo-escolar/2009/documentacion/cedula-07-2009.pdf	Unknown	Censo escolar 2009 cédula	Report	Informe técnico	report		2009		Spanish	documento_oficial	media		90eb3fe7_censo-escolar-2009-cedula.md	datafw escale	489
07493d8a4dbf1254729498af143c5a064f93aeed0b6944dd8e7fb43fe90f5ea6	datafw/data/raw/escale/censo-escolar/2009/documentacion/cedula-08-2009.pdf	Unknown	Censo escolar 2009 cédula	Report	Informe técnico	report		2009		Spanish	documento_oficial	media		07493d8a_censo-escolar-2009-cedula.md	datafw escale	490
80ddf4c74aed6f26e539bec06eddb48ab6758e358fa3bfc8c622d49c4e27b8ef	datafw/data/raw/escale/censo-escolar/2009/documentacion/cedula-03-2009.pdf	Unknown	Censo escolar 2009 cédula	Report	Informe técnico	report		2009		Spanish	documento_oficial	media		80ddf4c7_censo-escolar-2009-cedula.md	datafw escale	491
294f0011652cb15b2d024b22e48938c329dee44d267d1e6e602bdda3bd7250cc	datafw/data/raw/escale/censo-escolar/2009/documentacion/cedula-04-2009.pdf	Unknown	Censo escolar 2009 cédula	Report	Informe técnico	report		2009		Spanish	documento_oficial	media		294f0011_censo-escolar-2009-cedula.md	datafw escale	492
faff929a12ac0e8410dc2257d0ea937e2b8a0228db200ee9952b6f03a560d329	datafw/data/raw/escale/censo-escolar/2009/documentacion/cedula-11-2009.pdf	Unknown	Censo escolar 2009 cédula	Report	Informe técnico	report		2009		Spanish	documento_oficial	media		faff929a_censo-escolar-2009-cedula.md	datafw escale	493
ad25611146e99c865afbe4d308cad1926f0fede73c8c445fc1282c4840d797fb	datafw/data/raw/escale/censo-escolar/2009/documentacion/cedula-05-2009.pdf	Unknown	Ministerio de educación	Report	Informe técnico	report		2009		Spanish	documento_oficial	media		ad256111_ministerio-de-educacion.md	datafw escale	494
2e128f73640d12f97dc9d184a640be0db90c25573202daa3e08fa9c7a049e80c	datafw/data/raw/escale/censo-escolar/2009/documentacion/cedula-01-2009.pdf	Unknown	Censo escolar 2009 cédula	Report	Informe técnico	report		2009		Spanish	documento_oficial	media		2e128f73_censo-escolar-2009-cedula.md	datafw escale	495
07381399a67d5b0dfb9a6b05de93c12c90160dc337077e08f9f6fabcac6b6ee9	datafw/data/raw/escale/censo-escolar/2009/documentacion/anexo-cedula11.pdf	Unknown	Anexo-Cedula11.cdr	Report	Informe técnico	report		2009		Spanish	documento_oficial	media		07381399_anexo-cedula11-cdr.md	datafw escale	496
709281a4a8c440876caf2b0d0f3e113c9ea7c721255fec11b6964b0726e6efc7	datafw/data/raw/escale/censo-escolar/2009/documentacion/cedula-02-2009.pdf	Unknown	Censo escolar 2009	Report	Informe técnico	report		2009		Spanish	documento_oficial	media		709281a4_censo-escolar-2009.md	datafw escale	497
25a91e49e1961734aef4307575f92b37af879ebf86d06f49b97044107bc4973a	datafw/data/raw/escale/censo-escolar/2009/documentacion/cedula-09-2009.pdf	Unknown	Ministerio de educación	Report	Informe técnico	report		2009		Spanish	documento_oficial	media		25a91e49_ministerio-de-educacion.md	datafw escale	498
d8924913b6021d7ed5f59ebc355552b59eb30d41f3f6f3f1a64cdcfdc8ca672c	datafw/data/raw/escale/censo-escolar/2009/documentacion/cedula-06-2009.pdf	Unknown	Censo escolar 2009 cédula	Report	Informe técnico	report		2009		Spanish	documento_oficial	media		d8924913_censo-escolar-2009-cedula.md	datafw escale	499
887a64545a11e20ee53706f53b68dbab1f729537853862010b4ce9f3776ce386	datafw/data/raw/escale/censo-escolar/2009/documentacion/0-diccionario-de-datos-censo-escolar-2009.pdf	Unknown	Diccionario de datos – Censo Escolar 2009	Report	Informe técnico	report		2010		Spanish	documento_oficial	media		887a6454_diccionario-de-datos-censo-escolar-2009.md	datafw escale	500
bd0b122da83e0317ed4ec621a7b04b2b0c0b2e5b9ae7808237b31384f3f6243f	datafw/data/raw/escale/censo-escolar/2009/documentacion/cedula-04a-2009.pdf	Unknown	Censo escolar 2009 cédula	Report	Informe técnico	report		2009		Spanish	documento_oficial	media		bd0b122d_censo-escolar-2009-cedula.md	datafw escale	501
74c578ad76a58226099387fd94278cc554dc6fb3470fdec5447fbfa4add162e8	datafw/data/raw/escale/censo-escolar/2004/documentacion/cedula-08-censo-2004.pdf	Unknown	Censo escolar 2004	Report	Informe técnico	report		2004		Spanish	documento_oficial	media		74c578ad_censo-escolar-2004.md	datafw escale	502
2917d55a5fe1d1454876fb5127bf66016ea090f10350f2505336c1d92642d080	datafw/data/raw/escale/censo-escolar/2004/documentacion/cedula-01-censo-2004.pdf	Unknown	Censo escolar 2004	Report	Informe técnico	report		2004		Spanish	documento_oficial	media		2917d55a_censo-escolar-2004.md	datafw escale	503
3a0c15356395adc23029c184a5b3db879fdd94cc08f3d0abfaef31341d70f2a5	datafw/data/raw/escale/censo-escolar/2004/documentacion/cedula-03a-censo-2004.pdf	Unknown	Censo escolar 2004 cédula	Report	Informe técnico	report		2004		Spanish	documento_oficial	media		3a0c1535_censo-escolar-2004-cedula.md	datafw escale	504
d3781dfbe238b1229a657a5465a49eb6fcb746641235ba792b484e6b12c995f6	datafw/data/raw/escale/censo-escolar/2004/documentacion/cedula-09-censo-2004.pdf	Unknown	Censo escolar 2004	Report	Informe técnico	report		2004		Spanish	documento_oficial	media		d3781dfb_censo-escolar-2004.md	datafw escale	505
8bef2f00b93152e83fdf426029ea93b09d5c104b0403424dba2668bd35565e9d	datafw/data/raw/escale/censo-escolar/2004/documentacion/cedula-04-censo-2004.pdf	Unknown	Censo escolar 2004	Report	Informe técnico	report		2004		Spanish	documento_oficial	media		8bef2f00_censo-escolar-2004.md	datafw escale	506
edb3ab726557ac5a932e27a74d32c4c4d15671cd67111d0ce8124672f3d76e90	datafw/data/raw/escale/censo-escolar/2004/documentacion/diccionario-de-datos-2004.pdf	Unknown	Descripcion de tablas del censo escolar 2000	Report	Informe técnico	report		2005		Spanish	documento_oficial	media		edb3ab72_descripcion-de-tablas-del-censo-escolar-2000.md	datafw escale	507
0d60d6694ea443ecf4e094d403111c18de34243b6e95f559d02c09e721c98ebe	datafw/data/raw/escale/censo-escolar/2004/documentacion/cedula-05-censo-2004.pdf	Unknown	Censo escolar 2004	Report	Informe técnico	report		2004		Spanish	documento_oficial	media		0d60d669_censo-escolar-2004.md	datafw escale	508
d914d041f7d23f9424de0a0e5510d84376a50cd5fd53860e95cd9d8ea299b90d	datafw/data/raw/escale/censo-escolar/2004/documentacion/cedula-03-censo-2004.pdf	Unknown	Censo escolar 2004	Report	Informe técnico	report		2004		Spanish	documento_oficial	media		d914d041_censo-escolar-2004.md	datafw escale	509
cff377ef7564fc02c0b3de21a3261611d32ee73e36715a5241c72bf091270205	datafw/data/raw/escale/censo-escolar/2004/documentacion/cedula-10-censo-2004.pdf	Unknown	Censo escolar 2004	Report	Informe técnico	report		2004		Spanish	documento_oficial	media		cff377ef_censo-escolar-2004.md	datafw escale	510
6089f2faa2bd20374d577ea24889c25715069c41c80c6127d57a9df652ac5e4e	datafw/data/raw/escale/censo-escolar/2004/documentacion/cedula-06-censo-2004.pdf	Unknown	Censo escolar 2004	Report	Informe técnico	report		2004		Spanish	documento_oficial	media		6089f2fa_censo-escolar-2004.md	datafw escale	511
e478b3466085be76847d317f54487734b186f127c99d8a6a228e9e0493410982	datafw/data/raw/escale/endo/2016/documentacion/cuestionario-endo-2016.pdf	Unknown	Encuesta nacional a docentes de instituciones	Report	Informe técnico	report		2017		Spanish	documento_oficial	media		e478b346_encuesta-nacional-a-docentes-de-instituciones.md	datafw escale	512
e2fdcb32948e253b8bcd0c4e04466317b407b850b6a765865b3cf4ef09cb9cc2	datafw/data/raw/escale/endo/2016/documentacion/ficha-tecnica-endo-2016.pdf	Unknown	Encuesta nacional a docentes de instituciones educativas	Report	Informe técnico	report		2017		Spanish	documento_oficial	media		e2fdcb32_encuesta-nacional-a-docentes-de-instituciones-educativas.md	datafw escale	513
9c590d73e7fba8520812830982295512ac8519ceed9365356863383ddc96c4bf	datafw/data/raw/escale/endo/2016/documentacion/tarjetas-endo-2016.pdf	Unknown	Tarjetas endo 2016	Report	Informe	report		2016		Spanish	documento_oficial	media		9c590d73_tarjetas-endo-2016.md	datafw escale	514
674972f5086d100b0fb8608144efe0449339e93ef981534b75f08d53bbbad5f3	datafw/data/raw/escale/endo/2018/documentacion/cuestionario-endo-2018.pdf	Unknown	Encuesta nacional a docentes de instituciones	Report	Informe técnico	report		2018		Spanish	documento_oficial	media		674972f5_encuesta-nacional-a-docentes-de-instituciones.md	datafw escale	515
672ae55ce557be755d54d0a77beefc9c7350b5e4bbc2fd1d0b89ad55bcdc529c	datafw/data/raw/escale/endo/2018/documentacion/ficha-tecnica-endo-2018.pdf	Unknown	Encuesta nacional a docentes de instituciones educativas	Report	Informe técnico	report		2019		Spanish	documento_oficial	media		672ae55c_encuesta-nacional-a-docentes-de-instituciones-educativas.md	datafw escale	516
bcf59c40274e7b771a5aa9e6a864afd0f006fb8f5db8c7650ee27c332f75f551	datafw/data/raw/escale/endo/2020/documentacion/cuestionario-endo-remoto-2020.pdf	Unknown	Encuesta nacional de docentes - endo	Report	Informe técnico	report		2020		Spanish	documento_oficial	media		bcf59c40_encuesta-nacional-de-docentes-endo.md	datafw escale	517
f722598df98833d24ed3b9283da5ebafa1bb871aa292002eb6f98a065f91d8e8	datafw/data/raw/escale/endo/2020/documentacion/ficha-tecnica-endo-remoto-2020.pdf	Unknown	Decenio de la Igualdad de oportunidades para mujeres y hombres"""	Report	Informe técnico	report		2020		Spanish	documento_oficial	media		f722598d_decenio-de-la-igualdad-de-oportunidades-para-mujeres-y.md	datafw escale	518
a7176a51cd4d06ba1797f42f8c5a934efacf8a5eb81e2b22b673a64a9ac7536c	datafw/data/raw/escale/endo/2014/documentacion/cuestionario-endo-2014.pdf	Unknown	Encuesta nacional de docentes de instituciones	Report	Informe técnico	report		2015		Spanish	documento_oficial	media		a7176a51_encuesta-nacional-de-docentes-de-instituciones.md	datafw escale	519
ee6d23263c45da47a9b66cab3185687e57f8d41db87f712b3c21be716378346f	datafw/data/raw/escale/endo/2014/documentacion/tarjetas-endo-2014.pdf	Unknown	Escalas en la Encuesta Nacional de Docentes	Report	Informe técnico	report		2017		Spanish	documento_oficial	media		ee6d2326_escalas-en-la-encuesta-nacional-de-docentes.md	datafw escale	520
882f8392845a726f8e0f0476e71b5181ea5744221dfd4f007c3aa8304d2ac9e3	datafw/data/raw/escale/endo/2014/documentacion/ficha-tecnica-endo-2014.pdf	Unknown	“Año de la Diversificación Productiva y del Fortalecimiento de la Educación”	Report	Informe técnico	report		2015		Spanish	documento_oficial	media		882f8392_ano-de-la-diversificacion-productiva-y-del-fortalecimiento.md	datafw escale	521
932692cae335ddfac70b3614b1d5d89ce7f96230e8eb39cba6716c6017921b2f	datafw/data/raw/escale/endo/2021/documentacion/ficha-tecnica-endo-remota-2021.pdf	Unknown	Decenio de la Igualdad de oportunidades para mujeres y hombres	Report	Informe técnico	report		2022		Spanish	documento_oficial	media		932692ca_decenio-de-la-igualdad-de-oportunidades-para-mujeres-y.md	datafw escale	522
2f92811c7dd2be6c6a0b36a6ad2a17f08e780f730f44bfa8dfbb6a94deb696e4	datafw/data/raw/escale/endo/2021/documentacion/cuestionario-endo-remota-2021.pdf	Unknown	Encuesta nacional de docentes de instituciones educativas públicas	Report	Informe técnico	report		2022		Spanish	documento_oficial	media		2f92811c_encuesta-nacional-de-docentes-de-instituciones-educativas.md	datafw escale	523
7675c0d8afaaa62f99cc97b979d332c302024fbd10c6a331e6ca70aed6e4e88b	datafw/data/raw/escale/censo-escolar/2024/documentacion/manual-fuie-cedula-11-local-educativo.pdf	Unknown	Manual del director – FUIE – CE 2024	Book	Libro	book		2024		Spanish	documento_oficial	media		7675c0d8_manual-del-director-fuie-ce-2024.md	datafw escale	462
68da04ce0ca2b64499331c8935ca15078f6c22dae0bfb58e0332d1d5557122f4	datafw/data/raw/escale/censo-escolar/2024/documentacion/cedula-11-local-educativo-fuie-2024.pdf	Unknown	Censo educativo 2024	Report	Informe	report		2024		Spanish	documento_oficial	media		68da04ce_censo-educativo-2024.md	datafw escale	463
eafe3f25a55162b9a6034ddb6a0a41704a210eb6347bd18362d737699b8373f3	datafw/data/raw/escale/censo-escolar/2024/documentacion/cedula-3bs-censo-educativo-2024.pdf	Unknown	Cedula 3BS-Censo Educativo 2021	Report	Informe	report		2021		Spanish	documento_oficial	media		eafe3f25_cedula-3bs-censo-educativo-2021.md	datafw escale	464
efcb9ff0f052770a46671075eb856ad4aa56d0e66d482a313a06fcc1106203a4	datafw/data/raw/escale/censo-escolar/2024/documentacion/cedula-8acp-censo-educativo-2024.pdf	Unknown	Censo censo educativo 2024	Report	Informe	report		2022		Spanish	documento_oficial	media		efcb9ff0_censo-censo-educativo-2024.md	datafw escale	465
98454559d376afac79dfb5a0134a51af62f2817d92354df30adc388cc7ca98b8	datafw/data/raw/escale/censo-escolar/2024/documentacion/cedula-5b-censo-educativo-2024.pdf	Unknown	Cedula 5B -2022 02 03	Report	Informe	report		2022		Spanish	documento_oficial	media		98454559_cedula-5b-2022-02-03.md	datafw escale	466
62b48602b192114d98134cdbe7d5207d260e42c235a440246dfae4f7742f00ab	datafw/data/raw/escale/censo-escolar/2024/documentacion/cedula-6b-censo-educativo-2024.pdf	Unknown	Cedula 6B - 2022 02 03	Report	Informe	report		2022		Spanish	documento_oficial	media		62b48602_cedula-6b-2022-02-03.md	datafw escale	467
e3021a758a6d967cb28f59ec2289c1d1cc2c3d2337cfb79736c3df60b395f9e9	datafw/data/raw/escale/censo-escolar/2024/documentacion/cedula-8bi-censo-educativo-2024.pdf	Unknown	Cedula 8BI -Censo Educativo 2021	Report	Informe	report		2021	norma:decreto_supremo_072-2012-	Spanish	documento_oficial	media	Decreto Supremo N° 072-2012-	e3021a75_cedula-8bi-censo-educativo-2021.md	datafw escale	468
1f3a0f662a6caa8c67817b9e2bdfb874cd6cd33c58d66952cefe3f9fe096c98f	datafw/data/raw/escale/censo-escolar/2024/documentacion/cedula-6a-censo-educativo-2024.pdf	Unknown	Cedula 6A Censo Educativo 2022	Document	Documento oficial	document		2023	norma:ley_23585	Spanish	documento_oficial	alta	LEY Nº 23585	1f3a0f66_cedula-6a-censo-educativo-2022.md	datafw escale	469
c187591272a6dad07f22e52bbb217b6b3944c80cf538d4a38e3497be7adc5bf0	datafw/data/raw/escale/censo-escolar/2024/documentacion/cedula-7a-censo-educativo-2024.pdf	Unknown	Cedula 7A Censo Educativo 2022	Document	Documento oficial	document		2022		Spanish	documento_oficial	alta		c1875912_cedula-7a-censo-educativo-2022.md	datafw escale	470
333c8221df56b842a776c427e98d480a376868f383d3864352e02adfb3182457	datafw/data/raw/escale/censo-escolar/2024/documentacion/cedula-4ba-censo-educativo-2024.pdf	Unknown	Cedula 4BA-Censo Educativo 2021	Report	Informe	report		2021	norma:decreto_supremo_072-2012-	Spanish	documento_oficial	media	Decreto Supremo N° 072-2012-	333c8221_cedula-4ba-censo-educativo-2021.md	datafw escale	471
77621cf64e21ea21ce76c0fd5e3fe82e5becc5434e9f54a70e0a083d2ae3196d	datafw/data/raw/escale/censo-escolar/2024/documentacion/00-diccionario-de-datos-le-2024.pdf	Unknown	"""Año del bicentenario, de la consolidación de nuestra independencia y"	Report	Informe	report				Spanish	documento_oficial	media		77621cf6_ano-del-bicentenario-de-la-consolidacion-de-nuestra.md	datafw escale	472
c29b54c1e56cf65eaf1ed8bfe9856ec5868389e7b7d56c82c30f60c3916105cc	datafw/data/raw/escale/censo-escolar/2021/documentacion/cedula-4ai-censo-educativo-2021.pdf	Unknown	Cedula 4AI Censo Educativo 2021	Report	Informe	report		2021		Spanish	documento_oficial	media		c29b54c1_cedula-4ai-censo-educativo-2021.md	datafw escale	473
627a614b3f1d8d48142a9aaa1f4fbd2a452264008387530ddaaaade1d58e5dd1	datafw/data/raw/escale/censo-escolar/2021/documentacion/cedula-5a-censo-educativo-2021.pdf	Unknown	Cedula 5A Censo Educativo 2021	Report	Informe	report		2021		Spanish	documento_oficial	media		627a614b_cedula-5a-censo-educativo-2021.md	datafw escale	474
ce59c881468bd5013f46f4bd4b0c6892f52323047821312625686e411a23e28d	datafw/data/raw/escale/censo-escolar/2021/documentacion/cedula-11-local-educativo-2021-fuie.pdf	Unknown	Censo educativo 2021	Report	Informe	report		2021		Spanish	documento_oficial	media		ce59c881_censo-educativo-2021.md	datafw escale	475
34af89623f5c0e3088b6af7fc5d6bc2ddd41903b85000114f26d893680908638	datafw/data/raw/escale/censo-escolar/2021/documentacion/cedula-4aa-censo-educativo-2021.pdf	Unknown	Cedula 4AA Censo Educativo 2021	Report	Informe	report		2021		Spanish	documento_oficial	media		34af8962_cedula-4aa-censo-educativo-2021.md	datafw escale	476
da92f5b6e20cb7997b6149ae32a4c5cb7e4c776bdab6b4fceb79fae3716593af	datafw/data/raw/escale/censo-escolar/2021/documentacion/cedula-4ba-censo-educativo-2021.pdf	Unknown	Cedula 4BA-Censo Educativo 2021	Report	Informe	report		2021	norma:decreto_supremo_072-2012-	Spanish	documento_oficial	media	Decreto Supremo N° 072-2012-	da92f5b6_cedula-4ba-censo-educativo-2021.md	datafw escale	477
1667b3b6bf0dc2aaf83c3fcfd1a4e067e3459986fcee55cfcc3f65a71e3a6644	datafw/data/raw/escale/censo-escolar/2021/documentacion/cedula-3ap-censo-educativo-2021.pdf	Unknown	Cedula 3AP Censo Educativo 2021	Report	Informe	report		2021		Spanish	documento_oficial	media		1667b3b6_cedula-3ap-censo-educativo-2021.md	datafw escale	478
03becec3840bbc780306416ae1759c1833904168dae1f9c662f5742abe0bf3d1	datafw/data/raw/escale/censo-escolar/2021/documentacion/cedula-6a-censo-educativo-2021.pdf	Unknown	Cedula 6A Censo Educativo 2021	Report	Informe	report		2021		Spanish	documento_oficial	media		03becec3_cedula-6a-censo-educativo-2021.md	datafw escale	479
415240df7da040498336fef024bf731ab7c56b10b4dd6ac580ac4b97f5cb3a8f	datafw/data/raw/escale/censo-escolar/2021/documentacion/manual-fuie-cedula-11-local-educativo-ce2021.pdf	Unknown	Manual del Registrador - FUIE	Report	Informe	report		2021		Spanish	documento_oficial	media		415240df_manual-del-registrador-fuie.md	datafw escale	480
c54aa25cc07fa902095be401f2418209aa54415c28597b05bf817441f8cc2cb9	datafw/data/raw/escale/censo-escolar/2021/documentacion/cedula-8ai-censo-educativo-2021.pdf	Unknown	Cedula 8AI Censo Educativo 2020	Report	Informe	report		2021		Spanish	documento_oficial	media		c54aa25c_cedula-8ai-censo-educativo-2020.md	datafw escale	481
402840b0ca9266bab9b40b77c0d0ed1087eb98885dcdb5e65c9b1b9deaaad287	datafw/data/raw/escale/censo-escolar/2021/documentacion/cedula-3as-censo-educativo-2021.pdf	Unknown	Cedula 3AS Censo Educativo 2021	Report	Informe	report		2021		Spanish	documento_oficial	media		402840b0_cedula-3as-censo-educativo-2021.md	datafw escale	482
35c5ece6ecb6c35c9b709407612f9d69bb10aa6f0d0ddbaed3f674e6b8fd63fb	datafw/data/raw/escale/censo-escolar/2021/documentacion/cedula-3bp-censo-educativo-2021.pdf	Unknown	Cedula 3BP-Censo Educativo 2021	Report	Informe	report		2021	norma:decreto_supremo_072-2012-	Spanish	documento_oficial	media	Decreto Supremo N° 072-2012-	35c5ece6_cedula-3bp-censo-educativo-2021.md	datafw escale	483
028818283a774457d170de5cababbc727d24123e67e2bf1ffc2d4a889beac1d0	datafw/data/raw/escale/censo-escolar/2021/documentacion/cedula-5b-censo-educativo-2021.pdf	Unknown	Cedula 5B -2022 02 03	Report	Informe	report		2022		Spanish	documento_oficial	media		02881828_cedula-5b-2022-02-03.md	datafw escale	484
49de3192618ffc28e66427359f46b74fea972ef16c6c2b61e6a7c9c97bba5af9	datafw/data/raw/escale/censo-escolar/2021/documentacion/cedula-9a-censo-educativo-2021.pdf	Unknown	Cedula 9A Censo Educativo 2021	Report	Informe	report		2021		Spanish	documento_oficial	media		49de3192_cedula-9a-censo-educativo-2021.md	datafw escale	485
905d1a5280819b6dd440cac929331afec80535448cb2736d45440c5a0e89ef2f	datafw/data/raw/escale/censo-escolar/2021/documentacion/cedula-8bp-censo-educativo-2021.pdf	Unknown	Cedula 8BP-Censo Educativo 2021	Report	Informe	report		2021	norma:decreto_supremo_072-2012-	Spanish	documento_oficial	media	Decreto Supremo N° 072-2012-	905d1a52_cedula-8bp-censo-educativo-2021.md	datafw escale	486
df7062df0033aeee96c2b0f7b98d7506ac7017400498c205bd017972b9b51902	datafw/data/raw/escale/censo-escolar/2021/documentacion/cedula-7b-censo-educativo-2021.pdf	Unknown	Cedula 7B -2022 02 03	Report	Informe	report		2022		Spanish	documento_oficial	media		df7062df_cedula-7b-2022-02-03.md	datafw escale	487
6fca2041e72136c8dd847c632b42fc7affa87b4d595c332c4d9900c13a3e1456	datafw/data/raw/escale/censo-escolar/2021/documentacion/00-dicionario-de-datos-ce-2021-1-2.pdf	Unknown	"""Decenio de la Igualdad de oportunidades para mujeres y hombres"""	Report	Informe técnico	report		2022		Spanish	documento_oficial	media		6fca2041_decenio-de-la-igualdad-de-oportunidades-para-mujeres-y.md	datafw escale	488
883efaf00f371cc4e8e757911fc64ccd43db42bd90aadd69d7ec4f291ac0500c	datafw/data/raw/escale/censo-escolar/2023/documentacion/cedula-3ap-censo-educativo-2023.pdf	Unknown	Cedula 3AP Censo Educativo 2022	Report	Informe	report		2023		Spanish	documento_oficial	media		883efaf0_cedula-3ap-censo-educativo-2022.md	datafw escale	489
4215746326c751fe72d04e81628157e842a6d10fe68034b48a72c816fdf81f28	datafw/data/raw/escale/censo-escolar/2023/documentacion/cedula-5b-censo-educativo-2023.pdf	Unknown	Cedula 5B -2022 02 03	Report	Informe	report		2022		Spanish	documento_oficial	media		42157463_cedula-5b-2022-02-03.md	datafw escale	490
8ace4c00866b1c198c935ca0eb9090ea4c1b4f76f70d6ceef35d34feb5bdd6fe	datafw/data/raw/escale/censo-escolar/2023/documentacion/cedula-8a-censo-educativo-2023.pdf	Unknown	Censo censo educativo 2023	Report	Informe	report		2022		Spanish	documento_oficial	media		8ace4c00_censo-censo-educativo-2023.md	datafw escale	491
d637171b202239b8e66a1f897257edc75f33da37d3aab937823e00b04c578d0d	datafw/data/raw/escale/censo-escolar/2023/documentacion/cedula-9b-censo-educativo-2023.pdf	Unknown	Cedula 9B -2022 02 03	Report	Informe	report		2022		Spanish	documento_oficial	media		d637171b_cedula-9b-2022-02-03.md	datafw escale	492
38f40cfe5470e6bb6ac33aca034fcd66afba94d3ea8abf8e5305d4a5d0e49e1e	datafw/data/raw/escale/censo-escolar/2023/documentacion/cedula-7b-censo-educativo-2023.pdf	Unknown	Cedula 7B -2022 02 03	Report	Informe	report		2022		Spanish	documento_oficial	media		38f40cfe_cedula-7b-2022-02-03.md	datafw escale	493
90eb3fe765b12e368efe4c6ec4b7fcb4b373634f76e71c7b203151657c998f76	datafw/data/raw/escale/censo-escolar/2009/documentacion/cedula-07-2009.pdf	Unknown	Censo escolar 2009 cédula	Report	Informe técnico	report		2009		Spanish	documento_oficial	media		90eb3fe7_censo-escolar-2009-cedula.md	datafw escale	494
07493d8a4dbf1254729498af143c5a064f93aeed0b6944dd8e7fb43fe90f5ea6	datafw/data/raw/escale/censo-escolar/2009/documentacion/cedula-08-2009.pdf	Unknown	Censo escolar 2009 cédula	Report	Informe técnico	report		2009		Spanish	documento_oficial	media		07493d8a_censo-escolar-2009-cedula.md	datafw escale	495
80ddf4c74aed6f26e539bec06eddb48ab6758e358fa3bfc8c622d49c4e27b8ef	datafw/data/raw/escale/censo-escolar/2009/documentacion/cedula-03-2009.pdf	Unknown	Censo escolar 2009 cédula	Report	Informe técnico	report		2009		Spanish	documento_oficial	media		80ddf4c7_censo-escolar-2009-cedula.md	datafw escale	496
294f0011652cb15b2d024b22e48938c329dee44d267d1e6e602bdda3bd7250cc	datafw/data/raw/escale/censo-escolar/2009/documentacion/cedula-04-2009.pdf	Unknown	Censo escolar 2009 cédula	Report	Informe técnico	report		2009		Spanish	documento_oficial	media		294f0011_censo-escolar-2009-cedula.md	datafw escale	497
faff929a12ac0e8410dc2257d0ea937e2b8a0228db200ee9952b6f03a560d329	datafw/data/raw/escale/censo-escolar/2009/documentacion/cedula-11-2009.pdf	Unknown	Censo escolar 2009 cédula	Report	Informe técnico	report		2009		Spanish	documento_oficial	media		faff929a_censo-escolar-2009-cedula.md	datafw escale	498
ad25611146e99c865afbe4d308cad1926f0fede73c8c445fc1282c4840d797fb	datafw/data/raw/escale/censo-escolar/2009/documentacion/cedula-05-2009.pdf	Unknown	Ministerio de educación	Report	Informe técnico	report		2009		Spanish	documento_oficial	media		ad256111_ministerio-de-educacion.md	datafw escale	499
2e128f73640d12f97dc9d184a640be0db90c25573202daa3e08fa9c7a049e80c	datafw/data/raw/escale/censo-escolar/2009/documentacion/cedula-01-2009.pdf	Unknown	Censo escolar 2009 cédula	Report	Informe técnico	report		2009		Spanish	documento_oficial	media		2e128f73_censo-escolar-2009-cedula.md	datafw escale	500
07381399a67d5b0dfb9a6b05de93c12c90160dc337077e08f9f6fabcac6b6ee9	datafw/data/raw/escale/censo-escolar/2009/documentacion/anexo-cedula11.pdf	Unknown	Anexo-Cedula11.cdr	Report	Informe técnico	report		2009		Spanish	documento_oficial	media		07381399_anexo-cedula11-cdr.md	datafw escale	501
709281a4a8c440876caf2b0d0f3e113c9ea7c721255fec11b6964b0726e6efc7	datafw/data/raw/escale/censo-escolar/2009/documentacion/cedula-02-2009.pdf	Unknown	Censo escolar 2009	Report	Informe técnico	report		2009		Spanish	documento_oficial	media		709281a4_censo-escolar-2009.md	datafw escale	502
25a91e49e1961734aef4307575f92b37af879ebf86d06f49b97044107bc4973a	datafw/data/raw/escale/censo-escolar/2009/documentacion/cedula-09-2009.pdf	Unknown	Ministerio de educación	Report	Informe técnico	report		2009		Spanish	documento_oficial	media		25a91e49_ministerio-de-educacion.md	datafw escale	503
d8924913b6021d7ed5f59ebc355552b59eb30d41f3f6f3f1a64cdcfdc8ca672c	datafw/data/raw/escale/censo-escolar/2009/documentacion/cedula-06-2009.pdf	Unknown	Censo escolar 2009 cédula	Report	Informe técnico	report		2009		Spanish	documento_oficial	media		d8924913_censo-escolar-2009-cedula.md	datafw escale	504
887a64545a11e20ee53706f53b68dbab1f729537853862010b4ce9f3776ce386	datafw/data/raw/escale/censo-escolar/2009/documentacion/0-diccionario-de-datos-censo-escolar-2009.pdf	Unknown	Diccionario de datos – Censo Escolar 2009	Report	Informe técnico	report		2010		Spanish	documento_oficial	media		887a6454_diccionario-de-datos-censo-escolar-2009.md	datafw escale	505
bd0b122da83e0317ed4ec621a7b04b2b0c0b2e5b9ae7808237b31384f3f6243f	datafw/data/raw/escale/censo-escolar/2009/documentacion/cedula-04a-2009.pdf	Unknown	Censo escolar 2009 cédula	Report	Informe técnico	report		2009		Spanish	documento_oficial	media		bd0b122d_censo-escolar-2009-cedula.md	datafw escale	506
74c578ad76a58226099387fd94278cc554dc6fb3470fdec5447fbfa4add162e8	datafw/data/raw/escale/censo-escolar/2004/documentacion/cedula-08-censo-2004.pdf	Unknown	Censo escolar 2004	Report	Informe técnico	report		2004		Spanish	documento_oficial	media		74c578ad_censo-escolar-2004.md	datafw escale	507
2917d55a5fe1d1454876fb5127bf66016ea090f10350f2505336c1d92642d080	datafw/data/raw/escale/censo-escolar/2004/documentacion/cedula-01-censo-2004.pdf	Unknown	Censo escolar 2004	Report	Informe técnico	report		2004		Spanish	documento_oficial	media		2917d55a_censo-escolar-2004.md	datafw escale	508
3a0c15356395adc23029c184a5b3db879fdd94cc08f3d0abfaef31341d70f2a5	datafw/data/raw/escale/censo-escolar/2004/documentacion/cedula-03a-censo-2004.pdf	Unknown	Censo escolar 2004 cédula	Report	Informe técnico	report		2004		Spanish	documento_oficial	media		3a0c1535_censo-escolar-2004-cedula.md	datafw escale	509
d3781dfbe238b1229a657a5465a49eb6fcb746641235ba792b484e6b12c995f6	datafw/data/raw/escale/censo-escolar/2004/documentacion/cedula-09-censo-2004.pdf	Unknown	Censo escolar 2004	Report	Informe técnico	report		2004		Spanish	documento_oficial	media		d3781dfb_censo-escolar-2004.md	datafw escale	510
8bef2f00b93152e83fdf426029ea93b09d5c104b0403424dba2668bd35565e9d	datafw/data/raw/escale/censo-escolar/2004/documentacion/cedula-04-censo-2004.pdf	Unknown	Censo escolar 2004	Report	Informe técnico	report		2004		Spanish	documento_oficial	media		8bef2f00_censo-escolar-2004.md	datafw escale	511
edb3ab726557ac5a932e27a74d32c4c4d15671cd67111d0ce8124672f3d76e90	datafw/data/raw/escale/censo-escolar/2004/documentacion/diccionario-de-datos-2004.pdf	Unknown	Descripcion de tablas del censo escolar 2000	Report	Informe técnico	report		2005		Spanish	documento_oficial	media		edb3ab72_descripcion-de-tablas-del-censo-escolar-2000.md	datafw escale	512
0d60d6694ea443ecf4e094d403111c18de34243b6e95f559d02c09e721c98ebe	datafw/data/raw/escale/censo-escolar/2004/documentacion/cedula-05-censo-2004.pdf	Unknown	Censo escolar 2004	Report	Informe técnico	report		2004		Spanish	documento_oficial	media		0d60d669_censo-escolar-2004.md	datafw escale	513
d914d041f7d23f9424de0a0e5510d84376a50cd5fd53860e95cd9d8ea299b90d	datafw/data/raw/escale/censo-escolar/2004/documentacion/cedula-03-censo-2004.pdf	Unknown	Censo escolar 2004	Report	Informe técnico	report		2004		Spanish	documento_oficial	media		d914d041_censo-escolar-2004.md	datafw escale	514
cff377ef7564fc02c0b3de21a3261611d32ee73e36715a5241c72bf091270205	datafw/data/raw/escale/censo-escolar/2004/documentacion/cedula-10-censo-2004.pdf	Unknown	Censo escolar 2004	Report	Informe técnico	report		2004		Spanish	documento_oficial	media		cff377ef_censo-escolar-2004.md	datafw escale	515
6089f2faa2bd20374d577ea24889c25715069c41c80c6127d57a9df652ac5e4e	datafw/data/raw/escale/censo-escolar/2004/documentacion/cedula-06-censo-2004.pdf	Unknown	Censo escolar 2004	Report	Informe técnico	report		2004		Spanish	documento_oficial	media		6089f2fa_censo-escolar-2004.md	datafw escale	516
e478b3466085be76847d317f54487734b186f127c99d8a6a228e9e0493410982	datafw/data/raw/escale/endo/2016/documentacion/cuestionario-endo-2016.pdf	Unknown	Encuesta nacional a docentes de instituciones	Report	Informe técnico	report		2017		Spanish	documento_oficial	media		e478b346_encuesta-nacional-a-docentes-de-instituciones.md	datafw escale	517
e2fdcb32948e253b8bcd0c4e04466317b407b850b6a765865b3cf4ef09cb9cc2	datafw/data/raw/escale/endo/2016/documentacion/ficha-tecnica-endo-2016.pdf	Unknown	Encuesta nacional a docentes de instituciones educativas	Report	Informe técnico	report		2017		Spanish	documento_oficial	media		e2fdcb32_encuesta-nacional-a-docentes-de-instituciones-educativas.md	datafw escale	518
9c590d73e7fba8520812830982295512ac8519ceed9365356863383ddc96c4bf	datafw/data/raw/escale/endo/2016/documentacion/tarjetas-endo-2016.pdf	Unknown	Tarjetas endo 2016	Report	Informe	report		2016		Spanish	documento_oficial	media		9c590d73_tarjetas-endo-2016.md	datafw escale	519
674972f5086d100b0fb8608144efe0449339e93ef981534b75f08d53bbbad5f3	datafw/data/raw/escale/endo/2018/documentacion/cuestionario-endo-2018.pdf	Unknown	Encuesta nacional a docentes de instituciones	Report	Informe técnico	report		2018		Spanish	documento_oficial	media		674972f5_encuesta-nacional-a-docentes-de-instituciones.md	datafw escale	520
672ae55ce557be755d54d0a77beefc9c7350b5e4bbc2fd1d0b89ad55bcdc529c	datafw/data/raw/escale/endo/2018/documentacion/ficha-tecnica-endo-2018.pdf	Unknown	Encuesta nacional a docentes de instituciones educativas	Report	Informe técnico	report		2019		Spanish	documento_oficial	media		672ae55c_encuesta-nacional-a-docentes-de-instituciones-educativas.md	datafw escale	521
bcf59c40274e7b771a5aa9e6a864afd0f006fb8f5db8c7650ee27c332f75f551	datafw/data/raw/escale/endo/2020/documentacion/cuestionario-endo-remoto-2020.pdf	Unknown	Encuesta nacional de docentes - endo	Report	Informe técnico	report		2020		Spanish	documento_oficial	media		bcf59c40_encuesta-nacional-de-docentes-endo.md	datafw escale	522
f722598df98833d24ed3b9283da5ebafa1bb871aa292002eb6f98a065f91d8e8	datafw/data/raw/escale/endo/2020/documentacion/ficha-tecnica-endo-remoto-2020.pdf	Unknown	"""Decenio de la Igualdad de oportunidades para mujeres y hombres"""	Report	Informe técnico	report		2020		Spanish	documento_oficial	media		f722598d_decenio-de-la-igualdad-de-oportunidades-para-mujeres-y.md	datafw escale	523
c70b318c0a0ee95e6fca761e7af719ef5fd6c48bf3c803ddb0f7f646117f9b1d	programa-2026/digital-gov-plain-language-guide-consultado-2026-10-05.pdf	Digital.gov	Plain language guide series: Get started; Principles; Writing; Design; Test (cinco páginas de digital.gov, web, consultado 2026-10-05)	Webpage	Guía	webpage	Digital.gov (U.S. General Services Administration)		url:https://digital.gov/guides/plain-language	English	redaccion_academica, programa-2026	alta	dominio público; sucesor vivo de plainlanguage.gov («content adapted from PlainLanguage.gov»); cinco páginas impresas a PDF y unidas (14 pp.); documento vivo sin fecha: se cita con fecha de consulta; [FUENTE SUSTITUTA] de ISO 24495-1:2023 junto con las Federal Plain Language Guidelines 2011	c70b318c_digital-gov-plain-language-guide.md	Fundamentación del método - Escritura	2
8a3d4b07eec19e2dd5a850892deacec7c55cea9171ab883a93cd72afc9235ba6	programa-2026/plain-federal-plain-language-guidelines-2011-rev1.pdf	Plain Language Action and Information Network	Federal Plain Language Guidelines, March 2011, Revision 1, May 2011	Document	Lineamientos	document	Plain Language Action and Information Network (PLAIN)	2011	url:https://www.plainlanguage.gov/media/FederalPLGuidelines.pdf	English	redaccion_academica, programa-2026	alta	dominio público (obra del gobierno de EE. UU.), 118 pp.; plainlanguage.gov redirige hoy a digital.gov y ya no sirve el PDF: copia idéntica tomada del sitio oficial de la FDA (https://www.fda.gov/media/85771/download); [FUENTE SUSTITUTA] de ISO 24495-1:2023 (de pago)	8a3d4b07_federal-plain-language-guidelines-2011-rev1.md	Fundamentación del método - Escritura	1
0098de11aad52f7292b7c6ab9a37828ca7fe0c674467899f98304adda7c42b48	programa-2026/loc-sustainability-of-digital-formats-consultado-2026-10-05.pdf	Library of Congress	Sustainability of Digital Formats: Planning for Library of Congress Collections. Introduction; Sustainability Factors (dos páginas de loc.gov, web, consultado 2026-10-05)	Webpage	Guía	webpage	Library of Congress	2025	url:https://www.loc.gov/preservation/digital/formats/	English	preservacion_digital, programa-2026	alta	obra del gobierno de EE. UU.; dos páginas impresas a PDF y unidas (portada «Last updated 06/18/2024», Sustainability Factors «Last Updated: 02/14/2025»); documento vivo: se cita con fecha de consulta; complementa el RFS 10505	0098de11_loc-sustainability-of-digital-formats.md	Fundamentación del método - Preservación digital	14
038e07a353ba96918efc0e5c8397c6ebd469d6d46c9c99028de77668d6670059	programa-2026/mctighe-wiggins-ubd-white-paper.pdf	Jay, McTighe & Grant, Wiggins	Improve Curriculum, Assessment, and Instruction Using the Understanding by Design Framework (ASCD white paper)	Report	Informe	report	ASCD	2014	url:https://jaymctighe.com/wp-content/uploads/2024/10/UbD-White-Paper.pdf	English	pedagogia, recursos_educativos, programa-2026	alta	[FUENTE SUSTITUTA] de Wiggins y McTighe, Understanding by Design (2005, de pago); copia en el sitio del coautor (jaymctighe.com), 14 pp., «©2014 ASCD» en el PDF (la literatura lo cita como libro blanco de 2012: se fecha por el documento); files.ascd.org devolvió 403	038e07a3_mctighe-wiggins-ubd-white-paper.md	Fundamentación del método - Docencia	2
46cc2099029e8c64c20637391da555a657206cc5c677019cb9311b17c97c3cec	programa-2026/iso25000-com-iso-iec-25010-consultado-2026-10-05.pdf	iso25000.com	ISO/IEC 25010 (ISO 25000 Portal, iso25000.com, web, consultado 2026-10-05)	Webpage	Guía	webpage	iso25000.com (portal de terceros)		url:https://iso25000.com/index.php/en/iso-25000-standards/iso-25010	English	ingenieria_software, programa-2026	alta	[FUENTE SUSTITUTA] de ISO/IEC 25010:2023 (de pago): resumen de un tercero (iso25000.com), no es la sede oficial de ISO; enumera las nueve características de la edición 2023 (incluye Safety) y sus subcaracterísticas; documento vivo sin fecha: se cita con fecha de consulta	46cc2099_iso25000-com-iso-iec-25010.md	Fundamentación del método - Ingeniería de software	9
d2dfff77a75616a595659602679188869f042b7a8448153047fc0e15b2df8ccf	programa-2026/ica-req-overview-of-implementation-guidance-2013.pdf	International Council on Archives	Principles and Functional Requirements for Records in Electronic Office Environments – Overview of Implementation Guidance and Training Products	Document	Guía	document	International Council on Archives	2013	url:https://www.ica.org/app/uploads/2023/12/1-Overview.pdf	English	gestion_documental, programa-2026	alta	PDF oficial del ICA (14 pp.); [FUENTE SUSTITUTA] de ISO 15489-1:2016 y de los módulos ICA-Req 2008 (hoy ISO 16175, de pago): el ICA solo mantiene abiertos este panorama y los folletos de implementación	d2dfff77_ica-req-overview-of-implementation-guidance-2013.md	Fundamentación del método - Gestión documental y metadatos	9
60b2644cf61b7409f3a8ffdf083c4f127e8c69b41272ca4336033ac92dc411f0	programa-2026/oasis-opendocument-v1.3-os-parts-1-4.pdf	OASIS Open	Open Document Format for Office Applications (OpenDocument) Version 1.3. OASIS Standard, 27 April 2021 (Parts 1–4)	Document	Normativa	document	OASIS Open	2021	url:https://docs.oasis-open.org/office/OpenDocument/v1.3/os/	English	preservacion_digital, programa-2026	alta	PDF oficiales de docs.oasis-open.org; cuatro partes unidas con qpdf en un PDF (Part 1 Introduction 8 pp., Part 2 Packages 36 pp., Part 3 Schema 782 pp., Part 4 Formula 215 pp. = 1 041 pp.); [FUENTE SUSTITUTA] de ISO/IEC 26300:2015 (= ODF 1.2, de pago): ODF 1.3 es la edición vigente de OASIS	60b2644c_oasis-opendocument-v1-3-os-parts-1-4.md	Fundamentación del método - Preservación digital	15
a5626c6b3485c054b5c99bc44b13829f26c46ade717dfde989db41343da6a996	programa-2026/cmu-eberly-blooms-taxonomy-consultado-2026-10-05.pdf	Carnegie Mellon University, Eberly Center	Bloom's Taxonomy (Eberly Center for Teaching Excellence & Educational Innovation, cmu.edu, web, consultado 2026-10-05)	Webpage	Guía	webpage	Carnegie Mellon University, Eberly Center		url:https://www.cmu.edu/teaching/designteach/design/bloomsTaxonomy.html	English	pedagogia, recursos_educativos, programa-2026	alta	[FUENTE SUSTITUTA] de Anderson y Krathwohl 2001 (de pago): guía de un centro de docencia universitario sobre la taxonomía revisada (6 procesos cognitivos × 4 tipos de conocimiento); la guía de Vanderbilt (Armstrong 2010) fue archivada en 2023 y su URL redirige; documento vivo sin fecha («© 2026 CMU»): se cita con fecha de consulta	a5626c6b_cmu-eberly-blooms-taxonomy.md	Fundamentación del método - Docencia	1
